scenario_id,timestamp,device_id,port_id,port_role,utilization
S1,2026-03-02 00:00:00,sw-core-01,port-id7430,uplink,16.460346
S1,2026-03-02 00:05:00,sw-core-01,port-id7430,uplink,10.619916
S1,2026-03-02 00:10:00,sw-core-01,port-id7430,uplink,14.559818
S1,2026-03-02 00:15:00,sw-core-01,port-id7430,uplink,11.707166
S1,2026-03-02 00:20:00,sw-core-01,port-id7430,uplink,13.703450
S1,2026-03-02 00:25:00,sw-core-01,port-id7430,uplink,13.738718
S1,2026-03-02 00:30:00,sw-core-01,port-id7430,uplink,11.423171
S1,2026-03-02 00:35:00,sw-core-01,port-id7430,uplink,13.034097
S1,2026-03-02 00:40:00,sw-core-01,port-id7430,uplink,14.140961
S1,2026-03-02 00:45:00,sw-core-01,port-id7430,uplink,23.514148
S1,2026-03-02 00:50:00,sw-core-01,port-id7430,uplink,16.950254
S1,2026-03-02 00:55:00,sw-core-01,port-id7430,uplink,9.248217
S1,2026-03-02 01:00:00,sw-core-01,port-id7430,uplink,14.189884
S1,2026-03-02 01:05:00,sw-core-01,port-id7430,uplink,21.523929
S1,2026-03-02 01:10:00,sw-core-01,port-id7430,uplink,14.045406
S1,2026-03-02 01:15:00,sw-core-01,port-id7430,uplink,11.441816
S1,2026-03-02 01:20:00,sw-core-01,port-id7430,uplink,18.011176
S1,2026-03-02 01:25:00,sw-core-01,port-id7430,uplink,17.592848
S1,2026-03-02 01:30:00,sw-core-01,port-id7430,uplink,18.304782
S1,2026-03-02 01:35:00,sw-core-01,port-id7430,uplink,14.739014
S1,2026-03-02 01:40:00,sw-core-01,port-id7430,uplink,17.119352
S1,2026-03-02 01:45:00,sw-core-01,port-id7430,uplink,15.324239
S1,2026-03-02 01:50:00,sw-core-01,port-id7430,uplink,17.738159
S1,2026-03-02 01:55:00,sw-core-01,port-id7430,uplink,11.719937
S1,2026-03-02 02:00:00,sw-core-01,port-id7430,uplink,18.494128
S1,2026-03-02 02:05:00,sw-core-01,port-id7430,uplink,16.462175
S1,2026-03-02 02:10:00,sw-core-01,port-id7430,uplink,15.891186
S1,2026-03-02 02:15:00,sw-core-01,port-id7430,uplink,14.320590
S1,2026-03-02 02:20:00,sw-core-01,port-id7430,uplink,15.559812
S1,2026-03-02 02:25:00,sw-core-01,port-id7430,uplink,18.018215
S1,2026-03-02 02:30:00,sw-core-01,port-id7430,uplink,15.388927
S1,2026-03-02 02:35:00,sw-core-01,port-id7430,uplink,13.027780
S1,2026-03-02 02:40:00,sw-core-01,port-id7430,uplink,16.873632
S1,2026-03-02 02:45:00,sw-core-01,port-id7430,uplink,14.696888
S1,2026-03-02 02:50:00,sw-core-01,port-id7430,uplink,19.194825
S1,2026-03-02 02:55:00,sw-core-01,port-id7430,uplink,14.052426
S1,2026-03-02 03:00:00,sw-core-01,port-id7430,uplink,10.845929
S1,2026-03-02 03:05:00,sw-core-01,port-id7430,uplink,14.007759
S1,2026-03-02 03:10:00,sw-core-01,port-id7430,uplink,17.088752
S1,2026-03-02 03:15:00,sw-core-01,port-id7430,uplink,14.819929
S1,2026-03-02 03:20:00,sw-core-01,port-id7430,uplink,17.515609
S1,2026-03-02 03:25:00,sw-core-01,port-id7430,uplink,13.927143
S1,2026-03-02 03:30:00,sw-core-01,port-id7430,uplink,17.289801
S1,2026-03-02 03:35:00,sw-core-01,port-id7430,uplink,13.765551
S1,2026-03-02 03:40:00,sw-core-01,port-id7430,uplink,17.788723
S1,2026-03-02 03:45:00,sw-core-01,port-id7430,uplink,14.824859
S1,2026-03-02 03:50:00,sw-core-01,port-id7430,uplink,22.480585
S1,2026-03-02 03:55:00,sw-core-01,port-id7430,uplink,13.838526
S1,2026-03-02 04:00:00,sw-core-01,port-id7430,uplink,21.301648
S1,2026-03-02 04:05:00,sw-core-01,port-id7430,uplink,9.492190
S1,2026-03-02 04:10:00,sw-core-01,port-id7430,uplink,14.171261
S1,2026-03-02 04:15:00,sw-core-01,port-id7430,uplink,15.362009
S1,2026-03-02 04:20:00,sw-core-01,port-id7430,uplink,12.808599
S1,2026-03-02 04:25:00,sw-core-01,port-id7430,uplink,18.369428
S1,2026-03-02 04:30:00,sw-core-01,port-id7430,uplink,18.273632
S1,2026-03-02 04:35:00,sw-core-01,port-id7430,uplink,21.496619
S1,2026-03-02 04:40:00,sw-core-01,port-id7430,uplink,20.942812
S1,2026-03-02 04:45:00,sw-core-01,port-id7430,uplink,16.509825
S1,2026-03-02 04:50:00,sw-core-01,port-id7430,uplink,10.780124
S1,2026-03-02 04:55:00,sw-core-01,port-id7430,uplink,13.458056
S1,2026-03-02 05:00:00,sw-core-01,port-id7430,uplink,11.395487
S1,2026-03-02 05:05:00,sw-core-01,port-id7430,uplink,16.429594
S1,2026-03-02 05:10:00,sw-core-01,port-id7430,uplink,16.116028
S1,2026-03-02 05:15:00,sw-core-01,port-id7430,uplink,15.535034
S1,2026-03-02 05:20:00,sw-core-01,port-id7430,uplink,13.489759
S1,2026-03-02 05:25:00,sw-core-01,port-id7430,uplink,21.143674
S1,2026-03-02 05:30:00,sw-core-01,port-id7430,uplink,17.537775
S1,2026-03-02 05:35:00,sw-core-01,port-id7430,uplink,11.052968
S1,2026-03-02 05:40:00,sw-core-01,port-id7430,uplink,16.681637
S1,2026-03-02 05:45:00,sw-core-01,port-id7430,uplink,14.954745
S1,2026-03-02 05:50:00,sw-core-01,port-id7430,uplink,19.482099
S1,2026-03-02 05:55:00,sw-core-01,port-id7430,uplink,18.052546
S1,2026-03-02 06:00:00,sw-core-01,port-id7430,uplink,20.406759
S1,2026-03-02 06:05:00,sw-core-01,port-id7430,uplink,26.916606
S1,2026-03-02 06:10:00,sw-core-01,port-id7430,uplink,22.500837
S1,2026-03-02 06:15:00,sw-core-01,port-id7430,uplink,22.218000
S1,2026-03-02 06:20:00,sw-core-01,port-id7430,uplink,24.234813
S1,2026-03-02 06:25:00,sw-core-01,port-id7430,uplink,22.851192
S1,2026-03-02 06:30:00,sw-core-01,port-id7430,uplink,23.601824
S1,2026-03-02 06:35:00,sw-core-01,port-id7430,uplink,22.277693
S1,2026-03-02 06:40:00,sw-core-01,port-id7430,uplink,22.628898
S1,2026-03-02 06:45:00,sw-core-01,port-id7430,uplink,30.627917
S1,2026-03-02 06:50:00,sw-core-01,port-id7430,uplink,25.249114
S1,2026-03-02 06:55:00,sw-core-01,port-id7430,uplink,27.495008
S1,2026-03-02 07:00:00,sw-core-01,port-id7430,uplink,27.802021
S1,2026-03-02 07:05:00,sw-core-01,port-id7430,uplink,31.938364
S1,2026-03-02 07:10:00,sw-core-01,port-id7430,uplink,31.455829
S1,2026-03-02 07:15:00,sw-core-01,port-id7430,uplink,31.820523
S1,2026-03-02 07:20:00,sw-core-01,port-id7430,uplink,32.546807
S1,2026-03-02 07:25:00,sw-core-01,port-id7430,uplink,27.492351
S1,2026-03-02 07:30:00,sw-core-01,port-id7430,uplink,30.612493
S1,2026-03-02 07:35:00,sw-core-01,port-id7430,uplink,39.726042
S1,2026-03-02 07:40:00,sw-core-01,port-id7430,uplink,39.065956
S1,2026-03-02 07:45:00,sw-core-01,port-id7430,uplink,36.969852
S1,2026-03-02 07:50:00,sw-core-01,port-id7430,uplink,43.877059
S1,2026-03-02 07:55:00,sw-core-01,port-id7430,uplink,43.851410
S1,2026-03-02 08:00:00,sw-core-01,port-id7430,uplink,42.431679
S1,2026-03-02 08:05:00,sw-core-01,port-id7430,uplink,40.151392
S1,2026-03-02 08:10:00,sw-core-01,port-id7430,uplink,39.232296
S1,2026-03-02 08:15:00,sw-core-01,port-id7430,uplink,41.920555
S1,2026-03-02 08:20:00,sw-core-01,port-id7430,uplink,43.722613
S1,2026-03-02 08:25:00,sw-core-01,port-id7430,uplink,42.625108
S1,2026-03-02 08:30:00,sw-core-01,port-id7430,uplink,37.893387
S1,2026-03-02 08:35:00,sw-core-01,port-id7430,uplink,45.482592
S1,2026-03-02 08:40:00,sw-core-01,port-id7430,uplink,45.364665
S1,2026-03-02 08:45:00,sw-core-01,port-id7430,uplink,43.487985
S1,2026-03-02 08:50:00,sw-core-01,port-id7430,uplink,41.623798
S1,2026-03-02 08:55:00,sw-core-01,port-id7430,uplink,45.880960
S1,2026-03-02 09:00:00,sw-core-01,port-id7430,uplink,41.418388
S1,2026-03-02 09:05:00,sw-core-01,port-id7430,uplink,39.178146
S1,2026-03-02 09:10:00,sw-core-01,port-id7430,uplink,43.622857
S1,2026-03-02 09:15:00,sw-core-01,port-id7430,uplink,51.538492
S1,2026-03-02 09:20:00,sw-core-01,port-id7430,uplink,41.339152
S1,2026-03-02 09:25:00,sw-core-01,port-id7430,uplink,44.979015
S1,2026-03-02 09:30:00,sw-core-01,port-id7430,uplink,40.888162
S1,2026-03-02 09:35:00,sw-core-01,port-id7430,uplink,43.806815
S1,2026-03-02 09:40:00,sw-core-01,port-id7430,uplink,41.180617
S1,2026-03-02 09:45:00,sw-core-01,port-id7430,uplink,41.304400
S1,2026-03-02 09:50:00,sw-core-01,port-id7430,uplink,40.684129
S1,2026-03-02 09:55:00,sw-core-01,port-id7430,uplink,44.716446
S1,2026-03-02 10:00:00,sw-core-01,port-id7430,uplink,44.987516
S1,2026-03-02 10:05:00,sw-core-01,port-id7430,uplink,45.531687
S1,2026-03-02 10:10:00,sw-core-01,port-id7430,uplink,45.312065
S1,2026-03-02 10:15:00,sw-core-01,port-id7430,uplink,40.767261
S1,2026-03-02 10:20:00,sw-core-01,port-id7430,uplink,41.661884
S1,2026-03-02 10:25:00,sw-core-01,port-id7430,uplink,44.708498
S1,2026-03-02 10:30:00,sw-core-01,port-id7430,uplink,49.413545
S1,2026-03-02 10:35:00,sw-core-01,port-id7430,uplink,41.722733
S1,2026-03-02 10:40:00,sw-core-01,port-id7430,uplink,42.971917
S1,2026-03-02 10:45:00,sw-core-01,port-id7430,uplink,50.356400
S1,2026-03-02 10:50:00,sw-core-01,port-id7430,uplink,44.021523
S1,2026-03-02 10:55:00,sw-core-01,port-id7430,uplink,47.439163
S1,2026-03-02 11:00:00,sw-core-01,port-id7430,uplink,46.815034
S1,2026-03-02 11:05:00,sw-core-01,port-id7430,uplink,39.440663
S1,2026-03-02 11:10:00,sw-core-01,port-id7430,uplink,46.899540
S1,2026-03-02 11:15:00,sw-core-01,port-id7430,uplink,47.957699
S1,2026-03-02 11:20:00,sw-core-01,port-id7430,uplink,36.980733
S1,2026-03-02 11:25:00,sw-core-01,port-id7430,uplink,44.395474
S1,2026-03-02 11:30:00,sw-core-01,port-id7430,uplink,46.018984
S1,2026-03-02 11:35:00,sw-core-01,port-id7430,uplink,45.380986
S1,2026-03-02 11:40:00,sw-core-01,port-id7430,uplink,46.961643
S1,2026-03-02 11:45:00,sw-core-01,port-id7430,uplink,39.809872
S1,2026-03-02 11:50:00,sw-core-01,port-id7430,uplink,41.422642
S1,2026-03-02 11:55:00,sw-core-01,port-id7430,uplink,43.253291
S1,2026-03-02 12:00:00,sw-core-01,port-id7430,uplink,50.360168
S1,2026-03-02 12:05:00,sw-core-01,port-id7430,uplink,48.861109
S1,2026-03-02 12:10:00,sw-core-01,port-id7430,uplink,49.354018
S1,2026-03-02 12:15:00,sw-core-01,port-id7430,uplink,47.798199
S1,2026-03-02 12:20:00,sw-core-01,port-id7430,uplink,43.863658
S1,2026-03-02 12:25:00,sw-core-01,port-id7430,uplink,42.740116
S1,2026-03-02 12:30:00,sw-core-01,port-id7430,uplink,42.757151
S1,2026-03-02 12:35:00,sw-core-01,port-id7430,uplink,49.962436
S1,2026-03-02 12:40:00,sw-core-01,port-id7430,uplink,39.677549
S1,2026-03-02 12:45:00,sw-core-01,port-id7430,uplink,41.872293
S1,2026-03-02 12:50:00,sw-core-01,port-id7430,uplink,45.140357
S1,2026-03-02 12:55:00,sw-core-01,port-id7430,uplink,43.498774
S1,2026-03-02 13:00:00,sw-core-01,port-id7430,uplink,44.440355
S1,2026-03-02 13:05:00,sw-core-01,port-id7430,uplink,40.513195
S1,2026-03-02 13:10:00,sw-core-01,port-id7430,uplink,42.102017
S1,2026-03-02 13:15:00,sw-core-01,port-id7430,uplink,43.646389
S1,2026-03-02 13:20:00,sw-core-01,port-id7430,uplink,49.537374
S1,2026-03-02 13:25:00,sw-core-01,port-id7430,uplink,41.030180
S1,2026-03-02 13:30:00,sw-core-01,port-id7430,uplink,43.202689
S1,2026-03-02 13:35:00,sw-core-01,port-id7430,uplink,49.182261
S1,2026-03-02 13:40:00,sw-core-01,port-id7430,uplink,42.061832
S1,2026-03-02 13:45:00,sw-core-01,port-id7430,uplink,45.266044
S1,2026-03-02 13:50:00,sw-core-01,port-id7430,uplink,42.162778
S1,2026-03-02 13:55:00,sw-core-01,port-id7430,uplink,44.667332
S1,2026-03-02 14:00:00,sw-core-01,port-id7430,uplink,42.347139
S1,2026-03-02 14:05:00,sw-core-01,port-id7430,uplink,44.874380
S1,2026-03-02 14:10:00,sw-core-01,port-id7430,uplink,45.634475
S1,2026-03-02 14:15:00,sw-core-01,port-id7430,uplink,44.434204
S1,2026-03-02 14:20:00,sw-core-01,port-id7430,uplink,38.521152
S1,2026-03-02 14:25:00,sw-core-01,port-id7430,uplink,46.015019
S1,2026-03-02 14:30:00,sw-core-01,port-id7430,uplink,50.110594
S1,2026-03-02 14:35:00,sw-core-01,port-id7430,uplink,48.398991
S1,2026-03-02 14:40:00,sw-core-01,port-id7430,uplink,43.414225
S1,2026-03-02 14:45:00,sw-core-01,port-id7430,uplink,46.786322
S1,2026-03-02 14:50:00,sw-core-01,port-id7430,uplink,46.472982
S1,2026-03-02 14:55:00,sw-core-01,port-id7430,uplink,48.130817
S1,2026-03-02 15:00:00,sw-core-01,port-id7430,uplink,44.225915
S1,2026-03-02 15:05:00,sw-core-01,port-id7430,uplink,42.133494
S1,2026-03-02 15:10:00,sw-core-01,port-id7430,uplink,43.660213
S1,2026-03-02 15:15:00,sw-core-01,port-id7430,uplink,48.716529
S1,2026-03-02 15:20:00,sw-core-01,port-id7430,uplink,43.525957
S1,2026-03-02 15:25:00,sw-core-01,port-id7430,uplink,48.295211
S1,2026-03-02 15:30:00,sw-core-01,port-id7430,uplink,41.797094
S1,2026-03-02 15:35:00,sw-core-01,port-id7430,uplink,42.334084
S1,2026-03-02 15:40:00,sw-core-01,port-id7430,uplink,43.094071
S1,2026-03-02 15:45:00,sw-core-01,port-id7430,uplink,40.249912
S1,2026-03-02 15:50:00,sw-core-01,port-id7430,uplink,48.393981
S1,2026-03-02 15:55:00,sw-core-01,port-id7430,uplink,49.514520
S1,2026-03-02 16:00:00,sw-core-01,port-id7430,uplink,41.306949
S1,2026-03-02 16:05:00,sw-core-01,port-id7430,uplink,47.131007
S1,2026-03-02 16:10:00,sw-core-01,port-id7430,uplink,44.344625
S1,2026-03-02 16:15:00,sw-core-01,port-id7430,uplink,42.024742
S1,2026-03-02 16:20:00,sw-core-01,port-id7430,uplink,44.307166
S1,2026-03-02 16:25:00,sw-core-01,port-id7430,uplink,41.711597
S1,2026-03-02 16:30:00,sw-core-01,port-id7430,uplink,41.603119
S1,2026-03-02 16:35:00,sw-core-01,port-id7430,uplink,40.415089
S1,2026-03-02 16:40:00,sw-core-01,port-id7430,uplink,41.886556
S1,2026-03-02 16:45:00,sw-core-01,port-id7430,uplink,43.546261
S1,2026-03-02 16:50:00,sw-core-01,port-id7430,uplink,45.717030
S1,2026-03-02 16:55:00,sw-core-01,port-id7430,uplink,50.656685
S1,2026-03-02 17:00:00,sw-core-01,port-id7430,uplink,45.943465
S1,2026-03-02 17:05:00,sw-core-01,port-id7430,uplink,44.393173
S1,2026-03-02 17:10:00,sw-core-01,port-id7430,uplink,39.328738
S1,2026-03-02 17:15:00,sw-core-01,port-id7430,uplink,46.370973
S1,2026-03-02 17:20:00,sw-core-01,port-id7430,uplink,42.667611
S1,2026-03-02 17:25:00,sw-core-01,port-id7430,uplink,40.065055
S1,2026-03-02 17:30:00,sw-core-01,port-id7430,uplink,46.775921
S1,2026-03-02 17:35:00,sw-core-01,port-id7430,uplink,43.268021
S1,2026-03-02 17:40:00,sw-core-01,port-id7430,uplink,39.333335
S1,2026-03-02 17:45:00,sw-core-01,port-id7430,uplink,45.025863
S1,2026-03-02 17:50:00,sw-core-01,port-id7430,uplink,43.486548
S1,2026-03-02 17:55:00,sw-core-01,port-id7430,uplink,41.219723
S1,2026-03-02 18:00:00,sw-core-01,port-id7430,uplink,40.537141
S1,2026-03-02 18:05:00,sw-core-01,port-id7430,uplink,35.869223
S1,2026-03-02 18:10:00,sw-core-01,port-id7430,uplink,39.181250
S1,2026-03-02 18:15:00,sw-core-01,port-id7430,uplink,41.588768
S1,2026-03-02 18:20:00,sw-core-01,port-id7430,uplink,43.952329
S1,2026-03-02 18:25:00,sw-core-01,port-id7430,uplink,38.515743
S1,2026-03-02 18:30:00,sw-core-01,port-id7430,uplink,42.629928
S1,2026-03-02 18:35:00,sw-core-01,port-id7430,uplink,43.973627
S1,2026-03-02 18:40:00,sw-core-01,port-id7430,uplink,35.373140
S1,2026-03-02 18:45:00,sw-core-01,port-id7430,uplink,42.848096
S1,2026-03-02 18:50:00,sw-core-01,port-id7430,uplink,34.646918
S1,2026-03-02 18:55:00,sw-core-01,port-id7430,uplink,41.276314
S1,2026-03-02 19:00:00,sw-core-01,port-id7430,uplink,33.202224
S1,2026-03-02 19:05:00,sw-core-01,port-id7430,uplink,38.353797
S1,2026-03-02 19:10:00,sw-core-01,port-id7430,uplink,30.879193
S1,2026-03-02 19:15:00,sw-core-01,port-id7430,uplink,32.815514
S1,2026-03-02 19:20:00,sw-core-01,port-id7430,uplink,29.206688
S1,2026-03-02 19:25:00,sw-core-01,port-id7430,uplink,31.081130
S1,2026-03-02 19:30:00,sw-core-01,port-id7430,uplink,33.382776
S1,2026-03-02 19:35:00,sw-core-01,port-id7430,uplink,24.951450
S1,2026-03-02 19:40:00,sw-core-01,port-id7430,uplink,29.393347
S1,2026-03-02 19:45:00,sw-core-01,port-id7430,uplink,21.896606
S1,2026-03-02 19:50:00,sw-core-01,port-id7430,uplink,30.055145
S1,2026-03-02 19:55:00,sw-core-01,port-id7430,uplink,29.031071
S1,2026-03-02 20:00:00,sw-core-01,port-id7430,uplink,25.722417
S1,2026-03-02 20:05:00,sw-core-01,port-id7430,uplink,22.727106
S1,2026-03-02 20:10:00,sw-core-01,port-id7430,uplink,29.938511
S1,2026-03-02 20:15:00,sw-core-01,port-id7430,uplink,20.845845
S1,2026-03-02 20:20:00,sw-core-01,port-id7430,uplink,14.831137
S1,2026-03-02 20:25:00,sw-core-01,port-id7430,uplink,20.710672
S1,2026-03-02 20:30:00,sw-core-01,port-id7430,uplink,19.325467
S1,2026-03-02 20:35:00,sw-core-01,port-id7430,uplink,16.211662
S1,2026-03-02 20:40:00,sw-core-01,port-id7430,uplink,17.984251
S1,2026-03-02 20:45:00,sw-core-01,port-id7430,uplink,18.194530
S1,2026-03-02 20:50:00,sw-core-01,port-id7430,uplink,13.472823
S1,2026-03-02 20:55:00,sw-core-01,port-id7430,uplink,19.103119
S1,2026-03-02 21:00:00,sw-core-01,port-id7430,uplink,21.220389
S1,2026-03-02 21:05:00,sw-core-01,port-id7430,uplink,14.563397
S1,2026-03-02 21:10:00,sw-core-01,port-id7430,uplink,16.744895
S1,2026-03-02 21:15:00,sw-core-01,port-id7430,uplink,20.773371
S1,2026-03-02 21:20:00,sw-core-01,port-id7430,uplink,14.115083
S1,2026-03-02 21:25:00,sw-core-01,port-id7430,uplink,14.982476
S1,2026-03-02 21:30:00,sw-core-01,port-id7430,uplink,19.935646
S1,2026-03-02 21:35:00,sw-core-01,port-id7430,uplink,18.780066
S1,2026-03-02 21:40:00,sw-core-01,port-id7430,uplink,15.851005
S1,2026-03-02 21:45:00,sw-core-01,port-id7430,uplink,13.535800
S1,2026-03-02 21:50:00,sw-core-01,port-id7430,uplink,14.274918
S1,2026-03-02 21:55:00,sw-core-01,port-id7430,uplink,22.513046
S1,2026-03-02 22:00:00,sw-core-01,port-id7430,uplink,14.037917
S1,2026-03-02 22:05:00,sw-core-01,port-id7430,uplink,18.039988
S1,2026-03-02 22:10:00,sw-core-01,port-id7430,uplink,17.215667
S1,2026-03-02 22:15:00,sw-core-01,port-id7430,uplink,16.806377
S1,2026-03-02 22:20:00,sw-core-01,port-id7430,uplink,16.425416
S1,2026-03-02 22:25:00,sw-core-01,port-id7430,uplink,16.642974
S1,2026-03-02 22:30:00,sw-core-01,port-id7430,uplink,13.677441
S1,2026-03-02 22:35:00,sw-core-01,port-id7430,uplink,13.315165
S1,2026-03-02 22:40:00,sw-core-01,port-id7430,uplink,6.578260
S1,2026-03-02 22:45:00,sw-core-01,port-id7430,uplink,11.704096
S1,2026-03-02 22:50:00,sw-core-01,port-id7430,uplink,13.224699
S1,2026-03-02 22:55:00,sw-core-01,port-id7430,uplink,12.074356
S1,2026-03-02 23:00:00,sw-core-01,port-id7430,uplink,17.244340
S1,2026-03-02 23:05:00,sw-core-01,port-id7430,uplink,13.569183
S1,2026-03-02 23:10:00,sw-core-01,port-id7430,uplink,11.979616
S1,2026-03-02 23:15:00,sw-core-01,port-id7430,uplink,18.819592
S1,2026-03-02 23:20:00,sw-core-01,port-id7430,uplink,9.792982
S1,2026-03-02 23:25:00,sw-core-01,port-id7430,uplink,8.989451
S1,2026-03-02 23:30:00,sw-core-01,port-id7430,uplink,15.215892
S1,2026-03-02 23:35:00,sw-core-01,port-id7430,uplink,14.623741
S1,2026-03-02 23:40:00,sw-core-01,port-id7430,uplink,17.468982
S1,2026-03-02 23:45:00,sw-core-01,port-id7430,uplink,13.104648
S1,2026-03-02 23:50:00,sw-core-01,port-id7430,uplink,9.891754
S1,2026-03-02 23:55:00,sw-core-01,port-id7430,uplink,16.087265
S1,2026-03-03 00:00:00,sw-core-01,port-id7430,uplink,16.711917
S1,2026-03-03 00:05:00,sw-core-01,port-id7430,uplink,12.279395
S1,2026-03-03 00:10:00,sw-core-01,port-id7430,uplink,21.092099
S1,2026-03-03 00:15:00,sw-core-01,port-id7430,uplink,15.345079
S1,2026-03-03 00:20:00,sw-core-01,port-id7430,uplink,17.561980
S1,2026-03-03 00:25:00,sw-core-01,port-id7430,uplink,16.903596
S1,2026-03-03 00:30:00,sw-core-01,port-id7430,uplink,16.558376
S1,2026-03-03 00:35:00,sw-core-01,port-id7430,uplink,13.428077
S1,2026-03-03 00:40:00,sw-core-01,port-id7430,uplink,15.646234
S1,2026-03-03 00:45:00,sw-core-01,port-id7430,uplink,14.902658
S1,2026-03-03 00:50:00,sw-core-01,port-id7430,uplink,13.940161
S1,2026-03-03 00:55:00,sw-core-01,port-id7430,uplink,12.396967
S1,2026-03-03 01:00:00,sw-core-01,port-id7430,uplink,16.595494
S1,2026-03-03 01:05:00,sw-core-01,port-id7430,uplink,12.180117
S1,2026-03-03 01:10:00,sw-core-01,port-id7430,uplink,13.790063
S1,2026-03-03 01:15:00,sw-core-01,port-id7430,uplink,15.228580
S1,2026-03-03 01:20:00,sw-core-01,port-id7430,uplink,17.813657
S1,2026-03-03 01:25:00,sw-core-01,port-id7430,uplink,8.746956
S1,2026-03-03 01:30:00,sw-core-01,port-id7430,uplink,13.667977
S1,2026-03-03 01:35:00,sw-core-01,port-id7430,uplink,15.351649
S1,2026-03-03 01:40:00,sw-core-01,port-id7430,uplink,15.895458
S1,2026-03-03 01:45:00,sw-core-01,port-id7430,uplink,15.244263
S1,2026-03-03 01:50:00,sw-core-01,port-id7430,uplink,14.028782
S1,2026-03-03 01:55:00,sw-core-01,port-id7430,uplink,15.181470
S1,2026-03-03 02:00:00,sw-core-01,port-id7430,uplink,17.563690
S1,2026-03-03 02:05:00,sw-core-01,port-id7430,uplink,15.268372
S1,2026-03-03 02:10:00,sw-core-01,port-id7430,uplink,17.527124
S1,2026-03-03 02:15:00,sw-core-01,port-id7430,uplink,18.542484
S1,2026-03-03 02:20:00,sw-core-01,port-id7430,uplink,15.544884
S1,2026-03-03 02:25:00,sw-core-01,port-id7430,uplink,9.090225
S1,2026-03-03 02:30:00,sw-core-01,port-id7430,uplink,14.523536
S1,2026-03-03 02:35:00,sw-core-01,port-id7430,uplink,13.818779
S1,2026-03-03 02:40:00,sw-core-01,port-id7430,uplink,15.253350
S1,2026-03-03 02:45:00,sw-core-01,port-id7430,uplink,12.404050
S1,2026-03-03 02:50:00,sw-core-01,port-id7430,uplink,18.499356
S1,2026-03-03 02:55:00,sw-core-01,port-id7430,uplink,10.738278
S1,2026-03-03 03:00:00,sw-core-01,port-id7430,uplink,13.827059
S1,2026-03-03 03:05:00,sw-core-01,port-id7430,uplink,13.242763
S1,2026-03-03 03:10:00,sw-core-01,port-id7430,uplink,14.861240
S1,2026-03-03 03:15:00,sw-core-01,port-id7430,uplink,14.930236
S1,2026-03-03 03:20:00,sw-core-01,port-id7430,uplink,20.351734
S1,2026-03-03 03:25:00,sw-core-01,port-id7430,uplink,7.558902
S1,2026-03-03 03:30:00,sw-core-01,port-id7430,uplink,17.012818
S1,2026-03-03 03:35:00,sw-core-01,port-id7430,uplink,15.122735
S1,2026-03-03 03:40:00,sw-core-01,port-id7430,uplink,15.809553
S1,2026-03-03 03:45:00,sw-core-01,port-id7430,uplink,18.514017
S1,2026-03-03 03:50:00,sw-core-01,port-id7430,uplink,16.898230
S1,2026-03-03 03:55:00,sw-core-01,port-id7430,uplink,12.141743
S1,2026-03-03 04:00:00,sw-core-01,port-id7430,uplink,17.364613
S1,2026-03-03 04:05:00,sw-core-01,port-id7430,uplink,12.294933
S1,2026-03-03 04:10:00,sw-core-01,port-id7430,uplink,15.707228
S1,2026-03-03 04:15:00,sw-core-01,port-id7430,uplink,13.763318
S1,2026-03-03 04:20:00,sw-core-01,port-id7430,uplink,11.223340
S1,2026-03-03 04:25:00,sw-core-01,port-id7430,uplink,10.861136
S1,2026-03-03 04:30:00,sw-core-01,port-id7430,uplink,16.765748
S1,2026-03-03 04:35:00,sw-core-01,port-id7430,uplink,19.793558
S1,2026-03-03 04:40:00,sw-core-01,port-id7430,uplink,16.504561
S1,2026-03-03 04:45:00,sw-core-01,port-id7430,uplink,15.737139
S1,2026-03-03 04:50:00,sw-core-01,port-id7430,uplink,14.644442
S1,2026-03-03 04:55:00,sw-core-01,port-id7430,uplink,12.856181
S1,2026-03-03 05:00:00,sw-core-01,port-id7430,uplink,17.867773
S1,2026-03-03 05:05:00,sw-core-01,port-id7430,uplink,13.720255
S1,2026-03-03 05:10:00,sw-core-01,port-id7430,uplink,20.815691
S1,2026-03-03 05:15:00,sw-core-01,port-id7430,uplink,14.530625
S1,2026-03-03 05:20:00,sw-core-01,port-id7430,uplink,15.698649
S1,2026-03-03 05:25:00,sw-core-01,port-id7430,uplink,21.145864
S1,2026-03-03 05:30:00,sw-core-01,port-id7430,uplink,18.834827
S1,2026-03-03 05:35:00,sw-core-01,port-id7430,uplink,25.658591
S1,2026-03-03 05:40:00,sw-core-01,port-id7430,uplink,21.507759
S1,2026-03-03 05:45:00,sw-core-01,port-id7430,uplink,17.605078
S1,2026-03-03 05:50:00,sw-core-01,port-id7430,uplink,19.526303
S1,2026-03-03 05:55:00,sw-core-01,port-id7430,uplink,16.297234
S1,2026-03-03 06:00:00,sw-core-01,port-id7430,uplink,17.956272
S1,2026-03-03 06:05:00,sw-core-01,port-id7430,uplink,18.727822
S1,2026-03-03 06:10:00,sw-core-01,port-id7430,uplink,19.501853
S1,2026-03-03 06:15:00,sw-core-01,port-id7430,uplink,15.224276
S1,2026-03-03 06:20:00,sw-core-01,port-id7430,uplink,22.777143
S1,2026-03-03 06:25:00,sw-core-01,port-id7430,uplink,23.951804
S1,2026-03-03 06:30:00,sw-core-01,port-id7430,uplink,25.635990
S1,2026-03-03 06:35:00,sw-core-01,port-id7430,uplink,24.060422
S1,2026-03-03 06:40:00,sw-core-01,port-id7430,uplink,23.262304
S1,2026-03-03 06:45:00,sw-core-01,port-id7430,uplink,27.328638
S1,2026-03-03 06:50:00,sw-core-01,port-id7430,uplink,26.276595
S1,2026-03-03 06:55:00,sw-core-01,port-id7430,uplink,27.495551
S1,2026-03-03 07:00:00,sw-core-01,port-id7430,uplink,30.295854
S1,2026-03-03 07:05:00,sw-core-01,port-id7430,uplink,32.383003
S1,2026-03-03 07:10:00,sw-core-01,port-id7430,uplink,30.289588
S1,2026-03-03 07:15:00,sw-core-01,port-id7430,uplink,36.796999
S1,2026-03-03 07:20:00,sw-core-01,port-id7430,uplink,28.709045
S1,2026-03-03 07:25:00,sw-core-01,port-id7430,uplink,34.961570
S1,2026-03-03 07:30:00,sw-core-01,port-id7430,uplink,34.342963
S1,2026-03-03 07:35:00,sw-core-01,port-id7430,uplink,33.434497
S1,2026-03-03 07:40:00,sw-core-01,port-id7430,uplink,36.158137
S1,2026-03-03 07:45:00,sw-core-01,port-id7430,uplink,35.603634
S1,2026-03-03 07:50:00,sw-core-01,port-id7430,uplink,41.270982
S1,2026-03-03 07:55:00,sw-core-01,port-id7430,uplink,41.987991
S1,2026-03-03 08:00:00,sw-core-01,port-id7430,uplink,37.430958
S1,2026-03-03 08:05:00,sw-core-01,port-id7430,uplink,38.388694
S1,2026-03-03 08:10:00,sw-core-01,port-id7430,uplink,46.506279
S1,2026-03-03 08:15:00,sw-core-01,port-id7430,uplink,36.635569
S1,2026-03-03 08:20:00,sw-core-01,port-id7430,uplink,42.160132
S1,2026-03-03 08:25:00,sw-core-01,port-id7430,uplink,48.333485
S1,2026-03-03 08:30:00,sw-core-01,port-id7430,uplink,39.500653
S1,2026-03-03 08:35:00,sw-core-01,port-id7430,uplink,45.933694
S1,2026-03-03 08:40:00,sw-core-01,port-id7430,uplink,44.813667
S1,2026-03-03 08:45:00,sw-core-01,port-id7430,uplink,43.364133
S1,2026-03-03 08:50:00,sw-core-01,port-id7430,uplink,41.552866
S1,2026-03-03 08:55:00,sw-core-01,port-id7430,uplink,46.604115
S1,2026-03-03 09:00:00,sw-core-01,port-id7430,uplink,45.751711
S1,2026-03-03 09:05:00,sw-core-01,port-id7430,uplink,46.662341
S1,2026-03-03 09:10:00,sw-core-01,port-id7430,uplink,46.194494
S1,2026-03-03 09:15:00,sw-core-01,port-id7430,uplink,37.778541
S1,2026-03-03 09:20:00,sw-core-01,port-id7430,uplink,45.329939
S1,2026-03-03 09:25:00,sw-core-01,port-id7430,uplink,46.256348
S1,2026-03-03 09:30:00,sw-core-01,port-id7430,uplink,50.162626
S1,2026-03-03 09:35:00,sw-core-01,port-id7430,uplink,40.676285
S1,2026-03-03 09:40:00,sw-core-01,port-id7430,uplink,42.313676
S1,2026-03-03 09:45:00,sw-core-01,port-id7430,uplink,41.365517
S1,2026-03-03 09:50:00,sw-core-01,port-id7430,uplink,45.146681
S1,2026-03-03 09:55:00,sw-core-01,port-id7430,uplink,49.206623
S1,2026-03-03 10:00:00,sw-core-01,port-id7430,uplink,40.387974
S1,2026-03-03 10:05:00,sw-core-01,port-id7430,uplink,49.778294
S1,2026-03-03 10:10:00,sw-core-01,port-id7430,uplink,45.016577
S1,2026-03-03 10:15:00,sw-core-01,port-id7430,uplink,50.507431
S1,2026-03-03 10:20:00,sw-core-01,port-id7430,uplink,46.825420
S1,2026-03-03 10:25:00,sw-core-01,port-id7430,uplink,45.967606
S1,2026-03-03 10:30:00,sw-core-01,port-id7430,uplink,38.171747
S1,2026-03-03 10:35:00,sw-core-01,port-id7430,uplink,46.695248
S1,2026-03-03 10:40:00,sw-core-01,port-id7430,uplink,47.615948
S1,2026-03-03 10:45:00,sw-core-01,port-id7430,uplink,47.835139
S1,2026-03-03 10:50:00,sw-core-01,port-id7430,uplink,48.203703
S1,2026-03-03 10:55:00,sw-core-01,port-id7430,uplink,42.856649
S1,2026-03-03 11:00:00,sw-core-01,port-id7430,uplink,42.181608
S1,2026-03-03 11:05:00,sw-core-01,port-id7430,uplink,44.571142
S1,2026-03-03 11:10:00,sw-core-01,port-id7430,uplink,41.351409
S1,2026-03-03 11:15:00,sw-core-01,port-id7430,uplink,50.067808
S1,2026-03-03 11:20:00,sw-core-01,port-id7430,uplink,46.867703
S1,2026-03-03 11:25:00,sw-core-01,port-id7430,uplink,41.773881
S1,2026-03-03 11:30:00,sw-core-01,port-id7430,uplink,42.468872
S1,2026-03-03 11:35:00,sw-core-01,port-id7430,uplink,38.296824
S1,2026-03-03 11:40:00,sw-core-01,port-id7430,uplink,43.578912
S1,2026-03-03 11:45:00,sw-core-01,port-id7430,uplink,49.367444
S1,2026-03-03 11:50:00,sw-core-01,port-id7430,uplink,44.943101
S1,2026-03-03 11:55:00,sw-core-01,port-id7430,uplink,44.468535
S1,2026-03-03 12:00:00,sw-core-01,port-id7430,uplink,41.425466
S1,2026-03-03 12:05:00,sw-core-01,port-id7430,uplink,45.177774
S1,2026-03-03 12:10:00,sw-core-01,port-id7430,uplink,44.167588
S1,2026-03-03 12:15:00,sw-core-01,port-id7430,uplink,38.134020
S1,2026-03-03 12:20:00,sw-core-01,port-id7430,uplink,41.318378
S1,2026-03-03 12:25:00,sw-core-01,port-id7430,uplink,40.314251
S1,2026-03-03 12:30:00,sw-core-01,port-id7430,uplink,46.952707
S1,2026-03-03 12:35:00,sw-core-01,port-id7430,uplink,48.765769
S1,2026-03-03 12:40:00,sw-core-01,port-id7430,uplink,49.044214
S1,2026-03-03 12:45:00,sw-core-01,port-id7430,uplink,45.217190
S1,2026-03-03 12:50:00,sw-core-01,port-id7430,uplink,46.868640
S1,2026-03-03 12:55:00,sw-core-01,port-id7430,uplink,50.496911
S1,2026-03-03 13:00:00,sw-core-01,port-id7430,uplink,43.898052
S1,2026-03-03 13:05:00,sw-core-01,port-id7430,uplink,43.812554
S1,2026-03-03 13:10:00,sw-core-01,port-id7430,uplink,45.330365
S1,2026-03-03 13:15:00,sw-core-01,port-id7430,uplink,44.413962
S1,2026-03-03 13:20:00,sw-core-01,port-id7430,uplink,43.576026
S1,2026-03-03 13:25:00,sw-core-01,port-id7430,uplink,44.903804
S1,2026-03-03 13:30:00,sw-core-01,port-id7430,uplink,45.007461
S1,2026-03-03 13:35:00,sw-core-01,port-id7430,uplink,45.919993
S1,2026-03-03 13:40:00,sw-core-01,port-id7430,uplink,46.261559
S1,2026-03-03 13:45:00,sw-core-01,port-id7430,uplink,46.305093
S1,2026-03-03 13:50:00,sw-core-01,port-id7430,uplink,41.603368
S1,2026-03-03 13:55:00,sw-core-01,port-id7430,uplink,46.891021
S1,2026-03-03 14:00:00,sw-core-01,port-id7430,uplink,45.980382
S1,2026-03-03 14:05:00,sw-core-01,port-id7430,uplink,41.902138
S1,2026-03-03 14:10:00,sw-core-01,port-id7430,uplink,45.442464
S1,2026-03-03 14:15:00,sw-core-01,port-id7430,uplink,44.268156
S1,2026-03-03 14:20:00,sw-core-01,port-id7430,uplink,43.115970
S1,2026-03-03 14:25:00,sw-core-01,port-id7430,uplink,50.333015
S1,2026-03-03 14:30:00,sw-core-01,port-id7430,uplink,42.251276
S1,2026-03-03 14:35:00,sw-core-01,port-id7430,uplink,44.614259
S1,2026-03-03 14:40:00,sw-core-01,port-id7430,uplink,46.287230
S1,2026-03-03 14:45:00,sw-core-01,port-id7430,uplink,38.802577
S1,2026-03-03 14:50:00,sw-core-01,port-id7430,uplink,43.295744
S1,2026-03-03 14:55:00,sw-core-01,port-id7430,uplink,48.374032
S1,2026-03-03 15:00:00,sw-core-01,port-id7430,uplink,40.334461
S1,2026-03-03 15:05:00,sw-core-01,port-id7430,uplink,48.542981
S1,2026-03-03 15:10:00,sw-core-01,port-id7430,uplink,44.317169
S1,2026-03-03 15:15:00,sw-core-01,port-id7430,uplink,45.056859
S1,2026-03-03 15:20:00,sw-core-01,port-id7430,uplink,47.487491
S1,2026-03-03 15:25:00,sw-core-01,port-id7430,uplink,42.941154
S1,2026-03-03 15:30:00,sw-core-01,port-id7430,uplink,43.561550
S1,2026-03-03 15:35:00,sw-core-01,port-id7430,uplink,43.791387
S1,2026-03-03 15:40:00,sw-core-01,port-id7430,uplink,46.502016
S1,2026-03-03 15:45:00,sw-core-01,port-id7430,uplink,45.123208
S1,2026-03-03 15:50:00,sw-core-01,port-id7430,uplink,44.235383
S1,2026-03-03 15:55:00,sw-core-01,port-id7430,uplink,44.688258
S1,2026-03-03 16:00:00,sw-core-01,port-id7430,uplink,44.753791
S1,2026-03-03 16:05:00,sw-core-01,port-id7430,uplink,45.301591
S1,2026-03-03 16:10:00,sw-core-01,port-id7430,uplink,46.196759
S1,2026-03-03 16:15:00,sw-core-01,port-id7430,uplink,44.944913
S1,2026-03-03 16:20:00,sw-core-01,port-id7430,uplink,46.480384
S1,2026-03-03 16:25:00,sw-core-01,port-id7430,uplink,44.353745
S1,2026-03-03 16:30:00,sw-core-01,port-id7430,uplink,45.262710
S1,2026-03-03 16:35:00,sw-core-01,port-id7430,uplink,46.842603
S1,2026-03-03 16:40:00,sw-core-01,port-id7430,uplink,46.412343
S1,2026-03-03 16:45:00,sw-core-01,port-id7430,uplink,48.571885
S1,2026-03-03 16:50:00,sw-core-01,port-id7430,uplink,44.169363
S1,2026-03-03 16:55:00,sw-core-01,port-id7430,uplink,45.813297
S1,2026-03-03 17:00:00,sw-core-01,port-id7430,uplink,39.996956
S1,2026-03-03 17:05:00,sw-core-01,port-id7430,uplink,40.500333
S1,2026-03-03 17:10:00,sw-core-01,port-id7430,uplink,44.278419
S1,2026-03-03 17:15:00,sw-core-01,port-id7430,uplink,51.028858
S1,2026-03-03 17:20:00,sw-core-01,port-id7430,uplink,41.048507
S1,2026-03-03 17:25:00,sw-core-01,port-id7430,uplink,40.257835
S1,2026-03-03 17:30:00,sw-core-01,port-id7430,uplink,45.331217
S1,2026-03-03 17:35:00,sw-core-01,port-id7430,uplink,45.569398
S1,2026-03-03 17:40:00,sw-core-01,port-id7430,uplink,46.661813
S1,2026-03-03 17:45:00,sw-core-01,port-id7430,uplink,42.391850
S1,2026-03-03 17:50:00,sw-core-01,port-id7430,uplink,40.088892
S1,2026-03-03 17:55:00,sw-core-01,port-id7430,uplink,43.125770
S1,2026-03-03 18:00:00,sw-core-01,port-id7430,uplink,38.091654
S1,2026-03-03 18:05:00,sw-core-01,port-id7430,uplink,41.433206
S1,2026-03-03 18:10:00,sw-core-01,port-id7430,uplink,35.255770
S1,2026-03-03 18:15:00,sw-core-01,port-id7430,uplink,41.801525
S1,2026-03-03 18:20:00,sw-core-01,port-id7430,uplink,38.401860
S1,2026-03-03 18:25:00,sw-core-01,port-id7430,uplink,40.962865
S1,2026-03-03 18:30:00,sw-core-01,port-id7430,uplink,37.467196
S1,2026-03-03 18:35:00,sw-core-01,port-id7430,uplink,42.068480
S1,2026-03-03 18:40:00,sw-core-01,port-id7430,uplink,36.671963
S1,2026-03-03 18:45:00,sw-core-01,port-id7430,uplink,30.723263
S1,2026-03-03 18:50:00,sw-core-01,port-id7430,uplink,32.845957
S1,2026-03-03 18:55:00,sw-core-01,port-id7430,uplink,38.695305
S1,2026-03-03 19:00:00,sw-core-01,port-id7430,uplink,41.177527
S1,2026-03-03 19:05:00,sw-core-01,port-id7430,uplink,31.581177
S1,2026-03-03 19:10:00,sw-core-01,port-id7430,uplink,39.218838
S1,2026-03-03 19:15:00,sw-core-01,port-id7430,uplink,33.730477
S1,2026-03-03 19:20:00,sw-core-01,port-id7430,uplink,36.844414
S1,2026-03-03 19:25:00,sw-core-01,port-id7430,uplink,29.474585
S1,2026-03-03 19:30:00,sw-core-01,port-id7430,uplink,31.207000
S1,2026-03-03 19:35:00,sw-core-01,port-id7430,uplink,30.250149
S1,2026-03-03 19:40:00,sw-core-01,port-id7430,uplink,24.600703
S1,2026-03-03 19:45:00,sw-core-01,port-id7430,uplink,25.749606
S1,2026-03-03 19:50:00,sw-core-01,port-id7430,uplink,27.934971
S1,2026-03-03 19:55:00,sw-core-01,port-id7430,uplink,25.914993
S1,2026-03-03 20:00:00,sw-core-01,port-id7430,uplink,27.128416
S1,2026-03-03 20:05:00,sw-core-01,port-id7430,uplink,28.919666
S1,2026-03-03 20:10:00,sw-core-01,port-id7430,uplink,20.793651
S1,2026-03-03 20:15:00,sw-core-01,port-id7430,uplink,16.143997
S1,2026-03-03 20:20:00,sw-core-01,port-id7430,uplink,18.935416
S1,2026-03-03 20:25:00,sw-core-01,port-id7430,uplink,21.967349
S1,2026-03-03 20:30:00,sw-core-01,port-id7430,uplink,21.376219
S1,2026-03-03 20:35:00,sw-core-01,port-id7430,uplink,20.363329
S1,2026-03-03 20:40:00,sw-core-01,port-id7430,uplink,16.087351
S1,2026-03-03 20:45:00,sw-core-01,port-id7430,uplink,14.239402
S1,2026-03-03 20:50:00,sw-core-01,port-id7430,uplink,19.550373
S1,2026-03-03 20:55:00,sw-core-01,port-id7430,uplink,18.289918
S1,2026-03-03 21:00:00,sw-core-01,port-id7430,uplink,14.063005
S1,2026-03-03 21:05:00,sw-core-01,port-id7430,uplink,14.345289
S1,2026-03-03 21:10:00,sw-core-01,port-id7430,uplink,17.785216
S1,2026-03-03 21:15:00,sw-core-01,port-id7430,uplink,16.827859
S1,2026-03-03 21:20:00,sw-core-01,port-id7430,uplink,16.112271
S1,2026-03-03 21:25:00,sw-core-01,port-id7430,uplink,11.689788
S1,2026-03-03 21:30:00,sw-core-01,port-id7430,uplink,16.512075
S1,2026-03-03 21:35:00,sw-core-01,port-id7430,uplink,16.752199
S1,2026-03-03 21:40:00,sw-core-01,port-id7430,uplink,17.628781
S1,2026-03-03 21:45:00,sw-core-01,port-id7430,uplink,15.930991
S1,2026-03-03 21:50:00,sw-core-01,port-id7430,uplink,18.624388
S1,2026-03-03 21:55:00,sw-core-01,port-id7430,uplink,16.960639
S1,2026-03-03 22:00:00,sw-core-01,port-id7430,uplink,13.293767
S1,2026-03-03 22:05:00,sw-core-01,port-id7430,uplink,16.801100
S1,2026-03-03 22:10:00,sw-core-01,port-id7430,uplink,15.771756
S1,2026-03-03 22:15:00,sw-core-01,port-id7430,uplink,16.019317
S1,2026-03-03 22:20:00,sw-core-01,port-id7430,uplink,19.966321
S1,2026-03-03 22:25:00,sw-core-01,port-id7430,uplink,16.818781
S1,2026-03-03 22:30:00,sw-core-01,port-id7430,uplink,18.189484
S1,2026-03-03 22:35:00,sw-core-01,port-id7430,uplink,16.925764
S1,2026-03-03 22:40:00,sw-core-01,port-id7430,uplink,19.187068
S1,2026-03-03 22:45:00,sw-core-01,port-id7430,uplink,10.445949
S1,2026-03-03 22:50:00,sw-core-01,port-id7430,uplink,13.163263
S1,2026-03-03 22:55:00,sw-core-01,port-id7430,uplink,14.805514
S1,2026-03-03 23:00:00,sw-core-01,port-id7430,uplink,14.388314
S1,2026-03-03 23:05:00,sw-core-01,port-id7430,uplink,14.743795
S1,2026-03-03 23:10:00,sw-core-01,port-id7430,uplink,13.828529
S1,2026-03-03 23:15:00,sw-core-01,port-id7430,uplink,15.154109
S1,2026-03-03 23:20:00,sw-core-01,port-id7430,uplink,15.526351
S1,2026-03-03 23:25:00,sw-core-01,port-id7430,uplink,17.321769
S1,2026-03-03 23:30:00,sw-core-01,port-id7430,uplink,16.263232
S1,2026-03-03 23:35:00,sw-core-01,port-id7430,uplink,12.173258
S1,2026-03-03 23:40:00,sw-core-01,port-id7430,uplink,14.423018
S1,2026-03-03 23:45:00,sw-core-01,port-id7430,uplink,15.476857
S1,2026-03-03 23:50:00,sw-core-01,port-id7430,uplink,14.851952
S1,2026-03-03 23:55:00,sw-core-01,port-id7430,uplink,15.477772
S1,2026-03-04 00:00:00,sw-core-01,port-id7430,uplink,16.202309
S1,2026-03-04 00:05:00,sw-core-01,port-id7430,uplink,13.827347
S1,2026-03-04 00:10:00,sw-core-01,port-id7430,uplink,17.982942
S1,2026-03-04 00:15:00,sw-core-01,port-id7430,uplink,15.204660
S1,2026-03-04 00:20:00,sw-core-01,port-id7430,uplink,10.938816
S1,2026-03-04 00:25:00,sw-core-01,port-id7430,uplink,14.754070
S1,2026-03-04 00:30:00,sw-core-01,port-id7430,uplink,9.937650
S1,2026-03-04 00:35:00,sw-core-01,port-id7430,uplink,13.905083
S1,2026-03-04 00:40:00,sw-core-01,port-id7430,uplink,15.764837
S1,2026-03-04 00:45:00,sw-core-01,port-id7430,uplink,12.870054
S1,2026-03-04 00:50:00,sw-core-01,port-id7430,uplink,12.979283
S1,2026-03-04 00:55:00,sw-core-01,port-id7430,uplink,20.510251
S1,2026-03-04 01:00:00,sw-core-01,port-id7430,uplink,17.261083
S1,2026-03-04 01:05:00,sw-core-01,port-id7430,uplink,12.645118
S1,2026-03-04 01:10:00,sw-core-01,port-id7430,uplink,11.661123
S1,2026-03-04 01:15:00,sw-core-01,port-id7430,uplink,9.085700
S1,2026-03-04 01:20:00,sw-core-01,port-id7430,uplink,15.932740
S1,2026-03-04 01:25:00,sw-core-01,port-id7430,uplink,19.885081
S1,2026-03-04 01:30:00,sw-core-01,port-id7430,uplink,9.349696
S1,2026-03-04 01:35:00,sw-core-01,port-id7430,uplink,13.701696
S1,2026-03-04 01:40:00,sw-core-01,port-id7430,uplink,14.447682
S1,2026-03-04 01:45:00,sw-core-01,port-id7430,uplink,10.790597
S1,2026-03-04 01:50:00,sw-core-01,port-id7430,uplink,17.696041
S1,2026-03-04 01:55:00,sw-core-01,port-id7430,uplink,15.074010
S1,2026-03-04 02:00:00,sw-core-01,port-id7430,uplink,16.641546
S1,2026-03-04 02:05:00,sw-core-01,port-id7430,uplink,15.839501
S1,2026-03-04 02:10:00,sw-core-01,port-id7430,uplink,10.883823
S1,2026-03-04 02:15:00,sw-core-01,port-id7430,uplink,13.751909
S1,2026-03-04 02:20:00,sw-core-01,port-id7430,uplink,15.652567
S1,2026-03-04 02:25:00,sw-core-01,port-id7430,uplink,17.202218
S1,2026-03-04 02:30:00,sw-core-01,port-id7430,uplink,13.580616
S1,2026-03-04 02:35:00,sw-core-01,port-id7430,uplink,12.088067
S1,2026-03-04 02:40:00,sw-core-01,port-id7430,uplink,13.304143
S1,2026-03-04 02:45:00,sw-core-01,port-id7430,uplink,13.744442
S1,2026-03-04 02:50:00,sw-core-01,port-id7430,uplink,17.337551
S1,2026-03-04 02:55:00,sw-core-01,port-id7430,uplink,16.834296
S1,2026-03-04 03:00:00,sw-core-01,port-id7430,uplink,15.460568
S1,2026-03-04 03:05:00,sw-core-01,port-id7430,uplink,15.916779
S1,2026-03-04 03:10:00,sw-core-01,port-id7430,uplink,16.183152
S1,2026-03-04 03:15:00,sw-core-01,port-id7430,uplink,13.365408
S1,2026-03-04 03:20:00,sw-core-01,port-id7430,uplink,14.757654
S1,2026-03-04 03:25:00,sw-core-01,port-id7430,uplink,16.779510
S1,2026-03-04 03:30:00,sw-core-01,port-id7430,uplink,11.383175
S1,2026-03-04 03:35:00,sw-core-01,port-id7430,uplink,11.560205
S1,2026-03-04 03:40:00,sw-core-01,port-id7430,uplink,17.710723
S1,2026-03-04 03:45:00,sw-core-01,port-id7430,uplink,10.500769
S1,2026-03-04 03:50:00,sw-core-01,port-id7430,uplink,9.471465
S1,2026-03-04 03:55:00,sw-core-01,port-id7430,uplink,13.217359
S1,2026-03-04 04:00:00,sw-core-01,port-id7430,uplink,18.609478
S1,2026-03-04 04:05:00,sw-core-01,port-id7430,uplink,16.042166
S1,2026-03-04 04:10:00,sw-core-01,port-id7430,uplink,14.420070
S1,2026-03-04 04:15:00,sw-core-01,port-id7430,uplink,13.286258
S1,2026-03-04 04:20:00,sw-core-01,port-id7430,uplink,18.714408
S1,2026-03-04 04:25:00,sw-core-01,port-id7430,uplink,13.434543
S1,2026-03-04 04:30:00,sw-core-01,port-id7430,uplink,15.929666
S1,2026-03-04 04:35:00,sw-core-01,port-id7430,uplink,16.017087
S1,2026-03-04 04:40:00,sw-core-01,port-id7430,uplink,14.709674
S1,2026-03-04 04:45:00,sw-core-01,port-id7430,uplink,17.078883
S1,2026-03-04 04:50:00,sw-core-01,port-id7430,uplink,13.562422
S1,2026-03-04 04:55:00,sw-core-01,port-id7430,uplink,20.766432
S1,2026-03-04 05:00:00,sw-core-01,port-id7430,uplink,17.267436
S1,2026-03-04 05:05:00,sw-core-01,port-id7430,uplink,9.486360
S1,2026-03-04 05:10:00,sw-core-01,port-id7430,uplink,17.100328
S1,2026-03-04 05:15:00,sw-core-01,port-id7430,uplink,24.322673
S1,2026-03-04 05:20:00,sw-core-01,port-id7430,uplink,10.851060
S1,2026-03-04 05:25:00,sw-core-01,port-id7430,uplink,14.876447
S1,2026-03-04 05:30:00,sw-core-01,port-id7430,uplink,19.600100
S1,2026-03-04 05:35:00,sw-core-01,port-id7430,uplink,15.917802
S1,2026-03-04 05:40:00,sw-core-01,port-id7430,uplink,6.914682
S1,2026-03-04 05:45:00,sw-core-01,port-id7430,uplink,12.660918
S1,2026-03-04 05:50:00,sw-core-01,port-id7430,uplink,14.926228
S1,2026-03-04 05:55:00,sw-core-01,port-id7430,uplink,20.960226
S1,2026-03-04 06:00:00,sw-core-01,port-id7430,uplink,18.636231
S1,2026-03-04 06:05:00,sw-core-01,port-id7430,uplink,21.737219
S1,2026-03-04 06:10:00,sw-core-01,port-id7430,uplink,23.004157
S1,2026-03-04 06:15:00,sw-core-01,port-id7430,uplink,24.969852
S1,2026-03-04 06:20:00,sw-core-01,port-id7430,uplink,23.492449
S1,2026-03-04 06:25:00,sw-core-01,port-id7430,uplink,21.838948
S1,2026-03-04 06:30:00,sw-core-01,port-id7430,uplink,26.780148
S1,2026-03-04 06:35:00,sw-core-01,port-id7430,uplink,23.689637
S1,2026-03-04 06:40:00,sw-core-01,port-id7430,uplink,27.048608
S1,2026-03-04 06:45:00,sw-core-01,port-id7430,uplink,20.604315
S1,2026-03-04 06:50:00,sw-core-01,port-id7430,uplink,30.052891
S1,2026-03-04 06:55:00,sw-core-01,port-id7430,uplink,26.141002
S1,2026-03-04 07:00:00,sw-core-01,port-id7430,uplink,30.579066
S1,2026-03-04 07:05:00,sw-core-01,port-id7430,uplink,29.551046
S1,2026-03-04 07:10:00,sw-core-01,port-id7430,uplink,34.881773
S1,2026-03-04 07:15:00,sw-core-01,port-id7430,uplink,36.188966
S1,2026-03-04 07:20:00,sw-core-01,port-id7430,uplink,33.370188
S1,2026-03-04 07:25:00,sw-core-01,port-id7430,uplink,29.966564
S1,2026-03-04 07:30:00,sw-core-01,port-id7430,uplink,36.654818
S1,2026-03-04 07:35:00,sw-core-01,port-id7430,uplink,37.011683
S1,2026-03-04 07:40:00,sw-core-01,port-id7430,uplink,37.290507
S1,2026-03-04 07:45:00,sw-core-01,port-id7430,uplink,36.244490
S1,2026-03-04 07:50:00,sw-core-01,port-id7430,uplink,43.271480
S1,2026-03-04 07:55:00,sw-core-01,port-id7430,uplink,37.338658
S1,2026-03-04 08:00:00,sw-core-01,port-id7430,uplink,40.794974
S1,2026-03-04 08:05:00,sw-core-01,port-id7430,uplink,39.208835
S1,2026-03-04 08:10:00,sw-core-01,port-id7430,uplink,40.910869
S1,2026-03-04 08:15:00,sw-core-01,port-id7430,uplink,44.654037
S1,2026-03-04 08:20:00,sw-core-01,port-id7430,uplink,32.812140
S1,2026-03-04 08:25:00,sw-core-01,port-id7430,uplink,41.556862
S1,2026-03-04 08:30:00,sw-core-01,port-id7430,uplink,46.884327
S1,2026-03-04 08:35:00,sw-core-01,port-id7430,uplink,42.164824
S1,2026-03-04 08:40:00,sw-core-01,port-id7430,uplink,46.131140
S1,2026-03-04 08:45:00,sw-core-01,port-id7430,uplink,44.605051
S1,2026-03-04 08:50:00,sw-core-01,port-id7430,uplink,45.843396
S1,2026-03-04 08:55:00,sw-core-01,port-id7430,uplink,48.108650
S1,2026-03-04 09:00:00,sw-core-01,port-id7430,uplink,46.467536
S1,2026-03-04 09:05:00,sw-core-01,port-id7430,uplink,48.349213
S1,2026-03-04 09:10:00,sw-core-01,port-id7430,uplink,42.627140
S1,2026-03-04 09:15:00,sw-core-01,port-id7430,uplink,46.398968
S1,2026-03-04 09:20:00,sw-core-01,port-id7430,uplink,42.474372
S1,2026-03-04 09:25:00,sw-core-01,port-id7430,uplink,41.598212
S1,2026-03-04 09:30:00,sw-core-01,port-id7430,uplink,50.484792
S1,2026-03-04 09:35:00,sw-core-01,port-id7430,uplink,43.030941
S1,2026-03-04 09:40:00,sw-core-01,port-id7430,uplink,44.037783
S1,2026-03-04 09:45:00,sw-core-01,port-id7430,uplink,44.371869
S1,2026-03-04 09:50:00,sw-core-01,port-id7430,uplink,42.960143
S1,2026-03-04 09:55:00,sw-core-01,port-id7430,uplink,43.158262
S1,2026-03-04 10:00:00,sw-core-01,port-id7430,uplink,57.108119
S1,2026-03-04 10:05:00,sw-core-01,port-id7430,uplink,39.403314
S1,2026-03-04 10:10:00,sw-core-01,port-id7430,uplink,47.287534
S1,2026-03-04 10:15:00,sw-core-01,port-id7430,uplink,45.206678
S1,2026-03-04 10:20:00,sw-core-01,port-id7430,uplink,49.427689
S1,2026-03-04 10:25:00,sw-core-01,port-id7430,uplink,47.092907
S1,2026-03-04 10:30:00,sw-core-01,port-id7430,uplink,41.099079
S1,2026-03-04 10:35:00,sw-core-01,port-id7430,uplink,48.558799
S1,2026-03-04 10:40:00,sw-core-01,port-id7430,uplink,43.211976
S1,2026-03-04 10:45:00,sw-core-01,port-id7430,uplink,44.865406
S1,2026-03-04 10:50:00,sw-core-01,port-id7430,uplink,47.047917
S1,2026-03-04 10:55:00,sw-core-01,port-id7430,uplink,51.702424
S1,2026-03-04 11:00:00,sw-core-01,port-id7430,uplink,40.858092
S1,2026-03-04 11:05:00,sw-core-01,port-id7430,uplink,48.317486
S1,2026-03-04 11:10:00,sw-core-01,port-id7430,uplink,42.674226
S1,2026-03-04 11:15:00,sw-core-01,port-id7430,uplink,41.972908
S1,2026-03-04 11:20:00,sw-core-01,port-id7430,uplink,42.667954
S1,2026-03-04 11:25:00,sw-core-01,port-id7430,uplink,42.430983
S1,2026-03-04 11:30:00,sw-core-01,port-id7430,uplink,44.243030
S1,2026-03-04 11:35:00,sw-core-01,port-id7430,uplink,44.430748
S1,2026-03-04 11:40:00,sw-core-01,port-id7430,uplink,43.191282
S1,2026-03-04 11:45:00,sw-core-01,port-id7430,uplink,48.671287
S1,2026-03-04 11:50:00,sw-core-01,port-id7430,uplink,42.818177
S1,2026-03-04 11:55:00,sw-core-01,port-id7430,uplink,42.783589
S1,2026-03-04 12:00:00,sw-core-01,port-id7430,uplink,45.146277
S1,2026-03-04 12:05:00,sw-core-01,port-id7430,uplink,42.987055
S1,2026-03-04 12:10:00,sw-core-01,port-id7430,uplink,52.391560
S1,2026-03-04 12:15:00,sw-core-01,port-id7430,uplink,43.384842
S1,2026-03-04 12:20:00,sw-core-01,port-id7430,uplink,43.778470
S1,2026-03-04 12:25:00,sw-core-01,port-id7430,uplink,46.964906
S1,2026-03-04 12:30:00,sw-core-01,port-id7430,uplink,44.489978
S1,2026-03-04 12:35:00,sw-core-01,port-id7430,uplink,49.782270
S1,2026-03-04 12:40:00,sw-core-01,port-id7430,uplink,37.876082
S1,2026-03-04 12:45:00,sw-core-01,port-id7430,uplink,41.878309
S1,2026-03-04 12:50:00,sw-core-01,port-id7430,uplink,45.127151
S1,2026-03-04 12:55:00,sw-core-01,port-id7430,uplink,45.108670
S1,2026-03-04 13:00:00,sw-core-01,port-id7430,uplink,47.223023
S1,2026-03-04 13:05:00,sw-core-01,port-id7430,uplink,40.751492
S1,2026-03-04 13:10:00,sw-core-01,port-id7430,uplink,51.167849
S1,2026-03-04 13:15:00,sw-core-01,port-id7430,uplink,48.245157
S1,2026-03-04 13:20:00,sw-core-01,port-id7430,uplink,49.826063
S1,2026-03-04 13:25:00,sw-core-01,port-id7430,uplink,47.253568
S1,2026-03-04 13:30:00,sw-core-01,port-id7430,uplink,43.244654
S1,2026-03-04 13:35:00,sw-core-01,port-id7430,uplink,48.146184
S1,2026-03-04 13:40:00,sw-core-01,port-id7430,uplink,44.167194
S1,2026-03-04 13:45:00,sw-core-01,port-id7430,uplink,42.078449
S1,2026-03-04 13:50:00,sw-core-01,port-id7430,uplink,51.906170
S1,2026-03-04 13:55:00,sw-core-01,port-id7430,uplink,45.807422
S1,2026-03-04 14:00:00,sw-core-01,port-id7430,uplink,45.884258
S1,2026-03-04 14:05:00,sw-core-01,port-id7430,uplink,43.457216
S1,2026-03-04 14:10:00,sw-core-01,port-id7430,uplink,45.950448
S1,2026-03-04 14:15:00,sw-core-01,port-id7430,uplink,47.924805
S1,2026-03-04 14:20:00,sw-core-01,port-id7430,uplink,43.751151
S1,2026-03-04 14:25:00,sw-core-01,port-id7430,uplink,47.816238
S1,2026-03-04 14:30:00,sw-core-01,port-id7430,uplink,45.514642
S1,2026-03-04 14:35:00,sw-core-01,port-id7430,uplink,43.732937
S1,2026-03-04 14:40:00,sw-core-01,port-id7430,uplink,43.091239
S1,2026-03-04 14:45:00,sw-core-01,port-id7430,uplink,44.206245
S1,2026-03-04 14:50:00,sw-core-01,port-id7430,uplink,41.997425
S1,2026-03-04 14:55:00,sw-core-01,port-id7430,uplink,41.799784
S1,2026-03-04 15:00:00,sw-core-01,port-id7430,uplink,41.286342
S1,2026-03-04 15:05:00,sw-core-01,port-id7430,uplink,49.292476
S1,2026-03-04 15:10:00,sw-core-01,port-id7430,uplink,40.054332
S1,2026-03-04 15:15:00,sw-core-01,port-id7430,uplink,46.311041
S1,2026-03-04 15:20:00,sw-core-01,port-id7430,uplink,47.528246
S1,2026-03-04 15:25:00,sw-core-01,port-id7430,uplink,45.700365
S1,2026-03-04 15:30:00,sw-core-01,port-id7430,uplink,44.487916
S1,2026-03-04 15:35:00,sw-core-01,port-id7430,uplink,48.054313
S1,2026-03-04 15:40:00,sw-core-01,port-id7430,uplink,43.966299
S1,2026-03-04 15:45:00,sw-core-01,port-id7430,uplink,43.202544
S1,2026-03-04 15:50:00,sw-core-01,port-id7430,uplink,45.483633
S1,2026-03-04 15:55:00,sw-core-01,port-id7430,uplink,47.534419
S1,2026-03-04 16:00:00,sw-core-01,port-id7430,uplink,46.186245
S1,2026-03-04 16:05:00,sw-core-01,port-id7430,uplink,45.556444
S1,2026-03-04 16:10:00,sw-core-01,port-id7430,uplink,44.737135
S1,2026-03-04 16:15:00,sw-core-01,port-id7430,uplink,47.120096
S1,2026-03-04 16:20:00,sw-core-01,port-id7430,uplink,45.804915
S1,2026-03-04 16:25:00,sw-core-01,port-id7430,uplink,42.838543
S1,2026-03-04 16:30:00,sw-core-01,port-id7430,uplink,36.444425
S1,2026-03-04 16:35:00,sw-core-01,port-id7430,uplink,46.668922
S1,2026-03-04 16:40:00,sw-core-01,port-id7430,uplink,42.569970
S1,2026-03-04 16:45:00,sw-core-01,port-id7430,uplink,44.326201
S1,2026-03-04 16:50:00,sw-core-01,port-id7430,uplink,41.229926
S1,2026-03-04 16:55:00,sw-core-01,port-id7430,uplink,45.789643
S1,2026-03-04 17:00:00,sw-core-01,port-id7430,uplink,49.807880
S1,2026-03-04 17:05:00,sw-core-01,port-id7430,uplink,43.335802
S1,2026-03-04 17:10:00,sw-core-01,port-id7430,uplink,50.493930
S1,2026-03-04 17:15:00,sw-core-01,port-id7430,uplink,39.097816
S1,2026-03-04 17:20:00,sw-core-01,port-id7430,uplink,44.737784
S1,2026-03-04 17:25:00,sw-core-01,port-id7430,uplink,45.304642
S1,2026-03-04 17:30:00,sw-core-01,port-id7430,uplink,41.879065
S1,2026-03-04 17:35:00,sw-core-01,port-id7430,uplink,40.311768
S1,2026-03-04 17:40:00,sw-core-01,port-id7430,uplink,41.678321
S1,2026-03-04 17:45:00,sw-core-01,port-id7430,uplink,51.307767
S1,2026-03-04 17:50:00,sw-core-01,port-id7430,uplink,44.156099
S1,2026-03-04 17:55:00,sw-core-01,port-id7430,uplink,47.841565
S1,2026-03-04 18:00:00,sw-core-01,port-id7430,uplink,39.265560
S1,2026-03-04 18:05:00,sw-core-01,port-id7430,uplink,38.575544
S1,2026-03-04 18:10:00,sw-core-01,port-id7430,uplink,41.361738
S1,2026-03-04 18:15:00,sw-core-01,port-id7430,uplink,44.197119
S1,2026-03-04 18:20:00,sw-core-01,port-id7430,uplink,41.665829
S1,2026-03-04 18:25:00,sw-core-01,port-id7430,uplink,42.142535
S1,2026-03-04 18:30:00,sw-core-01,port-id7430,uplink,39.177767
S1,2026-03-04 18:35:00,sw-core-01,port-id7430,uplink,45.176000
S1,2026-03-04 18:40:00,sw-core-01,port-id7430,uplink,37.612857
S1,2026-03-04 18:45:00,sw-core-01,port-id7430,uplink,36.725307
S1,2026-03-04 18:50:00,sw-core-01,port-id7430,uplink,35.282122
S1,2026-03-04 18:55:00,sw-core-01,port-id7430,uplink,41.470847
S1,2026-03-04 19:00:00,sw-core-01,port-id7430,uplink,38.648084
S1,2026-03-04 19:05:00,sw-core-01,port-id7430,uplink,34.570997
S1,2026-03-04 19:10:00,sw-core-01,port-id7430,uplink,28.704954
S1,2026-03-04 19:15:00,sw-core-01,port-id7430,uplink,30.325809
S1,2026-03-04 19:20:00,sw-core-01,port-id7430,uplink,35.168882
S1,2026-03-04 19:25:00,sw-core-01,port-id7430,uplink,32.952817
S1,2026-03-04 19:30:00,sw-core-01,port-id7430,uplink,28.292034
S1,2026-03-04 19:35:00,sw-core-01,port-id7430,uplink,27.854675
S1,2026-03-04 19:40:00,sw-core-01,port-id7430,uplink,28.532601
S1,2026-03-04 19:45:00,sw-core-01,port-id7430,uplink,25.088429
S1,2026-03-04 19:50:00,sw-core-01,port-id7430,uplink,24.624355
S1,2026-03-04 19:55:00,sw-core-01,port-id7430,uplink,24.488208
S1,2026-03-04 20:00:00,sw-core-01,port-id7430,uplink,22.455102
S1,2026-03-04 20:05:00,sw-core-01,port-id7430,uplink,27.174476
S1,2026-03-04 20:10:00,sw-core-01,port-id7430,uplink,27.393365
S1,2026-03-04 20:15:00,sw-core-01,port-id7430,uplink,21.458962
S1,2026-03-04 20:20:00,sw-core-01,port-id7430,uplink,20.865904
S1,2026-03-04 20:25:00,sw-core-01,port-id7430,uplink,23.945106
S1,2026-03-04 20:30:00,sw-core-01,port-id7430,uplink,18.841619
S1,2026-03-04 20:35:00,sw-core-01,port-id7430,uplink,16.503867
S1,2026-03-04 20:40:00,sw-core-01,port-id7430,uplink,20.566449
S1,2026-03-04 20:45:00,sw-core-01,port-id7430,uplink,19.013520
S1,2026-03-04 20:50:00,sw-core-01,port-id7430,uplink,14.461980
S1,2026-03-04 20:55:00,sw-core-01,port-id7430,uplink,18.901569
S1,2026-03-04 21:00:00,sw-core-01,port-id7430,uplink,20.624762
S1,2026-03-04 21:05:00,sw-core-01,port-id7430,uplink,18.391131
S1,2026-03-04 21:10:00,sw-core-01,port-id7430,uplink,15.958443
S1,2026-03-04 21:15:00,sw-core-01,port-id7430,uplink,13.106452
S1,2026-03-04 21:20:00,sw-core-01,port-id7430,uplink,13.445349
S1,2026-03-04 21:25:00,sw-core-01,port-id7430,uplink,18.737751
S1,2026-03-04 21:30:00,sw-core-01,port-id7430,uplink,17.706502
S1,2026-03-04 21:35:00,sw-core-01,port-id7430,uplink,16.273158
S1,2026-03-04 21:40:00,sw-core-01,port-id7430,uplink,15.140041
S1,2026-03-04 21:45:00,sw-core-01,port-id7430,uplink,9.507816
S1,2026-03-04 21:50:00,sw-core-01,port-id7430,uplink,14.496856
S1,2026-03-04 21:55:00,sw-core-01,port-id7430,uplink,13.132524
S1,2026-03-04 22:00:00,sw-core-01,port-id7430,uplink,19.502874
S1,2026-03-04 22:05:00,sw-core-01,port-id7430,uplink,14.663180
S1,2026-03-04 22:10:00,sw-core-01,port-id7430,uplink,11.358326
S1,2026-03-04 22:15:00,sw-core-01,port-id7430,uplink,16.656856
S1,2026-03-04 22:20:00,sw-core-01,port-id7430,uplink,11.700321
S1,2026-03-04 22:25:00,sw-core-01,port-id7430,uplink,10.195255
S1,2026-03-04 22:30:00,sw-core-01,port-id7430,uplink,19.291883
S1,2026-03-04 22:35:00,sw-core-01,port-id7430,uplink,20.265689
S1,2026-03-04 22:40:00,sw-core-01,port-id7430,uplink,12.997426
S1,2026-03-04 22:45:00,sw-core-01,port-id7430,uplink,17.534607
S1,2026-03-04 22:50:00,sw-core-01,port-id7430,uplink,17.360820
S1,2026-03-04 22:55:00,sw-core-01,port-id7430,uplink,10.044319
S1,2026-03-04 23:00:00,sw-core-01,port-id7430,uplink,17.426980
S1,2026-03-04 23:05:00,sw-core-01,port-id7430,uplink,16.766101
S1,2026-03-04 23:10:00,sw-core-01,port-id7430,uplink,15.777833
S1,2026-03-04 23:15:00,sw-core-01,port-id7430,uplink,11.257092
S1,2026-03-04 23:20:00,sw-core-01,port-id7430,uplink,10.719625
S1,2026-03-04 23:25:00,sw-core-01,port-id7430,uplink,17.557067
S1,2026-03-04 23:30:00,sw-core-01,port-id7430,uplink,11.997992
S1,2026-03-04 23:35:00,sw-core-01,port-id7430,uplink,13.272763
S1,2026-03-04 23:40:00,sw-core-01,port-id7430,uplink,14.273110
S1,2026-03-04 23:45:00,sw-core-01,port-id7430,uplink,7.994583
S1,2026-03-04 23:50:00,sw-core-01,port-id7430,uplink,11.928780
S1,2026-03-04 23:55:00,sw-core-01,port-id7430,uplink,11.748408
S1,2026-03-05 00:00:00,sw-core-01,port-id7430,uplink,12.559183
S1,2026-03-05 00:05:00,sw-core-01,port-id7430,uplink,10.791256
S1,2026-03-05 00:10:00,sw-core-01,port-id7430,uplink,17.662922
S1,2026-03-05 00:15:00,sw-core-01,port-id7430,uplink,18.740273
S1,2026-03-05 00:20:00,sw-core-01,port-id7430,uplink,19.909519
S1,2026-03-05 00:25:00,sw-core-01,port-id7430,uplink,12.245018
S1,2026-03-05 00:30:00,sw-core-01,port-id7430,uplink,13.715595
S1,2026-03-05 00:35:00,sw-core-01,port-id7430,uplink,20.591517
S1,2026-03-05 00:40:00,sw-core-01,port-id7430,uplink,14.747988
S1,2026-03-05 00:45:00,sw-core-01,port-id7430,uplink,21.263555
S1,2026-03-05 00:50:00,sw-core-01,port-id7430,uplink,15.617619
S1,2026-03-05 00:55:00,sw-core-01,port-id7430,uplink,14.186624
S1,2026-03-05 01:00:00,sw-core-01,port-id7430,uplink,17.019220
S1,2026-03-05 01:05:00,sw-core-01,port-id7430,uplink,16.623865
S1,2026-03-05 01:10:00,sw-core-01,port-id7430,uplink,17.363822
S1,2026-03-05 01:15:00,sw-core-01,port-id7430,uplink,14.476647
S1,2026-03-05 01:20:00,sw-core-01,port-id7430,uplink,18.010034
S1,2026-03-05 01:25:00,sw-core-01,port-id7430,uplink,20.137379
S1,2026-03-05 01:30:00,sw-core-01,port-id7430,uplink,15.964627
S1,2026-03-05 01:35:00,sw-core-01,port-id7430,uplink,12.565546
S1,2026-03-05 01:40:00,sw-core-01,port-id7430,uplink,14.925440
S1,2026-03-05 01:45:00,sw-core-01,port-id7430,uplink,8.408676
S1,2026-03-05 01:50:00,sw-core-01,port-id7430,uplink,12.886107
S1,2026-03-05 01:55:00,sw-core-01,port-id7430,uplink,21.638963
S1,2026-03-05 02:00:00,sw-core-01,port-id7430,uplink,18.343786
S1,2026-03-05 02:05:00,sw-core-01,port-id7430,uplink,7.231674
S1,2026-03-05 02:10:00,sw-core-01,port-id7430,uplink,18.466097
S1,2026-03-05 02:15:00,sw-core-01,port-id7430,uplink,13.001132
S1,2026-03-05 02:20:00,sw-core-01,port-id7430,uplink,17.315518
S1,2026-03-05 02:25:00,sw-core-01,port-id7430,uplink,13.279744
S1,2026-03-05 02:30:00,sw-core-01,port-id7430,uplink,13.185980
S1,2026-03-05 02:35:00,sw-core-01,port-id7430,uplink,22.117520
S1,2026-03-05 02:40:00,sw-core-01,port-id7430,uplink,11.636353
S1,2026-03-05 02:45:00,sw-core-01,port-id7430,uplink,20.674084
S1,2026-03-05 02:50:00,sw-core-01,port-id7430,uplink,16.115207
S1,2026-03-05 02:55:00,sw-core-01,port-id7430,uplink,12.959782
S1,2026-03-05 03:00:00,sw-core-01,port-id7430,uplink,20.716165
S1,2026-03-05 03:05:00,sw-core-01,port-id7430,uplink,12.830885
S1,2026-03-05 03:10:00,sw-core-01,port-id7430,uplink,16.098005
S1,2026-03-05 03:15:00,sw-core-01,port-id7430,uplink,13.302796
S1,2026-03-05 03:20:00,sw-core-01,port-id7430,uplink,9.571128
S1,2026-03-05 03:25:00,sw-core-01,port-id7430,uplink,14.494789
S1,2026-03-05 03:30:00,sw-core-01,port-id7430,uplink,16.516985
S1,2026-03-05 03:35:00,sw-core-01,port-id7430,uplink,18.568403
S1,2026-03-05 03:40:00,sw-core-01,port-id7430,uplink,17.856438
S1,2026-03-05 03:45:00,sw-core-01,port-id7430,uplink,15.265726
S1,2026-03-05 03:50:00,sw-core-01,port-id7430,uplink,14.791861
S1,2026-03-05 03:55:00,sw-core-01,port-id7430,uplink,14.358912
S1,2026-03-05 04:00:00,sw-core-01,port-id7430,uplink,15.504767
S1,2026-03-05 04:05:00,sw-core-01,port-id7430,uplink,17.923588
S1,2026-03-05 04:10:00,sw-core-01,port-id7430,uplink,16.164847
S1,2026-03-05 04:15:00,sw-core-01,port-id7430,uplink,17.096087
S1,2026-03-05 04:20:00,sw-core-01,port-id7430,uplink,11.673034
S1,2026-03-05 04:25:00,sw-core-01,port-id7430,uplink,19.466829
S1,2026-03-05 04:30:00,sw-core-01,port-id7430,uplink,15.953860
S1,2026-03-05 04:35:00,sw-core-01,port-id7430,uplink,19.355926
S1,2026-03-05 04:40:00,sw-core-01,port-id7430,uplink,15.462766
S1,2026-03-05 04:45:00,sw-core-01,port-id7430,uplink,20.137455
S1,2026-03-05 04:50:00,sw-core-01,port-id7430,uplink,12.316826
S1,2026-03-05 04:55:00,sw-core-01,port-id7430,uplink,16.143539
S1,2026-03-05 05:00:00,sw-core-01,port-id7430,uplink,15.948029
S1,2026-03-05 05:05:00,sw-core-01,port-id7430,uplink,13.345531
S1,2026-03-05 05:10:00,sw-core-01,port-id7430,uplink,15.948551
S1,2026-03-05 05:15:00,sw-core-01,port-id7430,uplink,17.935271
S1,2026-03-05 05:20:00,sw-core-01,port-id7430,uplink,17.063251
S1,2026-03-05 05:25:00,sw-core-01,port-id7430,uplink,13.878715
S1,2026-03-05 05:30:00,sw-core-01,port-id7430,uplink,19.473354
S1,2026-03-05 05:35:00,sw-core-01,port-id7430,uplink,14.653917
S1,2026-03-05 05:40:00,sw-core-01,port-id7430,uplink,16.658248
S1,2026-03-05 05:45:00,sw-core-01,port-id7430,uplink,19.450223
S1,2026-03-05 05:50:00,sw-core-01,port-id7430,uplink,17.482761
S1,2026-03-05 05:55:00,sw-core-01,port-id7430,uplink,18.656769
S1,2026-03-05 06:00:00,sw-core-01,port-id7430,uplink,19.618977
S1,2026-03-05 06:05:00,sw-core-01,port-id7430,uplink,23.577868
S1,2026-03-05 06:10:00,sw-core-01,port-id7430,uplink,22.394259
S1,2026-03-05 06:15:00,sw-core-01,port-id7430,uplink,23.173935
S1,2026-03-05 06:20:00,sw-core-01,port-id7430,uplink,21.039841
S1,2026-03-05 06:25:00,sw-core-01,port-id7430,uplink,23.621267
S1,2026-03-05 06:30:00,sw-core-01,port-id7430,uplink,24.841199
S1,2026-03-05 06:35:00,sw-core-01,port-id7430,uplink,21.426568
S1,2026-03-05 06:40:00,sw-core-01,port-id7430,uplink,22.981136
S1,2026-03-05 06:45:00,sw-core-01,port-id7430,uplink,26.570340
S1,2026-03-05 06:50:00,sw-core-01,port-id7430,uplink,21.219972
S1,2026-03-05 06:55:00,sw-core-01,port-id7430,uplink,25.955782
S1,2026-03-05 07:00:00,sw-core-01,port-id7430,uplink,31.831761
S1,2026-03-05 07:05:00,sw-core-01,port-id7430,uplink,31.544049
S1,2026-03-05 07:10:00,sw-core-01,port-id7430,uplink,32.210871
S1,2026-03-05 07:15:00,sw-core-01,port-id7430,uplink,33.717076
S1,2026-03-05 07:20:00,sw-core-01,port-id7430,uplink,34.856265
S1,2026-03-05 07:25:00,sw-core-01,port-id7430,uplink,33.510984
S1,2026-03-05 07:30:00,sw-core-01,port-id7430,uplink,33.076107
S1,2026-03-05 07:35:00,sw-core-01,port-id7430,uplink,37.836754
S1,2026-03-05 07:40:00,sw-core-01,port-id7430,uplink,37.087211
S1,2026-03-05 07:45:00,sw-core-01,port-id7430,uplink,41.227594
S1,2026-03-05 07:50:00,sw-core-01,port-id7430,uplink,41.023494
S1,2026-03-05 07:55:00,sw-core-01,port-id7430,uplink,38.738597
S1,2026-03-05 08:00:00,sw-core-01,port-id7430,uplink,38.154390
S1,2026-03-05 08:05:00,sw-core-01,port-id7430,uplink,41.763265
S1,2026-03-05 08:10:00,sw-core-01,port-id7430,uplink,42.305875
S1,2026-03-05 08:15:00,sw-core-01,port-id7430,uplink,42.779832
S1,2026-03-05 08:20:00,sw-core-01,port-id7430,uplink,42.245874
S1,2026-03-05 08:25:00,sw-core-01,port-id7430,uplink,47.963157
S1,2026-03-05 08:30:00,sw-core-01,port-id7430,uplink,43.466036
S1,2026-03-05 08:35:00,sw-core-01,port-id7430,uplink,43.931523
S1,2026-03-05 08:40:00,sw-core-01,port-id7430,uplink,45.857451
S1,2026-03-05 08:45:00,sw-core-01,port-id7430,uplink,43.470867
S1,2026-03-05 08:50:00,sw-core-01,port-id7430,uplink,41.905912
S1,2026-03-05 08:55:00,sw-core-01,port-id7430,uplink,45.135155
S1,2026-03-05 09:00:00,sw-core-01,port-id7430,uplink,42.977283
S1,2026-03-05 09:05:00,sw-core-01,port-id7430,uplink,40.898504
S1,2026-03-05 09:10:00,sw-core-01,port-id7430,uplink,41.532908
S1,2026-03-05 09:15:00,sw-core-01,port-id7430,uplink,38.841990
S1,2026-03-05 09:20:00,sw-core-01,port-id7430,uplink,40.641297
S1,2026-03-05 09:25:00,sw-core-01,port-id7430,uplink,44.284691
S1,2026-03-05 09:30:00,sw-core-01,port-id7430,uplink,48.429415
S1,2026-03-05 09:35:00,sw-core-01,port-id7430,uplink,44.117515
S1,2026-03-05 09:40:00,sw-core-01,port-id7430,uplink,40.447015
S1,2026-03-05 09:45:00,sw-core-01,port-id7430,uplink,48.764800
S1,2026-03-05 09:50:00,sw-core-01,port-id7430,uplink,45.213145
S1,2026-03-05 09:55:00,sw-core-01,port-id7430,uplink,46.176385
S1,2026-03-05 10:00:00,sw-core-01,port-id7430,uplink,45.923450
S1,2026-03-05 10:05:00,sw-core-01,port-id7430,uplink,40.898164
S1,2026-03-05 10:10:00,sw-core-01,port-id7430,uplink,45.548669
S1,2026-03-05 10:15:00,sw-core-01,port-id7430,uplink,43.658964
S1,2026-03-05 10:20:00,sw-core-01,port-id7430,uplink,44.972426
S1,2026-03-05 10:25:00,sw-core-01,port-id7430,uplink,46.463960
S1,2026-03-05 10:30:00,sw-core-01,port-id7430,uplink,44.399461
S1,2026-03-05 10:35:00,sw-core-01,port-id7430,uplink,36.643788
S1,2026-03-05 10:40:00,sw-core-01,port-id7430,uplink,46.698715
S1,2026-03-05 10:45:00,sw-core-01,port-id7430,uplink,48.001956
S1,2026-03-05 10:50:00,sw-core-01,port-id7430,uplink,43.658455
S1,2026-03-05 10:55:00,sw-core-01,port-id7430,uplink,41.316088
S1,2026-03-05 11:00:00,sw-core-01,port-id7430,uplink,51.032843
S1,2026-03-05 11:05:00,sw-core-01,port-id7430,uplink,42.356216
S1,2026-03-05 11:10:00,sw-core-01,port-id7430,uplink,49.024149
S1,2026-03-05 11:15:00,sw-core-01,port-id7430,uplink,42.543363
S1,2026-03-05 11:20:00,sw-core-01,port-id7430,uplink,41.591648
S1,2026-03-05 11:25:00,sw-core-01,port-id7430,uplink,44.542121
S1,2026-03-05 11:30:00,sw-core-01,port-id7430,uplink,43.796484
S1,2026-03-05 11:35:00,sw-core-01,port-id7430,uplink,46.286882
S1,2026-03-05 11:40:00,sw-core-01,port-id7430,uplink,42.675040
S1,2026-03-05 11:45:00,sw-core-01,port-id7430,uplink,42.144282
S1,2026-03-05 11:50:00,sw-core-01,port-id7430,uplink,44.294875
S1,2026-03-05 11:55:00,sw-core-01,port-id7430,uplink,47.217982
S1,2026-03-05 12:00:00,sw-core-01,port-id7430,uplink,49.451499
S1,2026-03-05 12:05:00,sw-core-01,port-id7430,uplink,49.844520
S1,2026-03-05 12:10:00,sw-core-01,port-id7430,uplink,51.719571
S1,2026-03-05 12:15:00,sw-core-01,port-id7430,uplink,46.553710
S1,2026-03-05 12:20:00,sw-core-01,port-id7430,uplink,41.689187
S1,2026-03-05 12:25:00,sw-core-01,port-id7430,uplink,47.245056
S1,2026-03-05 12:30:00,sw-core-01,port-id7430,uplink,48.007300
S1,2026-03-05 12:35:00,sw-core-01,port-id7430,uplink,42.194403
S1,2026-03-05 12:40:00,sw-core-01,port-id7430,uplink,41.001475
S1,2026-03-05 12:45:00,sw-core-01,port-id7430,uplink,43.175612
S1,2026-03-05 12:50:00,sw-core-01,port-id7430,uplink,43.073097
S1,2026-03-05 12:55:00,sw-core-01,port-id7430,uplink,51.228285
S1,2026-03-05 13:00:00,sw-core-01,port-id7430,uplink,47.190339
S1,2026-03-05 13:05:00,sw-core-01,port-id7430,uplink,44.750094
S1,2026-03-05 13:10:00,sw-core-01,port-id7430,uplink,44.775430
S1,2026-03-05 13:15:00,sw-core-01,port-id7430,uplink,44.619602
S1,2026-03-05 13:20:00,sw-core-01,port-id7430,uplink,47.941065
S1,2026-03-05 13:25:00,sw-core-01,port-id7430,uplink,38.484310
S1,2026-03-05 13:30:00,sw-core-01,port-id7430,uplink,43.012250
S1,2026-03-05 13:35:00,sw-core-01,port-id7430,uplink,46.584859
S1,2026-03-05 13:40:00,sw-core-01,port-id7430,uplink,46.418492
S1,2026-03-05 13:45:00,sw-core-01,port-id7430,uplink,44.806025
S1,2026-03-05 13:50:00,sw-core-01,port-id7430,uplink,45.924213
S1,2026-03-05 13:55:00,sw-core-01,port-id7430,uplink,41.845914
S1,2026-03-05 14:00:00,sw-core-01,port-id7430,uplink,45.854346
S1,2026-03-05 14:05:00,sw-core-01,port-id7430,uplink,42.405585
S1,2026-03-05 14:10:00,sw-core-01,port-id7430,uplink,47.416099
S1,2026-03-05 14:15:00,sw-core-01,port-id7430,uplink,43.088073
S1,2026-03-05 14:20:00,sw-core-01,port-id7430,uplink,39.654465
S1,2026-03-05 14:25:00,sw-core-01,port-id7430,uplink,43.998133
S1,2026-03-05 14:30:00,sw-core-01,port-id7430,uplink,44.758432
S1,2026-03-05 14:35:00,sw-core-01,port-id7430,uplink,46.052540
S1,2026-03-05 14:40:00,sw-core-01,port-id7430,uplink,45.340274
S1,2026-03-05 14:45:00,sw-core-01,port-id7430,uplink,39.701524
S1,2026-03-05 14:50:00,sw-core-01,port-id7430,uplink,43.686023
S1,2026-03-05 14:55:00,sw-core-01,port-id7430,uplink,49.493221
S1,2026-03-05 15:00:00,sw-core-01,port-id7430,uplink,40.363088
S1,2026-03-05 15:05:00,sw-core-01,port-id7430,uplink,47.389767
S1,2026-03-05 15:10:00,sw-core-01,port-id7430,uplink,47.316102
S1,2026-03-05 15:15:00,sw-core-01,port-id7430,uplink,46.440933
S1,2026-03-05 15:20:00,sw-core-01,port-id7430,uplink,51.901918
S1,2026-03-05 15:25:00,sw-core-01,port-id7430,uplink,42.218929
S1,2026-03-05 15:30:00,sw-core-01,port-id7430,uplink,35.494323
S1,2026-03-05 15:35:00,sw-core-01,port-id7430,uplink,44.683665
S1,2026-03-05 15:40:00,sw-core-01,port-id7430,uplink,47.808281
S1,2026-03-05 15:45:00,sw-core-01,port-id7430,uplink,48.638441
S1,2026-03-05 15:50:00,sw-core-01,port-id7430,uplink,44.983593
S1,2026-03-05 15:55:00,sw-core-01,port-id7430,uplink,42.524132
S1,2026-03-05 16:00:00,sw-core-01,port-id7430,uplink,47.463892
S1,2026-03-05 16:05:00,sw-core-01,port-id7430,uplink,46.861008
S1,2026-03-05 16:10:00,sw-core-01,port-id7430,uplink,46.194856
S1,2026-03-05 16:15:00,sw-core-01,port-id7430,uplink,47.541314
S1,2026-03-05 16:20:00,sw-core-01,port-id7430,uplink,47.998904
S1,2026-03-05 16:25:00,sw-core-01,port-id7430,uplink,45.149126
S1,2026-03-05 16:30:00,sw-core-01,port-id7430,uplink,41.500427
S1,2026-03-05 16:35:00,sw-core-01,port-id7430,uplink,43.822103
S1,2026-03-05 16:40:00,sw-core-01,port-id7430,uplink,43.662334
S1,2026-03-05 16:45:00,sw-core-01,port-id7430,uplink,49.170739
S1,2026-03-05 16:50:00,sw-core-01,port-id7430,uplink,43.097741
S1,2026-03-05 16:55:00,sw-core-01,port-id7430,uplink,47.863226
S1,2026-03-05 17:00:00,sw-core-01,port-id7430,uplink,42.252286
S1,2026-03-05 17:05:00,sw-core-01,port-id7430,uplink,47.693298
S1,2026-03-05 17:10:00,sw-core-01,port-id7430,uplink,41.933387
S1,2026-03-05 17:15:00,sw-core-01,port-id7430,uplink,47.196266
S1,2026-03-05 17:20:00,sw-core-01,port-id7430,uplink,40.210520
S1,2026-03-05 17:25:00,sw-core-01,port-id7430,uplink,39.667902
S1,2026-03-05 17:30:00,sw-core-01,port-id7430,uplink,44.471001
S1,2026-03-05 17:35:00,sw-core-01,port-id7430,uplink,42.378875
S1,2026-03-05 17:40:00,sw-core-01,port-id7430,uplink,42.472872
S1,2026-03-05 17:45:00,sw-core-01,port-id7430,uplink,44.125621
S1,2026-03-05 17:50:00,sw-core-01,port-id7430,uplink,42.516604
S1,2026-03-05 17:55:00,sw-core-01,port-id7430,uplink,44.241402
S1,2026-03-05 18:00:00,sw-core-01,port-id7430,uplink,40.109568
S1,2026-03-05 18:05:00,sw-core-01,port-id7430,uplink,46.016565
S1,2026-03-05 18:10:00,sw-core-01,port-id7430,uplink,43.088988
S1,2026-03-05 18:15:00,sw-core-01,port-id7430,uplink,42.823359
S1,2026-03-05 18:20:00,sw-core-01,port-id7430,uplink,50.081226
S1,2026-03-05 18:25:00,sw-core-01,port-id7430,uplink,46.448928
S1,2026-03-05 18:30:00,sw-core-01,port-id7430,uplink,39.819073
S1,2026-03-05 18:35:00,sw-core-01,port-id7430,uplink,41.134641
S1,2026-03-05 18:40:00,sw-core-01,port-id7430,uplink,38.113270
S1,2026-03-05 18:45:00,sw-core-01,port-id7430,uplink,34.995505
S1,2026-03-05 18:50:00,sw-core-01,port-id7430,uplink,39.239352
S1,2026-03-05 18:55:00,sw-core-01,port-id7430,uplink,39.287011
S1,2026-03-05 19:00:00,sw-core-01,port-id7430,uplink,37.198694
S1,2026-03-05 19:05:00,sw-core-01,port-id7430,uplink,33.646209
S1,2026-03-05 19:10:00,sw-core-01,port-id7430,uplink,28.709765
S1,2026-03-05 19:15:00,sw-core-01,port-id7430,uplink,38.644564
S1,2026-03-05 19:20:00,sw-core-01,port-id7430,uplink,31.428412
S1,2026-03-05 19:25:00,sw-core-01,port-id7430,uplink,32.772823
S1,2026-03-05 19:30:00,sw-core-01,port-id7430,uplink,30.427340
S1,2026-03-05 19:35:00,sw-core-01,port-id7430,uplink,19.288161
S1,2026-03-05 19:40:00,sw-core-01,port-id7430,uplink,24.298267
S1,2026-03-05 19:45:00,sw-core-01,port-id7430,uplink,31.693869
S1,2026-03-05 19:50:00,sw-core-01,port-id7430,uplink,26.966887
S1,2026-03-05 19:55:00,sw-core-01,port-id7430,uplink,21.428291
S1,2026-03-05 20:00:00,sw-core-01,port-id7430,uplink,25.719258
S1,2026-03-05 20:05:00,sw-core-01,port-id7430,uplink,24.972265
S1,2026-03-05 20:10:00,sw-core-01,port-id7430,uplink,21.872975
S1,2026-03-05 20:15:00,sw-core-01,port-id7430,uplink,19.473848
S1,2026-03-05 20:20:00,sw-core-01,port-id7430,uplink,20.235158
S1,2026-03-05 20:25:00,sw-core-01,port-id7430,uplink,18.487607
S1,2026-03-05 20:30:00,sw-core-01,port-id7430,uplink,17.627069
S1,2026-03-05 20:35:00,sw-core-01,port-id7430,uplink,20.749713
S1,2026-03-05 20:40:00,sw-core-01,port-id7430,uplink,14.138705
S1,2026-03-05 20:45:00,sw-core-01,port-id7430,uplink,24.243036
S1,2026-03-05 20:50:00,sw-core-01,port-id7430,uplink,14.599871
S1,2026-03-05 20:55:00,sw-core-01,port-id7430,uplink,20.615655
S1,2026-03-05 21:00:00,sw-core-01,port-id7430,uplink,23.192591
S1,2026-03-05 21:05:00,sw-core-01,port-id7430,uplink,18.062253
S1,2026-03-05 21:10:00,sw-core-01,port-id7430,uplink,17.024477
S1,2026-03-05 21:15:00,sw-core-01,port-id7430,uplink,19.159100
S1,2026-03-05 21:20:00,sw-core-01,port-id7430,uplink,21.988099
S1,2026-03-05 21:25:00,sw-core-01,port-id7430,uplink,21.181918
S1,2026-03-05 21:30:00,sw-core-01,port-id7430,uplink,18.354937
S1,2026-03-05 21:35:00,sw-core-01,port-id7430,uplink,17.421035
S1,2026-03-05 21:40:00,sw-core-01,port-id7430,uplink,16.300377
S1,2026-03-05 21:45:00,sw-core-01,port-id7430,uplink,13.441331
S1,2026-03-05 21:50:00,sw-core-01,port-id7430,uplink,17.631410
S1,2026-03-05 21:55:00,sw-core-01,port-id7430,uplink,15.285256
S1,2026-03-05 22:00:00,sw-core-01,port-id7430,uplink,15.070127
S1,2026-03-05 22:05:00,sw-core-01,port-id7430,uplink,10.344028
S1,2026-03-05 22:10:00,sw-core-01,port-id7430,uplink,10.382677
S1,2026-03-05 22:15:00,sw-core-01,port-id7430,uplink,13.932828
S1,2026-03-05 22:20:00,sw-core-01,port-id7430,uplink,17.154856
S1,2026-03-05 22:25:00,sw-core-01,port-id7430,uplink,16.211883
S1,2026-03-05 22:30:00,sw-core-01,port-id7430,uplink,9.808659
S1,2026-03-05 22:35:00,sw-core-01,port-id7430,uplink,10.726672
S1,2026-03-05 22:40:00,sw-core-01,port-id7430,uplink,15.251999
S1,2026-03-05 22:45:00,sw-core-01,port-id7430,uplink,18.338512
S1,2026-03-05 22:50:00,sw-core-01,port-id7430,uplink,14.991675
S1,2026-03-05 22:55:00,sw-core-01,port-id7430,uplink,10.559760
S1,2026-03-05 23:00:00,sw-core-01,port-id7430,uplink,9.045598
S1,2026-03-05 23:05:00,sw-core-01,port-id7430,uplink,16.241814
S1,2026-03-05 23:10:00,sw-core-01,port-id7430,uplink,14.696548
S1,2026-03-05 23:15:00,sw-core-01,port-id7430,uplink,12.922705
S1,2026-03-05 23:20:00,sw-core-01,port-id7430,uplink,15.883663
S1,2026-03-05 23:25:00,sw-core-01,port-id7430,uplink,13.131894
S1,2026-03-05 23:30:00,sw-core-01,port-id7430,uplink,16.933375
S1,2026-03-05 23:35:00,sw-core-01,port-id7430,uplink,13.865313
S1,2026-03-05 23:40:00,sw-core-01,port-id7430,uplink,17.173652
S1,2026-03-05 23:45:00,sw-core-01,port-id7430,uplink,14.475362
S1,2026-03-05 23:50:00,sw-core-01,port-id7430,uplink,15.718704
S1,2026-03-05 23:55:00,sw-core-01,port-id7430,uplink,18.221820
S1,2026-03-06 00:00:00,sw-core-01,port-id7430,uplink,17.268945
S1,2026-03-06 00:05:00,sw-core-01,port-id7430,uplink,13.876807
S1,2026-03-06 00:10:00,sw-core-01,port-id7430,uplink,14.788975
S1,2026-03-06 00:15:00,sw-core-01,port-id7430,uplink,16.218263
S1,2026-03-06 00:20:00,sw-core-01,port-id7430,uplink,17.867217
S1,2026-03-06 00:25:00,sw-core-01,port-id7430,uplink,14.101822
S1,2026-03-06 00:30:00,sw-core-01,port-id7430,uplink,17.597146
S1,2026-03-06 00:35:00,sw-core-01,port-id7430,uplink,13.738326
S1,2026-03-06 00:40:00,sw-core-01,port-id7430,uplink,15.813037
S1,2026-03-06 00:45:00,sw-core-01,port-id7430,uplink,17.149501
S1,2026-03-06 00:50:00,sw-core-01,port-id7430,uplink,15.060398
S1,2026-03-06 00:55:00,sw-core-01,port-id7430,uplink,20.894754
S1,2026-03-06 01:00:00,sw-core-01,port-id7430,uplink,21.360452
S1,2026-03-06 01:05:00,sw-core-01,port-id7430,uplink,6.995693
S1,2026-03-06 01:10:00,sw-core-01,port-id7430,uplink,13.454927
S1,2026-03-06 01:15:00,sw-core-01,port-id7430,uplink,14.165474
S1,2026-03-06 01:20:00,sw-core-01,port-id7430,uplink,17.030050
S1,2026-03-06 01:25:00,sw-core-01,port-id7430,uplink,16.576841
S1,2026-03-06 01:30:00,sw-core-01,port-id7430,uplink,18.974924
S1,2026-03-06 01:35:00,sw-core-01,port-id7430,uplink,16.002868
S1,2026-03-06 01:40:00,sw-core-01,port-id7430,uplink,13.555757
S1,2026-03-06 01:45:00,sw-core-01,port-id7430,uplink,16.107814
S1,2026-03-06 01:50:00,sw-core-01,port-id7430,uplink,13.877875
S1,2026-03-06 01:55:00,sw-core-01,port-id7430,uplink,16.741089
S1,2026-03-06 02:00:00,sw-core-01,port-id7430,uplink,13.406461
S1,2026-03-06 02:05:00,sw-core-01,port-id7430,uplink,11.480553
S1,2026-03-06 02:10:00,sw-core-01,port-id7430,uplink,13.978139
S1,2026-03-06 02:15:00,sw-core-01,port-id7430,uplink,17.927387
S1,2026-03-06 02:20:00,sw-core-01,port-id7430,uplink,15.724372
S1,2026-03-06 02:25:00,sw-core-01,port-id7430,uplink,12.194445
S1,2026-03-06 02:30:00,sw-core-01,port-id7430,uplink,10.303914
S1,2026-03-06 02:35:00,sw-core-01,port-id7430,uplink,13.346770
S1,2026-03-06 02:40:00,sw-core-01,port-id7430,uplink,12.751573
S1,2026-03-06 02:45:00,sw-core-01,port-id7430,uplink,12.291115
S1,2026-03-06 02:50:00,sw-core-01,port-id7430,uplink,16.182693
S1,2026-03-06 02:55:00,sw-core-01,port-id7430,uplink,16.445246
S1,2026-03-06 03:00:00,sw-core-01,port-id7430,uplink,15.884541
S1,2026-03-06 03:05:00,sw-core-01,port-id7430,uplink,16.441748
S1,2026-03-06 03:10:00,sw-core-01,port-id7430,uplink,12.829186
S1,2026-03-06 03:15:00,sw-core-01,port-id7430,uplink,14.294205
S1,2026-03-06 03:20:00,sw-core-01,port-id7430,uplink,23.329131
S1,2026-03-06 03:25:00,sw-core-01,port-id7430,uplink,15.598104
S1,2026-03-06 03:30:00,sw-core-01,port-id7430,uplink,13.047461
S1,2026-03-06 03:35:00,sw-core-01,port-id7430,uplink,12.797748
S1,2026-03-06 03:40:00,sw-core-01,port-id7430,uplink,18.120159
S1,2026-03-06 03:45:00,sw-core-01,port-id7430,uplink,18.524936
S1,2026-03-06 03:50:00,sw-core-01,port-id7430,uplink,19.318532
S1,2026-03-06 03:55:00,sw-core-01,port-id7430,uplink,14.133856
S1,2026-03-06 04:00:00,sw-core-01,port-id7430,uplink,17.126566
S1,2026-03-06 04:05:00,sw-core-01,port-id7430,uplink,19.152293
S1,2026-03-06 04:10:00,sw-core-01,port-id7430,uplink,20.472560
S1,2026-03-06 04:15:00,sw-core-01,port-id7430,uplink,17.146693
S1,2026-03-06 04:20:00,sw-core-01,port-id7430,uplink,20.509276
S1,2026-03-06 04:25:00,sw-core-01,port-id7430,uplink,12.275958
S1,2026-03-06 04:30:00,sw-core-01,port-id7430,uplink,16.985217
S1,2026-03-06 04:35:00,sw-core-01,port-id7430,uplink,17.973816
S1,2026-03-06 04:40:00,sw-core-01,port-id7430,uplink,18.276046
S1,2026-03-06 04:45:00,sw-core-01,port-id7430,uplink,18.790277
S1,2026-03-06 04:50:00,sw-core-01,port-id7430,uplink,20.193047
S1,2026-03-06 04:55:00,sw-core-01,port-id7430,uplink,18.519676
S1,2026-03-06 05:00:00,sw-core-01,port-id7430,uplink,18.448043
S1,2026-03-06 05:05:00,sw-core-01,port-id7430,uplink,12.048247
S1,2026-03-06 05:10:00,sw-core-01,port-id7430,uplink,16.668986
S1,2026-03-06 05:15:00,sw-core-01,port-id7430,uplink,17.403047
S1,2026-03-06 05:20:00,sw-core-01,port-id7430,uplink,14.341875
S1,2026-03-06 05:25:00,sw-core-01,port-id7430,uplink,15.159992
S1,2026-03-06 05:30:00,sw-core-01,port-id7430,uplink,17.350354
S1,2026-03-06 05:35:00,sw-core-01,port-id7430,uplink,13.018266
S1,2026-03-06 05:40:00,sw-core-01,port-id7430,uplink,16.095142
S1,2026-03-06 05:45:00,sw-core-01,port-id7430,uplink,16.585123
S1,2026-03-06 05:50:00,sw-core-01,port-id7430,uplink,25.268792
S1,2026-03-06 05:55:00,sw-core-01,port-id7430,uplink,23.065112
S1,2026-03-06 06:00:00,sw-core-01,port-id7430,uplink,24.413734
S1,2026-03-06 06:05:00,sw-core-01,port-id7430,uplink,24.482195
S1,2026-03-06 06:10:00,sw-core-01,port-id7430,uplink,19.003124
S1,2026-03-06 06:15:00,sw-core-01,port-id7430,uplink,23.072726
S1,2026-03-06 06:20:00,sw-core-01,port-id7430,uplink,25.404227
S1,2026-03-06 06:25:00,sw-core-01,port-id7430,uplink,26.481772
S1,2026-03-06 06:30:00,sw-core-01,port-id7430,uplink,23.717234
S1,2026-03-06 06:35:00,sw-core-01,port-id7430,uplink,31.594536
S1,2026-03-06 06:40:00,sw-core-01,port-id7430,uplink,28.502630
S1,2026-03-06 06:45:00,sw-core-01,port-id7430,uplink,26.332204
S1,2026-03-06 06:50:00,sw-core-01,port-id7430,uplink,31.571579
S1,2026-03-06 06:55:00,sw-core-01,port-id7430,uplink,28.954768
S1,2026-03-06 07:00:00,sw-core-01,port-id7430,uplink,28.507168
S1,2026-03-06 07:05:00,sw-core-01,port-id7430,uplink,35.504523
S1,2026-03-06 07:10:00,sw-core-01,port-id7430,uplink,35.331457
S1,2026-03-06 07:15:00,sw-core-01,port-id7430,uplink,31.097485
S1,2026-03-06 07:20:00,sw-core-01,port-id7430,uplink,31.999402
S1,2026-03-06 07:25:00,sw-core-01,port-id7430,uplink,29.816765
S1,2026-03-06 07:30:00,sw-core-01,port-id7430,uplink,34.272127
S1,2026-03-06 07:35:00,sw-core-01,port-id7430,uplink,34.129962
S1,2026-03-06 07:40:00,sw-core-01,port-id7430,uplink,33.633676
S1,2026-03-06 07:45:00,sw-core-01,port-id7430,uplink,41.056107
S1,2026-03-06 07:50:00,sw-core-01,port-id7430,uplink,37.750984
S1,2026-03-06 07:55:00,sw-core-01,port-id7430,uplink,39.330852
S1,2026-03-06 08:00:00,sw-core-01,port-id7430,uplink,41.912837
S1,2026-03-06 08:05:00,sw-core-01,port-id7430,uplink,37.396278
S1,2026-03-06 08:10:00,sw-core-01,port-id7430,uplink,42.769358
S1,2026-03-06 08:15:00,sw-core-01,port-id7430,uplink,42.192440
S1,2026-03-06 08:20:00,sw-core-01,port-id7430,uplink,41.308309
S1,2026-03-06 08:25:00,sw-core-01,port-id7430,uplink,49.126818
S1,2026-03-06 08:30:00,sw-core-01,port-id7430,uplink,41.216450
S1,2026-03-06 08:35:00,sw-core-01,port-id7430,uplink,40.779916
S1,2026-03-06 08:40:00,sw-core-01,port-id7430,uplink,47.636621
S1,2026-03-06 08:45:00,sw-core-01,port-id7430,uplink,42.304036
S1,2026-03-06 08:50:00,sw-core-01,port-id7430,uplink,41.190664
S1,2026-03-06 08:55:00,sw-core-01,port-id7430,uplink,40.661645
S1,2026-03-06 09:00:00,sw-core-01,port-id7430,uplink,43.372305
S1,2026-03-06 09:05:00,sw-core-01,port-id7430,uplink,45.330512
S1,2026-03-06 09:10:00,sw-core-01,port-id7430,uplink,44.697281
S1,2026-03-06 09:15:00,sw-core-01,port-id7430,uplink,44.494488
S1,2026-03-06 09:20:00,sw-core-01,port-id7430,uplink,47.529726
S1,2026-03-06 09:25:00,sw-core-01,port-id7430,uplink,46.510396
S1,2026-03-06 09:30:00,sw-core-01,port-id7430,uplink,44.867069
S1,2026-03-06 09:35:00,sw-core-01,port-id7430,uplink,45.778607
S1,2026-03-06 09:40:00,sw-core-01,port-id7430,uplink,41.642480
S1,2026-03-06 09:45:00,sw-core-01,port-id7430,uplink,42.845933
S1,2026-03-06 09:50:00,sw-core-01,port-id7430,uplink,43.843909
S1,2026-03-06 09:55:00,sw-core-01,port-id7430,uplink,43.433926
S1,2026-03-06 10:00:00,sw-core-01,port-id7430,uplink,43.169420
S1,2026-03-06 10:05:00,sw-core-01,port-id7430,uplink,49.983513
S1,2026-03-06 10:10:00,sw-core-01,port-id7430,uplink,47.493097
S1,2026-03-06 10:15:00,sw-core-01,port-id7430,uplink,49.630187
S1,2026-03-06 10:20:00,sw-core-01,port-id7430,uplink,49.828911
S1,2026-03-06 10:25:00,sw-core-01,port-id7430,uplink,42.001400
S1,2026-03-06 10:30:00,sw-core-01,port-id7430,uplink,45.939988
S1,2026-03-06 10:35:00,sw-core-01,port-id7430,uplink,46.579672
S1,2026-03-06 10:40:00,sw-core-01,port-id7430,uplink,45.771703
S1,2026-03-06 10:45:00,sw-core-01,port-id7430,uplink,40.029420
S1,2026-03-06 10:50:00,sw-core-01,port-id7430,uplink,47.222369
S1,2026-03-06 10:55:00,sw-core-01,port-id7430,uplink,47.125153
S1,2026-03-06 11:00:00,sw-core-01,port-id7430,uplink,47.138658
S1,2026-03-06 11:05:00,sw-core-01,port-id7430,uplink,47.787944
S1,2026-03-06 11:10:00,sw-core-01,port-id7430,uplink,44.444803
S1,2026-03-06 11:15:00,sw-core-01,port-id7430,uplink,42.010063
S1,2026-03-06 11:20:00,sw-core-01,port-id7430,uplink,41.739531
S1,2026-03-06 11:25:00,sw-core-01,port-id7430,uplink,46.243162
S1,2026-03-06 11:30:00,sw-core-01,port-id7430,uplink,46.508663
S1,2026-03-06 11:35:00,sw-core-01,port-id7430,uplink,45.133918
S1,2026-03-06 11:40:00,sw-core-01,port-id7430,uplink,47.057019
S1,2026-03-06 11:45:00,sw-core-01,port-id7430,uplink,46.334627
S1,2026-03-06 11:50:00,sw-core-01,port-id7430,uplink,42.659618
S1,2026-03-06 11:55:00,sw-core-01,port-id7430,uplink,45.623910
S1,2026-03-06 12:00:00,sw-core-01,port-id7430,uplink,45.333498
S1,2026-03-06 12:05:00,sw-core-01,port-id7430,uplink,43.100302
S1,2026-03-06 12:10:00,sw-core-01,port-id7430,uplink,51.266034
S1,2026-03-06 12:15:00,sw-core-01,port-id7430,uplink,46.570114
S1,2026-03-06 12:20:00,sw-core-01,port-id7430,uplink,47.602983
S1,2026-03-06 12:25:00,sw-core-01,port-id7430,uplink,44.154796
S1,2026-03-06 12:30:00,sw-core-01,port-id7430,uplink,43.233344
S1,2026-03-06 12:35:00,sw-core-01,port-id7430,uplink,40.528508
S1,2026-03-06 12:40:00,sw-core-01,port-id7430,uplink,42.350020
S1,2026-03-06 12:45:00,sw-core-01,port-id7430,uplink,44.476500
S1,2026-03-06 12:50:00,sw-core-01,port-id7430,uplink,41.835989
S1,2026-03-06 12:55:00,sw-core-01,port-id7430,uplink,44.353878
S1,2026-03-06 13:00:00,sw-core-01,port-id7430,uplink,42.664566
S1,2026-03-06 13:05:00,sw-core-01,port-id7430,uplink,44.171084
S1,2026-03-06 13:10:00,sw-core-01,port-id7430,uplink,43.635475
S1,2026-03-06 13:15:00,sw-core-01,port-id7430,uplink,43.315754
S1,2026-03-06 13:20:00,sw-core-01,port-id7430,uplink,45.797564
S1,2026-03-06 13:25:00,sw-core-01,port-id7430,uplink,42.024867
S1,2026-03-06 13:30:00,sw-core-01,port-id7430,uplink,47.744470
S1,2026-03-06 13:35:00,sw-core-01,port-id7430,uplink,43.081863
S1,2026-03-06 13:40:00,sw-core-01,port-id7430,uplink,47.598272
S1,2026-03-06 13:45:00,sw-core-01,port-id7430,uplink,43.138481
S1,2026-03-06 13:50:00,sw-core-01,port-id7430,uplink,44.537800
S1,2026-03-06 13:55:00,sw-core-01,port-id7430,uplink,42.429050
S1,2026-03-06 14:00:00,sw-core-01,port-id7430,uplink,61.249125
S1,2026-03-06 14:05:00,sw-core-01,port-id7430,uplink,41.710982
S1,2026-03-06 14:10:00,sw-core-01,port-id7430,uplink,46.922596
S1,2026-03-06 14:15:00,sw-core-01,port-id7430,uplink,43.016538
S1,2026-03-06 14:20:00,sw-core-01,port-id7430,uplink,46.885851
S1,2026-03-06 14:25:00,sw-core-01,port-id7430,uplink,45.886108
S1,2026-03-06 14:30:00,sw-core-01,port-id7430,uplink,41.357036
S1,2026-03-06 14:35:00,sw-core-01,port-id7430,uplink,45.059514
S1,2026-03-06 14:40:00,sw-core-01,port-id7430,uplink,55.427263
S1,2026-03-06 14:45:00,sw-core-01,port-id7430,uplink,40.746852
S1,2026-03-06 14:50:00,sw-core-01,port-id7430,uplink,45.507478
S1,2026-03-06 14:55:00,sw-core-01,port-id7430,uplink,45.057227
S1,2026-03-06 15:00:00,sw-core-01,port-id7430,uplink,48.627090
S1,2026-03-06 15:05:00,sw-core-01,port-id7430,uplink,40.623582
S1,2026-03-06 15:10:00,sw-core-01,port-id7430,uplink,44.343815
S1,2026-03-06 15:15:00,sw-core-01,port-id7430,uplink,50.768400
S1,2026-03-06 15:20:00,sw-core-01,port-id7430,uplink,48.318571
S1,2026-03-06 15:25:00,sw-core-01,port-id7430,uplink,42.004819
S1,2026-03-06 15:30:00,sw-core-01,port-id7430,uplink,49.232873
S1,2026-03-06 15:35:00,sw-core-01,port-id7430,uplink,47.925941
S1,2026-03-06 15:40:00,sw-core-01,port-id7430,uplink,47.841844
S1,2026-03-06 15:45:00,sw-core-01,port-id7430,uplink,42.067005
S1,2026-03-06 15:50:00,sw-core-01,port-id7430,uplink,42.621122
S1,2026-03-06 15:55:00,sw-core-01,port-id7430,uplink,47.477263
S1,2026-03-06 16:00:00,sw-core-01,port-id7430,uplink,45.192630
S1,2026-03-06 16:05:00,sw-core-01,port-id7430,uplink,45.643888
S1,2026-03-06 16:10:00,sw-core-01,port-id7430,uplink,41.519306
S1,2026-03-06 16:15:00,sw-core-01,port-id7430,uplink,51.372995
S1,2026-03-06 16:20:00,sw-core-01,port-id7430,uplink,41.796914
S1,2026-03-06 16:25:00,sw-core-01,port-id7430,uplink,46.458275
S1,2026-03-06 16:30:00,sw-core-01,port-id7430,uplink,51.925846
S1,2026-03-06 16:35:00,sw-core-01,port-id7430,uplink,42.081791
S1,2026-03-06 16:40:00,sw-core-01,port-id7430,uplink,44.929955
S1,2026-03-06 16:45:00,sw-core-01,port-id7430,uplink,45.732473
S1,2026-03-06 16:50:00,sw-core-01,port-id7430,uplink,43.167645
S1,2026-03-06 16:55:00,sw-core-01,port-id7430,uplink,43.862251
S1,2026-03-06 17:00:00,sw-core-01,port-id7430,uplink,40.856985
S1,2026-03-06 17:05:00,sw-core-01,port-id7430,uplink,41.089191
S1,2026-03-06 17:10:00,sw-core-01,port-id7430,uplink,42.505871
S1,2026-03-06 17:15:00,sw-core-01,port-id7430,uplink,39.619869
S1,2026-03-06 17:20:00,sw-core-01,port-id7430,uplink,40.875621
S1,2026-03-06 17:25:00,sw-core-01,port-id7430,uplink,44.676785
S1,2026-03-06 17:30:00,sw-core-01,port-id7430,uplink,44.190956
S1,2026-03-06 17:35:00,sw-core-01,port-id7430,uplink,40.132091
S1,2026-03-06 17:40:00,sw-core-01,port-id7430,uplink,46.317044
S1,2026-03-06 17:45:00,sw-core-01,port-id7430,uplink,47.880901
S1,2026-03-06 17:50:00,sw-core-01,port-id7430,uplink,42.519855
S1,2026-03-06 17:55:00,sw-core-01,port-id7430,uplink,42.817142
S1,2026-03-06 18:00:00,sw-core-01,port-id7430,uplink,40.470653
S1,2026-03-06 18:05:00,sw-core-01,port-id7430,uplink,45.408097
S1,2026-03-06 18:10:00,sw-core-01,port-id7430,uplink,45.294656
S1,2026-03-06 18:15:00,sw-core-01,port-id7430,uplink,43.790586
S1,2026-03-06 18:20:00,sw-core-01,port-id7430,uplink,45.013304
S1,2026-03-06 18:25:00,sw-core-01,port-id7430,uplink,35.406368
S1,2026-03-06 18:30:00,sw-core-01,port-id7430,uplink,38.555114
S1,2026-03-06 18:35:00,sw-core-01,port-id7430,uplink,33.007032
S1,2026-03-06 18:40:00,sw-core-01,port-id7430,uplink,38.828743
S1,2026-03-06 18:45:00,sw-core-01,port-id7430,uplink,42.739778
S1,2026-03-06 18:50:00,sw-core-01,port-id7430,uplink,39.857184
S1,2026-03-06 18:55:00,sw-core-01,port-id7430,uplink,32.696239
S1,2026-03-06 19:00:00,sw-core-01,port-id7430,uplink,32.968756
S1,2026-03-06 19:05:00,sw-core-01,port-id7430,uplink,35.994074
S1,2026-03-06 19:10:00,sw-core-01,port-id7430,uplink,33.519590
S1,2026-03-06 19:15:00,sw-core-01,port-id7430,uplink,32.519020
S1,2026-03-06 19:20:00,sw-core-01,port-id7430,uplink,29.240891
S1,2026-03-06 19:25:00,sw-core-01,port-id7430,uplink,31.555002
S1,2026-03-06 19:30:00,sw-core-01,port-id7430,uplink,30.440382
S1,2026-03-06 19:35:00,sw-core-01,port-id7430,uplink,30.255272
S1,2026-03-06 19:40:00,sw-core-01,port-id7430,uplink,25.871589
S1,2026-03-06 19:45:00,sw-core-01,port-id7430,uplink,25.448767
S1,2026-03-06 19:50:00,sw-core-01,port-id7430,uplink,21.896616
S1,2026-03-06 19:55:00,sw-core-01,port-id7430,uplink,27.834055
S1,2026-03-06 20:00:00,sw-core-01,port-id7430,uplink,26.756495
S1,2026-03-06 20:05:00,sw-core-01,port-id7430,uplink,27.128227
S1,2026-03-06 20:10:00,sw-core-01,port-id7430,uplink,25.591170
S1,2026-03-06 20:15:00,sw-core-01,port-id7430,uplink,19.199950
S1,2026-03-06 20:20:00,sw-core-01,port-id7430,uplink,24.285717
S1,2026-03-06 20:25:00,sw-core-01,port-id7430,uplink,16.945462
S1,2026-03-06 20:30:00,sw-core-01,port-id7430,uplink,19.452648
S1,2026-03-06 20:35:00,sw-core-01,port-id7430,uplink,22.444778
S1,2026-03-06 20:40:00,sw-core-01,port-id7430,uplink,22.490688
S1,2026-03-06 20:45:00,sw-core-01,port-id7430,uplink,16.268190
S1,2026-03-06 20:50:00,sw-core-01,port-id7430,uplink,22.261341
S1,2026-03-06 20:55:00,sw-core-01,port-id7430,uplink,18.418972
S1,2026-03-06 21:00:00,sw-core-01,port-id7430,uplink,19.446021
S1,2026-03-06 21:05:00,sw-core-01,port-id7430,uplink,16.845238
S1,2026-03-06 21:10:00,sw-core-01,port-id7430,uplink,13.266544
S1,2026-03-06 21:15:00,sw-core-01,port-id7430,uplink,19.565370
S1,2026-03-06 21:20:00,sw-core-01,port-id7430,uplink,15.820513
S1,2026-03-06 21:25:00,sw-core-01,port-id7430,uplink,13.646299
S1,2026-03-06 21:30:00,sw-core-01,port-id7430,uplink,15.887260
S1,2026-03-06 21:35:00,sw-core-01,port-id7430,uplink,19.426495
S1,2026-03-06 21:40:00,sw-core-01,port-id7430,uplink,16.117028
S1,2026-03-06 21:45:00,sw-core-01,port-id7430,uplink,16.561342
S1,2026-03-06 21:50:00,sw-core-01,port-id7430,uplink,16.932929
S1,2026-03-06 21:55:00,sw-core-01,port-id7430,uplink,19.894948
S1,2026-03-06 22:00:00,sw-core-01,port-id7430,uplink,17.624624
S1,2026-03-06 22:05:00,sw-core-01,port-id7430,uplink,20.437316
S1,2026-03-06 22:10:00,sw-core-01,port-id7430,uplink,10.546914
S1,2026-03-06 22:15:00,sw-core-01,port-id7430,uplink,19.514108
S1,2026-03-06 22:20:00,sw-core-01,port-id7430,uplink,14.663536
S1,2026-03-06 22:25:00,sw-core-01,port-id7430,uplink,12.912610
S1,2026-03-06 22:30:00,sw-core-01,port-id7430,uplink,20.725065
S1,2026-03-06 22:35:00,sw-core-01,port-id7430,uplink,20.709695
S1,2026-03-06 22:40:00,sw-core-01,port-id7430,uplink,13.335393
S1,2026-03-06 22:45:00,sw-core-01,port-id7430,uplink,11.967370
S1,2026-03-06 22:50:00,sw-core-01,port-id7430,uplink,19.579105
S1,2026-03-06 22:55:00,sw-core-01,port-id7430,uplink,16.790439
S1,2026-03-06 23:00:00,sw-core-01,port-id7430,uplink,14.823773
S1,2026-03-06 23:05:00,sw-core-01,port-id7430,uplink,8.735580
S1,2026-03-06 23:10:00,sw-core-01,port-id7430,uplink,22.482777
S1,2026-03-06 23:15:00,sw-core-01,port-id7430,uplink,11.961294
S1,2026-03-06 23:20:00,sw-core-01,port-id7430,uplink,14.196768
S1,2026-03-06 23:25:00,sw-core-01,port-id7430,uplink,18.887110
S1,2026-03-06 23:30:00,sw-core-01,port-id7430,uplink,11.361825
S1,2026-03-06 23:35:00,sw-core-01,port-id7430,uplink,17.281686
S1,2026-03-06 23:40:00,sw-core-01,port-id7430,uplink,14.316640
S1,2026-03-06 23:45:00,sw-core-01,port-id7430,uplink,13.299250
S1,2026-03-06 23:50:00,sw-core-01,port-id7430,uplink,13.329243
S1,2026-03-06 23:55:00,sw-core-01,port-id7430,uplink,10.618696
S1,2026-03-07 00:00:00,sw-core-01,port-id7430,uplink,11.020343
S1,2026-03-07 00:05:00,sw-core-01,port-id7430,uplink,10.469316
S1,2026-03-07 00:10:00,sw-core-01,port-id7430,uplink,8.924563
S1,2026-03-07 00:15:00,sw-core-01,port-id7430,uplink,3.763260
S1,2026-03-07 00:20:00,sw-core-01,port-id7430,uplink,6.143506
S1,2026-03-07 00:25:00,sw-core-01,port-id7430,uplink,12.378850
S1,2026-03-07 00:30:00,sw-core-01,port-id7430,uplink,3.680202
S1,2026-03-07 00:35:00,sw-core-01,port-id7430,uplink,6.592646
S1,2026-03-07 00:40:00,sw-core-01,port-id7430,uplink,11.859427
S1,2026-03-07 00:45:00,sw-core-01,port-id7430,uplink,11.208520
S1,2026-03-07 00:50:00,sw-core-01,port-id7430,uplink,7.196119
S1,2026-03-07 00:55:00,sw-core-01,port-id7430,uplink,9.909363
S1,2026-03-07 01:00:00,sw-core-01,port-id7430,uplink,6.102994
S1,2026-03-07 01:05:00,sw-core-01,port-id7430,uplink,9.052341
S1,2026-03-07 01:10:00,sw-core-01,port-id7430,uplink,9.178463
S1,2026-03-07 01:15:00,sw-core-01,port-id7430,uplink,12.269667
S1,2026-03-07 01:20:00,sw-core-01,port-id7430,uplink,12.447746
S1,2026-03-07 01:25:00,sw-core-01,port-id7430,uplink,11.456124
S1,2026-03-07 01:30:00,sw-core-01,port-id7430,uplink,7.695542
S1,2026-03-07 01:35:00,sw-core-01,port-id7430,uplink,6.332497
S1,2026-03-07 01:40:00,sw-core-01,port-id7430,uplink,8.257279
S1,2026-03-07 01:45:00,sw-core-01,port-id7430,uplink,11.766586
S1,2026-03-07 01:50:00,sw-core-01,port-id7430,uplink,13.508005
S1,2026-03-07 01:55:00,sw-core-01,port-id7430,uplink,7.388281
S1,2026-03-07 02:00:00,sw-core-01,port-id7430,uplink,7.284299
S1,2026-03-07 02:05:00,sw-core-01,port-id7430,uplink,14.297045
S1,2026-03-07 02:10:00,sw-core-01,port-id7430,uplink,13.801117
S1,2026-03-07 02:15:00,sw-core-01,port-id7430,uplink,11.579486
S1,2026-03-07 02:20:00,sw-core-01,port-id7430,uplink,13.163565
S1,2026-03-07 02:25:00,sw-core-01,port-id7430,uplink,18.107558
S1,2026-03-07 02:30:00,sw-core-01,port-id7430,uplink,8.100168
S1,2026-03-07 02:35:00,sw-core-01,port-id7430,uplink,14.358078
S1,2026-03-07 02:40:00,sw-core-01,port-id7430,uplink,8.123767
S1,2026-03-07 02:45:00,sw-core-01,port-id7430,uplink,13.263639
S1,2026-03-07 02:50:00,sw-core-01,port-id7430,uplink,12.811914
S1,2026-03-07 02:55:00,sw-core-01,port-id7430,uplink,6.463397
S1,2026-03-07 03:00:00,sw-core-01,port-id7430,uplink,9.323540
S1,2026-03-07 03:05:00,sw-core-01,port-id7430,uplink,8.972569
S1,2026-03-07 03:10:00,sw-core-01,port-id7430,uplink,5.920692
S1,2026-03-07 03:15:00,sw-core-01,port-id7430,uplink,12.801196
S1,2026-03-07 03:20:00,sw-core-01,port-id7430,uplink,11.478025
S1,2026-03-07 03:25:00,sw-core-01,port-id7430,uplink,14.472319
S1,2026-03-07 03:30:00,sw-core-01,port-id7430,uplink,5.732362
S1,2026-03-07 03:35:00,sw-core-01,port-id7430,uplink,7.050377
S1,2026-03-07 03:40:00,sw-core-01,port-id7430,uplink,8.452898
S1,2026-03-07 03:45:00,sw-core-01,port-id7430,uplink,13.582016
S1,2026-03-07 03:50:00,sw-core-01,port-id7430,uplink,12.085812
S1,2026-03-07 03:55:00,sw-core-01,port-id7430,uplink,12.463036
S1,2026-03-07 04:00:00,sw-core-01,port-id7430,uplink,9.070084
S1,2026-03-07 04:05:00,sw-core-01,port-id7430,uplink,12.913752
S1,2026-03-07 04:10:00,sw-core-01,port-id7430,uplink,14.560662
S1,2026-03-07 04:15:00,sw-core-01,port-id7430,uplink,10.868522
S1,2026-03-07 04:20:00,sw-core-01,port-id7430,uplink,11.574184
S1,2026-03-07 04:25:00,sw-core-01,port-id7430,uplink,6.121095
S1,2026-03-07 04:30:00,sw-core-01,port-id7430,uplink,7.764391
S1,2026-03-07 04:35:00,sw-core-01,port-id7430,uplink,8.330535
S1,2026-03-07 04:40:00,sw-core-01,port-id7430,uplink,8.975909
S1,2026-03-07 04:45:00,sw-core-01,port-id7430,uplink,14.242432
S1,2026-03-07 04:50:00,sw-core-01,port-id7430,uplink,8.229025
S1,2026-03-07 04:55:00,sw-core-01,port-id7430,uplink,10.463129
S1,2026-03-07 05:00:00,sw-core-01,port-id7430,uplink,10.765013
S1,2026-03-07 05:05:00,sw-core-01,port-id7430,uplink,13.982421
S1,2026-03-07 05:10:00,sw-core-01,port-id7430,uplink,4.371042
S1,2026-03-07 05:15:00,sw-core-01,port-id7430,uplink,9.208066
S1,2026-03-07 05:20:00,sw-core-01,port-id7430,uplink,7.339471
S1,2026-03-07 05:25:00,sw-core-01,port-id7430,uplink,10.349656
S1,2026-03-07 05:30:00,sw-core-01,port-id7430,uplink,9.918756
S1,2026-03-07 05:35:00,sw-core-01,port-id7430,uplink,12.536073
S1,2026-03-07 05:40:00,sw-core-01,port-id7430,uplink,10.905493
S1,2026-03-07 05:45:00,sw-core-01,port-id7430,uplink,11.382636
S1,2026-03-07 05:50:00,sw-core-01,port-id7430,uplink,12.921168
S1,2026-03-07 05:55:00,sw-core-01,port-id7430,uplink,4.734378
S1,2026-03-07 06:00:00,sw-core-01,port-id7430,uplink,11.524953
S1,2026-03-07 06:05:00,sw-core-01,port-id7430,uplink,14.271949
S1,2026-03-07 06:10:00,sw-core-01,port-id7430,uplink,9.638587
S1,2026-03-07 06:15:00,sw-core-01,port-id7430,uplink,16.947787
S1,2026-03-07 06:20:00,sw-core-01,port-id7430,uplink,14.163652
S1,2026-03-07 06:25:00,sw-core-01,port-id7430,uplink,17.760344
S1,2026-03-07 06:30:00,sw-core-01,port-id7430,uplink,12.743076
S1,2026-03-07 06:35:00,sw-core-01,port-id7430,uplink,16.103404
S1,2026-03-07 06:40:00,sw-core-01,port-id7430,uplink,13.587883
S1,2026-03-07 06:45:00,sw-core-01,port-id7430,uplink,16.001474
S1,2026-03-07 06:50:00,sw-core-01,port-id7430,uplink,17.490746
S1,2026-03-07 06:55:00,sw-core-01,port-id7430,uplink,16.332621
S1,2026-03-07 07:00:00,sw-core-01,port-id7430,uplink,19.334304
S1,2026-03-07 07:05:00,sw-core-01,port-id7430,uplink,19.121504
S1,2026-03-07 07:10:00,sw-core-01,port-id7430,uplink,12.857922
S1,2026-03-07 07:15:00,sw-core-01,port-id7430,uplink,22.771715
S1,2026-03-07 07:20:00,sw-core-01,port-id7430,uplink,18.640596
S1,2026-03-07 07:25:00,sw-core-01,port-id7430,uplink,24.678774
S1,2026-03-07 07:30:00,sw-core-01,port-id7430,uplink,12.354055
S1,2026-03-07 07:35:00,sw-core-01,port-id7430,uplink,18.688799
S1,2026-03-07 07:40:00,sw-core-01,port-id7430,uplink,25.165398
S1,2026-03-07 07:45:00,sw-core-01,port-id7430,uplink,25.337044
S1,2026-03-07 07:50:00,sw-core-01,port-id7430,uplink,26.441196
S1,2026-03-07 07:55:00,sw-core-01,port-id7430,uplink,20.433787
S1,2026-03-07 08:00:00,sw-core-01,port-id7430,uplink,22.555476
S1,2026-03-07 08:05:00,sw-core-01,port-id7430,uplink,29.943811
S1,2026-03-07 08:10:00,sw-core-01,port-id7430,uplink,26.926464
S1,2026-03-07 08:15:00,sw-core-01,port-id7430,uplink,24.844011
S1,2026-03-07 08:20:00,sw-core-01,port-id7430,uplink,25.329685
S1,2026-03-07 08:25:00,sw-core-01,port-id7430,uplink,23.226905
S1,2026-03-07 08:30:00,sw-core-01,port-id7430,uplink,27.610189
S1,2026-03-07 08:35:00,sw-core-01,port-id7430,uplink,20.556418
S1,2026-03-07 08:40:00,sw-core-01,port-id7430,uplink,24.821031
S1,2026-03-07 08:45:00,sw-core-01,port-id7430,uplink,26.060067
S1,2026-03-07 08:50:00,sw-core-01,port-id7430,uplink,26.571685
S1,2026-03-07 08:55:00,sw-core-01,port-id7430,uplink,31.716850
S1,2026-03-07 09:00:00,sw-core-01,port-id7430,uplink,28.252674
S1,2026-03-07 09:05:00,sw-core-01,port-id7430,uplink,28.086060
S1,2026-03-07 09:10:00,sw-core-01,port-id7430,uplink,30.601344
S1,2026-03-07 09:15:00,sw-core-01,port-id7430,uplink,24.784034
S1,2026-03-07 09:20:00,sw-core-01,port-id7430,uplink,29.436921
S1,2026-03-07 09:25:00,sw-core-01,port-id7430,uplink,21.362430
S1,2026-03-07 09:30:00,sw-core-01,port-id7430,uplink,30.094341
S1,2026-03-07 09:35:00,sw-core-01,port-id7430,uplink,26.334118
S1,2026-03-07 09:40:00,sw-core-01,port-id7430,uplink,22.627528
S1,2026-03-07 09:45:00,sw-core-01,port-id7430,uplink,26.104703
S1,2026-03-07 09:50:00,sw-core-01,port-id7430,uplink,22.704043
S1,2026-03-07 09:55:00,sw-core-01,port-id7430,uplink,23.841614
S1,2026-03-07 10:00:00,sw-core-01,port-id7430,uplink,26.032141
S1,2026-03-07 10:05:00,sw-core-01,port-id7430,uplink,27.365455
S1,2026-03-07 10:10:00,sw-core-01,port-id7430,uplink,26.822332
S1,2026-03-07 10:15:00,sw-core-01,port-id7430,uplink,28.727459
S1,2026-03-07 10:20:00,sw-core-01,port-id7430,uplink,31.378544
S1,2026-03-07 10:25:00,sw-core-01,port-id7430,uplink,34.083888
S1,2026-03-07 10:30:00,sw-core-01,port-id7430,uplink,25.613048
S1,2026-03-07 10:35:00,sw-core-01,port-id7430,uplink,30.015874
S1,2026-03-07 10:40:00,sw-core-01,port-id7430,uplink,29.351717
S1,2026-03-07 10:45:00,sw-core-01,port-id7430,uplink,28.635073
S1,2026-03-07 10:50:00,sw-core-01,port-id7430,uplink,30.392571
S1,2026-03-07 10:55:00,sw-core-01,port-id7430,uplink,27.978614
S1,2026-03-07 11:00:00,sw-core-01,port-id7430,uplink,24.017379
S1,2026-03-07 11:05:00,sw-core-01,port-id7430,uplink,23.777933
S1,2026-03-07 11:10:00,sw-core-01,port-id7430,uplink,31.228620
S1,2026-03-07 11:15:00,sw-core-01,port-id7430,uplink,28.899419
S1,2026-03-07 11:20:00,sw-core-01,port-id7430,uplink,22.888351
S1,2026-03-07 11:25:00,sw-core-01,port-id7430,uplink,28.320136
S1,2026-03-07 11:30:00,sw-core-01,port-id7430,uplink,26.979458
S1,2026-03-07 11:35:00,sw-core-01,port-id7430,uplink,25.893763
S1,2026-03-07 11:40:00,sw-core-01,port-id7430,uplink,26.865706
S1,2026-03-07 11:45:00,sw-core-01,port-id7430,uplink,29.131162
S1,2026-03-07 11:50:00,sw-core-01,port-id7430,uplink,28.675012
S1,2026-03-07 11:55:00,sw-core-01,port-id7430,uplink,26.403056
S1,2026-03-07 12:00:00,sw-core-01,port-id7430,uplink,31.928058
S1,2026-03-07 12:05:00,sw-core-01,port-id7430,uplink,31.080324
S1,2026-03-07 12:10:00,sw-core-01,port-id7430,uplink,28.126907
S1,2026-03-07 12:15:00,sw-core-01,port-id7430,uplink,27.349074
S1,2026-03-07 12:20:00,sw-core-01,port-id7430,uplink,29.547082
S1,2026-03-07 12:25:00,sw-core-01,port-id7430,uplink,24.755050
S1,2026-03-07 12:30:00,sw-core-01,port-id7430,uplink,24.959384
S1,2026-03-07 12:35:00,sw-core-01,port-id7430,uplink,25.241156
S1,2026-03-07 12:40:00,sw-core-01,port-id7430,uplink,24.882040
S1,2026-03-07 12:45:00,sw-core-01,port-id7430,uplink,25.451431
S1,2026-03-07 12:50:00,sw-core-01,port-id7430,uplink,19.624021
S1,2026-03-07 12:55:00,sw-core-01,port-id7430,uplink,26.686861
S1,2026-03-07 13:00:00,sw-core-01,port-id7430,uplink,18.033036
S1,2026-03-07 13:05:00,sw-core-01,port-id7430,uplink,27.680771
S1,2026-03-07 13:10:00,sw-core-01,port-id7430,uplink,29.569227
S1,2026-03-07 13:15:00,sw-core-01,port-id7430,uplink,27.527201
S1,2026-03-07 13:20:00,sw-core-01,port-id7430,uplink,27.805763
S1,2026-03-07 13:25:00,sw-core-01,port-id7430,uplink,29.339066
S1,2026-03-07 13:30:00,sw-core-01,port-id7430,uplink,27.190582
S1,2026-03-07 13:35:00,sw-core-01,port-id7430,uplink,24.741290
S1,2026-03-07 13:40:00,sw-core-01,port-id7430,uplink,26.641054
S1,2026-03-07 13:45:00,sw-core-01,port-id7430,uplink,31.023581
S1,2026-03-07 13:50:00,sw-core-01,port-id7430,uplink,25.550846
S1,2026-03-07 13:55:00,sw-core-01,port-id7430,uplink,26.006844
S1,2026-03-07 14:00:00,sw-core-01,port-id7430,uplink,22.691275
S1,2026-03-07 14:05:00,sw-core-01,port-id7430,uplink,22.506781
S1,2026-03-07 14:10:00,sw-core-01,port-id7430,uplink,34.693857
S1,2026-03-07 14:15:00,sw-core-01,port-id7430,uplink,29.052989
S1,2026-03-07 14:20:00,sw-core-01,port-id7430,uplink,28.196173
S1,2026-03-07 14:25:00,sw-core-01,port-id7430,uplink,32.112309
S1,2026-03-07 14:30:00,sw-core-01,port-id7430,uplink,29.279305
S1,2026-03-07 14:35:00,sw-core-01,port-id7430,uplink,28.362719
S1,2026-03-07 14:40:00,sw-core-01,port-id7430,uplink,30.803698
S1,2026-03-07 14:45:00,sw-core-01,port-id7430,uplink,23.455465
S1,2026-03-07 14:50:00,sw-core-01,port-id7430,uplink,27.020588
S1,2026-03-07 14:55:00,sw-core-01,port-id7430,uplink,27.573906
S1,2026-03-07 15:00:00,sw-core-01,port-id7430,uplink,23.149986
S1,2026-03-07 15:05:00,sw-core-01,port-id7430,uplink,23.999909
S1,2026-03-07 15:10:00,sw-core-01,port-id7430,uplink,27.887608
S1,2026-03-07 15:15:00,sw-core-01,port-id7430,uplink,27.128186
S1,2026-03-07 15:20:00,sw-core-01,port-id7430,uplink,28.707054
S1,2026-03-07 15:25:00,sw-core-01,port-id7430,uplink,30.270669
S1,2026-03-07 15:30:00,sw-core-01,port-id7430,uplink,29.487675
S1,2026-03-07 15:35:00,sw-core-01,port-id7430,uplink,27.994623
S1,2026-03-07 15:40:00,sw-core-01,port-id7430,uplink,27.290805
S1,2026-03-07 15:45:00,sw-core-01,port-id7430,uplink,27.762004
S1,2026-03-07 15:50:00,sw-core-01,port-id7430,uplink,26.010244
S1,2026-03-07 15:55:00,sw-core-01,port-id7430,uplink,25.217692
S1,2026-03-07 16:00:00,sw-core-01,port-id7430,uplink,27.564346
S1,2026-03-07 16:05:00,sw-core-01,port-id7430,uplink,26.996028
S1,2026-03-07 16:10:00,sw-core-01,port-id7430,uplink,30.229549
S1,2026-03-07 16:15:00,sw-core-01,port-id7430,uplink,26.740970
S1,2026-03-07 16:20:00,sw-core-01,port-id7430,uplink,26.467118
S1,2026-03-07 16:25:00,sw-core-01,port-id7430,uplink,29.193572
S1,2026-03-07 16:30:00,sw-core-01,port-id7430,uplink,28.544470
S1,2026-03-07 16:35:00,sw-core-01,port-id7430,uplink,29.317685
S1,2026-03-07 16:40:00,sw-core-01,port-id7430,uplink,23.320309
S1,2026-03-07 16:45:00,sw-core-01,port-id7430,uplink,25.572246
S1,2026-03-07 16:50:00,sw-core-01,port-id7430,uplink,26.298799
S1,2026-03-07 16:55:00,sw-core-01,port-id7430,uplink,25.793528
S1,2026-03-07 17:00:00,sw-core-01,port-id7430,uplink,27.845908
S1,2026-03-07 17:05:00,sw-core-01,port-id7430,uplink,28.388300
S1,2026-03-07 17:10:00,sw-core-01,port-id7430,uplink,22.094383
S1,2026-03-07 17:15:00,sw-core-01,port-id7430,uplink,30.550740
S1,2026-03-07 17:20:00,sw-core-01,port-id7430,uplink,26.629559
S1,2026-03-07 17:25:00,sw-core-01,port-id7430,uplink,21.130149
S1,2026-03-07 17:30:00,sw-core-01,port-id7430,uplink,22.845411
S1,2026-03-07 17:35:00,sw-core-01,port-id7430,uplink,31.005307
S1,2026-03-07 17:40:00,sw-core-01,port-id7430,uplink,22.309784
S1,2026-03-07 17:45:00,sw-core-01,port-id7430,uplink,24.254876
S1,2026-03-07 17:50:00,sw-core-01,port-id7430,uplink,31.078242
S1,2026-03-07 17:55:00,sw-core-01,port-id7430,uplink,24.656431
S1,2026-03-07 18:00:00,sw-core-01,port-id7430,uplink,30.044038
S1,2026-03-07 18:05:00,sw-core-01,port-id7430,uplink,22.960902
S1,2026-03-07 18:10:00,sw-core-01,port-id7430,uplink,24.793908
S1,2026-03-07 18:15:00,sw-core-01,port-id7430,uplink,30.570672
S1,2026-03-07 18:20:00,sw-core-01,port-id7430,uplink,23.868654
S1,2026-03-07 18:25:00,sw-core-01,port-id7430,uplink,25.751220
S1,2026-03-07 18:30:00,sw-core-01,port-id7430,uplink,25.747390
S1,2026-03-07 18:35:00,sw-core-01,port-id7430,uplink,23.247995
S1,2026-03-07 18:40:00,sw-core-01,port-id7430,uplink,18.742587
S1,2026-03-07 18:45:00,sw-core-01,port-id7430,uplink,19.624248
S1,2026-03-07 18:50:00,sw-core-01,port-id7430,uplink,26.625576
S1,2026-03-07 18:55:00,sw-core-01,port-id7430,uplink,22.005154
S1,2026-03-07 19:00:00,sw-core-01,port-id7430,uplink,24.135613
S1,2026-03-07 19:05:00,sw-core-01,port-id7430,uplink,20.985074
S1,2026-03-07 19:10:00,sw-core-01,port-id7430,uplink,20.777688
S1,2026-03-07 19:15:00,sw-core-01,port-id7430,uplink,20.411299
S1,2026-03-07 19:20:00,sw-core-01,port-id7430,uplink,22.237075
S1,2026-03-07 19:25:00,sw-core-01,port-id7430,uplink,18.211107
S1,2026-03-07 19:30:00,sw-core-01,port-id7430,uplink,18.657695
S1,2026-03-07 19:35:00,sw-core-01,port-id7430,uplink,17.002149
S1,2026-03-07 19:40:00,sw-core-01,port-id7430,uplink,14.183191
S1,2026-03-07 19:45:00,sw-core-01,port-id7430,uplink,23.164789
S1,2026-03-07 19:50:00,sw-core-01,port-id7430,uplink,15.991425
S1,2026-03-07 19:55:00,sw-core-01,port-id7430,uplink,8.454958
S1,2026-03-07 20:00:00,sw-core-01,port-id7430,uplink,13.975493
S1,2026-03-07 20:05:00,sw-core-01,port-id7430,uplink,14.273752
S1,2026-03-07 20:10:00,sw-core-01,port-id7430,uplink,10.472975
S1,2026-03-07 20:15:00,sw-core-01,port-id7430,uplink,12.180472
S1,2026-03-07 20:20:00,sw-core-01,port-id7430,uplink,11.453955
S1,2026-03-07 20:25:00,sw-core-01,port-id7430,uplink,11.474680
S1,2026-03-07 20:30:00,sw-core-01,port-id7430,uplink,13.766865
S1,2026-03-07 20:35:00,sw-core-01,port-id7430,uplink,17.241296
S1,2026-03-07 20:40:00,sw-core-01,port-id7430,uplink,9.998381
S1,2026-03-07 20:45:00,sw-core-01,port-id7430,uplink,8.223724
S1,2026-03-07 20:50:00,sw-core-01,port-id7430,uplink,7.724153
S1,2026-03-07 20:55:00,sw-core-01,port-id7430,uplink,8.587435
S1,2026-03-07 21:00:00,sw-core-01,port-id7430,uplink,13.410022
S1,2026-03-07 21:05:00,sw-core-01,port-id7430,uplink,11.810303
S1,2026-03-07 21:10:00,sw-core-01,port-id7430,uplink,11.396125
S1,2026-03-07 21:15:00,sw-core-01,port-id7430,uplink,8.311748
S1,2026-03-07 21:20:00,sw-core-01,port-id7430,uplink,6.250248
S1,2026-03-07 21:25:00,sw-core-01,port-id7430,uplink,11.001253
S1,2026-03-07 21:30:00,sw-core-01,port-id7430,uplink,14.065393
S1,2026-03-07 21:35:00,sw-core-01,port-id7430,uplink,14.876690
S1,2026-03-07 21:40:00,sw-core-01,port-id7430,uplink,4.229031
S1,2026-03-07 21:45:00,sw-core-01,port-id7430,uplink,12.829431
S1,2026-03-07 21:50:00,sw-core-01,port-id7430,uplink,12.493772
S1,2026-03-07 21:55:00,sw-core-01,port-id7430,uplink,7.986042
S1,2026-03-07 22:00:00,sw-core-01,port-id7430,uplink,11.180913
S1,2026-03-07 22:05:00,sw-core-01,port-id7430,uplink,6.948672
S1,2026-03-07 22:10:00,sw-core-01,port-id7430,uplink,10.372213
S1,2026-03-07 22:15:00,sw-core-01,port-id7430,uplink,10.724673
S1,2026-03-07 22:20:00,sw-core-01,port-id7430,uplink,12.152452
S1,2026-03-07 22:25:00,sw-core-01,port-id7430,uplink,12.638793
S1,2026-03-07 22:30:00,sw-core-01,port-id7430,uplink,11.468165
S1,2026-03-07 22:35:00,sw-core-01,port-id7430,uplink,10.787516
S1,2026-03-07 22:40:00,sw-core-01,port-id7430,uplink,9.193489
S1,2026-03-07 22:45:00,sw-core-01,port-id7430,uplink,9.764274
S1,2026-03-07 22:50:00,sw-core-01,port-id7430,uplink,14.266260
S1,2026-03-07 22:55:00,sw-core-01,port-id7430,uplink,14.814533
S1,2026-03-07 23:00:00,sw-core-01,port-id7430,uplink,9.507049
S1,2026-03-07 23:05:00,sw-core-01,port-id7430,uplink,10.198462
S1,2026-03-07 23:10:00,sw-core-01,port-id7430,uplink,14.372638
S1,2026-03-07 23:15:00,sw-core-01,port-id7430,uplink,7.045063
S1,2026-03-07 23:20:00,sw-core-01,port-id7430,uplink,7.974548
S1,2026-03-07 23:25:00,sw-core-01,port-id7430,uplink,8.671412
S1,2026-03-07 23:30:00,sw-core-01,port-id7430,uplink,10.046614
S1,2026-03-07 23:35:00,sw-core-01,port-id7430,uplink,10.605811
S1,2026-03-07 23:40:00,sw-core-01,port-id7430,uplink,12.918358
S1,2026-03-07 23:45:00,sw-core-01,port-id7430,uplink,5.068958
S1,2026-03-07 23:50:00,sw-core-01,port-id7430,uplink,9.026868
S1,2026-03-07 23:55:00,sw-core-01,port-id7430,uplink,11.333621
S1,2026-03-08 00:00:00,sw-core-01,port-id7430,uplink,9.050275
S1,2026-03-08 00:05:00,sw-core-01,port-id7430,uplink,11.408530
S1,2026-03-08 00:10:00,sw-core-01,port-id7430,uplink,7.912492
S1,2026-03-08 00:15:00,sw-core-01,port-id7430,uplink,9.246100
S1,2026-03-08 00:20:00,sw-core-01,port-id7430,uplink,4.442411
S1,2026-03-08 00:25:00,sw-core-01,port-id7430,uplink,12.281230
S1,2026-03-08 00:30:00,sw-core-01,port-id7430,uplink,10.997586
S1,2026-03-08 00:35:00,sw-core-01,port-id7430,uplink,9.192832
S1,2026-03-08 00:40:00,sw-core-01,port-id7430,uplink,8.204710
S1,2026-03-08 00:45:00,sw-core-01,port-id7430,uplink,11.517319
S1,2026-03-08 00:50:00,sw-core-01,port-id7430,uplink,13.522003
S1,2026-03-08 00:55:00,sw-core-01,port-id7430,uplink,12.431449
S1,2026-03-08 01:00:00,sw-core-01,port-id7430,uplink,10.583522
S1,2026-03-08 01:05:00,sw-core-01,port-id7430,uplink,12.105847
S1,2026-03-08 01:10:00,sw-core-01,port-id7430,uplink,6.532491
S1,2026-03-08 01:15:00,sw-core-01,port-id7430,uplink,9.460353
S1,2026-03-08 01:20:00,sw-core-01,port-id7430,uplink,8.621998
S1,2026-03-08 01:25:00,sw-core-01,port-id7430,uplink,9.114533
S1,2026-03-08 01:30:00,sw-core-01,port-id7430,uplink,5.419247
S1,2026-03-08 01:35:00,sw-core-01,port-id7430,uplink,8.089675
S1,2026-03-08 01:40:00,sw-core-01,port-id7430,uplink,15.714735
S1,2026-03-08 01:45:00,sw-core-01,port-id7430,uplink,11.023473
S1,2026-03-08 01:50:00,sw-core-01,port-id7430,uplink,8.430378
S1,2026-03-08 01:55:00,sw-core-01,port-id7430,uplink,8.048679
S1,2026-03-08 02:00:00,sw-core-01,port-id7430,uplink,12.298695
S1,2026-03-08 02:05:00,sw-core-01,port-id7430,uplink,11.986979
S1,2026-03-08 02:10:00,sw-core-01,port-id7430,uplink,10.416473
S1,2026-03-08 02:15:00,sw-core-01,port-id7430,uplink,11.121348
S1,2026-03-08 02:20:00,sw-core-01,port-id7430,uplink,11.953117
S1,2026-03-08 02:25:00,sw-core-01,port-id7430,uplink,5.286883
S1,2026-03-08 02:30:00,sw-core-01,port-id7430,uplink,11.455372
S1,2026-03-08 02:35:00,sw-core-01,port-id7430,uplink,5.671675
S1,2026-03-08 02:40:00,sw-core-01,port-id7430,uplink,13.067776
S1,2026-03-08 02:45:00,sw-core-01,port-id7430,uplink,10.153493
S1,2026-03-08 02:50:00,sw-core-01,port-id7430,uplink,7.153387
S1,2026-03-08 02:55:00,sw-core-01,port-id7430,uplink,7.606238
S1,2026-03-08 03:00:00,sw-core-01,port-id7430,uplink,7.938420
S1,2026-03-08 03:05:00,sw-core-01,port-id7430,uplink,14.837335
S1,2026-03-08 03:10:00,sw-core-01,port-id7430,uplink,12.923514
S1,2026-03-08 03:15:00,sw-core-01,port-id7430,uplink,6.073671
S1,2026-03-08 03:20:00,sw-core-01,port-id7430,uplink,7.298851
S1,2026-03-08 03:25:00,sw-core-01,port-id7430,uplink,4.404096
S1,2026-03-08 03:30:00,sw-core-01,port-id7430,uplink,8.720634
S1,2026-03-08 03:35:00,sw-core-01,port-id7430,uplink,10.711857
S1,2026-03-08 03:40:00,sw-core-01,port-id7430,uplink,7.413302
S1,2026-03-08 03:45:00,sw-core-01,port-id7430,uplink,14.296628
S1,2026-03-08 03:50:00,sw-core-01,port-id7430,uplink,12.043741
S1,2026-03-08 03:55:00,sw-core-01,port-id7430,uplink,7.626948
S1,2026-03-08 04:00:00,sw-core-01,port-id7430,uplink,4.205814
S1,2026-03-08 04:05:00,sw-core-01,port-id7430,uplink,10.111511
S1,2026-03-08 04:10:00,sw-core-01,port-id7430,uplink,7.107263
S1,2026-03-08 04:15:00,sw-core-01,port-id7430,uplink,10.785256
S1,2026-03-08 04:20:00,sw-core-01,port-id7430,uplink,9.820278
S1,2026-03-08 04:25:00,sw-core-01,port-id7430,uplink,11.911837
S1,2026-03-08 04:30:00,sw-core-01,port-id7430,uplink,6.909829
S1,2026-03-08 04:35:00,sw-core-01,port-id7430,uplink,5.450295
S1,2026-03-08 04:40:00,sw-core-01,port-id7430,uplink,10.258122
S1,2026-03-08 04:45:00,sw-core-01,port-id7430,uplink,7.612280
S1,2026-03-08 04:50:00,sw-core-01,port-id7430,uplink,4.394113
S1,2026-03-08 04:55:00,sw-core-01,port-id7430,uplink,13.615998
S1,2026-03-08 05:00:00,sw-core-01,port-id7430,uplink,12.797401
S1,2026-03-08 05:05:00,sw-core-01,port-id7430,uplink,9.354798
S1,2026-03-08 05:10:00,sw-core-01,port-id7430,uplink,10.112882
S1,2026-03-08 05:15:00,sw-core-01,port-id7430,uplink,8.036384
S1,2026-03-08 05:20:00,sw-core-01,port-id7430,uplink,9.447425
S1,2026-03-08 05:25:00,sw-core-01,port-id7430,uplink,7.911657
S1,2026-03-08 05:30:00,sw-core-01,port-id7430,uplink,13.787642
S1,2026-03-08 05:35:00,sw-core-01,port-id7430,uplink,11.957265
S1,2026-03-08 05:40:00,sw-core-01,port-id7430,uplink,9.877021
S1,2026-03-08 05:45:00,sw-core-01,port-id7430,uplink,15.393967
S1,2026-03-08 05:50:00,sw-core-01,port-id7430,uplink,12.847309
S1,2026-03-08 05:55:00,sw-core-01,port-id7430,uplink,11.024932
S1,2026-03-08 06:00:00,sw-core-01,port-id7430,uplink,9.273432
S1,2026-03-08 06:05:00,sw-core-01,port-id7430,uplink,18.445785
S1,2026-03-08 06:10:00,sw-core-01,port-id7430,uplink,19.545751
S1,2026-03-08 06:15:00,sw-core-01,port-id7430,uplink,14.363924
S1,2026-03-08 06:20:00,sw-core-01,port-id7430,uplink,9.351798
S1,2026-03-08 06:25:00,sw-core-01,port-id7430,uplink,12.422322
S1,2026-03-08 06:30:00,sw-core-01,port-id7430,uplink,13.063009
S1,2026-03-08 06:35:00,sw-core-01,port-id7430,uplink,12.099337
S1,2026-03-08 06:40:00,sw-core-01,port-id7430,uplink,14.989307
S1,2026-03-08 06:45:00,sw-core-01,port-id7430,uplink,12.266859
S1,2026-03-08 06:50:00,sw-core-01,port-id7430,uplink,18.111769
S1,2026-03-08 06:55:00,sw-core-01,port-id7430,uplink,16.150577
S1,2026-03-08 07:00:00,sw-core-01,port-id7430,uplink,16.359512
S1,2026-03-08 07:05:00,sw-core-01,port-id7430,uplink,18.451619
S1,2026-03-08 07:10:00,sw-core-01,port-id7430,uplink,18.045298
S1,2026-03-08 07:15:00,sw-core-01,port-id7430,uplink,22.196187
S1,2026-03-08 07:20:00,sw-core-01,port-id7430,uplink,18.817724
S1,2026-03-08 07:25:00,sw-core-01,port-id7430,uplink,21.856629
S1,2026-03-08 07:30:00,sw-core-01,port-id7430,uplink,17.201788
S1,2026-03-08 07:35:00,sw-core-01,port-id7430,uplink,26.898084
S1,2026-03-08 07:40:00,sw-core-01,port-id7430,uplink,22.258900
S1,2026-03-08 07:45:00,sw-core-01,port-id7430,uplink,21.742665
S1,2026-03-08 07:50:00,sw-core-01,port-id7430,uplink,19.311275
S1,2026-03-08 07:55:00,sw-core-01,port-id7430,uplink,22.407281
S1,2026-03-08 08:00:00,sw-core-01,port-id7430,uplink,26.797442
S1,2026-03-08 08:05:00,sw-core-01,port-id7430,uplink,25.834236
S1,2026-03-08 08:10:00,sw-core-01,port-id7430,uplink,24.898860
S1,2026-03-08 08:15:00,sw-core-01,port-id7430,uplink,22.822917
S1,2026-03-08 08:20:00,sw-core-01,port-id7430,uplink,19.109590
S1,2026-03-08 08:25:00,sw-core-01,port-id7430,uplink,26.311262
S1,2026-03-08 08:30:00,sw-core-01,port-id7430,uplink,25.453709
S1,2026-03-08 08:35:00,sw-core-01,port-id7430,uplink,26.957851
S1,2026-03-08 08:40:00,sw-core-01,port-id7430,uplink,26.063890
S1,2026-03-08 08:45:00,sw-core-01,port-id7430,uplink,27.244473
S1,2026-03-08 08:50:00,sw-core-01,port-id7430,uplink,22.268022
S1,2026-03-08 08:55:00,sw-core-01,port-id7430,uplink,22.760318
S1,2026-03-08 09:00:00,sw-core-01,port-id7430,uplink,30.683304
S1,2026-03-08 09:05:00,sw-core-01,port-id7430,uplink,28.627017
S1,2026-03-08 09:10:00,sw-core-01,port-id7430,uplink,25.407063
S1,2026-03-08 09:15:00,sw-core-01,port-id7430,uplink,24.862492
S1,2026-03-08 09:20:00,sw-core-01,port-id7430,uplink,28.032987
S1,2026-03-08 09:25:00,sw-core-01,port-id7430,uplink,26.782057
S1,2026-03-08 09:30:00,sw-core-01,port-id7430,uplink,23.552841
S1,2026-03-08 09:35:00,sw-core-01,port-id7430,uplink,27.880164
S1,2026-03-08 09:40:00,sw-core-01,port-id7430,uplink,24.345735
S1,2026-03-08 09:45:00,sw-core-01,port-id7430,uplink,29.376315
S1,2026-03-08 09:50:00,sw-core-01,port-id7430,uplink,23.344277
S1,2026-03-08 09:55:00,sw-core-01,port-id7430,uplink,24.379259
S1,2026-03-08 10:00:00,sw-core-01,port-id7430,uplink,37.754830
S1,2026-03-08 10:05:00,sw-core-01,port-id7430,uplink,28.224138
S1,2026-03-08 10:10:00,sw-core-01,port-id7430,uplink,25.051651
S1,2026-03-08 10:15:00,sw-core-01,port-id7430,uplink,27.114590
S1,2026-03-08 10:20:00,sw-core-01,port-id7430,uplink,29.302156
S1,2026-03-08 10:25:00,sw-core-01,port-id7430,uplink,23.722816
S1,2026-03-08 10:30:00,sw-core-01,port-id7430,uplink,27.807041
S1,2026-03-08 10:35:00,sw-core-01,port-id7430,uplink,26.780877
S1,2026-03-08 10:40:00,sw-core-01,port-id7430,uplink,19.782253
S1,2026-03-08 10:45:00,sw-core-01,port-id7430,uplink,27.466424
S1,2026-03-08 10:50:00,sw-core-01,port-id7430,uplink,28.972133
S1,2026-03-08 10:55:00,sw-core-01,port-id7430,uplink,27.079635
S1,2026-03-08 11:00:00,sw-core-01,port-id7430,uplink,26.909778
S1,2026-03-08 11:05:00,sw-core-01,port-id7430,uplink,30.077452
S1,2026-03-08 11:10:00,sw-core-01,port-id7430,uplink,32.474466
S1,2026-03-08 11:15:00,sw-core-01,port-id7430,uplink,28.369515
S1,2026-03-08 11:20:00,sw-core-01,port-id7430,uplink,28.298519
S1,2026-03-08 11:25:00,sw-core-01,port-id7430,uplink,30.094410
S1,2026-03-08 11:30:00,sw-core-01,port-id7430,uplink,26.564790
S1,2026-03-08 11:35:00,sw-core-01,port-id7430,uplink,28.801769
S1,2026-03-08 11:40:00,sw-core-01,port-id7430,uplink,25.070357
S1,2026-03-08 11:45:00,sw-core-01,port-id7430,uplink,30.667485
S1,2026-03-08 11:50:00,sw-core-01,port-id7430,uplink,25.468711
S1,2026-03-08 11:55:00,sw-core-01,port-id7430,uplink,30.944379
S1,2026-03-08 12:00:00,sw-core-01,port-id7430,uplink,27.431337
S1,2026-03-08 12:05:00,sw-core-01,port-id7430,uplink,32.054084
S1,2026-03-08 12:10:00,sw-core-01,port-id7430,uplink,27.012797
S1,2026-03-08 12:15:00,sw-core-01,port-id7430,uplink,26.279835
S1,2026-03-08 12:20:00,sw-core-01,port-id7430,uplink,25.469440
S1,2026-03-08 12:25:00,sw-core-01,port-id7430,uplink,25.847708
S1,2026-03-08 12:30:00,sw-core-01,port-id7430,uplink,29.907582
S1,2026-03-08 12:35:00,sw-core-01,port-id7430,uplink,25.734017
S1,2026-03-08 12:40:00,sw-core-01,port-id7430,uplink,28.866729
S1,2026-03-08 12:45:00,sw-core-01,port-id7430,uplink,26.081185
S1,2026-03-08 12:50:00,sw-core-01,port-id7430,uplink,29.528387
S1,2026-03-08 12:55:00,sw-core-01,port-id7430,uplink,24.106441
S1,2026-03-08 13:00:00,sw-core-01,port-id7430,uplink,31.198294
S1,2026-03-08 13:05:00,sw-core-01,port-id7430,uplink,23.926986
S1,2026-03-08 13:10:00,sw-core-01,port-id7430,uplink,25.501076
S1,2026-03-08 13:15:00,sw-core-01,port-id7430,uplink,32.400644
S1,2026-03-08 13:20:00,sw-core-01,port-id7430,uplink,29.151549
S1,2026-03-08 13:25:00,sw-core-01,port-id7430,uplink,27.815909
S1,2026-03-08 13:30:00,sw-core-01,port-id7430,uplink,25.091545
S1,2026-03-08 13:35:00,sw-core-01,port-id7430,uplink,25.353003
S1,2026-03-08 13:40:00,sw-core-01,port-id7430,uplink,30.059560
S1,2026-03-08 13:45:00,sw-core-01,port-id7430,uplink,24.142274
S1,2026-03-08 13:50:00,sw-core-01,port-id7430,uplink,30.754837
S1,2026-03-08 13:55:00,sw-core-01,port-id7430,uplink,28.045242
S1,2026-03-08 14:00:00,sw-core-01,port-id7430,uplink,28.332111
S1,2026-03-08 14:05:00,sw-core-01,port-id7430,uplink,28.995903
S1,2026-03-08 14:10:00,sw-core-01,port-id7430,uplink,27.378012
S1,2026-03-08 14:15:00,sw-core-01,port-id7430,uplink,26.822983
S1,2026-03-08 14:20:00,sw-core-01,port-id7430,uplink,25.512585
S1,2026-03-08 14:25:00,sw-core-01,port-id7430,uplink,26.655021
S1,2026-03-08 14:30:00,sw-core-01,port-id7430,uplink,29.163753
S1,2026-03-08 14:35:00,sw-core-01,port-id7430,uplink,28.203386
S1,2026-03-08 14:40:00,sw-core-01,port-id7430,uplink,22.661316
S1,2026-03-08 14:45:00,sw-core-01,port-id7430,uplink,24.417046
S1,2026-03-08 14:50:00,sw-core-01,port-id7430,uplink,30.490407
S1,2026-03-08 14:55:00,sw-core-01,port-id7430,uplink,24.292573
S1,2026-03-08 15:00:00,sw-core-01,port-id7430,uplink,31.642038
S1,2026-03-08 15:05:00,sw-core-01,port-id7430,uplink,29.374052
S1,2026-03-08 15:10:00,sw-core-01,port-id7430,uplink,24.465234
S1,2026-03-08 15:15:00,sw-core-01,port-id7430,uplink,19.927397
S1,2026-03-08 15:20:00,sw-core-01,port-id7430,uplink,33.728515
S1,2026-03-08 15:25:00,sw-core-01,port-id7430,uplink,25.687833
S1,2026-03-08 15:30:00,sw-core-01,port-id7430,uplink,31.270364
S1,2026-03-08 15:35:00,sw-core-01,port-id7430,uplink,29.250132
S1,2026-03-08 15:40:00,sw-core-01,port-id7430,uplink,25.218761
S1,2026-03-08 15:45:00,sw-core-01,port-id7430,uplink,27.023389
S1,2026-03-08 15:50:00,sw-core-01,port-id7430,uplink,27.158036
S1,2026-03-08 15:55:00,sw-core-01,port-id7430,uplink,25.248078
S1,2026-03-08 16:00:00,sw-core-01,port-id7430,uplink,27.659279
S1,2026-03-08 16:05:00,sw-core-01,port-id7430,uplink,23.980337
S1,2026-03-08 16:10:00,sw-core-01,port-id7430,uplink,26.905444
S1,2026-03-08 16:15:00,sw-core-01,port-id7430,uplink,30.408314
S1,2026-03-08 16:20:00,sw-core-01,port-id7430,uplink,24.039074
S1,2026-03-08 16:25:00,sw-core-01,port-id7430,uplink,28.917138
S1,2026-03-08 16:30:00,sw-core-01,port-id7430,uplink,31.454157
S1,2026-03-08 16:35:00,sw-core-01,port-id7430,uplink,29.477965
S1,2026-03-08 16:40:00,sw-core-01,port-id7430,uplink,23.023942
S1,2026-03-08 16:45:00,sw-core-01,port-id7430,uplink,26.617011
S1,2026-03-08 16:50:00,sw-core-01,port-id7430,uplink,23.570237
S1,2026-03-08 16:55:00,sw-core-01,port-id7430,uplink,31.070928
S1,2026-03-08 17:00:00,sw-core-01,port-id7430,uplink,29.586696
S1,2026-03-08 17:05:00,sw-core-01,port-id7430,uplink,29.260180
S1,2026-03-08 17:10:00,sw-core-01,port-id7430,uplink,24.871561
S1,2026-03-08 17:15:00,sw-core-01,port-id7430,uplink,24.437042
S1,2026-03-08 17:20:00,sw-core-01,port-id7430,uplink,20.163179
S1,2026-03-08 17:25:00,sw-core-01,port-id7430,uplink,28.488616
S1,2026-03-08 17:30:00,sw-core-01,port-id7430,uplink,24.304873
S1,2026-03-08 17:35:00,sw-core-01,port-id7430,uplink,26.461853
S1,2026-03-08 17:40:00,sw-core-01,port-id7430,uplink,25.722482
S1,2026-03-08 17:45:00,sw-core-01,port-id7430,uplink,24.877640
S1,2026-03-08 17:50:00,sw-core-01,port-id7430,uplink,22.777294
S1,2026-03-08 17:55:00,sw-core-01,port-id7430,uplink,26.120801
S1,2026-03-08 18:00:00,sw-core-01,port-id7430,uplink,26.340057
S1,2026-03-08 18:05:00,sw-core-01,port-id7430,uplink,27.607369
S1,2026-03-08 18:10:00,sw-core-01,port-id7430,uplink,31.047250
S1,2026-03-08 18:15:00,sw-core-01,port-id7430,uplink,24.576298
S1,2026-03-08 18:20:00,sw-core-01,port-id7430,uplink,25.720023
S1,2026-03-08 18:25:00,sw-core-01,port-id7430,uplink,24.261375
S1,2026-03-08 18:30:00,sw-core-01,port-id7430,uplink,23.580050
S1,2026-03-08 18:35:00,sw-core-01,port-id7430,uplink,23.312173
S1,2026-03-08 18:40:00,sw-core-01,port-id7430,uplink,24.220799
S1,2026-03-08 18:45:00,sw-core-01,port-id7430,uplink,27.612515
S1,2026-03-08 18:50:00,sw-core-01,port-id7430,uplink,19.223447
S1,2026-03-08 18:55:00,sw-core-01,port-id7430,uplink,20.563925
S1,2026-03-08 19:00:00,sw-core-01,port-id7430,uplink,21.897349
S1,2026-03-08 19:05:00,sw-core-01,port-id7430,uplink,25.911071
S1,2026-03-08 19:10:00,sw-core-01,port-id7430,uplink,25.345302
S1,2026-03-08 19:15:00,sw-core-01,port-id7430,uplink,21.518439
S1,2026-03-08 19:20:00,sw-core-01,port-id7430,uplink,20.888067
S1,2026-03-08 19:25:00,sw-core-01,port-id7430,uplink,18.838617
S1,2026-03-08 19:30:00,sw-core-01,port-id7430,uplink,16.252675
S1,2026-03-08 19:35:00,sw-core-01,port-id7430,uplink,14.442593
S1,2026-03-08 19:40:00,sw-core-01,port-id7430,uplink,15.322723
S1,2026-03-08 19:45:00,sw-core-01,port-id7430,uplink,18.099272
S1,2026-03-08 19:50:00,sw-core-01,port-id7430,uplink,19.293784
S1,2026-03-08 19:55:00,sw-core-01,port-id7430,uplink,16.019710
S1,2026-03-08 20:00:00,sw-core-01,port-id7430,uplink,17.410865
S1,2026-03-08 20:05:00,sw-core-01,port-id7430,uplink,14.344182
S1,2026-03-08 20:10:00,sw-core-01,port-id7430,uplink,8.442406
S1,2026-03-08 20:15:00,sw-core-01,port-id7430,uplink,7.598929
S1,2026-03-08 20:20:00,sw-core-01,port-id7430,uplink,13.024724
S1,2026-03-08 20:25:00,sw-core-01,port-id7430,uplink,19.674916
S1,2026-03-08 20:30:00,sw-core-01,port-id7430,uplink,5.960177
S1,2026-03-08 20:35:00,sw-core-01,port-id7430,uplink,14.743913
S1,2026-03-08 20:40:00,sw-core-01,port-id7430,uplink,15.657215
S1,2026-03-08 20:45:00,sw-core-01,port-id7430,uplink,13.018036
S1,2026-03-08 20:50:00,sw-core-01,port-id7430,uplink,6.876846
S1,2026-03-08 20:55:00,sw-core-01,port-id7430,uplink,12.932007
S1,2026-03-08 21:00:00,sw-core-01,port-id7430,uplink,8.133491
S1,2026-03-08 21:05:00,sw-core-01,port-id7430,uplink,6.158510
S1,2026-03-08 21:10:00,sw-core-01,port-id7430,uplink,11.489973
S1,2026-03-08 21:15:00,sw-core-01,port-id7430,uplink,9.265495
S1,2026-03-08 21:20:00,sw-core-01,port-id7430,uplink,11.091516
S1,2026-03-08 21:25:00,sw-core-01,port-id7430,uplink,7.876420
S1,2026-03-08 21:30:00,sw-core-01,port-id7430,uplink,10.343148
S1,2026-03-08 21:35:00,sw-core-01,port-id7430,uplink,12.438669
S1,2026-03-08 21:40:00,sw-core-01,port-id7430,uplink,14.410706
S1,2026-03-08 21:45:00,sw-core-01,port-id7430,uplink,13.478022
S1,2026-03-08 21:50:00,sw-core-01,port-id7430,uplink,12.141686
S1,2026-03-08 21:55:00,sw-core-01,port-id7430,uplink,8.464199
S1,2026-03-08 22:00:00,sw-core-01,port-id7430,uplink,7.361543
S1,2026-03-08 22:05:00,sw-core-01,port-id7430,uplink,5.351122
S1,2026-03-08 22:10:00,sw-core-01,port-id7430,uplink,3.778444
S1,2026-03-08 22:15:00,sw-core-01,port-id7430,uplink,11.948728
S1,2026-03-08 22:20:00,sw-core-01,port-id7430,uplink,12.515673
S1,2026-03-08 22:25:00,sw-core-01,port-id7430,uplink,6.048516
S1,2026-03-08 22:30:00,sw-core-01,port-id7430,uplink,6.847917
S1,2026-03-08 22:35:00,sw-core-01,port-id7430,uplink,12.578903
S1,2026-03-08 22:40:00,sw-core-01,port-id7430,uplink,7.723203
S1,2026-03-08 22:45:00,sw-core-01,port-id7430,uplink,13.523523
S1,2026-03-08 22:50:00,sw-core-01,port-id7430,uplink,5.410971
S1,2026-03-08 22:55:00,sw-core-01,port-id7430,uplink,7.189028
S1,2026-03-08 23:00:00,sw-core-01,port-id7430,uplink,7.045025
S1,2026-03-08 23:05:00,sw-core-01,port-id7430,uplink,9.102430
S1,2026-03-08 23:10:00,sw-core-01,port-id7430,uplink,6.899532
S1,2026-03-08 23:15:00,sw-core-01,port-id7430,uplink,2.393478
S1,2026-03-08 23:20:00,sw-core-01,port-id7430,uplink,6.623015
S1,2026-03-08 23:25:00,sw-core-01,port-id7430,uplink,10.672572
S1,2026-03-08 23:30:00,sw-core-01,port-id7430,uplink,11.540038
S1,2026-03-08 23:35:00,sw-core-01,port-id7430,uplink,5.754060
S1,2026-03-08 23:40:00,sw-core-01,port-id7430,uplink,12.081513
S1,2026-03-08 23:45:00,sw-core-01,port-id7430,uplink,14.889307
S1,2026-03-08 23:50:00,sw-core-01,port-id7430,uplink,15.043898
S1,2026-03-08 23:55:00,sw-core-01,port-id7430,uplink,9.095047
S2,2026-03-02 00:00:00,sw-core-01,port-id7430,uplink,16.460346
S2,2026-03-02 00:05:00,sw-core-01,port-id7430,uplink,10.619916
S2,2026-03-02 00:10:00,sw-core-01,port-id7430,uplink,14.559818
S2,2026-03-02 00:15:00,sw-core-01,port-id7430,uplink,11.707166
S2,2026-03-02 00:20:00,sw-core-01,port-id7430,uplink,13.703450
S2,2026-03-02 00:25:00,sw-core-01,port-id7430,uplink,13.738718
S2,2026-03-02 00:30:00,sw-core-01,port-id7430,uplink,11.423171
S2,2026-03-02 00:35:00,sw-core-01,port-id7430,uplink,13.034097
S2,2026-03-02 00:40:00,sw-core-01,port-id7430,uplink,14.140961
S2,2026-03-02 00:45:00,sw-core-01,port-id7430,uplink,23.514148
S2,2026-03-02 00:50:00,sw-core-01,port-id7430,uplink,16.950254
S2,2026-03-02 00:55:00,sw-core-01,port-id7430,uplink,9.248217
S2,2026-03-02 01:00:00,sw-core-01,port-id7430,uplink,14.189884
S2,2026-03-02 01:05:00,sw-core-01,port-id7430,uplink,21.523929
S2,2026-03-02 01:10:00,sw-core-01,port-id7430,uplink,14.045406
S2,2026-03-02 01:15:00,sw-core-01,port-id7430,uplink,11.441816
S2,2026-03-02 01:20:00,sw-core-01,port-id7430,uplink,18.011176
S2,2026-03-02 01:25:00,sw-core-01,port-id7430,uplink,17.592848
S2,2026-03-02 01:30:00,sw-core-01,port-id7430,uplink,18.304782
S2,2026-03-02 01:35:00,sw-core-01,port-id7430,uplink,14.739014
S2,2026-03-02 01:40:00,sw-core-01,port-id7430,uplink,17.119352
S2,2026-03-02 01:45:00,sw-core-01,port-id7430,uplink,15.324239
S2,2026-03-02 01:50:00,sw-core-01,port-id7430,uplink,17.738159
S2,2026-03-02 01:55:00,sw-core-01,port-id7430,uplink,11.719937
S2,2026-03-02 02:00:00,sw-core-01,port-id7430,uplink,18.494128
S2,2026-03-02 02:05:00,sw-core-01,port-id7430,uplink,16.462175
S2,2026-03-02 02:10:00,sw-core-01,port-id7430,uplink,15.891186
S2,2026-03-02 02:15:00,sw-core-01,port-id7430,uplink,14.320590
S2,2026-03-02 02:20:00,sw-core-01,port-id7430,uplink,15.559812
S2,2026-03-02 02:25:00,sw-core-01,port-id7430,uplink,18.018215
S2,2026-03-02 02:30:00,sw-core-01,port-id7430,uplink,15.388927
S2,2026-03-02 02:35:00,sw-core-01,port-id7430,uplink,13.027780
S2,2026-03-02 02:40:00,sw-core-01,port-id7430,uplink,16.873632
S2,2026-03-02 02:45:00,sw-core-01,port-id7430,uplink,14.696888
S2,2026-03-02 02:50:00,sw-core-01,port-id7430,uplink,19.194825
S2,2026-03-02 02:55:00,sw-core-01,port-id7430,uplink,14.052426
S2,2026-03-02 03:00:00,sw-core-01,port-id7430,uplink,10.845929
S2,2026-03-02 03:05:00,sw-core-01,port-id7430,uplink,14.007759
S2,2026-03-02 03:10:00,sw-core-01,port-id7430,uplink,17.088752
S2,2026-03-02 03:15:00,sw-core-01,port-id7430,uplink,14.819929
S2,2026-03-02 03:20:00,sw-core-01,port-id7430,uplink,17.515609
S2,2026-03-02 03:25:00,sw-core-01,port-id7430,uplink,13.927143
S2,2026-03-02 03:30:00,sw-core-01,port-id7430,uplink,17.289801
S2,2026-03-02 03:35:00,sw-core-01,port-id7430,uplink,13.765551
S2,2026-03-02 03:40:00,sw-core-01,port-id7430,uplink,17.788723
S2,2026-03-02 03:45:00,sw-core-01,port-id7430,uplink,14.824859
S2,2026-03-02 03:50:00,sw-core-01,port-id7430,uplink,22.480585
S2,2026-03-02 03:55:00,sw-core-01,port-id7430,uplink,13.838526
S2,2026-03-02 04:00:00,sw-core-01,port-id7430,uplink,21.301648
S2,2026-03-02 04:05:00,sw-core-01,port-id7430,uplink,9.492190
S2,2026-03-02 04:10:00,sw-core-01,port-id7430,uplink,14.171261
S2,2026-03-02 04:15:00,sw-core-01,port-id7430,uplink,15.362009
S2,2026-03-02 04:20:00,sw-core-01,port-id7430,uplink,12.808599
S2,2026-03-02 04:25:00,sw-core-01,port-id7430,uplink,18.369428
S2,2026-03-02 04:30:00,sw-core-01,port-id7430,uplink,18.273632
S2,2026-03-02 04:35:00,sw-core-01,port-id7430,uplink,21.496619
S2,2026-03-02 04:40:00,sw-core-01,port-id7430,uplink,20.942812
S2,2026-03-02 04:45:00,sw-core-01,port-id7430,uplink,16.509825
S2,2026-03-02 04:50:00,sw-core-01,port-id7430,uplink,10.780124
S2,2026-03-02 04:55:00,sw-core-01,port-id7430,uplink,13.458056
S2,2026-03-02 05:00:00,sw-core-01,port-id7430,uplink,11.395487
S2,2026-03-02 05:05:00,sw-core-01,port-id7430,uplink,16.429594
S2,2026-03-02 05:10:00,sw-core-01,port-id7430,uplink,16.116028
S2,2026-03-02 05:15:00,sw-core-01,port-id7430,uplink,15.535034
S2,2026-03-02 05:20:00,sw-core-01,port-id7430,uplink,13.489759
S2,2026-03-02 05:25:00,sw-core-01,port-id7430,uplink,21.143674
S2,2026-03-02 05:30:00,sw-core-01,port-id7430,uplink,17.537775
S2,2026-03-02 05:35:00,sw-core-01,port-id7430,uplink,11.052968
S2,2026-03-02 05:40:00,sw-core-01,port-id7430,uplink,16.681637
S2,2026-03-02 05:45:00,sw-core-01,port-id7430,uplink,14.954745
S2,2026-03-02 05:50:00,sw-core-01,port-id7430,uplink,19.482099
S2,2026-03-02 05:55:00,sw-core-01,port-id7430,uplink,18.052546
S2,2026-03-02 06:00:00,sw-core-01,port-id7430,uplink,20.406759
S2,2026-03-02 06:05:00,sw-core-01,port-id7430,uplink,26.916606
S2,2026-03-02 06:10:00,sw-core-01,port-id7430,uplink,22.500837
S2,2026-03-02 06:15:00,sw-core-01,port-id7430,uplink,22.218000
S2,2026-03-02 06:20:00,sw-core-01,port-id7430,uplink,24.234813
S2,2026-03-02 06:25:00,sw-core-01,port-id7430,uplink,22.851192
S2,2026-03-02 06:30:00,sw-core-01,port-id7430,uplink,23.601824
S2,2026-03-02 06:35:00,sw-core-01,port-id7430,uplink,22.277693
S2,2026-03-02 06:40:00,sw-core-01,port-id7430,uplink,22.628898
S2,2026-03-02 06:45:00,sw-core-01,port-id7430,uplink,30.627917
S2,2026-03-02 06:50:00,sw-core-01,port-id7430,uplink,25.249114
S2,2026-03-02 06:55:00,sw-core-01,port-id7430,uplink,27.495008
S2,2026-03-02 07:00:00,sw-core-01,port-id7430,uplink,27.802021
S2,2026-03-02 07:05:00,sw-core-01,port-id7430,uplink,31.938364
S2,2026-03-02 07:10:00,sw-core-01,port-id7430,uplink,31.455829
S2,2026-03-02 07:15:00,sw-core-01,port-id7430,uplink,31.820523
S2,2026-03-02 07:20:00,sw-core-01,port-id7430,uplink,32.546807
S2,2026-03-02 07:25:00,sw-core-01,port-id7430,uplink,27.492351
S2,2026-03-02 07:30:00,sw-core-01,port-id7430,uplink,30.612493
S2,2026-03-02 07:35:00,sw-core-01,port-id7430,uplink,39.726042
S2,2026-03-02 07:40:00,sw-core-01,port-id7430,uplink,39.065956
S2,2026-03-02 07:45:00,sw-core-01,port-id7430,uplink,36.969852
S2,2026-03-02 07:50:00,sw-core-01,port-id7430,uplink,43.877059
S2,2026-03-02 07:55:00,sw-core-01,port-id7430,uplink,43.851410
S2,2026-03-02 08:00:00,sw-core-01,port-id7430,uplink,42.431679
S2,2026-03-02 08:05:00,sw-core-01,port-id7430,uplink,40.151392
S2,2026-03-02 08:10:00,sw-core-01,port-id7430,uplink,39.232296
S2,2026-03-02 08:15:00,sw-core-01,port-id7430,uplink,41.920555
S2,2026-03-02 08:20:00,sw-core-01,port-id7430,uplink,43.722613
S2,2026-03-02 08:25:00,sw-core-01,port-id7430,uplink,42.625108
S2,2026-03-02 08:30:00,sw-core-01,port-id7430,uplink,37.893387
S2,2026-03-02 08:35:00,sw-core-01,port-id7430,uplink,45.482592
S2,2026-03-02 08:40:00,sw-core-01,port-id7430,uplink,45.364665
S2,2026-03-02 08:45:00,sw-core-01,port-id7430,uplink,43.487985
S2,2026-03-02 08:50:00,sw-core-01,port-id7430,uplink,41.623798
S2,2026-03-02 08:55:00,sw-core-01,port-id7430,uplink,45.880960
S2,2026-03-02 09:00:00,sw-core-01,port-id7430,uplink,41.418388
S2,2026-03-02 09:05:00,sw-core-01,port-id7430,uplink,39.178146
S2,2026-03-02 09:10:00,sw-core-01,port-id7430,uplink,43.622857
S2,2026-03-02 09:15:00,sw-core-01,port-id7430,uplink,51.538492
S2,2026-03-02 09:20:00,sw-core-01,port-id7430,uplink,41.339152
S2,2026-03-02 09:25:00,sw-core-01,port-id7430,uplink,44.979015
S2,2026-03-02 09:30:00,sw-core-01,port-id7430,uplink,40.888162
S2,2026-03-02 09:35:00,sw-core-01,port-id7430,uplink,43.806815
S2,2026-03-02 09:40:00,sw-core-01,port-id7430,uplink,41.180617
S2,2026-03-02 09:45:00,sw-core-01,port-id7430,uplink,41.304400
S2,2026-03-02 09:50:00,sw-core-01,port-id7430,uplink,40.684129
S2,2026-03-02 09:55:00,sw-core-01,port-id7430,uplink,44.716446
S2,2026-03-02 10:00:00,sw-core-01,port-id7430,uplink,44.987516
S2,2026-03-02 10:05:00,sw-core-01,port-id7430,uplink,45.531687
S2,2026-03-02 10:10:00,sw-core-01,port-id7430,uplink,45.312065
S2,2026-03-02 10:15:00,sw-core-01,port-id7430,uplink,40.767261
S2,2026-03-02 10:20:00,sw-core-01,port-id7430,uplink,41.661884
S2,2026-03-02 10:25:00,sw-core-01,port-id7430,uplink,44.708498
S2,2026-03-02 10:30:00,sw-core-01,port-id7430,uplink,49.413545
S2,2026-03-02 10:35:00,sw-core-01,port-id7430,uplink,41.722733
S2,2026-03-02 10:40:00,sw-core-01,port-id7430,uplink,42.971917
S2,2026-03-02 10:45:00,sw-core-01,port-id7430,uplink,50.356400
S2,2026-03-02 10:50:00,sw-core-01,port-id7430,uplink,44.021523
S2,2026-03-02 10:55:00,sw-core-01,port-id7430,uplink,47.439163
S2,2026-03-02 11:00:00,sw-core-01,port-id7430,uplink,46.815034
S2,2026-03-02 11:05:00,sw-core-01,port-id7430,uplink,39.440663
S2,2026-03-02 11:10:00,sw-core-01,port-id7430,uplink,46.899540
S2,2026-03-02 11:15:00,sw-core-01,port-id7430,uplink,47.957699
S2,2026-03-02 11:20:00,sw-core-01,port-id7430,uplink,36.980733
S2,2026-03-02 11:25:00,sw-core-01,port-id7430,uplink,44.395474
S2,2026-03-02 11:30:00,sw-core-01,port-id7430,uplink,46.018984
S2,2026-03-02 11:35:00,sw-core-01,port-id7430,uplink,45.380986
S2,2026-03-02 11:40:00,sw-core-01,port-id7430,uplink,46.961643
S2,2026-03-02 11:45:00,sw-core-01,port-id7430,uplink,39.809872
S2,2026-03-02 11:50:00,sw-core-01,port-id7430,uplink,41.422642
S2,2026-03-02 11:55:00,sw-core-01,port-id7430,uplink,43.253291
S2,2026-03-02 12:00:00,sw-core-01,port-id7430,uplink,50.360168
S2,2026-03-02 12:05:00,sw-core-01,port-id7430,uplink,48.861109
S2,2026-03-02 12:10:00,sw-core-01,port-id7430,uplink,49.354018
S2,2026-03-02 12:15:00,sw-core-01,port-id7430,uplink,47.798199
S2,2026-03-02 12:20:00,sw-core-01,port-id7430,uplink,43.863658
S2,2026-03-02 12:25:00,sw-core-01,port-id7430,uplink,42.740116
S2,2026-03-02 12:30:00,sw-core-01,port-id7430,uplink,42.757151
S2,2026-03-02 12:35:00,sw-core-01,port-id7430,uplink,49.962436
S2,2026-03-02 12:40:00,sw-core-01,port-id7430,uplink,39.677549
S2,2026-03-02 12:45:00,sw-core-01,port-id7430,uplink,41.872293
S2,2026-03-02 12:50:00,sw-core-01,port-id7430,uplink,45.140357
S2,2026-03-02 12:55:00,sw-core-01,port-id7430,uplink,43.498774
S2,2026-03-02 13:00:00,sw-core-01,port-id7430,uplink,44.440355
S2,2026-03-02 13:05:00,sw-core-01,port-id7430,uplink,40.513195
S2,2026-03-02 13:10:00,sw-core-01,port-id7430,uplink,42.102017
S2,2026-03-02 13:15:00,sw-core-01,port-id7430,uplink,43.646389
S2,2026-03-02 13:20:00,sw-core-01,port-id7430,uplink,49.537374
S2,2026-03-02 13:25:00,sw-core-01,port-id7430,uplink,41.030180
S2,2026-03-02 13:30:00,sw-core-01,port-id7430,uplink,43.202689
S2,2026-03-02 13:35:00,sw-core-01,port-id7430,uplink,49.182261
S2,2026-03-02 13:40:00,sw-core-01,port-id7430,uplink,42.061832
S2,2026-03-02 13:45:00,sw-core-01,port-id7430,uplink,45.266044
S2,2026-03-02 13:50:00,sw-core-01,port-id7430,uplink,42.162778
S2,2026-03-02 13:55:00,sw-core-01,port-id7430,uplink,44.667332
S2,2026-03-02 14:00:00,sw-core-01,port-id7430,uplink,42.347139
S2,2026-03-02 14:05:00,sw-core-01,port-id7430,uplink,44.874380
S2,2026-03-02 14:10:00,sw-core-01,port-id7430,uplink,45.634475
S2,2026-03-02 14:15:00,sw-core-01,port-id7430,uplink,44.434204
S2,2026-03-02 14:20:00,sw-core-01,port-id7430,uplink,38.521152
S2,2026-03-02 14:25:00,sw-core-01,port-id7430,uplink,46.015019
S2,2026-03-02 14:30:00,sw-core-01,port-id7430,uplink,50.110594
S2,2026-03-02 14:35:00,sw-core-01,port-id7430,uplink,48.398991
S2,2026-03-02 14:40:00,sw-core-01,port-id7430,uplink,43.414225
S2,2026-03-02 14:45:00,sw-core-01,port-id7430,uplink,46.786322
S2,2026-03-02 14:50:00,sw-core-01,port-id7430,uplink,46.472982
S2,2026-03-02 14:55:00,sw-core-01,port-id7430,uplink,48.130817
S2,2026-03-02 15:00:00,sw-core-01,port-id7430,uplink,44.225915
S2,2026-03-02 15:05:00,sw-core-01,port-id7430,uplink,42.133494
S2,2026-03-02 15:10:00,sw-core-01,port-id7430,uplink,43.660213
S2,2026-03-02 15:15:00,sw-core-01,port-id7430,uplink,48.716529
S2,2026-03-02 15:20:00,sw-core-01,port-id7430,uplink,43.525957
S2,2026-03-02 15:25:00,sw-core-01,port-id7430,uplink,48.295211
S2,2026-03-02 15:30:00,sw-core-01,port-id7430,uplink,41.797094
S2,2026-03-02 15:35:00,sw-core-01,port-id7430,uplink,42.334084
S2,2026-03-02 15:40:00,sw-core-01,port-id7430,uplink,43.094071
S2,2026-03-02 15:45:00,sw-core-01,port-id7430,uplink,40.249912
S2,2026-03-02 15:50:00,sw-core-01,port-id7430,uplink,48.393981
S2,2026-03-02 15:55:00,sw-core-01,port-id7430,uplink,49.514520
S2,2026-03-02 16:00:00,sw-core-01,port-id7430,uplink,41.306949
S2,2026-03-02 16:05:00,sw-core-01,port-id7430,uplink,47.131007
S2,2026-03-02 16:10:00,sw-core-01,port-id7430,uplink,44.344625
S2,2026-03-02 16:15:00,sw-core-01,port-id7430,uplink,42.024742
S2,2026-03-02 16:20:00,sw-core-01,port-id7430,uplink,44.307166
S2,2026-03-02 16:25:00,sw-core-01,port-id7430,uplink,41.711597
S2,2026-03-02 16:30:00,sw-core-01,port-id7430,uplink,41.603119
S2,2026-03-02 16:35:00,sw-core-01,port-id7430,uplink,40.415089
S2,2026-03-02 16:40:00,sw-core-01,port-id7430,uplink,41.886556
S2,2026-03-02 16:45:00,sw-core-01,port-id7430,uplink,43.546261
S2,2026-03-02 16:50:00,sw-core-01,port-id7430,uplink,45.717030
S2,2026-03-02 16:55:00,sw-core-01,port-id7430,uplink,50.656685
S2,2026-03-02 17:00:00,sw-core-01,port-id7430,uplink,45.943465
S2,2026-03-02 17:05:00,sw-core-01,port-id7430,uplink,44.393173
S2,2026-03-02 17:10:00,sw-core-01,port-id7430,uplink,39.328738
S2,2026-03-02 17:15:00,sw-core-01,port-id7430,uplink,46.370973
S2,2026-03-02 17:20:00,sw-core-01,port-id7430,uplink,42.667611
S2,2026-03-02 17:25:00,sw-core-01,port-id7430,uplink,40.065055
S2,2026-03-02 17:30:00,sw-core-01,port-id7430,uplink,46.775921
S2,2026-03-02 17:35:00,sw-core-01,port-id7430,uplink,43.268021
S2,2026-03-02 17:40:00,sw-core-01,port-id7430,uplink,39.333335
S2,2026-03-02 17:45:00,sw-core-01,port-id7430,uplink,45.025863
S2,2026-03-02 17:50:00,sw-core-01,port-id7430,uplink,43.486548
S2,2026-03-02 17:55:00,sw-core-01,port-id7430,uplink,41.219723
S2,2026-03-02 18:00:00,sw-core-01,port-id7430,uplink,40.537141
S2,2026-03-02 18:05:00,sw-core-01,port-id7430,uplink,35.869223
S2,2026-03-02 18:10:00,sw-core-01,port-id7430,uplink,39.181250
S2,2026-03-02 18:15:00,sw-core-01,port-id7430,uplink,41.588768
S2,2026-03-02 18:20:00,sw-core-01,port-id7430,uplink,43.952329
S2,2026-03-02 18:25:00,sw-core-01,port-id7430,uplink,38.515743
S2,2026-03-02 18:30:00,sw-core-01,port-id7430,uplink,42.629928
S2,2026-03-02 18:35:00,sw-core-01,port-id7430,uplink,43.973627
S2,2026-03-02 18:40:00,sw-core-01,port-id7430,uplink,35.373140
S2,2026-03-02 18:45:00,sw-core-01,port-id7430,uplink,42.848096
S2,2026-03-02 18:50:00,sw-core-01,port-id7430,uplink,34.646918
S2,2026-03-02 18:55:00,sw-core-01,port-id7430,uplink,41.276314
S2,2026-03-02 19:00:00,sw-core-01,port-id7430,uplink,33.202224
S2,2026-03-02 19:05:00,sw-core-01,port-id7430,uplink,38.353797
S2,2026-03-02 19:10:00,sw-core-01,port-id7430,uplink,30.879193
S2,2026-03-02 19:15:00,sw-core-01,port-id7430,uplink,32.815514
S2,2026-03-02 19:20:00,sw-core-01,port-id7430,uplink,29.206688
S2,2026-03-02 19:25:00,sw-core-01,port-id7430,uplink,31.081130
S2,2026-03-02 19:30:00,sw-core-01,port-id7430,uplink,33.382776
S2,2026-03-02 19:35:00,sw-core-01,port-id7430,uplink,24.951450
S2,2026-03-02 19:40:00,sw-core-01,port-id7430,uplink,29.393347
S2,2026-03-02 19:45:00,sw-core-01,port-id7430,uplink,21.896606
S2,2026-03-02 19:50:00,sw-core-01,port-id7430,uplink,30.055145
S2,2026-03-02 19:55:00,sw-core-01,port-id7430,uplink,29.031071
S2,2026-03-02 20:00:00,sw-core-01,port-id7430,uplink,25.722417
S2,2026-03-02 20:05:00,sw-core-01,port-id7430,uplink,22.727106
S2,2026-03-02 20:10:00,sw-core-01,port-id7430,uplink,29.938511
S2,2026-03-02 20:15:00,sw-core-01,port-id7430,uplink,20.845845
S2,2026-03-02 20:20:00,sw-core-01,port-id7430,uplink,14.831137
S2,2026-03-02 20:25:00,sw-core-01,port-id7430,uplink,20.710672
S2,2026-03-02 20:30:00,sw-core-01,port-id7430,uplink,19.325467
S2,2026-03-02 20:35:00,sw-core-01,port-id7430,uplink,16.211662
S2,2026-03-02 20:40:00,sw-core-01,port-id7430,uplink,17.984251
S2,2026-03-02 20:45:00,sw-core-01,port-id7430,uplink,18.194530
S2,2026-03-02 20:50:00,sw-core-01,port-id7430,uplink,13.472823
S2,2026-03-02 20:55:00,sw-core-01,port-id7430,uplink,19.103119
S2,2026-03-02 21:00:00,sw-core-01,port-id7430,uplink,21.220389
S2,2026-03-02 21:05:00,sw-core-01,port-id7430,uplink,14.563397
S2,2026-03-02 21:10:00,sw-core-01,port-id7430,uplink,16.744895
S2,2026-03-02 21:15:00,sw-core-01,port-id7430,uplink,20.773371
S2,2026-03-02 21:20:00,sw-core-01,port-id7430,uplink,14.115083
S2,2026-03-02 21:25:00,sw-core-01,port-id7430,uplink,14.982476
S2,2026-03-02 21:30:00,sw-core-01,port-id7430,uplink,19.935646
S2,2026-03-02 21:35:00,sw-core-01,port-id7430,uplink,18.780066
S2,2026-03-02 21:40:00,sw-core-01,port-id7430,uplink,15.851005
S2,2026-03-02 21:45:00,sw-core-01,port-id7430,uplink,13.535800
S2,2026-03-02 21:50:00,sw-core-01,port-id7430,uplink,14.274918
S2,2026-03-02 21:55:00,sw-core-01,port-id7430,uplink,22.513046
S2,2026-03-02 22:00:00,sw-core-01,port-id7430,uplink,14.037917
S2,2026-03-02 22:05:00,sw-core-01,port-id7430,uplink,18.039988
S2,2026-03-02 22:10:00,sw-core-01,port-id7430,uplink,17.215667
S2,2026-03-02 22:15:00,sw-core-01,port-id7430,uplink,16.806377
S2,2026-03-02 22:20:00,sw-core-01,port-id7430,uplink,16.425416
S2,2026-03-02 22:25:00,sw-core-01,port-id7430,uplink,16.642974
S2,2026-03-02 22:30:00,sw-core-01,port-id7430,uplink,13.677441
S2,2026-03-02 22:35:00,sw-core-01,port-id7430,uplink,13.315165
S2,2026-03-02 22:40:00,sw-core-01,port-id7430,uplink,6.578260
S2,2026-03-02 22:45:00,sw-core-01,port-id7430,uplink,11.704096
S2,2026-03-02 22:50:00,sw-core-01,port-id7430,uplink,13.224699
S2,2026-03-02 22:55:00,sw-core-01,port-id7430,uplink,12.074356
S2,2026-03-02 23:00:00,sw-core-01,port-id7430,uplink,17.244340
S2,2026-03-02 23:05:00,sw-core-01,port-id7430,uplink,13.569183
S2,2026-03-02 23:10:00,sw-core-01,port-id7430,uplink,11.979616
S2,2026-03-02 23:15:00,sw-core-01,port-id7430,uplink,18.819592
S2,2026-03-02 23:20:00,sw-core-01,port-id7430,uplink,9.792982
S2,2026-03-02 23:25:00,sw-core-01,port-id7430,uplink,8.989451
S2,2026-03-02 23:30:00,sw-core-01,port-id7430,uplink,15.215892
S2,2026-03-02 23:35:00,sw-core-01,port-id7430,uplink,14.623741
S2,2026-03-02 23:40:00,sw-core-01,port-id7430,uplink,17.468982
S2,2026-03-02 23:45:00,sw-core-01,port-id7430,uplink,13.104648
S2,2026-03-02 23:50:00,sw-core-01,port-id7430,uplink,9.891754
S2,2026-03-02 23:55:00,sw-core-01,port-id7430,uplink,16.087265
S2,2026-03-03 00:00:00,sw-core-01,port-id7430,uplink,16.711917
S2,2026-03-03 00:05:00,sw-core-01,port-id7430,uplink,12.279395
S2,2026-03-03 00:10:00,sw-core-01,port-id7430,uplink,21.092099
S2,2026-03-03 00:15:00,sw-core-01,port-id7430,uplink,15.345079
S2,2026-03-03 00:20:00,sw-core-01,port-id7430,uplink,17.561980
S2,2026-03-03 00:25:00,sw-core-01,port-id7430,uplink,16.903596
S2,2026-03-03 00:30:00,sw-core-01,port-id7430,uplink,16.558376
S2,2026-03-03 00:35:00,sw-core-01,port-id7430,uplink,13.428077
S2,2026-03-03 00:40:00,sw-core-01,port-id7430,uplink,15.646234
S2,2026-03-03 00:45:00,sw-core-01,port-id7430,uplink,14.902658
S2,2026-03-03 00:50:00,sw-core-01,port-id7430,uplink,13.940161
S2,2026-03-03 00:55:00,sw-core-01,port-id7430,uplink,12.396967
S2,2026-03-03 01:00:00,sw-core-01,port-id7430,uplink,16.595494
S2,2026-03-03 01:05:00,sw-core-01,port-id7430,uplink,12.180117
S2,2026-03-03 01:10:00,sw-core-01,port-id7430,uplink,13.790063
S2,2026-03-03 01:15:00,sw-core-01,port-id7430,uplink,15.228580
S2,2026-03-03 01:20:00,sw-core-01,port-id7430,uplink,17.813657
S2,2026-03-03 01:25:00,sw-core-01,port-id7430,uplink,8.746956
S2,2026-03-03 01:30:00,sw-core-01,port-id7430,uplink,13.667977
S2,2026-03-03 01:35:00,sw-core-01,port-id7430,uplink,15.351649
S2,2026-03-03 01:40:00,sw-core-01,port-id7430,uplink,15.895458
S2,2026-03-03 01:45:00,sw-core-01,port-id7430,uplink,15.244263
S2,2026-03-03 01:50:00,sw-core-01,port-id7430,uplink,14.028782
S2,2026-03-03 01:55:00,sw-core-01,port-id7430,uplink,15.181470
S2,2026-03-03 02:00:00,sw-core-01,port-id7430,uplink,17.563690
S2,2026-03-03 02:05:00,sw-core-01,port-id7430,uplink,15.268372
S2,2026-03-03 02:10:00,sw-core-01,port-id7430,uplink,17.527124
S2,2026-03-03 02:15:00,sw-core-01,port-id7430,uplink,18.542484
S2,2026-03-03 02:20:00,sw-core-01,port-id7430,uplink,15.544884
S2,2026-03-03 02:25:00,sw-core-01,port-id7430,uplink,9.090225
S2,2026-03-03 02:30:00,sw-core-01,port-id7430,uplink,14.523536
S2,2026-03-03 02:35:00,sw-core-01,port-id7430,uplink,13.818779
S2,2026-03-03 02:40:00,sw-core-01,port-id7430,uplink,15.253350
S2,2026-03-03 02:45:00,sw-core-01,port-id7430,uplink,12.404050
S2,2026-03-03 02:50:00,sw-core-01,port-id7430,uplink,18.499356
S2,2026-03-03 02:55:00,sw-core-01,port-id7430,uplink,10.738278
S2,2026-03-03 03:00:00,sw-core-01,port-id7430,uplink,13.827059
S2,2026-03-03 03:05:00,sw-core-01,port-id7430,uplink,13.242763
S2,2026-03-03 03:10:00,sw-core-01,port-id7430,uplink,14.861240
S2,2026-03-03 03:15:00,sw-core-01,port-id7430,uplink,14.930236
S2,2026-03-03 03:20:00,sw-core-01,port-id7430,uplink,20.351734
S2,2026-03-03 03:25:00,sw-core-01,port-id7430,uplink,7.558902
S2,2026-03-03 03:30:00,sw-core-01,port-id7430,uplink,17.012818
S2,2026-03-03 03:35:00,sw-core-01,port-id7430,uplink,15.122735
S2,2026-03-03 03:40:00,sw-core-01,port-id7430,uplink,15.809553
S2,2026-03-03 03:45:00,sw-core-01,port-id7430,uplink,18.514017
S2,2026-03-03 03:50:00,sw-core-01,port-id7430,uplink,16.898230
S2,2026-03-03 03:55:00,sw-core-01,port-id7430,uplink,12.141743
S2,2026-03-03 04:00:00,sw-core-01,port-id7430,uplink,17.364613
S2,2026-03-03 04:05:00,sw-core-01,port-id7430,uplink,12.294933
S2,2026-03-03 04:10:00,sw-core-01,port-id7430,uplink,15.707228
S2,2026-03-03 04:15:00,sw-core-01,port-id7430,uplink,13.763318
S2,2026-03-03 04:20:00,sw-core-01,port-id7430,uplink,11.223340
S2,2026-03-03 04:25:00,sw-core-01,port-id7430,uplink,10.861136
S2,2026-03-03 04:30:00,sw-core-01,port-id7430,uplink,16.765748
S2,2026-03-03 04:35:00,sw-core-01,port-id7430,uplink,19.793558
S2,2026-03-03 04:40:00,sw-core-01,port-id7430,uplink,16.504561
S2,2026-03-03 04:45:00,sw-core-01,port-id7430,uplink,15.737139
S2,2026-03-03 04:50:00,sw-core-01,port-id7430,uplink,14.644442
S2,2026-03-03 04:55:00,sw-core-01,port-id7430,uplink,12.856181
S2,2026-03-03 05:00:00,sw-core-01,port-id7430,uplink,17.867773
S2,2026-03-03 05:05:00,sw-core-01,port-id7430,uplink,13.720255
S2,2026-03-03 05:10:00,sw-core-01,port-id7430,uplink,20.815691
S2,2026-03-03 05:15:00,sw-core-01,port-id7430,uplink,14.530625
S2,2026-03-03 05:20:00,sw-core-01,port-id7430,uplink,15.698649
S2,2026-03-03 05:25:00,sw-core-01,port-id7430,uplink,21.145864
S2,2026-03-03 05:30:00,sw-core-01,port-id7430,uplink,18.834827
S2,2026-03-03 05:35:00,sw-core-01,port-id7430,uplink,25.658591
S2,2026-03-03 05:40:00,sw-core-01,port-id7430,uplink,21.507759
S2,2026-03-03 05:45:00,sw-core-01,port-id7430,uplink,17.605078
S2,2026-03-03 05:50:00,sw-core-01,port-id7430,uplink,19.526303
S2,2026-03-03 05:55:00,sw-core-01,port-id7430,uplink,16.297234
S2,2026-03-03 06:00:00,sw-core-01,port-id7430,uplink,17.956272
S2,2026-03-03 06:05:00,sw-core-01,port-id7430,uplink,18.727822
S2,2026-03-03 06:10:00,sw-core-01,port-id7430,uplink,19.501853
S2,2026-03-03 06:15:00,sw-core-01,port-id7430,uplink,15.224276
S2,2026-03-03 06:20:00,sw-core-01,port-id7430,uplink,22.777143
S2,2026-03-03 06:25:00,sw-core-01,port-id7430,uplink,23.951804
S2,2026-03-03 06:30:00,sw-core-01,port-id7430,uplink,25.635990
S2,2026-03-03 06:35:00,sw-core-01,port-id7430,uplink,24.060422
S2,2026-03-03 06:40:00,sw-core-01,port-id7430,uplink,23.262304
S2,2026-03-03 06:45:00,sw-core-01,port-id7430,uplink,27.328638
S2,2026-03-03 06:50:00,sw-core-01,port-id7430,uplink,26.276595
S2,2026-03-03 06:55:00,sw-core-01,port-id7430,uplink,27.495551
S2,2026-03-03 07:00:00,sw-core-01,port-id7430,uplink,30.295854
S2,2026-03-03 07:05:00,sw-core-01,port-id7430,uplink,32.383003
S2,2026-03-03 07:10:00,sw-core-01,port-id7430,uplink,30.289588
S2,2026-03-03 07:15:00,sw-core-01,port-id7430,uplink,36.796999
S2,2026-03-03 07:20:00,sw-core-01,port-id7430,uplink,28.709045
S2,2026-03-03 07:25:00,sw-core-01,port-id7430,uplink,34.961570
S2,2026-03-03 07:30:00,sw-core-01,port-id7430,uplink,34.342963
S2,2026-03-03 07:35:00,sw-core-01,port-id7430,uplink,33.434497
S2,2026-03-03 07:40:00,sw-core-01,port-id7430,uplink,36.158137
S2,2026-03-03 07:45:00,sw-core-01,port-id7430,uplink,35.603634
S2,2026-03-03 07:50:00,sw-core-01,port-id7430,uplink,41.270982
S2,2026-03-03 07:55:00,sw-core-01,port-id7430,uplink,41.987991
S2,2026-03-03 08:00:00,sw-core-01,port-id7430,uplink,37.430958
S2,2026-03-03 08:05:00,sw-core-01,port-id7430,uplink,38.388694
S2,2026-03-03 08:10:00,sw-core-01,port-id7430,uplink,46.506279
S2,2026-03-03 08:15:00,sw-core-01,port-id7430,uplink,36.635569
S2,2026-03-03 08:20:00,sw-core-01,port-id7430,uplink,42.160132
S2,2026-03-03 08:25:00,sw-core-01,port-id7430,uplink,48.333485
S2,2026-03-03 08:30:00,sw-core-01,port-id7430,uplink,39.500653
S2,2026-03-03 08:35:00,sw-core-01,port-id7430,uplink,45.933694
S2,2026-03-03 08:40:00,sw-core-01,port-id7430,uplink,44.813667
S2,2026-03-03 08:45:00,sw-core-01,port-id7430,uplink,43.364133
S2,2026-03-03 08:50:00,sw-core-01,port-id7430,uplink,41.552866
S2,2026-03-03 08:55:00,sw-core-01,port-id7430,uplink,46.604115
S2,2026-03-03 09:00:00,sw-core-01,port-id7430,uplink,45.751711
S2,2026-03-03 09:05:00,sw-core-01,port-id7430,uplink,46.662341
S2,2026-03-03 09:10:00,sw-core-01,port-id7430,uplink,46.194494
S2,2026-03-03 09:15:00,sw-core-01,port-id7430,uplink,37.778541
S2,2026-03-03 09:20:00,sw-core-01,port-id7430,uplink,45.329939
S2,2026-03-03 09:25:00,sw-core-01,port-id7430,uplink,46.256348
S2,2026-03-03 09:30:00,sw-core-01,port-id7430,uplink,50.162626
S2,2026-03-03 09:35:00,sw-core-01,port-id7430,uplink,40.676285
S2,2026-03-03 09:40:00,sw-core-01,port-id7430,uplink,42.313676
S2,2026-03-03 09:45:00,sw-core-01,port-id7430,uplink,41.365517
S2,2026-03-03 09:50:00,sw-core-01,port-id7430,uplink,45.146681
S2,2026-03-03 09:55:00,sw-core-01,port-id7430,uplink,49.206623
S2,2026-03-03 10:00:00,sw-core-01,port-id7430,uplink,40.387974
S2,2026-03-03 10:05:00,sw-core-01,port-id7430,uplink,49.778294
S2,2026-03-03 10:10:00,sw-core-01,port-id7430,uplink,45.016577
S2,2026-03-03 10:15:00,sw-core-01,port-id7430,uplink,50.507431
S2,2026-03-03 10:20:00,sw-core-01,port-id7430,uplink,46.825420
S2,2026-03-03 10:25:00,sw-core-01,port-id7430,uplink,45.967606
S2,2026-03-03 10:30:00,sw-core-01,port-id7430,uplink,38.171747
S2,2026-03-03 10:35:00,sw-core-01,port-id7430,uplink,46.695248
S2,2026-03-03 10:40:00,sw-core-01,port-id7430,uplink,47.615948
S2,2026-03-03 10:45:00,sw-core-01,port-id7430,uplink,47.835139
S2,2026-03-03 10:50:00,sw-core-01,port-id7430,uplink,48.203703
S2,2026-03-03 10:55:00,sw-core-01,port-id7430,uplink,42.856649
S2,2026-03-03 11:00:00,sw-core-01,port-id7430,uplink,42.181608
S2,2026-03-03 11:05:00,sw-core-01,port-id7430,uplink,44.571142
S2,2026-03-03 11:10:00,sw-core-01,port-id7430,uplink,41.351409
S2,2026-03-03 11:15:00,sw-core-01,port-id7430,uplink,50.067808
S2,2026-03-03 11:20:00,sw-core-01,port-id7430,uplink,46.867703
S2,2026-03-03 11:25:00,sw-core-01,port-id7430,uplink,41.773881
S2,2026-03-03 11:30:00,sw-core-01,port-id7430,uplink,42.468872
S2,2026-03-03 11:35:00,sw-core-01,port-id7430,uplink,38.296824
S2,2026-03-03 11:40:00,sw-core-01,port-id7430,uplink,43.578912
S2,2026-03-03 11:45:00,sw-core-01,port-id7430,uplink,49.367444
S2,2026-03-03 11:50:00,sw-core-01,port-id7430,uplink,44.943101
S2,2026-03-03 11:55:00,sw-core-01,port-id7430,uplink,44.468535
S2,2026-03-03 12:00:00,sw-core-01,port-id7430,uplink,41.425466
S2,2026-03-03 12:05:00,sw-core-01,port-id7430,uplink,45.177774
S2,2026-03-03 12:10:00,sw-core-01,port-id7430,uplink,44.167588
S2,2026-03-03 12:15:00,sw-core-01,port-id7430,uplink,38.134020
S2,2026-03-03 12:20:00,sw-core-01,port-id7430,uplink,41.318378
S2,2026-03-03 12:25:00,sw-core-01,port-id7430,uplink,40.314251
S2,2026-03-03 12:30:00,sw-core-01,port-id7430,uplink,46.952707
S2,2026-03-03 12:35:00,sw-core-01,port-id7430,uplink,48.765769
S2,2026-03-03 12:40:00,sw-core-01,port-id7430,uplink,49.044214
S2,2026-03-03 12:45:00,sw-core-01,port-id7430,uplink,45.217190
S2,2026-03-03 12:50:00,sw-core-01,port-id7430,uplink,46.868640
S2,2026-03-03 12:55:00,sw-core-01,port-id7430,uplink,50.496911
S2,2026-03-03 13:00:00,sw-core-01,port-id7430,uplink,43.898052
S2,2026-03-03 13:05:00,sw-core-01,port-id7430,uplink,43.812554
S2,2026-03-03 13:10:00,sw-core-01,port-id7430,uplink,45.330365
S2,2026-03-03 13:15:00,sw-core-01,port-id7430,uplink,44.413962
S2,2026-03-03 13:20:00,sw-core-01,port-id7430,uplink,43.576026
S2,2026-03-03 13:25:00,sw-core-01,port-id7430,uplink,44.903804
S2,2026-03-03 13:30:00,sw-core-01,port-id7430,uplink,45.007461
S2,2026-03-03 13:35:00,sw-core-01,port-id7430,uplink,45.919993
S2,2026-03-03 13:40:00,sw-core-01,port-id7430,uplink,46.261559
S2,2026-03-03 13:45:00,sw-core-01,port-id7430,uplink,46.305093
S2,2026-03-03 13:50:00,sw-core-01,port-id7430,uplink,41.603368
S2,2026-03-03 13:55:00,sw-core-01,port-id7430,uplink,46.891021
S2,2026-03-03 14:00:00,sw-core-01,port-id7430,uplink,45.980382
S2,2026-03-03 14:05:00,sw-core-01,port-id7430,uplink,41.902138
S2,2026-03-03 14:10:00,sw-core-01,port-id7430,uplink,45.442464
S2,2026-03-03 14:15:00,sw-core-01,port-id7430,uplink,44.268156
S2,2026-03-03 14:20:00,sw-core-01,port-id7430,uplink,43.115970
S2,2026-03-03 14:25:00,sw-core-01,port-id7430,uplink,50.333015
S2,2026-03-03 14:30:00,sw-core-01,port-id7430,uplink,42.251276
S2,2026-03-03 14:35:00,sw-core-01,port-id7430,uplink,44.614259
S2,2026-03-03 14:40:00,sw-core-01,port-id7430,uplink,46.287230
S2,2026-03-03 14:45:00,sw-core-01,port-id7430,uplink,38.802577
S2,2026-03-03 14:50:00,sw-core-01,port-id7430,uplink,43.295744
S2,2026-03-03 14:55:00,sw-core-01,port-id7430,uplink,48.374032
S2,2026-03-03 15:00:00,sw-core-01,port-id7430,uplink,40.334461
S2,2026-03-03 15:05:00,sw-core-01,port-id7430,uplink,48.542981
S2,2026-03-03 15:10:00,sw-core-01,port-id7430,uplink,44.317169
S2,2026-03-03 15:15:00,sw-core-01,port-id7430,uplink,45.056859
S2,2026-03-03 15:20:00,sw-core-01,port-id7430,uplink,47.487491
S2,2026-03-03 15:25:00,sw-core-01,port-id7430,uplink,42.941154
S2,2026-03-03 15:30:00,sw-core-01,port-id7430,uplink,43.561550
S2,2026-03-03 15:35:00,sw-core-01,port-id7430,uplink,43.791387
S2,2026-03-03 15:40:00,sw-core-01,port-id7430,uplink,46.502016
S2,2026-03-03 15:45:00,sw-core-01,port-id7430,uplink,45.123208
S2,2026-03-03 15:50:00,sw-core-01,port-id7430,uplink,44.235383
S2,2026-03-03 15:55:00,sw-core-01,port-id7430,uplink,44.688258
S2,2026-03-03 16:00:00,sw-core-01,port-id7430,uplink,44.753791
S2,2026-03-03 16:05:00,sw-core-01,port-id7430,uplink,45.301591
S2,2026-03-03 16:10:00,sw-core-01,port-id7430,uplink,46.196759
S2,2026-03-03 16:15:00,sw-core-01,port-id7430,uplink,44.944913
S2,2026-03-03 16:20:00,sw-core-01,port-id7430,uplink,46.480384
S2,2026-03-03 16:25:00,sw-core-01,port-id7430,uplink,44.353745
S2,2026-03-03 16:30:00,sw-core-01,port-id7430,uplink,45.262710
S2,2026-03-03 16:35:00,sw-core-01,port-id7430,uplink,46.842603
S2,2026-03-03 16:40:00,sw-core-01,port-id7430,uplink,46.412343
S2,2026-03-03 16:45:00,sw-core-01,port-id7430,uplink,48.571885
S2,2026-03-03 16:50:00,sw-core-01,port-id7430,uplink,44.169363
S2,2026-03-03 16:55:00,sw-core-01,port-id7430,uplink,45.813297
S2,2026-03-03 17:00:00,sw-core-01,port-id7430,uplink,39.996956
S2,2026-03-03 17:05:00,sw-core-01,port-id7430,uplink,40.500333
S2,2026-03-03 17:10:00,sw-core-01,port-id7430,uplink,44.278419
S2,2026-03-03 17:15:00,sw-core-01,port-id7430,uplink,51.028858
S2,2026-03-03 17:20:00,sw-core-01,port-id7430,uplink,41.048507
S2,2026-03-03 17:25:00,sw-core-01,port-id7430,uplink,40.257835
S2,2026-03-03 17:30:00,sw-core-01,port-id7430,uplink,45.331217
S2,2026-03-03 17:35:00,sw-core-01,port-id7430,uplink,45.569398
S2,2026-03-03 17:40:00,sw-core-01,port-id7430,uplink,46.661813
S2,2026-03-03 17:45:00,sw-core-01,port-id7430,uplink,42.391850
S2,2026-03-03 17:50:00,sw-core-01,port-id7430,uplink,40.088892
S2,2026-03-03 17:55:00,sw-core-01,port-id7430,uplink,43.125770
S2,2026-03-03 18:00:00,sw-core-01,port-id7430,uplink,38.091654
S2,2026-03-03 18:05:00,sw-core-01,port-id7430,uplink,41.433206
S2,2026-03-03 18:10:00,sw-core-01,port-id7430,uplink,35.255770
S2,2026-03-03 18:15:00,sw-core-01,port-id7430,uplink,41.801525
S2,2026-03-03 18:20:00,sw-core-01,port-id7430,uplink,38.401860
S2,2026-03-03 18:25:00,sw-core-01,port-id7430,uplink,40.962865
S2,2026-03-03 18:30:00,sw-core-01,port-id7430,uplink,37.467196
S2,2026-03-03 18:35:00,sw-core-01,port-id7430,uplink,42.068480
S2,2026-03-03 18:40:00,sw-core-01,port-id7430,uplink,36.671963
S2,2026-03-03 18:45:00,sw-core-01,port-id7430,uplink,30.723263
S2,2026-03-03 18:50:00,sw-core-01,port-id7430,uplink,32.845957
S2,2026-03-03 18:55:00,sw-core-01,port-id7430,uplink,38.695305
S2,2026-03-03 19:00:00,sw-core-01,port-id7430,uplink,41.177527
S2,2026-03-03 19:05:00,sw-core-01,port-id7430,uplink,31.581177
S2,2026-03-03 19:10:00,sw-core-01,port-id7430,uplink,39.218838
S2,2026-03-03 19:15:00,sw-core-01,port-id7430,uplink,33.730477
S2,2026-03-03 19:20:00,sw-core-01,port-id7430,uplink,36.844414
S2,2026-03-03 19:25:00,sw-core-01,port-id7430,uplink,29.474585
S2,2026-03-03 19:30:00,sw-core-01,port-id7430,uplink,31.207000
S2,2026-03-03 19:35:00,sw-core-01,port-id7430,uplink,30.250149
S2,2026-03-03 19:40:00,sw-core-01,port-id7430,uplink,24.600703
S2,2026-03-03 19:45:00,sw-core-01,port-id7430,uplink,25.749606
S2,2026-03-03 19:50:00,sw-core-01,port-id7430,uplink,27.934971
S2,2026-03-03 19:55:00,sw-core-01,port-id7430,uplink,25.914993
S2,2026-03-03 20:00:00,sw-core-01,port-id7430,uplink,27.128416
S2,2026-03-03 20:05:00,sw-core-01,port-id7430,uplink,28.919666
S2,2026-03-03 20:10:00,sw-core-01,port-id7430,uplink,20.793651
S2,2026-03-03 20:15:00,sw-core-01,port-id7430,uplink,16.143997
S2,2026-03-03 20:20:00,sw-core-01,port-id7430,uplink,18.935416
S2,2026-03-03 20:25:00,sw-core-01,port-id7430,uplink,21.967349
S2,2026-03-03 20:30:00,sw-core-01,port-id7430,uplink,21.376219
S2,2026-03-03 20:35:00,sw-core-01,port-id7430,uplink,20.363329
S2,2026-03-03 20:40:00,sw-core-01,port-id7430,uplink,16.087351
S2,2026-03-03 20:45:00,sw-core-01,port-id7430,uplink,14.239402
S2,2026-03-03 20:50:00,sw-core-01,port-id7430,uplink,19.550373
S2,2026-03-03 20:55:00,sw-core-01,port-id7430,uplink,18.289918
S2,2026-03-03 21:00:00,sw-core-01,port-id7430,uplink,14.063005
S2,2026-03-03 21:05:00,sw-core-01,port-id7430,uplink,14.345289
S2,2026-03-03 21:10:00,sw-core-01,port-id7430,uplink,17.785216
S2,2026-03-03 21:15:00,sw-core-01,port-id7430,uplink,16.827859
S2,2026-03-03 21:20:00,sw-core-01,port-id7430,uplink,16.112271
S2,2026-03-03 21:25:00,sw-core-01,port-id7430,uplink,11.689788
S2,2026-03-03 21:30:00,sw-core-01,port-id7430,uplink,16.512075
S2,2026-03-03 21:35:00,sw-core-01,port-id7430,uplink,16.752199
S2,2026-03-03 21:40:00,sw-core-01,port-id7430,uplink,17.628781
S2,2026-03-03 21:45:00,sw-core-01,port-id7430,uplink,15.930991
S2,2026-03-03 21:50:00,sw-core-01,port-id7430,uplink,18.624388
S2,2026-03-03 21:55:00,sw-core-01,port-id7430,uplink,16.960639
S2,2026-03-03 22:00:00,sw-core-01,port-id7430,uplink,13.293767
S2,2026-03-03 22:05:00,sw-core-01,port-id7430,uplink,16.801100
S2,2026-03-03 22:10:00,sw-core-01,port-id7430,uplink,15.771756
S2,2026-03-03 22:15:00,sw-core-01,port-id7430,uplink,16.019317
S2,2026-03-03 22:20:00,sw-core-01,port-id7430,uplink,19.966321
S2,2026-03-03 22:25:00,sw-core-01,port-id7430,uplink,16.818781
S2,2026-03-03 22:30:00,sw-core-01,port-id7430,uplink,18.189484
S2,2026-03-03 22:35:00,sw-core-01,port-id7430,uplink,16.925764
S2,2026-03-03 22:40:00,sw-core-01,port-id7430,uplink,19.187068
S2,2026-03-03 22:45:00,sw-core-01,port-id7430,uplink,10.445949
S2,2026-03-03 22:50:00,sw-core-01,port-id7430,uplink,13.163263
S2,2026-03-03 22:55:00,sw-core-01,port-id7430,uplink,14.805514
S2,2026-03-03 23:00:00,sw-core-01,port-id7430,uplink,14.388314
S2,2026-03-03 23:05:00,sw-core-01,port-id7430,uplink,14.743795
S2,2026-03-03 23:10:00,sw-core-01,port-id7430,uplink,13.828529
S2,2026-03-03 23:15:00,sw-core-01,port-id7430,uplink,15.154109
S2,2026-03-03 23:20:00,sw-core-01,port-id7430,uplink,15.526351
S2,2026-03-03 23:25:00,sw-core-01,port-id7430,uplink,17.321769
S2,2026-03-03 23:30:00,sw-core-01,port-id7430,uplink,16.263232
S2,2026-03-03 23:35:00,sw-core-01,port-id7430,uplink,12.173258
S2,2026-03-03 23:40:00,sw-core-01,port-id7430,uplink,14.423018
S2,2026-03-03 23:45:00,sw-core-01,port-id7430,uplink,15.476857
S2,2026-03-03 23:50:00,sw-core-01,port-id7430,uplink,14.851952
S2,2026-03-03 23:55:00,sw-core-01,port-id7430,uplink,15.477772
S2,2026-03-04 00:00:00,sw-core-01,port-id7430,uplink,16.202309
S2,2026-03-04 00:05:00,sw-core-01,port-id7430,uplink,13.827347
S2,2026-03-04 00:10:00,sw-core-01,port-id7430,uplink,17.982942
S2,2026-03-04 00:15:00,sw-core-01,port-id7430,uplink,15.204660
S2,2026-03-04 00:20:00,sw-core-01,port-id7430,uplink,10.938816
S2,2026-03-04 00:25:00,sw-core-01,port-id7430,uplink,14.754070
S2,2026-03-04 00:30:00,sw-core-01,port-id7430,uplink,9.937650
S2,2026-03-04 00:35:00,sw-core-01,port-id7430,uplink,13.905083
S2,2026-03-04 00:40:00,sw-core-01,port-id7430,uplink,15.764837
S2,2026-03-04 00:45:00,sw-core-01,port-id7430,uplink,12.870054
S2,2026-03-04 00:50:00,sw-core-01,port-id7430,uplink,12.979283
S2,2026-03-04 00:55:00,sw-core-01,port-id7430,uplink,20.510251
S2,2026-03-04 01:00:00,sw-core-01,port-id7430,uplink,17.261083
S2,2026-03-04 01:05:00,sw-core-01,port-id7430,uplink,12.645118
S2,2026-03-04 01:10:00,sw-core-01,port-id7430,uplink,11.661123
S2,2026-03-04 01:15:00,sw-core-01,port-id7430,uplink,9.085700
S2,2026-03-04 01:20:00,sw-core-01,port-id7430,uplink,15.932740
S2,2026-03-04 01:25:00,sw-core-01,port-id7430,uplink,19.885081
S2,2026-03-04 01:30:00,sw-core-01,port-id7430,uplink,9.349696
S2,2026-03-04 01:35:00,sw-core-01,port-id7430,uplink,13.701696
S2,2026-03-04 01:40:00,sw-core-01,port-id7430,uplink,14.447682
S2,2026-03-04 01:45:00,sw-core-01,port-id7430,uplink,10.790597
S2,2026-03-04 01:50:00,sw-core-01,port-id7430,uplink,17.696041
S2,2026-03-04 01:55:00,sw-core-01,port-id7430,uplink,15.074010
S2,2026-03-04 02:00:00,sw-core-01,port-id7430,uplink,16.641546
S2,2026-03-04 02:05:00,sw-core-01,port-id7430,uplink,15.839501
S2,2026-03-04 02:10:00,sw-core-01,port-id7430,uplink,10.883823
S2,2026-03-04 02:15:00,sw-core-01,port-id7430,uplink,13.751909
S2,2026-03-04 02:20:00,sw-core-01,port-id7430,uplink,15.652567
S2,2026-03-04 02:25:00,sw-core-01,port-id7430,uplink,17.202218
S2,2026-03-04 02:30:00,sw-core-01,port-id7430,uplink,13.580616
S2,2026-03-04 02:35:00,sw-core-01,port-id7430,uplink,12.088067
S2,2026-03-04 02:40:00,sw-core-01,port-id7430,uplink,13.304143
S2,2026-03-04 02:45:00,sw-core-01,port-id7430,uplink,13.744442
S2,2026-03-04 02:50:00,sw-core-01,port-id7430,uplink,17.337551
S2,2026-03-04 02:55:00,sw-core-01,port-id7430,uplink,16.834296
S2,2026-03-04 03:00:00,sw-core-01,port-id7430,uplink,15.460568
S2,2026-03-04 03:05:00,sw-core-01,port-id7430,uplink,15.916779
S2,2026-03-04 03:10:00,sw-core-01,port-id7430,uplink,16.183152
S2,2026-03-04 03:15:00,sw-core-01,port-id7430,uplink,13.365408
S2,2026-03-04 03:20:00,sw-core-01,port-id7430,uplink,14.757654
S2,2026-03-04 03:25:00,sw-core-01,port-id7430,uplink,16.779510
S2,2026-03-04 03:30:00,sw-core-01,port-id7430,uplink,11.383175
S2,2026-03-04 03:35:00,sw-core-01,port-id7430,uplink,11.560205
S2,2026-03-04 03:40:00,sw-core-01,port-id7430,uplink,17.710723
S2,2026-03-04 03:45:00,sw-core-01,port-id7430,uplink,10.500769
S2,2026-03-04 03:50:00,sw-core-01,port-id7430,uplink,9.471465
S2,2026-03-04 03:55:00,sw-core-01,port-id7430,uplink,13.217359
S2,2026-03-04 04:00:00,sw-core-01,port-id7430,uplink,18.609478
S2,2026-03-04 04:05:00,sw-core-01,port-id7430,uplink,16.042166
S2,2026-03-04 04:10:00,sw-core-01,port-id7430,uplink,14.420070
S2,2026-03-04 04:15:00,sw-core-01,port-id7430,uplink,13.286258
S2,2026-03-04 04:20:00,sw-core-01,port-id7430,uplink,18.714408
S2,2026-03-04 04:25:00,sw-core-01,port-id7430,uplink,13.434543
S2,2026-03-04 04:30:00,sw-core-01,port-id7430,uplink,15.929666
S2,2026-03-04 04:35:00,sw-core-01,port-id7430,uplink,16.017087
S2,2026-03-04 04:40:00,sw-core-01,port-id7430,uplink,14.709674
S2,2026-03-04 04:45:00,sw-core-01,port-id7430,uplink,17.078883
S2,2026-03-04 04:50:00,sw-core-01,port-id7430,uplink,13.562422
S2,2026-03-04 04:55:00,sw-core-01,port-id7430,uplink,20.766432
S2,2026-03-04 05:00:00,sw-core-01,port-id7430,uplink,17.267436
S2,2026-03-04 05:05:00,sw-core-01,port-id7430,uplink,9.486360
S2,2026-03-04 05:10:00,sw-core-01,port-id7430,uplink,17.100328
S2,2026-03-04 05:15:00,sw-core-01,port-id7430,uplink,24.322673
S2,2026-03-04 05:20:00,sw-core-01,port-id7430,uplink,10.851060
S2,2026-03-04 05:25:00,sw-core-01,port-id7430,uplink,14.876447
S2,2026-03-04 05:30:00,sw-core-01,port-id7430,uplink,19.600100
S2,2026-03-04 05:35:00,sw-core-01,port-id7430,uplink,15.917802
S2,2026-03-04 05:40:00,sw-core-01,port-id7430,uplink,6.914682
S2,2026-03-04 05:45:00,sw-core-01,port-id7430,uplink,12.660918
S2,2026-03-04 05:50:00,sw-core-01,port-id7430,uplink,14.926228
S2,2026-03-04 05:55:00,sw-core-01,port-id7430,uplink,20.960226
S2,2026-03-04 06:00:00,sw-core-01,port-id7430,uplink,18.636231
S2,2026-03-04 06:05:00,sw-core-01,port-id7430,uplink,21.737219
S2,2026-03-04 06:10:00,sw-core-01,port-id7430,uplink,23.004157
S2,2026-03-04 06:15:00,sw-core-01,port-id7430,uplink,24.969852
S2,2026-03-04 06:20:00,sw-core-01,port-id7430,uplink,23.492449
S2,2026-03-04 06:25:00,sw-core-01,port-id7430,uplink,21.838948
S2,2026-03-04 06:30:00,sw-core-01,port-id7430,uplink,26.780148
S2,2026-03-04 06:35:00,sw-core-01,port-id7430,uplink,23.689637
S2,2026-03-04 06:40:00,sw-core-01,port-id7430,uplink,27.048608
S2,2026-03-04 06:45:00,sw-core-01,port-id7430,uplink,20.604315
S2,2026-03-04 06:50:00,sw-core-01,port-id7430,uplink,30.052891
S2,2026-03-04 06:55:00,sw-core-01,port-id7430,uplink,26.141002
S2,2026-03-04 07:00:00,sw-core-01,port-id7430,uplink,30.579066
S2,2026-03-04 07:05:00,sw-core-01,port-id7430,uplink,29.551046
S2,2026-03-04 07:10:00,sw-core-01,port-id7430,uplink,34.881773
S2,2026-03-04 07:15:00,sw-core-01,port-id7430,uplink,36.188966
S2,2026-03-04 07:20:00,sw-core-01,port-id7430,uplink,33.370188
S2,2026-03-04 07:25:00,sw-core-01,port-id7430,uplink,29.966564
S2,2026-03-04 07:30:00,sw-core-01,port-id7430,uplink,36.654818
S2,2026-03-04 07:35:00,sw-core-01,port-id7430,uplink,37.011683
S2,2026-03-04 07:40:00,sw-core-01,port-id7430,uplink,37.290507
S2,2026-03-04 07:45:00,sw-core-01,port-id7430,uplink,36.244490
S2,2026-03-04 07:50:00,sw-core-01,port-id7430,uplink,43.271480
S2,2026-03-04 07:55:00,sw-core-01,port-id7430,uplink,37.338658
S2,2026-03-04 08:00:00,sw-core-01,port-id7430,uplink,40.794974
S2,2026-03-04 08:05:00,sw-core-01,port-id7430,uplink,39.208835
S2,2026-03-04 08:10:00,sw-core-01,port-id7430,uplink,40.910869
S2,2026-03-04 08:15:00,sw-core-01,port-id7430,uplink,44.654037
S2,2026-03-04 08:20:00,sw-core-01,port-id7430,uplink,32.812140
S2,2026-03-04 08:25:00,sw-core-01,port-id7430,uplink,41.556862
S2,2026-03-04 08:30:00,sw-core-01,port-id7430,uplink,46.884327
S2,2026-03-04 08:35:00,sw-core-01,port-id7430,uplink,42.164824
S2,2026-03-04 08:40:00,sw-core-01,port-id7430,uplink,46.131140
S2,2026-03-04 08:45:00,sw-core-01,port-id7430,uplink,44.605051
S2,2026-03-04 08:50:00,sw-core-01,port-id7430,uplink,45.843396
S2,2026-03-04 08:55:00,sw-core-01,port-id7430,uplink,48.108650
S2,2026-03-04 09:00:00,sw-core-01,port-id7430,uplink,48.909248
S2,2026-03-04 09:05:00,sw-core-01,port-id7430,uplink,50.790925
S2,2026-03-04 09:10:00,sw-core-01,port-id7430,uplink,45.068852
S2,2026-03-04 09:15:00,sw-core-01,port-id7430,uplink,48.840681
S2,2026-03-04 09:20:00,sw-core-01,port-id7430,uplink,44.916084
S2,2026-03-04 09:25:00,sw-core-01,port-id7430,uplink,44.039924
S2,2026-03-04 09:30:00,sw-core-01,port-id7430,uplink,52.926504
S2,2026-03-04 09:35:00,sw-core-01,port-id7430,uplink,45.472653
S2,2026-03-04 09:40:00,sw-core-01,port-id7430,uplink,46.479495
S2,2026-03-04 09:45:00,sw-core-01,port-id7430,uplink,46.813582
S2,2026-03-04 09:50:00,sw-core-01,port-id7430,uplink,45.401855
S2,2026-03-04 09:55:00,sw-core-01,port-id7430,uplink,45.599975
S2,2026-03-04 10:00:00,sw-core-01,port-id7430,uplink,45.815201
S2,2026-03-04 10:05:00,sw-core-01,port-id7430,uplink,41.845026
S2,2026-03-04 10:10:00,sw-core-01,port-id7430,uplink,49.729247
S2,2026-03-04 10:15:00,sw-core-01,port-id7430,uplink,47.648391
S2,2026-03-04 10:20:00,sw-core-01,port-id7430,uplink,51.869401
S2,2026-03-04 10:25:00,sw-core-01,port-id7430,uplink,49.534620
S2,2026-03-04 10:30:00,sw-core-01,port-id7430,uplink,43.540791
S2,2026-03-04 10:35:00,sw-core-01,port-id7430,uplink,51.000511
S2,2026-03-04 10:40:00,sw-core-01,port-id7430,uplink,45.653688
S2,2026-03-04 10:45:00,sw-core-01,port-id7430,uplink,47.307118
S2,2026-03-04 10:50:00,sw-core-01,port-id7430,uplink,49.489629
S2,2026-03-04 10:55:00,sw-core-01,port-id7430,uplink,54.144137
S2,2026-03-04 11:00:00,sw-core-01,port-id7430,uplink,43.299804
S2,2026-03-04 11:05:00,sw-core-01,port-id7430,uplink,50.759198
S2,2026-03-04 11:10:00,sw-core-01,port-id7430,uplink,45.115939
S2,2026-03-04 11:15:00,sw-core-01,port-id7430,uplink,44.414621
S2,2026-03-04 11:20:00,sw-core-01,port-id7430,uplink,45.109666
S2,2026-03-04 11:25:00,sw-core-01,port-id7430,uplink,44.872695
S2,2026-03-04 11:30:00,sw-core-01,port-id7430,uplink,46.684742
S2,2026-03-04 11:35:00,sw-core-01,port-id7430,uplink,46.872460
S2,2026-03-04 11:40:00,sw-core-01,port-id7430,uplink,45.632994
S2,2026-03-04 11:45:00,sw-core-01,port-id7430,uplink,51.112999
S2,2026-03-04 11:50:00,sw-core-01,port-id7430,uplink,45.259889
S2,2026-03-04 11:55:00,sw-core-01,port-id7430,uplink,45.225301
S2,2026-03-04 12:00:00,sw-core-01,port-id7430,uplink,47.587989
S2,2026-03-04 12:05:00,sw-core-01,port-id7430,uplink,45.428768
S2,2026-03-04 12:10:00,sw-core-01,port-id7430,uplink,54.833272
S2,2026-03-04 12:15:00,sw-core-01,port-id7430,uplink,45.826555
S2,2026-03-04 12:20:00,sw-core-01,port-id7430,uplink,46.220182
S2,2026-03-04 12:25:00,sw-core-01,port-id7430,uplink,49.406618
S2,2026-03-04 12:30:00,sw-core-01,port-id7430,uplink,46.931690
S2,2026-03-04 12:35:00,sw-core-01,port-id7430,uplink,52.223983
S2,2026-03-04 12:40:00,sw-core-01,port-id7430,uplink,40.317794
S2,2026-03-04 12:45:00,sw-core-01,port-id7430,uplink,44.320021
S2,2026-03-04 12:50:00,sw-core-01,port-id7430,uplink,47.568863
S2,2026-03-04 12:55:00,sw-core-01,port-id7430,uplink,47.550383
S2,2026-03-04 13:00:00,sw-core-01,port-id7430,uplink,49.664735
S2,2026-03-04 13:05:00,sw-core-01,port-id7430,uplink,43.193204
S2,2026-03-04 13:10:00,sw-core-01,port-id7430,uplink,53.609561
S2,2026-03-04 13:15:00,sw-core-01,port-id7430,uplink,50.686869
S2,2026-03-04 13:20:00,sw-core-01,port-id7430,uplink,52.267775
S2,2026-03-04 13:25:00,sw-core-01,port-id7430,uplink,49.695280
S2,2026-03-04 13:30:00,sw-core-01,port-id7430,uplink,45.686366
S2,2026-03-04 13:35:00,sw-core-01,port-id7430,uplink,50.587896
S2,2026-03-04 13:40:00,sw-core-01,port-id7430,uplink,46.608906
S2,2026-03-04 13:45:00,sw-core-01,port-id7430,uplink,44.520161
S2,2026-03-04 13:50:00,sw-core-01,port-id7430,uplink,54.347882
S2,2026-03-04 13:55:00,sw-core-01,port-id7430,uplink,48.249134
S2,2026-03-04 14:00:00,sw-core-01,port-id7430,uplink,48.325970
S2,2026-03-04 14:05:00,sw-core-01,port-id7430,uplink,45.898929
S2,2026-03-04 14:10:00,sw-core-01,port-id7430,uplink,48.392160
S2,2026-03-04 14:15:00,sw-core-01,port-id7430,uplink,50.366517
S2,2026-03-04 14:20:00,sw-core-01,port-id7430,uplink,46.192863
S2,2026-03-04 14:25:00,sw-core-01,port-id7430,uplink,50.257950
S2,2026-03-04 14:30:00,sw-core-01,port-id7430,uplink,47.956354
S2,2026-03-04 14:35:00,sw-core-01,port-id7430,uplink,46.174649
S2,2026-03-04 14:40:00,sw-core-01,port-id7430,uplink,45.532951
S2,2026-03-04 14:45:00,sw-core-01,port-id7430,uplink,46.647957
S2,2026-03-04 14:50:00,sw-core-01,port-id7430,uplink,44.439137
S2,2026-03-04 14:55:00,sw-core-01,port-id7430,uplink,44.241496
S2,2026-03-04 15:00:00,sw-core-01,port-id7430,uplink,43.728054
S2,2026-03-04 15:05:00,sw-core-01,port-id7430,uplink,51.734188
S2,2026-03-04 15:10:00,sw-core-01,port-id7430,uplink,42.496044
S2,2026-03-04 15:15:00,sw-core-01,port-id7430,uplink,48.752753
S2,2026-03-04 15:20:00,sw-core-01,port-id7430,uplink,49.969959
S2,2026-03-04 15:25:00,sw-core-01,port-id7430,uplink,48.142077
S2,2026-03-04 15:30:00,sw-core-01,port-id7430,uplink,46.929629
S2,2026-03-04 15:35:00,sw-core-01,port-id7430,uplink,50.496025
S2,2026-03-04 15:40:00,sw-core-01,port-id7430,uplink,46.408011
S2,2026-03-04 15:45:00,sw-core-01,port-id7430,uplink,45.644256
S2,2026-03-04 15:50:00,sw-core-01,port-id7430,uplink,47.925345
S2,2026-03-04 15:55:00,sw-core-01,port-id7430,uplink,49.976132
S2,2026-03-04 16:00:00,sw-core-01,port-id7430,uplink,48.627957
S2,2026-03-04 16:05:00,sw-core-01,port-id7430,uplink,47.998156
S2,2026-03-04 16:10:00,sw-core-01,port-id7430,uplink,47.178847
S2,2026-03-04 16:15:00,sw-core-01,port-id7430,uplink,49.561808
S2,2026-03-04 16:20:00,sw-core-01,port-id7430,uplink,48.246627
S2,2026-03-04 16:25:00,sw-core-01,port-id7430,uplink,45.280255
S2,2026-03-04 16:30:00,sw-core-01,port-id7430,uplink,38.886137
S2,2026-03-04 16:35:00,sw-core-01,port-id7430,uplink,49.110634
S2,2026-03-04 16:40:00,sw-core-01,port-id7430,uplink,45.011682
S2,2026-03-04 16:45:00,sw-core-01,port-id7430,uplink,46.767913
S2,2026-03-04 16:50:00,sw-core-01,port-id7430,uplink,43.671638
S2,2026-03-04 16:55:00,sw-core-01,port-id7430,uplink,48.231356
S2,2026-03-04 17:00:00,sw-core-01,port-id7430,uplink,52.249592
S2,2026-03-04 17:05:00,sw-core-01,port-id7430,uplink,45.777514
S2,2026-03-04 17:10:00,sw-core-01,port-id7430,uplink,52.935642
S2,2026-03-04 17:15:00,sw-core-01,port-id7430,uplink,41.539529
S2,2026-03-04 17:20:00,sw-core-01,port-id7430,uplink,47.179497
S2,2026-03-04 17:25:00,sw-core-01,port-id7430,uplink,47.746354
S2,2026-03-04 17:30:00,sw-core-01,port-id7430,uplink,44.320777
S2,2026-03-04 17:35:00,sw-core-01,port-id7430,uplink,42.753481
S2,2026-03-04 17:40:00,sw-core-01,port-id7430,uplink,44.120033
S2,2026-03-04 17:45:00,sw-core-01,port-id7430,uplink,53.749479
S2,2026-03-04 17:50:00,sw-core-01,port-id7430,uplink,46.597811
S2,2026-03-04 17:55:00,sw-core-01,port-id7430,uplink,50.283277
S2,2026-03-04 18:00:00,sw-core-01,port-id7430,uplink,41.707272
S2,2026-03-04 18:05:00,sw-core-01,port-id7430,uplink,41.017256
S2,2026-03-04 18:10:00,sw-core-01,port-id7430,uplink,43.803450
S2,2026-03-04 18:15:00,sw-core-01,port-id7430,uplink,46.638831
S2,2026-03-04 18:20:00,sw-core-01,port-id7430,uplink,44.107541
S2,2026-03-04 18:25:00,sw-core-01,port-id7430,uplink,44.584247
S2,2026-03-04 18:30:00,sw-core-01,port-id7430,uplink,41.619479
S2,2026-03-04 18:35:00,sw-core-01,port-id7430,uplink,47.617712
S2,2026-03-04 18:40:00,sw-core-01,port-id7430,uplink,40.054569
S2,2026-03-04 18:45:00,sw-core-01,port-id7430,uplink,39.167019
S2,2026-03-04 18:50:00,sw-core-01,port-id7430,uplink,37.723834
S2,2026-03-04 18:55:00,sw-core-01,port-id7430,uplink,43.912559
S2,2026-03-04 19:00:00,sw-core-01,port-id7430,uplink,41.089796
S2,2026-03-04 19:05:00,sw-core-01,port-id7430,uplink,37.012709
S2,2026-03-04 19:10:00,sw-core-01,port-id7430,uplink,31.146666
S2,2026-03-04 19:15:00,sw-core-01,port-id7430,uplink,32.767522
S2,2026-03-04 19:20:00,sw-core-01,port-id7430,uplink,37.610594
S2,2026-03-04 19:25:00,sw-core-01,port-id7430,uplink,35.394529
S2,2026-03-04 19:30:00,sw-core-01,port-id7430,uplink,30.733746
S2,2026-03-04 19:35:00,sw-core-01,port-id7430,uplink,30.296387
S2,2026-03-04 19:40:00,sw-core-01,port-id7430,uplink,30.974313
S2,2026-03-04 19:45:00,sw-core-01,port-id7430,uplink,27.530141
S2,2026-03-04 19:50:00,sw-core-01,port-id7430,uplink,27.066067
S2,2026-03-04 19:55:00,sw-core-01,port-id7430,uplink,26.929920
S2,2026-03-04 20:00:00,sw-core-01,port-id7430,uplink,24.896814
S2,2026-03-04 20:05:00,sw-core-01,port-id7430,uplink,29.616188
S2,2026-03-04 20:10:00,sw-core-01,port-id7430,uplink,29.835077
S2,2026-03-04 20:15:00,sw-core-01,port-id7430,uplink,23.900675
S2,2026-03-04 20:20:00,sw-core-01,port-id7430,uplink,23.307616
S2,2026-03-04 20:25:00,sw-core-01,port-id7430,uplink,26.386819
S2,2026-03-04 20:30:00,sw-core-01,port-id7430,uplink,21.283332
S2,2026-03-04 20:35:00,sw-core-01,port-id7430,uplink,18.945579
S2,2026-03-04 20:40:00,sw-core-01,port-id7430,uplink,23.008162
S2,2026-03-04 20:45:00,sw-core-01,port-id7430,uplink,21.455232
S2,2026-03-04 20:50:00,sw-core-01,port-id7430,uplink,16.903692
S2,2026-03-04 20:55:00,sw-core-01,port-id7430,uplink,21.343281
S2,2026-03-04 21:00:00,sw-core-01,port-id7430,uplink,23.066474
S2,2026-03-04 21:05:00,sw-core-01,port-id7430,uplink,20.832843
S2,2026-03-04 21:10:00,sw-core-01,port-id7430,uplink,18.400155
S2,2026-03-04 21:15:00,sw-core-01,port-id7430,uplink,15.548164
S2,2026-03-04 21:20:00,sw-core-01,port-id7430,uplink,15.887061
S2,2026-03-04 21:25:00,sw-core-01,port-id7430,uplink,21.179463
S2,2026-03-04 21:30:00,sw-core-01,port-id7430,uplink,20.148214
S2,2026-03-04 21:35:00,sw-core-01,port-id7430,uplink,18.714870
S2,2026-03-04 21:40:00,sw-core-01,port-id7430,uplink,17.581753
S2,2026-03-04 21:45:00,sw-core-01,port-id7430,uplink,11.949528
S2,2026-03-04 21:50:00,sw-core-01,port-id7430,uplink,16.938568
S2,2026-03-04 21:55:00,sw-core-01,port-id7430,uplink,15.574236
S2,2026-03-04 22:00:00,sw-core-01,port-id7430,uplink,21.944587
S2,2026-03-04 22:05:00,sw-core-01,port-id7430,uplink,17.104893
S2,2026-03-04 22:10:00,sw-core-01,port-id7430,uplink,13.800038
S2,2026-03-04 22:15:00,sw-core-01,port-id7430,uplink,19.098568
S2,2026-03-04 22:20:00,sw-core-01,port-id7430,uplink,14.142034
S2,2026-03-04 22:25:00,sw-core-01,port-id7430,uplink,12.636967
S2,2026-03-04 22:30:00,sw-core-01,port-id7430,uplink,21.733595
S2,2026-03-04 22:35:00,sw-core-01,port-id7430,uplink,22.707401
S2,2026-03-04 22:40:00,sw-core-01,port-id7430,uplink,15.439138
S2,2026-03-04 22:45:00,sw-core-01,port-id7430,uplink,19.976319
S2,2026-03-04 22:50:00,sw-core-01,port-id7430,uplink,19.802533
S2,2026-03-04 22:55:00,sw-core-01,port-id7430,uplink,12.486031
S2,2026-03-04 23:00:00,sw-core-01,port-id7430,uplink,19.868692
S2,2026-03-04 23:05:00,sw-core-01,port-id7430,uplink,19.207813
S2,2026-03-04 23:10:00,sw-core-01,port-id7430,uplink,18.219545
S2,2026-03-04 23:15:00,sw-core-01,port-id7430,uplink,13.698804
S2,2026-03-04 23:20:00,sw-core-01,port-id7430,uplink,13.161337
S2,2026-03-04 23:25:00,sw-core-01,port-id7430,uplink,19.998779
S2,2026-03-04 23:30:00,sw-core-01,port-id7430,uplink,14.439704
S2,2026-03-04 23:35:00,sw-core-01,port-id7430,uplink,15.714475
S2,2026-03-04 23:40:00,sw-core-01,port-id7430,uplink,16.714822
S2,2026-03-04 23:45:00,sw-core-01,port-id7430,uplink,10.436295
S2,2026-03-04 23:50:00,sw-core-01,port-id7430,uplink,14.370492
S2,2026-03-04 23:55:00,sw-core-01,port-id7430,uplink,14.190121
S2,2026-03-05 00:00:00,sw-core-01,port-id7430,uplink,15.000896
S2,2026-03-05 00:05:00,sw-core-01,port-id7430,uplink,13.232968
S2,2026-03-05 00:10:00,sw-core-01,port-id7430,uplink,20.104634
S2,2026-03-05 00:15:00,sw-core-01,port-id7430,uplink,21.181985
S2,2026-03-05 00:20:00,sw-core-01,port-id7430,uplink,22.351231
S2,2026-03-05 00:25:00,sw-core-01,port-id7430,uplink,14.686730
S2,2026-03-05 00:30:00,sw-core-01,port-id7430,uplink,16.157307
S2,2026-03-05 00:35:00,sw-core-01,port-id7430,uplink,23.033229
S2,2026-03-05 00:40:00,sw-core-01,port-id7430,uplink,17.189700
S2,2026-03-05 00:45:00,sw-core-01,port-id7430,uplink,23.705267
S2,2026-03-05 00:50:00,sw-core-01,port-id7430,uplink,18.059331
S2,2026-03-05 00:55:00,sw-core-01,port-id7430,uplink,16.628337
S2,2026-03-05 01:00:00,sw-core-01,port-id7430,uplink,19.460932
S2,2026-03-05 01:05:00,sw-core-01,port-id7430,uplink,19.065577
S2,2026-03-05 01:10:00,sw-core-01,port-id7430,uplink,19.805534
S2,2026-03-05 01:15:00,sw-core-01,port-id7430,uplink,16.918359
S2,2026-03-05 01:20:00,sw-core-01,port-id7430,uplink,20.451747
S2,2026-03-05 01:25:00,sw-core-01,port-id7430,uplink,22.579091
S2,2026-03-05 01:30:00,sw-core-01,port-id7430,uplink,18.406339
S2,2026-03-05 01:35:00,sw-core-01,port-id7430,uplink,15.007258
S2,2026-03-05 01:40:00,sw-core-01,port-id7430,uplink,17.367152
S2,2026-03-05 01:45:00,sw-core-01,port-id7430,uplink,10.850388
S2,2026-03-05 01:50:00,sw-core-01,port-id7430,uplink,15.327819
S2,2026-03-05 01:55:00,sw-core-01,port-id7430,uplink,24.080675
S2,2026-03-05 02:00:00,sw-core-01,port-id7430,uplink,20.785498
S2,2026-03-05 02:05:00,sw-core-01,port-id7430,uplink,9.673386
S2,2026-03-05 02:10:00,sw-core-01,port-id7430,uplink,20.907810
S2,2026-03-05 02:15:00,sw-core-01,port-id7430,uplink,15.442844
S2,2026-03-05 02:20:00,sw-core-01,port-id7430,uplink,19.757230
S2,2026-03-05 02:25:00,sw-core-01,port-id7430,uplink,15.721456
S2,2026-03-05 02:30:00,sw-core-01,port-id7430,uplink,15.627692
S2,2026-03-05 02:35:00,sw-core-01,port-id7430,uplink,24.559232
S2,2026-03-05 02:40:00,sw-core-01,port-id7430,uplink,14.078065
S2,2026-03-05 02:45:00,sw-core-01,port-id7430,uplink,23.115796
S2,2026-03-05 02:50:00,sw-core-01,port-id7430,uplink,18.556919
S2,2026-03-05 02:55:00,sw-core-01,port-id7430,uplink,15.401494
S2,2026-03-05 03:00:00,sw-core-01,port-id7430,uplink,23.157878
S2,2026-03-05 03:05:00,sw-core-01,port-id7430,uplink,15.272598
S2,2026-03-05 03:10:00,sw-core-01,port-id7430,uplink,18.539717
S2,2026-03-05 03:15:00,sw-core-01,port-id7430,uplink,15.744508
S2,2026-03-05 03:20:00,sw-core-01,port-id7430,uplink,12.012840
S2,2026-03-05 03:25:00,sw-core-01,port-id7430,uplink,16.936502
S2,2026-03-05 03:30:00,sw-core-01,port-id7430,uplink,18.958697
S2,2026-03-05 03:35:00,sw-core-01,port-id7430,uplink,21.010115
S2,2026-03-05 03:40:00,sw-core-01,port-id7430,uplink,20.298150
S2,2026-03-05 03:45:00,sw-core-01,port-id7430,uplink,17.707438
S2,2026-03-05 03:50:00,sw-core-01,port-id7430,uplink,17.233573
S2,2026-03-05 03:55:00,sw-core-01,port-id7430,uplink,16.800624
S2,2026-03-05 04:00:00,sw-core-01,port-id7430,uplink,17.946479
S2,2026-03-05 04:05:00,sw-core-01,port-id7430,uplink,20.365300
S2,2026-03-05 04:10:00,sw-core-01,port-id7430,uplink,18.606559
S2,2026-03-05 04:15:00,sw-core-01,port-id7430,uplink,19.537799
S2,2026-03-05 04:20:00,sw-core-01,port-id7430,uplink,14.114746
S2,2026-03-05 04:25:00,sw-core-01,port-id7430,uplink,21.908541
S2,2026-03-05 04:30:00,sw-core-01,port-id7430,uplink,18.395572
S2,2026-03-05 04:35:00,sw-core-01,port-id7430,uplink,21.797638
S2,2026-03-05 04:40:00,sw-core-01,port-id7430,uplink,17.904478
S2,2026-03-05 04:45:00,sw-core-01,port-id7430,uplink,22.579167
S2,2026-03-05 04:50:00,sw-core-01,port-id7430,uplink,14.758538
S2,2026-03-05 04:55:00,sw-core-01,port-id7430,uplink,18.585251
S2,2026-03-05 05:00:00,sw-core-01,port-id7430,uplink,18.389741
S2,2026-03-05 05:05:00,sw-core-01,port-id7430,uplink,15.787243
S2,2026-03-05 05:10:00,sw-core-01,port-id7430,uplink,18.390263
S2,2026-03-05 05:15:00,sw-core-01,port-id7430,uplink,20.376983
S2,2026-03-05 05:20:00,sw-core-01,port-id7430,uplink,19.504963
S2,2026-03-05 05:25:00,sw-core-01,port-id7430,uplink,16.320427
S2,2026-03-05 05:30:00,sw-core-01,port-id7430,uplink,21.915066
S2,2026-03-05 05:35:00,sw-core-01,port-id7430,uplink,17.095629
S2,2026-03-05 05:40:00,sw-core-01,port-id7430,uplink,19.099960
S2,2026-03-05 05:45:00,sw-core-01,port-id7430,uplink,21.891935
S2,2026-03-05 05:50:00,sw-core-01,port-id7430,uplink,19.924473
S2,2026-03-05 05:55:00,sw-core-01,port-id7430,uplink,21.098482
S2,2026-03-05 06:00:00,sw-core-01,port-id7430,uplink,22.060689
S2,2026-03-05 06:05:00,sw-core-01,port-id7430,uplink,26.019581
S2,2026-03-05 06:10:00,sw-core-01,port-id7430,uplink,24.835971
S2,2026-03-05 06:15:00,sw-core-01,port-id7430,uplink,25.615647
S2,2026-03-05 06:20:00,sw-core-01,port-id7430,uplink,23.481553
S2,2026-03-05 06:25:00,sw-core-01,port-id7430,uplink,26.062979
S2,2026-03-05 06:30:00,sw-core-01,port-id7430,uplink,27.282911
S2,2026-03-05 06:35:00,sw-core-01,port-id7430,uplink,23.868280
S2,2026-03-05 06:40:00,sw-core-01,port-id7430,uplink,25.422849
S2,2026-03-05 06:45:00,sw-core-01,port-id7430,uplink,29.012053
S2,2026-03-05 06:50:00,sw-core-01,port-id7430,uplink,23.661684
S2,2026-03-05 06:55:00,sw-core-01,port-id7430,uplink,28.397494
S2,2026-03-05 07:00:00,sw-core-01,port-id7430,uplink,34.273473
S2,2026-03-05 07:05:00,sw-core-01,port-id7430,uplink,33.985761
S2,2026-03-05 07:10:00,sw-core-01,port-id7430,uplink,34.652583
S2,2026-03-05 07:15:00,sw-core-01,port-id7430,uplink,36.158789
S2,2026-03-05 07:20:00,sw-core-01,port-id7430,uplink,37.297977
S2,2026-03-05 07:25:00,sw-core-01,port-id7430,uplink,35.952697
S2,2026-03-05 07:30:00,sw-core-01,port-id7430,uplink,35.517819
S2,2026-03-05 07:35:00,sw-core-01,port-id7430,uplink,40.278466
S2,2026-03-05 07:40:00,sw-core-01,port-id7430,uplink,39.528923
S2,2026-03-05 07:45:00,sw-core-01,port-id7430,uplink,43.669306
S2,2026-03-05 07:50:00,sw-core-01,port-id7430,uplink,43.465206
S2,2026-03-05 07:55:00,sw-core-01,port-id7430,uplink,41.180309
S2,2026-03-05 08:00:00,sw-core-01,port-id7430,uplink,40.596102
S2,2026-03-05 08:05:00,sw-core-01,port-id7430,uplink,44.204977
S2,2026-03-05 08:10:00,sw-core-01,port-id7430,uplink,44.747587
S2,2026-03-05 08:15:00,sw-core-01,port-id7430,uplink,45.221544
S2,2026-03-05 08:20:00,sw-core-01,port-id7430,uplink,44.687586
S2,2026-03-05 08:25:00,sw-core-01,port-id7430,uplink,50.404869
S2,2026-03-05 08:30:00,sw-core-01,port-id7430,uplink,45.907749
S2,2026-03-05 08:35:00,sw-core-01,port-id7430,uplink,46.373235
S2,2026-03-05 08:40:00,sw-core-01,port-id7430,uplink,48.299164
S2,2026-03-05 08:45:00,sw-core-01,port-id7430,uplink,45.912579
S2,2026-03-05 08:50:00,sw-core-01,port-id7430,uplink,44.347624
S2,2026-03-05 08:55:00,sw-core-01,port-id7430,uplink,47.576867
S2,2026-03-05 09:00:00,sw-core-01,port-id7430,uplink,45.418995
S2,2026-03-05 09:05:00,sw-core-01,port-id7430,uplink,43.340216
S2,2026-03-05 09:10:00,sw-core-01,port-id7430,uplink,43.974620
S2,2026-03-05 09:15:00,sw-core-01,port-id7430,uplink,41.283702
S2,2026-03-05 09:20:00,sw-core-01,port-id7430,uplink,43.083010
S2,2026-03-05 09:25:00,sw-core-01,port-id7430,uplink,46.726403
S2,2026-03-05 09:30:00,sw-core-01,port-id7430,uplink,50.871127
S2,2026-03-05 09:35:00,sw-core-01,port-id7430,uplink,46.559228
S2,2026-03-05 09:40:00,sw-core-01,port-id7430,uplink,42.888727
S2,2026-03-05 09:45:00,sw-core-01,port-id7430,uplink,51.206512
S2,2026-03-05 09:50:00,sw-core-01,port-id7430,uplink,47.654857
S2,2026-03-05 09:55:00,sw-core-01,port-id7430,uplink,48.618097
S2,2026-03-05 10:00:00,sw-core-01,port-id7430,uplink,48.365162
S2,2026-03-05 10:05:00,sw-core-01,port-id7430,uplink,43.339876
S2,2026-03-05 10:10:00,sw-core-01,port-id7430,uplink,47.990382
S2,2026-03-05 10:15:00,sw-core-01,port-id7430,uplink,46.100676
S2,2026-03-05 10:20:00,sw-core-01,port-id7430,uplink,47.414138
S2,2026-03-05 10:25:00,sw-core-01,port-id7430,uplink,48.905672
S2,2026-03-05 10:30:00,sw-core-01,port-id7430,uplink,46.841174
S2,2026-03-05 10:35:00,sw-core-01,port-id7430,uplink,39.085500
S2,2026-03-05 10:40:00,sw-core-01,port-id7430,uplink,49.140427
S2,2026-03-05 10:45:00,sw-core-01,port-id7430,uplink,50.443668
S2,2026-03-05 10:50:00,sw-core-01,port-id7430,uplink,46.100167
S2,2026-03-05 10:55:00,sw-core-01,port-id7430,uplink,43.757800
S2,2026-03-05 11:00:00,sw-core-01,port-id7430,uplink,53.474555
S2,2026-03-05 11:05:00,sw-core-01,port-id7430,uplink,44.797928
S2,2026-03-05 11:10:00,sw-core-01,port-id7430,uplink,51.465862
S2,2026-03-05 11:15:00,sw-core-01,port-id7430,uplink,44.985075
S2,2026-03-05 11:20:00,sw-core-01,port-id7430,uplink,44.033360
S2,2026-03-05 11:25:00,sw-core-01,port-id7430,uplink,46.983833
S2,2026-03-05 11:30:00,sw-core-01,port-id7430,uplink,46.238196
S2,2026-03-05 11:35:00,sw-core-01,port-id7430,uplink,48.728594
S2,2026-03-05 11:40:00,sw-core-01,port-id7430,uplink,45.116752
S2,2026-03-05 11:45:00,sw-core-01,port-id7430,uplink,44.585994
S2,2026-03-05 11:50:00,sw-core-01,port-id7430,uplink,46.736588
S2,2026-03-05 11:55:00,sw-core-01,port-id7430,uplink,49.659694
S2,2026-03-05 12:00:00,sw-core-01,port-id7430,uplink,51.893212
S2,2026-03-05 12:05:00,sw-core-01,port-id7430,uplink,52.286232
S2,2026-03-05 12:10:00,sw-core-01,port-id7430,uplink,54.161284
S2,2026-03-05 12:15:00,sw-core-01,port-id7430,uplink,48.995422
S2,2026-03-05 12:20:00,sw-core-01,port-id7430,uplink,44.130899
S2,2026-03-05 12:25:00,sw-core-01,port-id7430,uplink,49.686768
S2,2026-03-05 12:30:00,sw-core-01,port-id7430,uplink,50.449012
S2,2026-03-05 12:35:00,sw-core-01,port-id7430,uplink,44.636115
S2,2026-03-05 12:40:00,sw-core-01,port-id7430,uplink,43.443187
S2,2026-03-05 12:45:00,sw-core-01,port-id7430,uplink,45.617324
S2,2026-03-05 12:50:00,sw-core-01,port-id7430,uplink,45.514809
S2,2026-03-05 12:55:00,sw-core-01,port-id7430,uplink,53.669997
S2,2026-03-05 13:00:00,sw-core-01,port-id7430,uplink,49.632051
S2,2026-03-05 13:05:00,sw-core-01,port-id7430,uplink,47.191807
S2,2026-03-05 13:10:00,sw-core-01,port-id7430,uplink,47.217142
S2,2026-03-05 13:15:00,sw-core-01,port-id7430,uplink,47.061314
S2,2026-03-05 13:20:00,sw-core-01,port-id7430,uplink,50.382777
S2,2026-03-05 13:25:00,sw-core-01,port-id7430,uplink,40.926022
S2,2026-03-05 13:30:00,sw-core-01,port-id7430,uplink,45.453962
S2,2026-03-05 13:35:00,sw-core-01,port-id7430,uplink,49.026571
S2,2026-03-05 13:40:00,sw-core-01,port-id7430,uplink,48.860205
S2,2026-03-05 13:45:00,sw-core-01,port-id7430,uplink,47.247737
S2,2026-03-05 13:50:00,sw-core-01,port-id7430,uplink,48.365925
S2,2026-03-05 13:55:00,sw-core-01,port-id7430,uplink,44.287626
S2,2026-03-05 14:00:00,sw-core-01,port-id7430,uplink,48.296058
S2,2026-03-05 14:05:00,sw-core-01,port-id7430,uplink,44.847297
S2,2026-03-05 14:10:00,sw-core-01,port-id7430,uplink,49.857811
S2,2026-03-05 14:15:00,sw-core-01,port-id7430,uplink,45.529785
S2,2026-03-05 14:20:00,sw-core-01,port-id7430,uplink,42.096177
S2,2026-03-05 14:25:00,sw-core-01,port-id7430,uplink,46.439845
S2,2026-03-05 14:30:00,sw-core-01,port-id7430,uplink,47.200144
S2,2026-03-05 14:35:00,sw-core-01,port-id7430,uplink,48.494252
S2,2026-03-05 14:40:00,sw-core-01,port-id7430,uplink,47.781986
S2,2026-03-05 14:45:00,sw-core-01,port-id7430,uplink,42.143236
S2,2026-03-05 14:50:00,sw-core-01,port-id7430,uplink,46.127735
S2,2026-03-05 14:55:00,sw-core-01,port-id7430,uplink,51.934933
S2,2026-03-05 15:00:00,sw-core-01,port-id7430,uplink,42.804800
S2,2026-03-05 15:05:00,sw-core-01,port-id7430,uplink,49.831480
S2,2026-03-05 15:10:00,sw-core-01,port-id7430,uplink,49.757814
S2,2026-03-05 15:15:00,sw-core-01,port-id7430,uplink,48.882645
S2,2026-03-05 15:20:00,sw-core-01,port-id7430,uplink,54.343631
S2,2026-03-05 15:25:00,sw-core-01,port-id7430,uplink,44.660641
S2,2026-03-05 15:30:00,sw-core-01,port-id7430,uplink,37.936036
S2,2026-03-05 15:35:00,sw-core-01,port-id7430,uplink,47.125377
S2,2026-03-05 15:40:00,sw-core-01,port-id7430,uplink,50.249993
S2,2026-03-05 15:45:00,sw-core-01,port-id7430,uplink,51.080153
S2,2026-03-05 15:50:00,sw-core-01,port-id7430,uplink,47.425305
S2,2026-03-05 15:55:00,sw-core-01,port-id7430,uplink,44.965844
S2,2026-03-05 16:00:00,sw-core-01,port-id7430,uplink,49.905604
S2,2026-03-05 16:05:00,sw-core-01,port-id7430,uplink,49.302720
S2,2026-03-05 16:10:00,sw-core-01,port-id7430,uplink,48.636568
S2,2026-03-05 16:15:00,sw-core-01,port-id7430,uplink,49.983026
S2,2026-03-05 16:20:00,sw-core-01,port-id7430,uplink,50.440616
S2,2026-03-05 16:25:00,sw-core-01,port-id7430,uplink,47.590838
S2,2026-03-05 16:30:00,sw-core-01,port-id7430,uplink,43.942139
S2,2026-03-05 16:35:00,sw-core-01,port-id7430,uplink,46.263815
S2,2026-03-05 16:40:00,sw-core-01,port-id7430,uplink,46.104046
S2,2026-03-05 16:45:00,sw-core-01,port-id7430,uplink,51.612451
S2,2026-03-05 16:50:00,sw-core-01,port-id7430,uplink,45.539453
S2,2026-03-05 16:55:00,sw-core-01,port-id7430,uplink,50.304938
S2,2026-03-05 17:00:00,sw-core-01,port-id7430,uplink,44.693998
S2,2026-03-05 17:05:00,sw-core-01,port-id7430,uplink,50.135010
S2,2026-03-05 17:10:00,sw-core-01,port-id7430,uplink,44.375099
S2,2026-03-05 17:15:00,sw-core-01,port-id7430,uplink,49.637978
S2,2026-03-05 17:20:00,sw-core-01,port-id7430,uplink,42.652232
S2,2026-03-05 17:25:00,sw-core-01,port-id7430,uplink,42.109614
S2,2026-03-05 17:30:00,sw-core-01,port-id7430,uplink,46.912713
S2,2026-03-05 17:35:00,sw-core-01,port-id7430,uplink,44.820587
S2,2026-03-05 17:40:00,sw-core-01,port-id7430,uplink,44.914584
S2,2026-03-05 17:45:00,sw-core-01,port-id7430,uplink,46.567333
S2,2026-03-05 17:50:00,sw-core-01,port-id7430,uplink,44.958316
S2,2026-03-05 17:55:00,sw-core-01,port-id7430,uplink,46.683114
S2,2026-03-05 18:00:00,sw-core-01,port-id7430,uplink,42.551280
S2,2026-03-05 18:05:00,sw-core-01,port-id7430,uplink,48.458277
S2,2026-03-05 18:10:00,sw-core-01,port-id7430,uplink,45.530700
S2,2026-03-05 18:15:00,sw-core-01,port-id7430,uplink,45.265071
S2,2026-03-05 18:20:00,sw-core-01,port-id7430,uplink,52.522938
S2,2026-03-05 18:25:00,sw-core-01,port-id7430,uplink,48.890640
S2,2026-03-05 18:30:00,sw-core-01,port-id7430,uplink,42.260785
S2,2026-03-05 18:35:00,sw-core-01,port-id7430,uplink,43.576353
S2,2026-03-05 18:40:00,sw-core-01,port-id7430,uplink,40.554982
S2,2026-03-05 18:45:00,sw-core-01,port-id7430,uplink,37.437217
S2,2026-03-05 18:50:00,sw-core-01,port-id7430,uplink,41.681064
S2,2026-03-05 18:55:00,sw-core-01,port-id7430,uplink,41.728724
S2,2026-03-05 19:00:00,sw-core-01,port-id7430,uplink,39.640406
S2,2026-03-05 19:05:00,sw-core-01,port-id7430,uplink,36.087921
S2,2026-03-05 19:10:00,sw-core-01,port-id7430,uplink,31.151477
S2,2026-03-05 19:15:00,sw-core-01,port-id7430,uplink,41.086277
S2,2026-03-05 19:20:00,sw-core-01,port-id7430,uplink,33.870125
S2,2026-03-05 19:25:00,sw-core-01,port-id7430,uplink,35.214535
S2,2026-03-05 19:30:00,sw-core-01,port-id7430,uplink,32.869052
S2,2026-03-05 19:35:00,sw-core-01,port-id7430,uplink,21.729873
S2,2026-03-05 19:40:00,sw-core-01,port-id7430,uplink,26.739979
S2,2026-03-05 19:45:00,sw-core-01,port-id7430,uplink,34.135581
S2,2026-03-05 19:50:00,sw-core-01,port-id7430,uplink,29.408599
S2,2026-03-05 19:55:00,sw-core-01,port-id7430,uplink,23.870003
S2,2026-03-05 20:00:00,sw-core-01,port-id7430,uplink,28.160970
S2,2026-03-05 20:05:00,sw-core-01,port-id7430,uplink,27.413977
S2,2026-03-05 20:10:00,sw-core-01,port-id7430,uplink,24.314687
S2,2026-03-05 20:15:00,sw-core-01,port-id7430,uplink,21.915561
S2,2026-03-05 20:20:00,sw-core-01,port-id7430,uplink,22.676870
S2,2026-03-05 20:25:00,sw-core-01,port-id7430,uplink,20.929320
S2,2026-03-05 20:30:00,sw-core-01,port-id7430,uplink,20.068781
S2,2026-03-05 20:35:00,sw-core-01,port-id7430,uplink,23.191425
S2,2026-03-05 20:40:00,sw-core-01,port-id7430,uplink,16.580417
S2,2026-03-05 20:45:00,sw-core-01,port-id7430,uplink,26.684748
S2,2026-03-05 20:50:00,sw-core-01,port-id7430,uplink,17.041583
S2,2026-03-05 20:55:00,sw-core-01,port-id7430,uplink,23.057367
S2,2026-03-05 21:00:00,sw-core-01,port-id7430,uplink,23.192591
S2,2026-03-05 21:05:00,sw-core-01,port-id7430,uplink,18.062253
S2,2026-03-05 21:10:00,sw-core-01,port-id7430,uplink,17.024477
S2,2026-03-05 21:15:00,sw-core-01,port-id7430,uplink,19.159100
S2,2026-03-05 21:20:00,sw-core-01,port-id7430,uplink,21.988099
S2,2026-03-05 21:25:00,sw-core-01,port-id7430,uplink,21.181918
S2,2026-03-05 21:30:00,sw-core-01,port-id7430,uplink,18.354937
S2,2026-03-05 21:35:00,sw-core-01,port-id7430,uplink,17.421035
S2,2026-03-05 21:40:00,sw-core-01,port-id7430,uplink,16.300377
S2,2026-03-05 21:45:00,sw-core-01,port-id7430,uplink,13.441331
S2,2026-03-05 21:50:00,sw-core-01,port-id7430,uplink,17.631410
S2,2026-03-05 21:55:00,sw-core-01,port-id7430,uplink,15.285256
S2,2026-03-05 22:00:00,sw-core-01,port-id7430,uplink,15.070127
S2,2026-03-05 22:05:00,sw-core-01,port-id7430,uplink,10.344028
S2,2026-03-05 22:10:00,sw-core-01,port-id7430,uplink,10.382677
S2,2026-03-05 22:15:00,sw-core-01,port-id7430,uplink,13.932828
S2,2026-03-05 22:20:00,sw-core-01,port-id7430,uplink,17.154856
S2,2026-03-05 22:25:00,sw-core-01,port-id7430,uplink,16.211883
S2,2026-03-05 22:30:00,sw-core-01,port-id7430,uplink,9.808659
S2,2026-03-05 22:35:00,sw-core-01,port-id7430,uplink,10.726672
S2,2026-03-05 22:40:00,sw-core-01,port-id7430,uplink,15.251999
S2,2026-03-05 22:45:00,sw-core-01,port-id7430,uplink,18.338512
S2,2026-03-05 22:50:00,sw-core-01,port-id7430,uplink,14.991675
S2,2026-03-05 22:55:00,sw-core-01,port-id7430,uplink,10.559760
S2,2026-03-05 23:00:00,sw-core-01,port-id7430,uplink,9.045598
S2,2026-03-05 23:05:00,sw-core-01,port-id7430,uplink,16.241814
S2,2026-03-05 23:10:00,sw-core-01,port-id7430,uplink,14.696548
S2,2026-03-05 23:15:00,sw-core-01,port-id7430,uplink,12.922705
S2,2026-03-05 23:20:00,sw-core-01,port-id7430,uplink,15.883663
S2,2026-03-05 23:25:00,sw-core-01,port-id7430,uplink,13.131894
S2,2026-03-05 23:30:00,sw-core-01,port-id7430,uplink,16.933375
S2,2026-03-05 23:35:00,sw-core-01,port-id7430,uplink,13.865313
S2,2026-03-05 23:40:00,sw-core-01,port-id7430,uplink,17.173652
S2,2026-03-05 23:45:00,sw-core-01,port-id7430,uplink,14.475362
S2,2026-03-05 23:50:00,sw-core-01,port-id7430,uplink,15.718704
S2,2026-03-05 23:55:00,sw-core-01,port-id7430,uplink,18.221820
S2,2026-03-06 00:00:00,sw-core-01,port-id7430,uplink,17.268945
S2,2026-03-06 00:05:00,sw-core-01,port-id7430,uplink,13.876807
S2,2026-03-06 00:10:00,sw-core-01,port-id7430,uplink,14.788975
S2,2026-03-06 00:15:00,sw-core-01,port-id7430,uplink,16.218263
S2,2026-03-06 00:20:00,sw-core-01,port-id7430,uplink,17.867217
S2,2026-03-06 00:25:00,sw-core-01,port-id7430,uplink,14.101822
S2,2026-03-06 00:30:00,sw-core-01,port-id7430,uplink,17.597146
S2,2026-03-06 00:35:00,sw-core-01,port-id7430,uplink,13.738326
S2,2026-03-06 00:40:00,sw-core-01,port-id7430,uplink,15.813037
S2,2026-03-06 00:45:00,sw-core-01,port-id7430,uplink,17.149501
S2,2026-03-06 00:50:00,sw-core-01,port-id7430,uplink,15.060398
S2,2026-03-06 00:55:00,sw-core-01,port-id7430,uplink,20.894754
S2,2026-03-06 01:00:00,sw-core-01,port-id7430,uplink,21.360452
S2,2026-03-06 01:05:00,sw-core-01,port-id7430,uplink,6.995693
S2,2026-03-06 01:10:00,sw-core-01,port-id7430,uplink,13.454927
S2,2026-03-06 01:15:00,sw-core-01,port-id7430,uplink,14.165474
S2,2026-03-06 01:20:00,sw-core-01,port-id7430,uplink,17.030050
S2,2026-03-06 01:25:00,sw-core-01,port-id7430,uplink,16.576841
S2,2026-03-06 01:30:00,sw-core-01,port-id7430,uplink,18.974924
S2,2026-03-06 01:35:00,sw-core-01,port-id7430,uplink,16.002868
S2,2026-03-06 01:40:00,sw-core-01,port-id7430,uplink,13.555757
S2,2026-03-06 01:45:00,sw-core-01,port-id7430,uplink,16.107814
S2,2026-03-06 01:50:00,sw-core-01,port-id7430,uplink,13.877875
S2,2026-03-06 01:55:00,sw-core-01,port-id7430,uplink,16.741089
S2,2026-03-06 02:00:00,sw-core-01,port-id7430,uplink,13.406461
S2,2026-03-06 02:05:00,sw-core-01,port-id7430,uplink,11.480553
S2,2026-03-06 02:10:00,sw-core-01,port-id7430,uplink,13.978139
S2,2026-03-06 02:15:00,sw-core-01,port-id7430,uplink,17.927387
S2,2026-03-06 02:20:00,sw-core-01,port-id7430,uplink,15.724372
S2,2026-03-06 02:25:00,sw-core-01,port-id7430,uplink,12.194445
S2,2026-03-06 02:30:00,sw-core-01,port-id7430,uplink,10.303914
S2,2026-03-06 02:35:00,sw-core-01,port-id7430,uplink,13.346770
S2,2026-03-06 02:40:00,sw-core-01,port-id7430,uplink,12.751573
S2,2026-03-06 02:45:00,sw-core-01,port-id7430,uplink,12.291115
S2,2026-03-06 02:50:00,sw-core-01,port-id7430,uplink,16.182693
S2,2026-03-06 02:55:00,sw-core-01,port-id7430,uplink,16.445246
S2,2026-03-06 03:00:00,sw-core-01,port-id7430,uplink,15.884541
S2,2026-03-06 03:05:00,sw-core-01,port-id7430,uplink,16.441748
S2,2026-03-06 03:10:00,sw-core-01,port-id7430,uplink,12.829186
S2,2026-03-06 03:15:00,sw-core-01,port-id7430,uplink,14.294205
S2,2026-03-06 03:20:00,sw-core-01,port-id7430,uplink,23.329131
S2,2026-03-06 03:25:00,sw-core-01,port-id7430,uplink,15.598104
S2,2026-03-06 03:30:00,sw-core-01,port-id7430,uplink,13.047461
S2,2026-03-06 03:35:00,sw-core-01,port-id7430,uplink,12.797748
S2,2026-03-06 03:40:00,sw-core-01,port-id7430,uplink,18.120159
S2,2026-03-06 03:45:00,sw-core-01,port-id7430,uplink,18.524936
S2,2026-03-06 03:50:00,sw-core-01,port-id7430,uplink,19.318532
S2,2026-03-06 03:55:00,sw-core-01,port-id7430,uplink,14.133856
S2,2026-03-06 04:00:00,sw-core-01,port-id7430,uplink,17.126566
S2,2026-03-06 04:05:00,sw-core-01,port-id7430,uplink,19.152293
S2,2026-03-06 04:10:00,sw-core-01,port-id7430,uplink,20.472560
S2,2026-03-06 04:15:00,sw-core-01,port-id7430,uplink,17.146693
S2,2026-03-06 04:20:00,sw-core-01,port-id7430,uplink,20.509276
S2,2026-03-06 04:25:00,sw-core-01,port-id7430,uplink,12.275958
S2,2026-03-06 04:30:00,sw-core-01,port-id7430,uplink,16.985217
S2,2026-03-06 04:35:00,sw-core-01,port-id7430,uplink,17.973816
S2,2026-03-06 04:40:00,sw-core-01,port-id7430,uplink,18.276046
S2,2026-03-06 04:45:00,sw-core-01,port-id7430,uplink,18.790277
S2,2026-03-06 04:50:00,sw-core-01,port-id7430,uplink,20.193047
S2,2026-03-06 04:55:00,sw-core-01,port-id7430,uplink,18.519676
S2,2026-03-06 05:00:00,sw-core-01,port-id7430,uplink,18.448043
S2,2026-03-06 05:05:00,sw-core-01,port-id7430,uplink,12.048247
S2,2026-03-06 05:10:00,sw-core-01,port-id7430,uplink,16.668986
S2,2026-03-06 05:15:00,sw-core-01,port-id7430,uplink,17.403047
S2,2026-03-06 05:20:00,sw-core-01,port-id7430,uplink,14.341875
S2,2026-03-06 05:25:00,sw-core-01,port-id7430,uplink,15.159992
S2,2026-03-06 05:30:00,sw-core-01,port-id7430,uplink,17.350354
S2,2026-03-06 05:35:00,sw-core-01,port-id7430,uplink,13.018266
S2,2026-03-06 05:40:00,sw-core-01,port-id7430,uplink,16.095142
S2,2026-03-06 05:45:00,sw-core-01,port-id7430,uplink,16.585123
S2,2026-03-06 05:50:00,sw-core-01,port-id7430,uplink,25.268792
S2,2026-03-06 05:55:00,sw-core-01,port-id7430,uplink,23.065112
S2,2026-03-06 06:00:00,sw-core-01,port-id7430,uplink,24.413734
S2,2026-03-06 06:05:00,sw-core-01,port-id7430,uplink,24.482195
S2,2026-03-06 06:10:00,sw-core-01,port-id7430,uplink,19.003124
S2,2026-03-06 06:15:00,sw-core-01,port-id7430,uplink,23.072726
S2,2026-03-06 06:20:00,sw-core-01,port-id7430,uplink,25.404227
S2,2026-03-06 06:25:00,sw-core-01,port-id7430,uplink,26.481772
S2,2026-03-06 06:30:00,sw-core-01,port-id7430,uplink,23.717234
S2,2026-03-06 06:35:00,sw-core-01,port-id7430,uplink,31.594536
S2,2026-03-06 06:40:00,sw-core-01,port-id7430,uplink,28.502630
S2,2026-03-06 06:45:00,sw-core-01,port-id7430,uplink,26.332204
S2,2026-03-06 06:50:00,sw-core-01,port-id7430,uplink,31.571579
S2,2026-03-06 06:55:00,sw-core-01,port-id7430,uplink,28.954768
S2,2026-03-06 07:00:00,sw-core-01,port-id7430,uplink,28.507168
S2,2026-03-06 07:05:00,sw-core-01,port-id7430,uplink,35.504523
S2,2026-03-06 07:10:00,sw-core-01,port-id7430,uplink,35.331457
S2,2026-03-06 07:15:00,sw-core-01,port-id7430,uplink,31.097485
S2,2026-03-06 07:20:00,sw-core-01,port-id7430,uplink,31.999402
S2,2026-03-06 07:25:00,sw-core-01,port-id7430,uplink,29.816765
S2,2026-03-06 07:30:00,sw-core-01,port-id7430,uplink,34.272127
S2,2026-03-06 07:35:00,sw-core-01,port-id7430,uplink,34.129962
S2,2026-03-06 07:40:00,sw-core-01,port-id7430,uplink,33.633676
S2,2026-03-06 07:45:00,sw-core-01,port-id7430,uplink,41.056107
S2,2026-03-06 07:50:00,sw-core-01,port-id7430,uplink,37.750984
S2,2026-03-06 07:55:00,sw-core-01,port-id7430,uplink,39.330852
S2,2026-03-06 08:00:00,sw-core-01,port-id7430,uplink,41.912837
S2,2026-03-06 08:05:00,sw-core-01,port-id7430,uplink,37.396278
S2,2026-03-06 08:10:00,sw-core-01,port-id7430,uplink,42.769358
S2,2026-03-06 08:15:00,sw-core-01,port-id7430,uplink,42.192440
S2,2026-03-06 08:20:00,sw-core-01,port-id7430,uplink,41.308309
S2,2026-03-06 08:25:00,sw-core-01,port-id7430,uplink,49.126818
S2,2026-03-06 08:30:00,sw-core-01,port-id7430,uplink,41.216450
S2,2026-03-06 08:35:00,sw-core-01,port-id7430,uplink,40.779916
S2,2026-03-06 08:40:00,sw-core-01,port-id7430,uplink,47.636621
S2,2026-03-06 08:45:00,sw-core-01,port-id7430,uplink,42.304036
S2,2026-03-06 08:50:00,sw-core-01,port-id7430,uplink,41.190664
S2,2026-03-06 08:55:00,sw-core-01,port-id7430,uplink,40.661645
S2,2026-03-06 09:00:00,sw-core-01,port-id7430,uplink,43.372305
S2,2026-03-06 09:05:00,sw-core-01,port-id7430,uplink,45.330512
S2,2026-03-06 09:10:00,sw-core-01,port-id7430,uplink,44.697281
S2,2026-03-06 09:15:00,sw-core-01,port-id7430,uplink,44.494488
S2,2026-03-06 09:20:00,sw-core-01,port-id7430,uplink,47.529726
S2,2026-03-06 09:25:00,sw-core-01,port-id7430,uplink,46.510396
S2,2026-03-06 09:30:00,sw-core-01,port-id7430,uplink,44.867069
S2,2026-03-06 09:35:00,sw-core-01,port-id7430,uplink,45.778607
S2,2026-03-06 09:40:00,sw-core-01,port-id7430,uplink,41.642480
S2,2026-03-06 09:45:00,sw-core-01,port-id7430,uplink,42.845933
S2,2026-03-06 09:50:00,sw-core-01,port-id7430,uplink,43.843909
S2,2026-03-06 09:55:00,sw-core-01,port-id7430,uplink,43.433926
S2,2026-03-06 10:00:00,sw-core-01,port-id7430,uplink,43.169420
S2,2026-03-06 10:05:00,sw-core-01,port-id7430,uplink,49.983513
S2,2026-03-06 10:10:00,sw-core-01,port-id7430,uplink,47.493097
S2,2026-03-06 10:15:00,sw-core-01,port-id7430,uplink,49.630187
S2,2026-03-06 10:20:00,sw-core-01,port-id7430,uplink,49.828911
S2,2026-03-06 10:25:00,sw-core-01,port-id7430,uplink,42.001400
S2,2026-03-06 10:30:00,sw-core-01,port-id7430,uplink,45.939988
S2,2026-03-06 10:35:00,sw-core-01,port-id7430,uplink,46.579672
S2,2026-03-06 10:40:00,sw-core-01,port-id7430,uplink,45.771703
S2,2026-03-06 10:45:00,sw-core-01,port-id7430,uplink,40.029420
S2,2026-03-06 10:50:00,sw-core-01,port-id7430,uplink,47.222369
S2,2026-03-06 10:55:00,sw-core-01,port-id7430,uplink,47.125153
S2,2026-03-06 11:00:00,sw-core-01,port-id7430,uplink,47.138658
S2,2026-03-06 11:05:00,sw-core-01,port-id7430,uplink,47.787944
S2,2026-03-06 11:10:00,sw-core-01,port-id7430,uplink,44.444803
S2,2026-03-06 11:15:00,sw-core-01,port-id7430,uplink,42.010063
S2,2026-03-06 11:20:00,sw-core-01,port-id7430,uplink,41.739531
S2,2026-03-06 11:25:00,sw-core-01,port-id7430,uplink,46.243162
S2,2026-03-06 11:30:00,sw-core-01,port-id7430,uplink,46.508663
S2,2026-03-06 11:35:00,sw-core-01,port-id7430,uplink,45.133918
S2,2026-03-06 11:40:00,sw-core-01,port-id7430,uplink,47.057019
S2,2026-03-06 11:45:00,sw-core-01,port-id7430,uplink,46.334627
S2,2026-03-06 11:50:00,sw-core-01,port-id7430,uplink,42.659618
S2,2026-03-06 11:55:00,sw-core-01,port-id7430,uplink,45.623910
S2,2026-03-06 12:00:00,sw-core-01,port-id7430,uplink,45.333498
S2,2026-03-06 12:05:00,sw-core-01,port-id7430,uplink,43.100302
S2,2026-03-06 12:10:00,sw-core-01,port-id7430,uplink,51.266034
S2,2026-03-06 12:15:00,sw-core-01,port-id7430,uplink,46.570114
S2,2026-03-06 12:20:00,sw-core-01,port-id7430,uplink,47.602983
S2,2026-03-06 12:25:00,sw-core-01,port-id7430,uplink,44.154796
S2,2026-03-06 12:30:00,sw-core-01,port-id7430,uplink,43.233344
S2,2026-03-06 12:35:00,sw-core-01,port-id7430,uplink,40.528508
S2,2026-03-06 12:40:00,sw-core-01,port-id7430,uplink,42.350020
S2,2026-03-06 12:45:00,sw-core-01,port-id7430,uplink,44.476500
S2,2026-03-06 12:50:00,sw-core-01,port-id7430,uplink,41.835989
S2,2026-03-06 12:55:00,sw-core-01,port-id7430,uplink,44.353878
S2,2026-03-06 13:00:00,sw-core-01,port-id7430,uplink,42.664566
S2,2026-03-06 13:05:00,sw-core-01,port-id7430,uplink,44.171084
S2,2026-03-06 13:10:00,sw-core-01,port-id7430,uplink,43.635475
S2,2026-03-06 13:15:00,sw-core-01,port-id7430,uplink,43.315754
S2,2026-03-06 13:20:00,sw-core-01,port-id7430,uplink,45.797564
S2,2026-03-06 13:25:00,sw-core-01,port-id7430,uplink,42.024867
S2,2026-03-06 13:30:00,sw-core-01,port-id7430,uplink,47.744470
S2,2026-03-06 13:35:00,sw-core-01,port-id7430,uplink,43.081863
S2,2026-03-06 13:40:00,sw-core-01,port-id7430,uplink,47.598272
S2,2026-03-06 13:45:00,sw-core-01,port-id7430,uplink,43.138481
S2,2026-03-06 13:50:00,sw-core-01,port-id7430,uplink,44.537800
S2,2026-03-06 13:55:00,sw-core-01,port-id7430,uplink,42.429050
S2,2026-03-06 14:00:00,sw-core-01,port-id7430,uplink,47.514494
S2,2026-03-06 14:05:00,sw-core-01,port-id7430,uplink,41.710982
S2,2026-03-06 14:10:00,sw-core-01,port-id7430,uplink,46.922596
S2,2026-03-06 14:15:00,sw-core-01,port-id7430,uplink,43.016538
S2,2026-03-06 14:20:00,sw-core-01,port-id7430,uplink,46.885851
S2,2026-03-06 14:25:00,sw-core-01,port-id7430,uplink,45.886108
S2,2026-03-06 14:30:00,sw-core-01,port-id7430,uplink,41.357036
S2,2026-03-06 14:35:00,sw-core-01,port-id7430,uplink,45.059514
S2,2026-03-06 14:40:00,sw-core-01,port-id7430,uplink,55.427263
S2,2026-03-06 14:45:00,sw-core-01,port-id7430,uplink,40.746852
S2,2026-03-06 14:50:00,sw-core-01,port-id7430,uplink,45.507478
S2,2026-03-06 14:55:00,sw-core-01,port-id7430,uplink,45.057227
S2,2026-03-06 15:00:00,sw-core-01,port-id7430,uplink,48.627090
S2,2026-03-06 15:05:00,sw-core-01,port-id7430,uplink,40.623582
S2,2026-03-06 15:10:00,sw-core-01,port-id7430,uplink,44.343815
S2,2026-03-06 15:15:00,sw-core-01,port-id7430,uplink,50.768400
S2,2026-03-06 15:20:00,sw-core-01,port-id7430,uplink,48.318571
S2,2026-03-06 15:25:00,sw-core-01,port-id7430,uplink,42.004819
S2,2026-03-06 15:30:00,sw-core-01,port-id7430,uplink,49.232873
S2,2026-03-06 15:35:00,sw-core-01,port-id7430,uplink,47.925941
S2,2026-03-06 15:40:00,sw-core-01,port-id7430,uplink,47.841844
S2,2026-03-06 15:45:00,sw-core-01,port-id7430,uplink,42.067005
S2,2026-03-06 15:50:00,sw-core-01,port-id7430,uplink,42.621122
S2,2026-03-06 15:55:00,sw-core-01,port-id7430,uplink,47.477263
S2,2026-03-06 16:00:00,sw-core-01,port-id7430,uplink,45.192630
S2,2026-03-06 16:05:00,sw-core-01,port-id7430,uplink,45.643888
S2,2026-03-06 16:10:00,sw-core-01,port-id7430,uplink,41.519306
S2,2026-03-06 16:15:00,sw-core-01,port-id7430,uplink,51.372995
S2,2026-03-06 16:20:00,sw-core-01,port-id7430,uplink,41.796914
S2,2026-03-06 16:25:00,sw-core-01,port-id7430,uplink,46.458275
S2,2026-03-06 16:30:00,sw-core-01,port-id7430,uplink,51.925846
S2,2026-03-06 16:35:00,sw-core-01,port-id7430,uplink,42.081791
S2,2026-03-06 16:40:00,sw-core-01,port-id7430,uplink,44.929955
S2,2026-03-06 16:45:00,sw-core-01,port-id7430,uplink,45.732473
S2,2026-03-06 16:50:00,sw-core-01,port-id7430,uplink,43.167645
S2,2026-03-06 16:55:00,sw-core-01,port-id7430,uplink,43.862251
S2,2026-03-06 17:00:00,sw-core-01,port-id7430,uplink,40.856985
S2,2026-03-06 17:05:00,sw-core-01,port-id7430,uplink,41.089191
S2,2026-03-06 17:10:00,sw-core-01,port-id7430,uplink,42.505871
S2,2026-03-06 17:15:00,sw-core-01,port-id7430,uplink,39.619869
S2,2026-03-06 17:20:00,sw-core-01,port-id7430,uplink,40.875621
S2,2026-03-06 17:25:00,sw-core-01,port-id7430,uplink,44.676785
S2,2026-03-06 17:30:00,sw-core-01,port-id7430,uplink,44.190956
S2,2026-03-06 17:35:00,sw-core-01,port-id7430,uplink,40.132091
S2,2026-03-06 17:40:00,sw-core-01,port-id7430,uplink,46.317044
S2,2026-03-06 17:45:00,sw-core-01,port-id7430,uplink,47.880901
S2,2026-03-06 17:50:00,sw-core-01,port-id7430,uplink,42.519855
S2,2026-03-06 17:55:00,sw-core-01,port-id7430,uplink,42.817142
S2,2026-03-06 18:00:00,sw-core-01,port-id7430,uplink,40.470653
S2,2026-03-06 18:05:00,sw-core-01,port-id7430,uplink,45.408097
S2,2026-03-06 18:10:00,sw-core-01,port-id7430,uplink,45.294656
S2,2026-03-06 18:15:00,sw-core-01,port-id7430,uplink,43.790586
S2,2026-03-06 18:20:00,sw-core-01,port-id7430,uplink,45.013304
S2,2026-03-06 18:25:00,sw-core-01,port-id7430,uplink,35.406368
S2,2026-03-06 18:30:00,sw-core-01,port-id7430,uplink,38.555114
S2,2026-03-06 18:35:00,sw-core-01,port-id7430,uplink,33.007032
S2,2026-03-06 18:40:00,sw-core-01,port-id7430,uplink,38.828743
S2,2026-03-06 18:45:00,sw-core-01,port-id7430,uplink,42.739778
S2,2026-03-06 18:50:00,sw-core-01,port-id7430,uplink,39.857184
S2,2026-03-06 18:55:00,sw-core-01,port-id7430,uplink,32.696239
S2,2026-03-06 19:00:00,sw-core-01,port-id7430,uplink,32.968756
S2,2026-03-06 19:05:00,sw-core-01,port-id7430,uplink,35.994074
S2,2026-03-06 19:10:00,sw-core-01,port-id7430,uplink,33.519590
S2,2026-03-06 19:15:00,sw-core-01,port-id7430,uplink,32.519020
S2,2026-03-06 19:20:00,sw-core-01,port-id7430,uplink,29.240891
S2,2026-03-06 19:25:00,sw-core-01,port-id7430,uplink,31.555002
S2,2026-03-06 19:30:00,sw-core-01,port-id7430,uplink,30.440382
S2,2026-03-06 19:35:00,sw-core-01,port-id7430,uplink,30.255272
S2,2026-03-06 19:40:00,sw-core-01,port-id7430,uplink,25.871589
S2,2026-03-06 19:45:00,sw-core-01,port-id7430,uplink,25.448767
S2,2026-03-06 19:50:00,sw-core-01,port-id7430,uplink,21.896616
S2,2026-03-06 19:55:00,sw-core-01,port-id7430,uplink,27.834055
S2,2026-03-06 20:00:00,sw-core-01,port-id7430,uplink,26.756495
S2,2026-03-06 20:05:00,sw-core-01,port-id7430,uplink,27.128227
S2,2026-03-06 20:10:00,sw-core-01,port-id7430,uplink,25.591170
S2,2026-03-06 20:15:00,sw-core-01,port-id7430,uplink,19.199950
S2,2026-03-06 20:20:00,sw-core-01,port-id7430,uplink,24.285717
S2,2026-03-06 20:25:00,sw-core-01,port-id7430,uplink,16.945462
S2,2026-03-06 20:30:00,sw-core-01,port-id7430,uplink,19.452648
S2,2026-03-06 20:35:00,sw-core-01,port-id7430,uplink,22.444778
S2,2026-03-06 20:40:00,sw-core-01,port-id7430,uplink,22.490688
S2,2026-03-06 20:45:00,sw-core-01,port-id7430,uplink,16.268190
S2,2026-03-06 20:50:00,sw-core-01,port-id7430,uplink,22.261341
S2,2026-03-06 20:55:00,sw-core-01,port-id7430,uplink,18.418972
S2,2026-03-06 21:00:00,sw-core-01,port-id7430,uplink,19.446021
S2,2026-03-06 21:05:00,sw-core-01,port-id7430,uplink,16.845238
S2,2026-03-06 21:10:00,sw-core-01,port-id7430,uplink,13.266544
S2,2026-03-06 21:15:00,sw-core-01,port-id7430,uplink,19.565370
S2,2026-03-06 21:20:00,sw-core-01,port-id7430,uplink,15.820513
S2,2026-03-06 21:25:00,sw-core-01,port-id7430,uplink,13.646299
S2,2026-03-06 21:30:00,sw-core-01,port-id7430,uplink,15.887260
S2,2026-03-06 21:35:00,sw-core-01,port-id7430,uplink,19.426495
S2,2026-03-06 21:40:00,sw-core-01,port-id7430,uplink,16.117028
S2,2026-03-06 21:45:00,sw-core-01,port-id7430,uplink,16.561342
S2,2026-03-06 21:50:00,sw-core-01,port-id7430,uplink,16.932929
S2,2026-03-06 21:55:00,sw-core-01,port-id7430,uplink,19.894948
S2,2026-03-06 22:00:00,sw-core-01,port-id7430,uplink,17.624624
S2,2026-03-06 22:05:00,sw-core-01,port-id7430,uplink,20.437316
S2,2026-03-06 22:10:00,sw-core-01,port-id7430,uplink,10.546914
S2,2026-03-06 22:15:00,sw-core-01,port-id7430,uplink,19.514108
S2,2026-03-06 22:20:00,sw-core-01,port-id7430,uplink,14.663536
S2,2026-03-06 22:25:00,sw-core-01,port-id7430,uplink,12.912610
S2,2026-03-06 22:30:00,sw-core-01,port-id7430,uplink,20.725065
S2,2026-03-06 22:35:00,sw-core-01,port-id7430,uplink,20.709695
S2,2026-03-06 22:40:00,sw-core-01,port-id7430,uplink,13.335393
S2,2026-03-06 22:45:00,sw-core-01,port-id7430,uplink,11.967370
S2,2026-03-06 22:50:00,sw-core-01,port-id7430,uplink,19.579105
S2,2026-03-06 22:55:00,sw-core-01,port-id7430,uplink,16.790439
S2,2026-03-06 23:00:00,sw-core-01,port-id7430,uplink,14.823773
S2,2026-03-06 23:05:00,sw-core-01,port-id7430,uplink,8.735580
S2,2026-03-06 23:10:00,sw-core-01,port-id7430,uplink,22.482777
S2,2026-03-06 23:15:00,sw-core-01,port-id7430,uplink,11.961294
S2,2026-03-06 23:20:00,sw-core-01,port-id7430,uplink,14.196768
S2,2026-03-06 23:25:00,sw-core-01,port-id7430,uplink,18.887110
S2,2026-03-06 23:30:00,sw-core-01,port-id7430,uplink,11.361825
S2,2026-03-06 23:35:00,sw-core-01,port-id7430,uplink,17.281686
S2,2026-03-06 23:40:00,sw-core-01,port-id7430,uplink,14.316640
S2,2026-03-06 23:45:00,sw-core-01,port-id7430,uplink,13.299250
S2,2026-03-06 23:50:00,sw-core-01,port-id7430,uplink,13.329243
S2,2026-03-06 23:55:00,sw-core-01,port-id7430,uplink,10.618696
S2,2026-03-07 00:00:00,sw-core-01,port-id7430,uplink,11.020343
S2,2026-03-07 00:05:00,sw-core-01,port-id7430,uplink,10.469316
S2,2026-03-07 00:10:00,sw-core-01,port-id7430,uplink,8.924563
S2,2026-03-07 00:15:00,sw-core-01,port-id7430,uplink,3.763260
S2,2026-03-07 00:20:00,sw-core-01,port-id7430,uplink,6.143506
S2,2026-03-07 00:25:00,sw-core-01,port-id7430,uplink,12.378850
S2,2026-03-07 00:30:00,sw-core-01,port-id7430,uplink,3.680202
S2,2026-03-07 00:35:00,sw-core-01,port-id7430,uplink,6.592646
S2,2026-03-07 00:40:00,sw-core-01,port-id7430,uplink,11.859427
S2,2026-03-07 00:45:00,sw-core-01,port-id7430,uplink,11.208520
S2,2026-03-07 00:50:00,sw-core-01,port-id7430,uplink,7.196119
S2,2026-03-07 00:55:00,sw-core-01,port-id7430,uplink,9.909363
S2,2026-03-07 01:00:00,sw-core-01,port-id7430,uplink,6.102994
S2,2026-03-07 01:05:00,sw-core-01,port-id7430,uplink,9.052341
S2,2026-03-07 01:10:00,sw-core-01,port-id7430,uplink,9.178463
S2,2026-03-07 01:15:00,sw-core-01,port-id7430,uplink,12.269667
S2,2026-03-07 01:20:00,sw-core-01,port-id7430,uplink,12.447746
S2,2026-03-07 01:25:00,sw-core-01,port-id7430,uplink,11.456124
S2,2026-03-07 01:30:00,sw-core-01,port-id7430,uplink,7.695542
S2,2026-03-07 01:35:00,sw-core-01,port-id7430,uplink,6.332497
S2,2026-03-07 01:40:00,sw-core-01,port-id7430,uplink,8.257279
S2,2026-03-07 01:45:00,sw-core-01,port-id7430,uplink,11.766586
S2,2026-03-07 01:50:00,sw-core-01,port-id7430,uplink,13.508005
S2,2026-03-07 01:55:00,sw-core-01,port-id7430,uplink,7.388281
S2,2026-03-07 02:00:00,sw-core-01,port-id7430,uplink,7.284299
S2,2026-03-07 02:05:00,sw-core-01,port-id7430,uplink,14.297045
S2,2026-03-07 02:10:00,sw-core-01,port-id7430,uplink,13.801117
S2,2026-03-07 02:15:00,sw-core-01,port-id7430,uplink,11.579486
S2,2026-03-07 02:20:00,sw-core-01,port-id7430,uplink,13.163565
S2,2026-03-07 02:25:00,sw-core-01,port-id7430,uplink,18.107558
S2,2026-03-07 02:30:00,sw-core-01,port-id7430,uplink,8.100168
S2,2026-03-07 02:35:00,sw-core-01,port-id7430,uplink,14.358078
S2,2026-03-07 02:40:00,sw-core-01,port-id7430,uplink,8.123767
S2,2026-03-07 02:45:00,sw-core-01,port-id7430,uplink,13.263639
S2,2026-03-07 02:50:00,sw-core-01,port-id7430,uplink,12.811914
S2,2026-03-07 02:55:00,sw-core-01,port-id7430,uplink,6.463397
S2,2026-03-07 03:00:00,sw-core-01,port-id7430,uplink,9.323540
S2,2026-03-07 03:05:00,sw-core-01,port-id7430,uplink,8.972569
S2,2026-03-07 03:10:00,sw-core-01,port-id7430,uplink,5.920692
S2,2026-03-07 03:15:00,sw-core-01,port-id7430,uplink,12.801196
S2,2026-03-07 03:20:00,sw-core-01,port-id7430,uplink,11.478025
S2,2026-03-07 03:25:00,sw-core-01,port-id7430,uplink,14.472319
S2,2026-03-07 03:30:00,sw-core-01,port-id7430,uplink,5.732362
S2,2026-03-07 03:35:00,sw-core-01,port-id7430,uplink,7.050377
S2,2026-03-07 03:40:00,sw-core-01,port-id7430,uplink,8.452898
S2,2026-03-07 03:45:00,sw-core-01,port-id7430,uplink,13.582016
S2,2026-03-07 03:50:00,sw-core-01,port-id7430,uplink,12.085812
S2,2026-03-07 03:55:00,sw-core-01,port-id7430,uplink,12.463036
S2,2026-03-07 04:00:00,sw-core-01,port-id7430,uplink,9.070084
S2,2026-03-07 04:05:00,sw-core-01,port-id7430,uplink,12.913752
S2,2026-03-07 04:10:00,sw-core-01,port-id7430,uplink,14.560662
S2,2026-03-07 04:15:00,sw-core-01,port-id7430,uplink,10.868522
S2,2026-03-07 04:20:00,sw-core-01,port-id7430,uplink,11.574184
S2,2026-03-07 04:25:00,sw-core-01,port-id7430,uplink,6.121095
S2,2026-03-07 04:30:00,sw-core-01,port-id7430,uplink,7.764391
S2,2026-03-07 04:35:00,sw-core-01,port-id7430,uplink,8.330535
S2,2026-03-07 04:40:00,sw-core-01,port-id7430,uplink,8.975909
S2,2026-03-07 04:45:00,sw-core-01,port-id7430,uplink,14.242432
S2,2026-03-07 04:50:00,sw-core-01,port-id7430,uplink,8.229025
S2,2026-03-07 04:55:00,sw-core-01,port-id7430,uplink,10.463129
S2,2026-03-07 05:00:00,sw-core-01,port-id7430,uplink,10.765013
S2,2026-03-07 05:05:00,sw-core-01,port-id7430,uplink,13.982421
S2,2026-03-07 05:10:00,sw-core-01,port-id7430,uplink,4.371042
S2,2026-03-07 05:15:00,sw-core-01,port-id7430,uplink,9.208066
S2,2026-03-07 05:20:00,sw-core-01,port-id7430,uplink,7.339471
S2,2026-03-07 05:25:00,sw-core-01,port-id7430,uplink,10.349656
S2,2026-03-07 05:30:00,sw-core-01,port-id7430,uplink,9.918756
S2,2026-03-07 05:35:00,sw-core-01,port-id7430,uplink,12.536073
S2,2026-03-07 05:40:00,sw-core-01,port-id7430,uplink,10.905493
S2,2026-03-07 05:45:00,sw-core-01,port-id7430,uplink,11.382636
S2,2026-03-07 05:50:00,sw-core-01,port-id7430,uplink,12.921168
S2,2026-03-07 05:55:00,sw-core-01,port-id7430,uplink,4.734378
S2,2026-03-07 06:00:00,sw-core-01,port-id7430,uplink,11.524953
S2,2026-03-07 06:05:00,sw-core-01,port-id7430,uplink,14.271949
S2,2026-03-07 06:10:00,sw-core-01,port-id7430,uplink,9.638587
S2,2026-03-07 06:15:00,sw-core-01,port-id7430,uplink,16.947787
S2,2026-03-07 06:20:00,sw-core-01,port-id7430,uplink,14.163652
S2,2026-03-07 06:25:00,sw-core-01,port-id7430,uplink,17.760344
S2,2026-03-07 06:30:00,sw-core-01,port-id7430,uplink,12.743076
S2,2026-03-07 06:35:00,sw-core-01,port-id7430,uplink,16.103404
S2,2026-03-07 06:40:00,sw-core-01,port-id7430,uplink,13.587883
S2,2026-03-07 06:45:00,sw-core-01,port-id7430,uplink,16.001474
S2,2026-03-07 06:50:00,sw-core-01,port-id7430,uplink,17.490746
S2,2026-03-07 06:55:00,sw-core-01,port-id7430,uplink,16.332621
S2,2026-03-07 07:00:00,sw-core-01,port-id7430,uplink,19.334304
S2,2026-03-07 07:05:00,sw-core-01,port-id7430,uplink,19.121504
S2,2026-03-07 07:10:00,sw-core-01,port-id7430,uplink,12.857922
S2,2026-03-07 07:15:00,sw-core-01,port-id7430,uplink,22.771715
S2,2026-03-07 07:20:00,sw-core-01,port-id7430,uplink,18.640596
S2,2026-03-07 07:25:00,sw-core-01,port-id7430,uplink,24.678774
S2,2026-03-07 07:30:00,sw-core-01,port-id7430,uplink,12.354055
S2,2026-03-07 07:35:00,sw-core-01,port-id7430,uplink,18.688799
S2,2026-03-07 07:40:00,sw-core-01,port-id7430,uplink,25.165398
S2,2026-03-07 07:45:00,sw-core-01,port-id7430,uplink,25.337044
S2,2026-03-07 07:50:00,sw-core-01,port-id7430,uplink,26.441196
S2,2026-03-07 07:55:00,sw-core-01,port-id7430,uplink,20.433787
S2,2026-03-07 08:00:00,sw-core-01,port-id7430,uplink,22.555476
S2,2026-03-07 08:05:00,sw-core-01,port-id7430,uplink,29.943811
S2,2026-03-07 08:10:00,sw-core-01,port-id7430,uplink,26.926464
S2,2026-03-07 08:15:00,sw-core-01,port-id7430,uplink,24.844011
S2,2026-03-07 08:20:00,sw-core-01,port-id7430,uplink,25.329685
S2,2026-03-07 08:25:00,sw-core-01,port-id7430,uplink,23.226905
S2,2026-03-07 08:30:00,sw-core-01,port-id7430,uplink,27.610189
S2,2026-03-07 08:35:00,sw-core-01,port-id7430,uplink,20.556418
S2,2026-03-07 08:40:00,sw-core-01,port-id7430,uplink,24.821031
S2,2026-03-07 08:45:00,sw-core-01,port-id7430,uplink,26.060067
S2,2026-03-07 08:50:00,sw-core-01,port-id7430,uplink,26.571685
S2,2026-03-07 08:55:00,sw-core-01,port-id7430,uplink,31.716850
S2,2026-03-07 09:00:00,sw-core-01,port-id7430,uplink,28.252674
S2,2026-03-07 09:05:00,sw-core-01,port-id7430,uplink,28.086060
S2,2026-03-07 09:10:00,sw-core-01,port-id7430,uplink,30.601344
S2,2026-03-07 09:15:00,sw-core-01,port-id7430,uplink,24.784034
S2,2026-03-07 09:20:00,sw-core-01,port-id7430,uplink,29.436921
S2,2026-03-07 09:25:00,sw-core-01,port-id7430,uplink,21.362430
S2,2026-03-07 09:30:00,sw-core-01,port-id7430,uplink,30.094341
S2,2026-03-07 09:35:00,sw-core-01,port-id7430,uplink,26.334118
S2,2026-03-07 09:40:00,sw-core-01,port-id7430,uplink,22.627528
S2,2026-03-07 09:45:00,sw-core-01,port-id7430,uplink,26.104703
S2,2026-03-07 09:50:00,sw-core-01,port-id7430,uplink,22.704043
S2,2026-03-07 09:55:00,sw-core-01,port-id7430,uplink,23.841614
S2,2026-03-07 10:00:00,sw-core-01,port-id7430,uplink,26.032141
S2,2026-03-07 10:05:00,sw-core-01,port-id7430,uplink,27.365455
S2,2026-03-07 10:10:00,sw-core-01,port-id7430,uplink,26.822332
S2,2026-03-07 10:15:00,sw-core-01,port-id7430,uplink,28.727459
S2,2026-03-07 10:20:00,sw-core-01,port-id7430,uplink,31.378544
S2,2026-03-07 10:25:00,sw-core-01,port-id7430,uplink,34.083888
S2,2026-03-07 10:30:00,sw-core-01,port-id7430,uplink,25.613048
S2,2026-03-07 10:35:00,sw-core-01,port-id7430,uplink,30.015874
S2,2026-03-07 10:40:00,sw-core-01,port-id7430,uplink,29.351717
S2,2026-03-07 10:45:00,sw-core-01,port-id7430,uplink,28.635073
S2,2026-03-07 10:50:00,sw-core-01,port-id7430,uplink,30.392571
S2,2026-03-07 10:55:00,sw-core-01,port-id7430,uplink,27.978614
S2,2026-03-07 11:00:00,sw-core-01,port-id7430,uplink,24.017379
S2,2026-03-07 11:05:00,sw-core-01,port-id7430,uplink,23.777933
S2,2026-03-07 11:10:00,sw-core-01,port-id7430,uplink,31.228620
S2,2026-03-07 11:15:00,sw-core-01,port-id7430,uplink,28.899419
S2,2026-03-07 11:20:00,sw-core-01,port-id7430,uplink,22.888351
S2,2026-03-07 11:25:00,sw-core-01,port-id7430,uplink,28.320136
S2,2026-03-07 11:30:00,sw-core-01,port-id7430,uplink,26.979458
S2,2026-03-07 11:35:00,sw-core-01,port-id7430,uplink,25.893763
S2,2026-03-07 11:40:00,sw-core-01,port-id7430,uplink,26.865706
S2,2026-03-07 11:45:00,sw-core-01,port-id7430,uplink,29.131162
S2,2026-03-07 11:50:00,sw-core-01,port-id7430,uplink,28.675012
S2,2026-03-07 11:55:00,sw-core-01,port-id7430,uplink,26.403056
S2,2026-03-07 12:00:00,sw-core-01,port-id7430,uplink,31.928058
S2,2026-03-07 12:05:00,sw-core-01,port-id7430,uplink,31.080324
S2,2026-03-07 12:10:00,sw-core-01,port-id7430,uplink,28.126907
S2,2026-03-07 12:15:00,sw-core-01,port-id7430,uplink,27.349074
S2,2026-03-07 12:20:00,sw-core-01,port-id7430,uplink,29.547082
S2,2026-03-07 12:25:00,sw-core-01,port-id7430,uplink,24.755050
S2,2026-03-07 12:30:00,sw-core-01,port-id7430,uplink,24.959384
S2,2026-03-07 12:35:00,sw-core-01,port-id7430,uplink,25.241156
S2,2026-03-07 12:40:00,sw-core-01,port-id7430,uplink,24.882040
S2,2026-03-07 12:45:00,sw-core-01,port-id7430,uplink,25.451431
S2,2026-03-07 12:50:00,sw-core-01,port-id7430,uplink,19.624021
S2,2026-03-07 12:55:00,sw-core-01,port-id7430,uplink,26.686861
S2,2026-03-07 13:00:00,sw-core-01,port-id7430,uplink,18.033036
S2,2026-03-07 13:05:00,sw-core-01,port-id7430,uplink,27.680771
S2,2026-03-07 13:10:00,sw-core-01,port-id7430,uplink,29.569227
S2,2026-03-07 13:15:00,sw-core-01,port-id7430,uplink,27.527201
S2,2026-03-07 13:20:00,sw-core-01,port-id7430,uplink,27.805763
S2,2026-03-07 13:25:00,sw-core-01,port-id7430,uplink,29.339066
S2,2026-03-07 13:30:00,sw-core-01,port-id7430,uplink,27.190582
S2,2026-03-07 13:35:00,sw-core-01,port-id7430,uplink,24.741290
S2,2026-03-07 13:40:00,sw-core-01,port-id7430,uplink,26.641054
S2,2026-03-07 13:45:00,sw-core-01,port-id7430,uplink,31.023581
S2,2026-03-07 13:50:00,sw-core-01,port-id7430,uplink,25.550846
S2,2026-03-07 13:55:00,sw-core-01,port-id7430,uplink,26.006844
S2,2026-03-07 14:00:00,sw-core-01,port-id7430,uplink,22.691275
S2,2026-03-07 14:05:00,sw-core-01,port-id7430,uplink,22.506781
S2,2026-03-07 14:10:00,sw-core-01,port-id7430,uplink,34.693857
S2,2026-03-07 14:15:00,sw-core-01,port-id7430,uplink,29.052989
S2,2026-03-07 14:20:00,sw-core-01,port-id7430,uplink,28.196173
S2,2026-03-07 14:25:00,sw-core-01,port-id7430,uplink,32.112309
S2,2026-03-07 14:30:00,sw-core-01,port-id7430,uplink,29.279305
S2,2026-03-07 14:35:00,sw-core-01,port-id7430,uplink,28.362719
S2,2026-03-07 14:40:00,sw-core-01,port-id7430,uplink,30.803698
S2,2026-03-07 14:45:00,sw-core-01,port-id7430,uplink,23.455465
S2,2026-03-07 14:50:00,sw-core-01,port-id7430,uplink,27.020588
S2,2026-03-07 14:55:00,sw-core-01,port-id7430,uplink,27.573906
S2,2026-03-07 15:00:00,sw-core-01,port-id7430,uplink,23.149986
S2,2026-03-07 15:05:00,sw-core-01,port-id7430,uplink,23.999909
S2,2026-03-07 15:10:00,sw-core-01,port-id7430,uplink,27.887608
S2,2026-03-07 15:15:00,sw-core-01,port-id7430,uplink,27.128186
S2,2026-03-07 15:20:00,sw-core-01,port-id7430,uplink,28.707054
S2,2026-03-07 15:25:00,sw-core-01,port-id7430,uplink,30.270669
S2,2026-03-07 15:30:00,sw-core-01,port-id7430,uplink,29.487675
S2,2026-03-07 15:35:00,sw-core-01,port-id7430,uplink,27.994623
S2,2026-03-07 15:40:00,sw-core-01,port-id7430,uplink,27.290805
S2,2026-03-07 15:45:00,sw-core-01,port-id7430,uplink,27.762004
S2,2026-03-07 15:50:00,sw-core-01,port-id7430,uplink,26.010244
S2,2026-03-07 15:55:00,sw-core-01,port-id7430,uplink,25.217692
S2,2026-03-07 16:00:00,sw-core-01,port-id7430,uplink,27.564346
S2,2026-03-07 16:05:00,sw-core-01,port-id7430,uplink,26.996028
S2,2026-03-07 16:10:00,sw-core-01,port-id7430,uplink,30.229549
S2,2026-03-07 16:15:00,sw-core-01,port-id7430,uplink,26.740970
S2,2026-03-07 16:20:00,sw-core-01,port-id7430,uplink,26.467118
S2,2026-03-07 16:25:00,sw-core-01,port-id7430,uplink,29.193572
S2,2026-03-07 16:30:00,sw-core-01,port-id7430,uplink,28.544470
S2,2026-03-07 16:35:00,sw-core-01,port-id7430,uplink,29.317685
S2,2026-03-07 16:40:00,sw-core-01,port-id7430,uplink,23.320309
S2,2026-03-07 16:45:00,sw-core-01,port-id7430,uplink,25.572246
S2,2026-03-07 16:50:00,sw-core-01,port-id7430,uplink,26.298799
S2,2026-03-07 16:55:00,sw-core-01,port-id7430,uplink,25.793528
S2,2026-03-07 17:00:00,sw-core-01,port-id7430,uplink,27.845908
S2,2026-03-07 17:05:00,sw-core-01,port-id7430,uplink,28.388300
S2,2026-03-07 17:10:00,sw-core-01,port-id7430,uplink,22.094383
S2,2026-03-07 17:15:00,sw-core-01,port-id7430,uplink,30.550740
S2,2026-03-07 17:20:00,sw-core-01,port-id7430,uplink,26.629559
S2,2026-03-07 17:25:00,sw-core-01,port-id7430,uplink,21.130149
S2,2026-03-07 17:30:00,sw-core-01,port-id7430,uplink,22.845411
S2,2026-03-07 17:35:00,sw-core-01,port-id7430,uplink,31.005307
S2,2026-03-07 17:40:00,sw-core-01,port-id7430,uplink,22.309784
S2,2026-03-07 17:45:00,sw-core-01,port-id7430,uplink,24.254876
S2,2026-03-07 17:50:00,sw-core-01,port-id7430,uplink,31.078242
S2,2026-03-07 17:55:00,sw-core-01,port-id7430,uplink,24.656431
S2,2026-03-07 18:00:00,sw-core-01,port-id7430,uplink,30.044038
S2,2026-03-07 18:05:00,sw-core-01,port-id7430,uplink,22.960902
S2,2026-03-07 18:10:00,sw-core-01,port-id7430,uplink,24.793908
S2,2026-03-07 18:15:00,sw-core-01,port-id7430,uplink,30.570672
S2,2026-03-07 18:20:00,sw-core-01,port-id7430,uplink,23.868654
S2,2026-03-07 18:25:00,sw-core-01,port-id7430,uplink,25.751220
S2,2026-03-07 18:30:00,sw-core-01,port-id7430,uplink,25.747390
S2,2026-03-07 18:35:00,sw-core-01,port-id7430,uplink,23.247995
S2,2026-03-07 18:40:00,sw-core-01,port-id7430,uplink,18.742587
S2,2026-03-07 18:45:00,sw-core-01,port-id7430,uplink,19.624248
S2,2026-03-07 18:50:00,sw-core-01,port-id7430,uplink,26.625576
S2,2026-03-07 18:55:00,sw-core-01,port-id7430,uplink,22.005154
S2,2026-03-07 19:00:00,sw-core-01,port-id7430,uplink,24.135613
S2,2026-03-07 19:05:00,sw-core-01,port-id7430,uplink,20.985074
S2,2026-03-07 19:10:00,sw-core-01,port-id7430,uplink,20.777688
S2,2026-03-07 19:15:00,sw-core-01,port-id7430,uplink,20.411299
S2,2026-03-07 19:20:00,sw-core-01,port-id7430,uplink,22.237075
S2,2026-03-07 19:25:00,sw-core-01,port-id7430,uplink,18.211107
S2,2026-03-07 19:30:00,sw-core-01,port-id7430,uplink,18.657695
S2,2026-03-07 19:35:00,sw-core-01,port-id7430,uplink,17.002149
S2,2026-03-07 19:40:00,sw-core-01,port-id7430,uplink,14.183191
S2,2026-03-07 19:45:00,sw-core-01,port-id7430,uplink,23.164789
S2,2026-03-07 19:50:00,sw-core-01,port-id7430,uplink,15.991425
S2,2026-03-07 19:55:00,sw-core-01,port-id7430,uplink,8.454958
S2,2026-03-07 20:00:00,sw-core-01,port-id7430,uplink,13.975493
S2,2026-03-07 20:05:00,sw-core-01,port-id7430,uplink,14.273752
S2,2026-03-07 20:10:00,sw-core-01,port-id7430,uplink,10.472975
S2,2026-03-07 20:15:00,sw-core-01,port-id7430,uplink,12.180472
S2,2026-03-07 20:20:00,sw-core-01,port-id7430,uplink,11.453955
S2,2026-03-07 20:25:00,sw-core-01,port-id7430,uplink,11.474680
S2,2026-03-07 20:30:00,sw-core-01,port-id7430,uplink,13.766865
S2,2026-03-07 20:35:00,sw-core-01,port-id7430,uplink,17.241296
S2,2026-03-07 20:40:00,sw-core-01,port-id7430,uplink,9.998381
S2,2026-03-07 20:45:00,sw-core-01,port-id7430,uplink,8.223724
S2,2026-03-07 20:50:00,sw-core-01,port-id7430,uplink,7.724153
S2,2026-03-07 20:55:00,sw-core-01,port-id7430,uplink,8.587435
S2,2026-03-07 21:00:00,sw-core-01,port-id7430,uplink,13.410022
S2,2026-03-07 21:05:00,sw-core-01,port-id7430,uplink,11.810303
S2,2026-03-07 21:10:00,sw-core-01,port-id7430,uplink,11.396125
S2,2026-03-07 21:15:00,sw-core-01,port-id7430,uplink,8.311748
S2,2026-03-07 21:20:00,sw-core-01,port-id7430,uplink,6.250248
S2,2026-03-07 21:25:00,sw-core-01,port-id7430,uplink,11.001253
S2,2026-03-07 21:30:00,sw-core-01,port-id7430,uplink,14.065393
S2,2026-03-07 21:35:00,sw-core-01,port-id7430,uplink,14.876690
S2,2026-03-07 21:40:00,sw-core-01,port-id7430,uplink,4.229031
S2,2026-03-07 21:45:00,sw-core-01,port-id7430,uplink,12.829431
S2,2026-03-07 21:50:00,sw-core-01,port-id7430,uplink,12.493772
S2,2026-03-07 21:55:00,sw-core-01,port-id7430,uplink,7.986042
S2,2026-03-07 22:00:00,sw-core-01,port-id7430,uplink,11.180913
S2,2026-03-07 22:05:00,sw-core-01,port-id7430,uplink,6.948672
S2,2026-03-07 22:10:00,sw-core-01,port-id7430,uplink,10.372213
S2,2026-03-07 22:15:00,sw-core-01,port-id7430,uplink,10.724673
S2,2026-03-07 22:20:00,sw-core-01,port-id7430,uplink,12.152452
S2,2026-03-07 22:25:00,sw-core-01,port-id7430,uplink,12.638793
S2,2026-03-07 22:30:00,sw-core-01,port-id7430,uplink,11.468165
S2,2026-03-07 22:35:00,sw-core-01,port-id7430,uplink,10.787516
S2,2026-03-07 22:40:00,sw-core-01,port-id7430,uplink,9.193489
S2,2026-03-07 22:45:00,sw-core-01,port-id7430,uplink,9.764274
S2,2026-03-07 22:50:00,sw-core-01,port-id7430,uplink,14.266260
S2,2026-03-07 22:55:00,sw-core-01,port-id7430,uplink,14.814533
S2,2026-03-07 23:00:00,sw-core-01,port-id7430,uplink,9.507049
S2,2026-03-07 23:05:00,sw-core-01,port-id7430,uplink,10.198462
S2,2026-03-07 23:10:00,sw-core-01,port-id7430,uplink,14.372638
S2,2026-03-07 23:15:00,sw-core-01,port-id7430,uplink,7.045063
S2,2026-03-07 23:20:00,sw-core-01,port-id7430,uplink,7.974548
S2,2026-03-07 23:25:00,sw-core-01,port-id7430,uplink,8.671412
S2,2026-03-07 23:30:00,sw-core-01,port-id7430,uplink,10.046614
S2,2026-03-07 23:35:00,sw-core-01,port-id7430,uplink,10.605811
S2,2026-03-07 23:40:00,sw-core-01,port-id7430,uplink,12.918358
S2,2026-03-07 23:45:00,sw-core-01,port-id7430,uplink,5.068958
S2,2026-03-07 23:50:00,sw-core-01,port-id7430,uplink,9.026868
S2,2026-03-07 23:55:00,sw-core-01,port-id7430,uplink,11.333621
S2,2026-03-08 00:00:00,sw-core-01,port-id7430,uplink,9.050275
S2,2026-03-08 00:05:00,sw-core-01,port-id7430,uplink,11.408530
S2,2026-03-08 00:10:00,sw-core-01,port-id7430,uplink,7.912492
S2,2026-03-08 00:15:00,sw-core-01,port-id7430,uplink,9.246100
S2,2026-03-08 00:20:00,sw-core-01,port-id7430,uplink,4.442411
S2,2026-03-08 00:25:00,sw-core-01,port-id7430,uplink,12.281230
S2,2026-03-08 00:30:00,sw-core-01,port-id7430,uplink,10.997586
S2,2026-03-08 00:35:00,sw-core-01,port-id7430,uplink,9.192832
S2,2026-03-08 00:40:00,sw-core-01,port-id7430,uplink,8.204710
S2,2026-03-08 00:45:00,sw-core-01,port-id7430,uplink,11.517319
S2,2026-03-08 00:50:00,sw-core-01,port-id7430,uplink,13.522003
S2,2026-03-08 00:55:00,sw-core-01,port-id7430,uplink,12.431449
S2,2026-03-08 01:00:00,sw-core-01,port-id7430,uplink,10.583522
S2,2026-03-08 01:05:00,sw-core-01,port-id7430,uplink,12.105847
S2,2026-03-08 01:10:00,sw-core-01,port-id7430,uplink,6.532491
S2,2026-03-08 01:15:00,sw-core-01,port-id7430,uplink,9.460353
S2,2026-03-08 01:20:00,sw-core-01,port-id7430,uplink,8.621998
S2,2026-03-08 01:25:00,sw-core-01,port-id7430,uplink,9.114533
S2,2026-03-08 01:30:00,sw-core-01,port-id7430,uplink,5.419247
S2,2026-03-08 01:35:00,sw-core-01,port-id7430,uplink,8.089675
S2,2026-03-08 01:40:00,sw-core-01,port-id7430,uplink,15.714735
S2,2026-03-08 01:45:00,sw-core-01,port-id7430,uplink,11.023473
S2,2026-03-08 01:50:00,sw-core-01,port-id7430,uplink,8.430378
S2,2026-03-08 01:55:00,sw-core-01,port-id7430,uplink,8.048679
S2,2026-03-08 02:00:00,sw-core-01,port-id7430,uplink,12.298695
S2,2026-03-08 02:05:00,sw-core-01,port-id7430,uplink,11.986979
S2,2026-03-08 02:10:00,sw-core-01,port-id7430,uplink,10.416473
S2,2026-03-08 02:15:00,sw-core-01,port-id7430,uplink,11.121348
S2,2026-03-08 02:20:00,sw-core-01,port-id7430,uplink,11.953117
S2,2026-03-08 02:25:00,sw-core-01,port-id7430,uplink,5.286883
S2,2026-03-08 02:30:00,sw-core-01,port-id7430,uplink,11.455372
S2,2026-03-08 02:35:00,sw-core-01,port-id7430,uplink,5.671675
S2,2026-03-08 02:40:00,sw-core-01,port-id7430,uplink,13.067776
S2,2026-03-08 02:45:00,sw-core-01,port-id7430,uplink,10.153493
S2,2026-03-08 02:50:00,sw-core-01,port-id7430,uplink,7.153387
S2,2026-03-08 02:55:00,sw-core-01,port-id7430,uplink,7.606238
S2,2026-03-08 03:00:00,sw-core-01,port-id7430,uplink,7.938420
S2,2026-03-08 03:05:00,sw-core-01,port-id7430,uplink,14.837335
S2,2026-03-08 03:10:00,sw-core-01,port-id7430,uplink,12.923514
S2,2026-03-08 03:15:00,sw-core-01,port-id7430,uplink,6.073671
S2,2026-03-08 03:20:00,sw-core-01,port-id7430,uplink,7.298851
S2,2026-03-08 03:25:00,sw-core-01,port-id7430,uplink,4.404096
S2,2026-03-08 03:30:00,sw-core-01,port-id7430,uplink,8.720634
S2,2026-03-08 03:35:00,sw-core-01,port-id7430,uplink,10.711857
S2,2026-03-08 03:40:00,sw-core-01,port-id7430,uplink,7.413302
S2,2026-03-08 03:45:00,sw-core-01,port-id7430,uplink,14.296628
S2,2026-03-08 03:50:00,sw-core-01,port-id7430,uplink,12.043741
S2,2026-03-08 03:55:00,sw-core-01,port-id7430,uplink,7.626948
S2,2026-03-08 04:00:00,sw-core-01,port-id7430,uplink,4.205814
S2,2026-03-08 04:05:00,sw-core-01,port-id7430,uplink,10.111511
S2,2026-03-08 04:10:00,sw-core-01,port-id7430,uplink,7.107263
S2,2026-03-08 04:15:00,sw-core-01,port-id7430,uplink,10.785256
S2,2026-03-08 04:20:00,sw-core-01,port-id7430,uplink,9.820278
S2,2026-03-08 04:25:00,sw-core-01,port-id7430,uplink,11.911837
S2,2026-03-08 04:30:00,sw-core-01,port-id7430,uplink,6.909829
S2,2026-03-08 04:35:00,sw-core-01,port-id7430,uplink,5.450295
S2,2026-03-08 04:40:00,sw-core-01,port-id7430,uplink,10.258122
S2,2026-03-08 04:45:00,sw-core-01,port-id7430,uplink,7.612280
S2,2026-03-08 04:50:00,sw-core-01,port-id7430,uplink,4.394113
S2,2026-03-08 04:55:00,sw-core-01,port-id7430,uplink,13.615998
S2,2026-03-08 05:00:00,sw-core-01,port-id7430,uplink,12.797401
S2,2026-03-08 05:05:00,sw-core-01,port-id7430,uplink,9.354798
S2,2026-03-08 05:10:00,sw-core-01,port-id7430,uplink,10.112882
S2,2026-03-08 05:15:00,sw-core-01,port-id7430,uplink,8.036384
S2,2026-03-08 05:20:00,sw-core-01,port-id7430,uplink,9.447425
S2,2026-03-08 05:25:00,sw-core-01,port-id7430,uplink,7.911657
S2,2026-03-08 05:30:00,sw-core-01,port-id7430,uplink,13.787642
S2,2026-03-08 05:35:00,sw-core-01,port-id7430,uplink,11.957265
S2,2026-03-08 05:40:00,sw-core-01,port-id7430,uplink,9.877021
S2,2026-03-08 05:45:00,sw-core-01,port-id7430,uplink,15.393967
S2,2026-03-08 05:50:00,sw-core-01,port-id7430,uplink,12.847309
S2,2026-03-08 05:55:00,sw-core-01,port-id7430,uplink,11.024932
S2,2026-03-08 06:00:00,sw-core-01,port-id7430,uplink,9.273432
S2,2026-03-08 06:05:00,sw-core-01,port-id7430,uplink,18.445785
S2,2026-03-08 06:10:00,sw-core-01,port-id7430,uplink,19.545751
S2,2026-03-08 06:15:00,sw-core-01,port-id7430,uplink,14.363924
S2,2026-03-08 06:20:00,sw-core-01,port-id7430,uplink,9.351798
S2,2026-03-08 06:25:00,sw-core-01,port-id7430,uplink,12.422322
S2,2026-03-08 06:30:00,sw-core-01,port-id7430,uplink,13.063009
S2,2026-03-08 06:35:00,sw-core-01,port-id7430,uplink,12.099337
S2,2026-03-08 06:40:00,sw-core-01,port-id7430,uplink,14.989307
S2,2026-03-08 06:45:00,sw-core-01,port-id7430,uplink,12.266859
S2,2026-03-08 06:50:00,sw-core-01,port-id7430,uplink,18.111769
S2,2026-03-08 06:55:00,sw-core-01,port-id7430,uplink,16.150577
S2,2026-03-08 07:00:00,sw-core-01,port-id7430,uplink,16.359512
S2,2026-03-08 07:05:00,sw-core-01,port-id7430,uplink,18.451619
S2,2026-03-08 07:10:00,sw-core-01,port-id7430,uplink,18.045298
S2,2026-03-08 07:15:00,sw-core-01,port-id7430,uplink,22.196187
S2,2026-03-08 07:20:00,sw-core-01,port-id7430,uplink,18.817724
S2,2026-03-08 07:25:00,sw-core-01,port-id7430,uplink,21.856629
S2,2026-03-08 07:30:00,sw-core-01,port-id7430,uplink,17.201788
S2,2026-03-08 07:35:00,sw-core-01,port-id7430,uplink,26.898084
S2,2026-03-08 07:40:00,sw-core-01,port-id7430,uplink,22.258900
S2,2026-03-08 07:45:00,sw-core-01,port-id7430,uplink,21.742665
S2,2026-03-08 07:50:00,sw-core-01,port-id7430,uplink,19.311275
S2,2026-03-08 07:55:00,sw-core-01,port-id7430,uplink,22.407281
S2,2026-03-08 08:00:00,sw-core-01,port-id7430,uplink,26.797442
S2,2026-03-08 08:05:00,sw-core-01,port-id7430,uplink,25.834236
S2,2026-03-08 08:10:00,sw-core-01,port-id7430,uplink,24.898860
S2,2026-03-08 08:15:00,sw-core-01,port-id7430,uplink,22.822917
S2,2026-03-08 08:20:00,sw-core-01,port-id7430,uplink,19.109590
S2,2026-03-08 08:25:00,sw-core-01,port-id7430,uplink,26.311262
S2,2026-03-08 08:30:00,sw-core-01,port-id7430,uplink,25.453709
S2,2026-03-08 08:35:00,sw-core-01,port-id7430,uplink,26.957851
S2,2026-03-08 08:40:00,sw-core-01,port-id7430,uplink,26.063890
S2,2026-03-08 08:45:00,sw-core-01,port-id7430,uplink,27.244473
S2,2026-03-08 08:50:00,sw-core-01,port-id7430,uplink,22.268022
S2,2026-03-08 08:55:00,sw-core-01,port-id7430,uplink,22.760318
S2,2026-03-08 09:00:00,sw-core-01,port-id7430,uplink,30.683304
S2,2026-03-08 09:05:00,sw-core-01,port-id7430,uplink,28.627017
S2,2026-03-08 09:10:00,sw-core-01,port-id7430,uplink,25.407063
S2,2026-03-08 09:15:00,sw-core-01,port-id7430,uplink,24.862492
S2,2026-03-08 09:20:00,sw-core-01,port-id7430,uplink,28.032987
S2,2026-03-08 09:25:00,sw-core-01,port-id7430,uplink,26.782057
S2,2026-03-08 09:30:00,sw-core-01,port-id7430,uplink,23.552841
S2,2026-03-08 09:35:00,sw-core-01,port-id7430,uplink,27.880164
S2,2026-03-08 09:40:00,sw-core-01,port-id7430,uplink,24.345735
S2,2026-03-08 09:45:00,sw-core-01,port-id7430,uplink,29.376315
S2,2026-03-08 09:50:00,sw-core-01,port-id7430,uplink,23.344277
S2,2026-03-08 09:55:00,sw-core-01,port-id7430,uplink,24.379259
S2,2026-03-08 10:00:00,sw-core-01,port-id7430,uplink,24.020200
S2,2026-03-08 10:05:00,sw-core-01,port-id7430,uplink,28.224138
S2,2026-03-08 10:10:00,sw-core-01,port-id7430,uplink,25.051651
S2,2026-03-08 10:15:00,sw-core-01,port-id7430,uplink,27.114590
S2,2026-03-08 10:20:00,sw-core-01,port-id7430,uplink,29.302156
S2,2026-03-08 10:25:00,sw-core-01,port-id7430,uplink,23.722816
S2,2026-03-08 10:30:00,sw-core-01,port-id7430,uplink,27.807041
S2,2026-03-08 10:35:00,sw-core-01,port-id7430,uplink,26.780877
S2,2026-03-08 10:40:00,sw-core-01,port-id7430,uplink,19.782253
S2,2026-03-08 10:45:00,sw-core-01,port-id7430,uplink,27.466424
S2,2026-03-08 10:50:00,sw-core-01,port-id7430,uplink,28.972133
S2,2026-03-08 10:55:00,sw-core-01,port-id7430,uplink,27.079635
S2,2026-03-08 11:00:00,sw-core-01,port-id7430,uplink,26.909778
S2,2026-03-08 11:05:00,sw-core-01,port-id7430,uplink,30.077452
S2,2026-03-08 11:10:00,sw-core-01,port-id7430,uplink,32.474466
S2,2026-03-08 11:15:00,sw-core-01,port-id7430,uplink,28.369515
S2,2026-03-08 11:20:00,sw-core-01,port-id7430,uplink,28.298519
S2,2026-03-08 11:25:00,sw-core-01,port-id7430,uplink,30.094410
S2,2026-03-08 11:30:00,sw-core-01,port-id7430,uplink,26.564790
S2,2026-03-08 11:35:00,sw-core-01,port-id7430,uplink,28.801769
S2,2026-03-08 11:40:00,sw-core-01,port-id7430,uplink,25.070357
S2,2026-03-08 11:45:00,sw-core-01,port-id7430,uplink,30.667485
S2,2026-03-08 11:50:00,sw-core-01,port-id7430,uplink,25.468711
S2,2026-03-08 11:55:00,sw-core-01,port-id7430,uplink,30.944379
S2,2026-03-08 12:00:00,sw-core-01,port-id7430,uplink,27.431337
S2,2026-03-08 12:05:00,sw-core-01,port-id7430,uplink,32.054084
S2,2026-03-08 12:10:00,sw-core-01,port-id7430,uplink,27.012797
S2,2026-03-08 12:15:00,sw-core-01,port-id7430,uplink,26.279835
S2,2026-03-08 12:20:00,sw-core-01,port-id7430,uplink,25.469440
S2,2026-03-08 12:25:00,sw-core-01,port-id7430,uplink,25.847708
S2,2026-03-08 12:30:00,sw-core-01,port-id7430,uplink,29.907582
S2,2026-03-08 12:35:00,sw-core-01,port-id7430,uplink,25.734017
S2,2026-03-08 12:40:00,sw-core-01,port-id7430,uplink,28.866729
S2,2026-03-08 12:45:00,sw-core-01,port-id7430,uplink,26.081185
S2,2026-03-08 12:50:00,sw-core-01,port-id7430,uplink,29.528387
S2,2026-03-08 12:55:00,sw-core-01,port-id7430,uplink,24.106441
S2,2026-03-08 13:00:00,sw-core-01,port-id7430,uplink,31.198294
S2,2026-03-08 13:05:00,sw-core-01,port-id7430,uplink,23.926986
S2,2026-03-08 13:10:00,sw-core-01,port-id7430,uplink,25.501076
S2,2026-03-08 13:15:00,sw-core-01,port-id7430,uplink,32.400644
S2,2026-03-08 13:20:00,sw-core-01,port-id7430,uplink,29.151549
S2,2026-03-08 13:25:00,sw-core-01,port-id7430,uplink,27.815909
S2,2026-03-08 13:30:00,sw-core-01,port-id7430,uplink,25.091545
S2,2026-03-08 13:35:00,sw-core-01,port-id7430,uplink,25.353003
S2,2026-03-08 13:40:00,sw-core-01,port-id7430,uplink,30.059560
S2,2026-03-08 13:45:00,sw-core-01,port-id7430,uplink,24.142274
S2,2026-03-08 13:50:00,sw-core-01,port-id7430,uplink,30.754837
S2,2026-03-08 13:55:00,sw-core-01,port-id7430,uplink,28.045242
S2,2026-03-08 14:00:00,sw-core-01,port-id7430,uplink,28.332111
S2,2026-03-08 14:05:00,sw-core-01,port-id7430,uplink,28.995903
S2,2026-03-08 14:10:00,sw-core-01,port-id7430,uplink,27.378012
S2,2026-03-08 14:15:00,sw-core-01,port-id7430,uplink,26.822983
S2,2026-03-08 14:20:00,sw-core-01,port-id7430,uplink,25.512585
S2,2026-03-08 14:25:00,sw-core-01,port-id7430,uplink,26.655021
S2,2026-03-08 14:30:00,sw-core-01,port-id7430,uplink,29.163753
S2,2026-03-08 14:35:00,sw-core-01,port-id7430,uplink,28.203386
S2,2026-03-08 14:40:00,sw-core-01,port-id7430,uplink,22.661316
S2,2026-03-08 14:45:00,sw-core-01,port-id7430,uplink,24.417046
S2,2026-03-08 14:50:00,sw-core-01,port-id7430,uplink,30.490407
S2,2026-03-08 14:55:00,sw-core-01,port-id7430,uplink,24.292573
S2,2026-03-08 15:00:00,sw-core-01,port-id7430,uplink,31.642038
S2,2026-03-08 15:05:00,sw-core-01,port-id7430,uplink,29.374052
S2,2026-03-08 15:10:00,sw-core-01,port-id7430,uplink,24.465234
S2,2026-03-08 15:15:00,sw-core-01,port-id7430,uplink,19.927397
S2,2026-03-08 15:20:00,sw-core-01,port-id7430,uplink,33.728515
S2,2026-03-08 15:25:00,sw-core-01,port-id7430,uplink,25.687833
S2,2026-03-08 15:30:00,sw-core-01,port-id7430,uplink,31.270364
S2,2026-03-08 15:35:00,sw-core-01,port-id7430,uplink,29.250132
S2,2026-03-08 15:40:00,sw-core-01,port-id7430,uplink,25.218761
S2,2026-03-08 15:45:00,sw-core-01,port-id7430,uplink,27.023389
S2,2026-03-08 15:50:00,sw-core-01,port-id7430,uplink,27.158036
S2,2026-03-08 15:55:00,sw-core-01,port-id7430,uplink,25.248078
S2,2026-03-08 16:00:00,sw-core-01,port-id7430,uplink,27.659279
S2,2026-03-08 16:05:00,sw-core-01,port-id7430,uplink,23.980337
S2,2026-03-08 16:10:00,sw-core-01,port-id7430,uplink,26.905444
S2,2026-03-08 16:15:00,sw-core-01,port-id7430,uplink,30.408314
S2,2026-03-08 16:20:00,sw-core-01,port-id7430,uplink,24.039074
S2,2026-03-08 16:25:00,sw-core-01,port-id7430,uplink,28.917138
S2,2026-03-08 16:30:00,sw-core-01,port-id7430,uplink,31.454157
S2,2026-03-08 16:35:00,sw-core-01,port-id7430,uplink,29.477965
S2,2026-03-08 16:40:00,sw-core-01,port-id7430,uplink,23.023942
S2,2026-03-08 16:45:00,sw-core-01,port-id7430,uplink,26.617011
S2,2026-03-08 16:50:00,sw-core-01,port-id7430,uplink,23.570237
S2,2026-03-08 16:55:00,sw-core-01,port-id7430,uplink,31.070928
S2,2026-03-08 17:00:00,sw-core-01,port-id7430,uplink,29.586696
S2,2026-03-08 17:05:00,sw-core-01,port-id7430,uplink,29.260180
S2,2026-03-08 17:10:00,sw-core-01,port-id7430,uplink,24.871561
S2,2026-03-08 17:15:00,sw-core-01,port-id7430,uplink,24.437042
S2,2026-03-08 17:20:00,sw-core-01,port-id7430,uplink,20.163179
S2,2026-03-08 17:25:00,sw-core-01,port-id7430,uplink,28.488616
S2,2026-03-08 17:30:00,sw-core-01,port-id7430,uplink,24.304873
S2,2026-03-08 17:35:00,sw-core-01,port-id7430,uplink,26.461853
S2,2026-03-08 17:40:00,sw-core-01,port-id7430,uplink,25.722482
S2,2026-03-08 17:45:00,sw-core-01,port-id7430,uplink,24.877640
S2,2026-03-08 17:50:00,sw-core-01,port-id7430,uplink,22.777294
S2,2026-03-08 17:55:00,sw-core-01,port-id7430,uplink,26.120801
S2,2026-03-08 18:00:00,sw-core-01,port-id7430,uplink,26.340057
S2,2026-03-08 18:05:00,sw-core-01,port-id7430,uplink,27.607369
S2,2026-03-08 18:10:00,sw-core-01,port-id7430,uplink,31.047250
S2,2026-03-08 18:15:00,sw-core-01,port-id7430,uplink,24.576298
S2,2026-03-08 18:20:00,sw-core-01,port-id7430,uplink,25.720023
S2,2026-03-08 18:25:00,sw-core-01,port-id7430,uplink,24.261375
S2,2026-03-08 18:30:00,sw-core-01,port-id7430,uplink,23.580050
S2,2026-03-08 18:35:00,sw-core-01,port-id7430,uplink,23.312173
S2,2026-03-08 18:40:00,sw-core-01,port-id7430,uplink,24.220799
S2,2026-03-08 18:45:00,sw-core-01,port-id7430,uplink,27.612515
S2,2026-03-08 18:50:00,sw-core-01,port-id7430,uplink,19.223447
S2,2026-03-08 18:55:00,sw-core-01,port-id7430,uplink,20.563925
S2,2026-03-08 19:00:00,sw-core-01,port-id7430,uplink,21.897349
S2,2026-03-08 19:05:00,sw-core-01,port-id7430,uplink,25.911071
S2,2026-03-08 19:10:00,sw-core-01,port-id7430,uplink,25.345302
S2,2026-03-08 19:15:00,sw-core-01,port-id7430,uplink,21.518439
S2,2026-03-08 19:20:00,sw-core-01,port-id7430,uplink,20.888067
S2,2026-03-08 19:25:00,sw-core-01,port-id7430,uplink,18.838617
S2,2026-03-08 19:30:00,sw-core-01,port-id7430,uplink,16.252675
S2,2026-03-08 19:35:00,sw-core-01,port-id7430,uplink,14.442593
S2,2026-03-08 19:40:00,sw-core-01,port-id7430,uplink,15.322723
S2,2026-03-08 19:45:00,sw-core-01,port-id7430,uplink,18.099272
S2,2026-03-08 19:50:00,sw-core-01,port-id7430,uplink,19.293784
S2,2026-03-08 19:55:00,sw-core-01,port-id7430,uplink,16.019710
S2,2026-03-08 20:00:00,sw-core-01,port-id7430,uplink,17.410865
S2,2026-03-08 20:05:00,sw-core-01,port-id7430,uplink,14.344182
S2,2026-03-08 20:10:00,sw-core-01,port-id7430,uplink,8.442406
S2,2026-03-08 20:15:00,sw-core-01,port-id7430,uplink,7.598929
S2,2026-03-08 20:20:00,sw-core-01,port-id7430,uplink,13.024724
S2,2026-03-08 20:25:00,sw-core-01,port-id7430,uplink,19.674916
S2,2026-03-08 20:30:00,sw-core-01,port-id7430,uplink,5.960177
S2,2026-03-08 20:35:00,sw-core-01,port-id7430,uplink,14.743913
S2,2026-03-08 20:40:00,sw-core-01,port-id7430,uplink,15.657215
S2,2026-03-08 20:45:00,sw-core-01,port-id7430,uplink,13.018036
S2,2026-03-08 20:50:00,sw-core-01,port-id7430,uplink,6.876846
S2,2026-03-08 20:55:00,sw-core-01,port-id7430,uplink,12.932007
S2,2026-03-08 21:00:00,sw-core-01,port-id7430,uplink,8.133491
S2,2026-03-08 21:05:00,sw-core-01,port-id7430,uplink,6.158510
S2,2026-03-08 21:10:00,sw-core-01,port-id7430,uplink,11.489973
S2,2026-03-08 21:15:00,sw-core-01,port-id7430,uplink,9.265495
S2,2026-03-08 21:20:00,sw-core-01,port-id7430,uplink,11.091516
S2,2026-03-08 21:25:00,sw-core-01,port-id7430,uplink,7.876420
S2,2026-03-08 21:30:00,sw-core-01,port-id7430,uplink,10.343148
S2,2026-03-08 21:35:00,sw-core-01,port-id7430,uplink,12.438669
S2,2026-03-08 21:40:00,sw-core-01,port-id7430,uplink,14.410706
S2,2026-03-08 21:45:00,sw-core-01,port-id7430,uplink,13.478022
S2,2026-03-08 21:50:00,sw-core-01,port-id7430,uplink,12.141686
S2,2026-03-08 21:55:00,sw-core-01,port-id7430,uplink,8.464199
S2,2026-03-08 22:00:00,sw-core-01,port-id7430,uplink,7.361543
S2,2026-03-08 22:05:00,sw-core-01,port-id7430,uplink,5.351122
S2,2026-03-08 22:10:00,sw-core-01,port-id7430,uplink,3.778444
S2,2026-03-08 22:15:00,sw-core-01,port-id7430,uplink,11.948728
S2,2026-03-08 22:20:00,sw-core-01,port-id7430,uplink,12.515673
S2,2026-03-08 22:25:00,sw-core-01,port-id7430,uplink,6.048516
S2,2026-03-08 22:30:00,sw-core-01,port-id7430,uplink,6.847917
S2,2026-03-08 22:35:00,sw-core-01,port-id7430,uplink,12.578903
S2,2026-03-08 22:40:00,sw-core-01,port-id7430,uplink,7.723203
S2,2026-03-08 22:45:00,sw-core-01,port-id7430,uplink,13.523523
S2,2026-03-08 22:50:00,sw-core-01,port-id7430,uplink,5.410971
S2,2026-03-08 22:55:00,sw-core-01,port-id7430,uplink,7.189028
S2,2026-03-08 23:00:00,sw-core-01,port-id7430,uplink,7.045025
S2,2026-03-08 23:05:00,sw-core-01,port-id7430,uplink,9.102430
S2,2026-03-08 23:10:00,sw-core-01,port-id7430,uplink,6.899532
S2,2026-03-08 23:15:00,sw-core-01,port-id7430,uplink,2.393478
S2,2026-03-08 23:20:00,sw-core-01,port-id7430,uplink,6.623015
S2,2026-03-08 23:25:00,sw-core-01,port-id7430,uplink,10.672572
S2,2026-03-08 23:30:00,sw-core-01,port-id7430,uplink,11.540038
S2,2026-03-08 23:35:00,sw-core-01,port-id7430,uplink,5.754060
S2,2026-03-08 23:40:00,sw-core-01,port-id7430,uplink,12.081513
S2,2026-03-08 23:45:00,sw-core-01,port-id7430,uplink,14.889307
S2,2026-03-08 23:50:00,sw-core-01,port-id7430,uplink,15.043898
S2,2026-03-08 23:55:00,sw-core-01,port-id7430,uplink,9.095047
S3,2026-03-02 00:00:00,sw-core-01,port-id7430,uplink,16.460346
S3,2026-03-02 00:05:00,sw-core-01,port-id7430,uplink,10.619916
S3,2026-03-02 00:10:00,sw-core-01,port-id7430,uplink,14.559818
S3,2026-03-02 00:15:00,sw-core-01,port-id7430,uplink,11.707166
S3,2026-03-02 00:20:00,sw-core-01,port-id7430,uplink,13.703450
S3,2026-03-02 00:25:00,sw-core-01,port-id7430,uplink,13.738718
S3,2026-03-02 00:30:00,sw-core-01,port-id7430,uplink,11.423171
S3,2026-03-02 00:35:00,sw-core-01,port-id7430,uplink,13.034097
S3,2026-03-02 00:40:00,sw-core-01,port-id7430,uplink,14.140961
S3,2026-03-02 00:45:00,sw-core-01,port-id7430,uplink,23.514148
S3,2026-03-02 00:50:00,sw-core-01,port-id7430,uplink,16.950254
S3,2026-03-02 00:55:00,sw-core-01,port-id7430,uplink,9.248217
S3,2026-03-02 01:00:00,sw-core-01,port-id7430,uplink,14.189884
S3,2026-03-02 01:05:00,sw-core-01,port-id7430,uplink,21.523929
S3,2026-03-02 01:10:00,sw-core-01,port-id7430,uplink,14.045406
S3,2026-03-02 01:15:00,sw-core-01,port-id7430,uplink,11.441816
S3,2026-03-02 01:20:00,sw-core-01,port-id7430,uplink,18.011176
S3,2026-03-02 01:25:00,sw-core-01,port-id7430,uplink,17.592848
S3,2026-03-02 01:30:00,sw-core-01,port-id7430,uplink,18.304782
S3,2026-03-02 01:35:00,sw-core-01,port-id7430,uplink,14.739014
S3,2026-03-02 01:40:00,sw-core-01,port-id7430,uplink,17.119352
S3,2026-03-02 01:45:00,sw-core-01,port-id7430,uplink,15.324239
S3,2026-03-02 01:50:00,sw-core-01,port-id7430,uplink,17.738159
S3,2026-03-02 01:55:00,sw-core-01,port-id7430,uplink,11.719937
S3,2026-03-02 02:00:00,sw-core-01,port-id7430,uplink,18.494128
S3,2026-03-02 02:05:00,sw-core-01,port-id7430,uplink,16.462175
S3,2026-03-02 02:10:00,sw-core-01,port-id7430,uplink,15.891186
S3,2026-03-02 02:15:00,sw-core-01,port-id7430,uplink,14.320590
S3,2026-03-02 02:20:00,sw-core-01,port-id7430,uplink,15.559812
S3,2026-03-02 02:25:00,sw-core-01,port-id7430,uplink,18.018215
S3,2026-03-02 02:30:00,sw-core-01,port-id7430,uplink,15.388927
S3,2026-03-02 02:35:00,sw-core-01,port-id7430,uplink,13.027780
S3,2026-03-02 02:40:00,sw-core-01,port-id7430,uplink,16.873632
S3,2026-03-02 02:45:00,sw-core-01,port-id7430,uplink,14.696888
S3,2026-03-02 02:50:00,sw-core-01,port-id7430,uplink,19.194825
S3,2026-03-02 02:55:00,sw-core-01,port-id7430,uplink,14.052426
S3,2026-03-02 03:00:00,sw-core-01,port-id7430,uplink,10.845929
S3,2026-03-02 03:05:00,sw-core-01,port-id7430,uplink,14.007759
S3,2026-03-02 03:10:00,sw-core-01,port-id7430,uplink,17.088752
S3,2026-03-02 03:15:00,sw-core-01,port-id7430,uplink,14.819929
S3,2026-03-02 03:20:00,sw-core-01,port-id7430,uplink,17.515609
S3,2026-03-02 03:25:00,sw-core-01,port-id7430,uplink,13.927143
S3,2026-03-02 03:30:00,sw-core-01,port-id7430,uplink,17.289801
S3,2026-03-02 03:35:00,sw-core-01,port-id7430,uplink,13.765551
S3,2026-03-02 03:40:00,sw-core-01,port-id7430,uplink,17.788723
S3,2026-03-02 03:45:00,sw-core-01,port-id7430,uplink,14.824859
S3,2026-03-02 03:50:00,sw-core-01,port-id7430,uplink,22.480585
S3,2026-03-02 03:55:00,sw-core-01,port-id7430,uplink,13.838526
S3,2026-03-02 04:00:00,sw-core-01,port-id7430,uplink,21.301648
S3,2026-03-02 04:05:00,sw-core-01,port-id7430,uplink,9.492190
S3,2026-03-02 04:10:00,sw-core-01,port-id7430,uplink,14.171261
S3,2026-03-02 04:15:00,sw-core-01,port-id7430,uplink,15.362009
S3,2026-03-02 04:20:00,sw-core-01,port-id7430,uplink,12.808599
S3,2026-03-02 04:25:00,sw-core-01,port-id7430,uplink,18.369428
S3,2026-03-02 04:30:00,sw-core-01,port-id7430,uplink,18.273632
S3,2026-03-02 04:35:00,sw-core-01,port-id7430,uplink,21.496619
S3,2026-03-02 04:40:00,sw-core-01,port-id7430,uplink,20.942812
S3,2026-03-02 04:45:00,sw-core-01,port-id7430,uplink,16.509825
S3,2026-03-02 04:50:00,sw-core-01,port-id7430,uplink,10.780124
S3,2026-03-02 04:55:00,sw-core-01,port-id7430,uplink,13.458056
S3,2026-03-02 05:00:00,sw-core-01,port-id7430,uplink,11.395487
S3,2026-03-02 05:05:00,sw-core-01,port-id7430,uplink,16.429594
S3,2026-03-02 05:10:00,sw-core-01,port-id7430,uplink,16.116028
S3,2026-03-02 05:15:00,sw-core-01,port-id7430,uplink,15.535034
S3,2026-03-02 05:20:00,sw-core-01,port-id7430,uplink,13.489759
S3,2026-03-02 05:25:00,sw-core-01,port-id7430,uplink,21.143674
S3,2026-03-02 05:30:00,sw-core-01,port-id7430,uplink,17.537775
S3,2026-03-02 05:35:00,sw-core-01,port-id7430,uplink,11.052968
S3,2026-03-02 05:40:00,sw-core-01,port-id7430,uplink,16.681637
S3,2026-03-02 05:45:00,sw-core-01,port-id7430,uplink,14.954745
S3,2026-03-02 05:50:00,sw-core-01,port-id7430,uplink,19.482099
S3,2026-03-02 05:55:00,sw-core-01,port-id7430,uplink,18.052546
S3,2026-03-02 06:00:00,sw-core-01,port-id7430,uplink,20.406759
S3,2026-03-02 06:05:00,sw-core-01,port-id7430,uplink,26.916606
S3,2026-03-02 06:10:00,sw-core-01,port-id7430,uplink,22.500837
S3,2026-03-02 06:15:00,sw-core-01,port-id7430,uplink,22.218000
S3,2026-03-02 06:20:00,sw-core-01,port-id7430,uplink,24.234813
S3,2026-03-02 06:25:00,sw-core-01,port-id7430,uplink,22.851192
S3,2026-03-02 06:30:00,sw-core-01,port-id7430,uplink,23.601824
S3,2026-03-02 06:35:00,sw-core-01,port-id7430,uplink,22.277693
S3,2026-03-02 06:40:00,sw-core-01,port-id7430,uplink,22.628898
S3,2026-03-02 06:45:00,sw-core-01,port-id7430,uplink,30.627917
S3,2026-03-02 06:50:00,sw-core-01,port-id7430,uplink,25.249114
S3,2026-03-02 06:55:00,sw-core-01,port-id7430,uplink,27.495008
S3,2026-03-02 07:00:00,sw-core-01,port-id7430,uplink,27.802021
S3,2026-03-02 07:05:00,sw-core-01,port-id7430,uplink,31.938364
S3,2026-03-02 07:10:00,sw-core-01,port-id7430,uplink,31.455829
S3,2026-03-02 07:15:00,sw-core-01,port-id7430,uplink,31.820523
S3,2026-03-02 07:20:00,sw-core-01,port-id7430,uplink,32.546807
S3,2026-03-02 07:25:00,sw-core-01,port-id7430,uplink,27.492351
S3,2026-03-02 07:30:00,sw-core-01,port-id7430,uplink,30.612493
S3,2026-03-02 07:35:00,sw-core-01,port-id7430,uplink,39.726042
S3,2026-03-02 07:40:00,sw-core-01,port-id7430,uplink,39.065956
S3,2026-03-02 07:45:00,sw-core-01,port-id7430,uplink,36.969852
S3,2026-03-02 07:50:00,sw-core-01,port-id7430,uplink,43.877059
S3,2026-03-02 07:55:00,sw-core-01,port-id7430,uplink,43.851410
S3,2026-03-02 08:00:00,sw-core-01,port-id7430,uplink,42.431679
S3,2026-03-02 08:05:00,sw-core-01,port-id7430,uplink,40.151392
S3,2026-03-02 08:10:00,sw-core-01,port-id7430,uplink,39.232296
S3,2026-03-02 08:15:00,sw-core-01,port-id7430,uplink,41.920555
S3,2026-03-02 08:20:00,sw-core-01,port-id7430,uplink,43.722613
S3,2026-03-02 08:25:00,sw-core-01,port-id7430,uplink,42.625108
S3,2026-03-02 08:30:00,sw-core-01,port-id7430,uplink,37.893387
S3,2026-03-02 08:35:00,sw-core-01,port-id7430,uplink,45.482592
S3,2026-03-02 08:40:00,sw-core-01,port-id7430,uplink,45.364665
S3,2026-03-02 08:45:00,sw-core-01,port-id7430,uplink,43.487985
S3,2026-03-02 08:50:00,sw-core-01,port-id7430,uplink,41.623798
S3,2026-03-02 08:55:00,sw-core-01,port-id7430,uplink,45.880960
S3,2026-03-02 09:00:00,sw-core-01,port-id7430,uplink,41.418388
S3,2026-03-02 09:05:00,sw-core-01,port-id7430,uplink,39.178146
S3,2026-03-02 09:10:00,sw-core-01,port-id7430,uplink,43.622857
S3,2026-03-02 09:15:00,sw-core-01,port-id7430,uplink,51.538492
S3,2026-03-02 09:20:00,sw-core-01,port-id7430,uplink,41.339152
S3,2026-03-02 09:25:00,sw-core-01,port-id7430,uplink,44.979015
S3,2026-03-02 09:30:00,sw-core-01,port-id7430,uplink,40.888162
S3,2026-03-02 09:35:00,sw-core-01,port-id7430,uplink,43.806815
S3,2026-03-02 09:40:00,sw-core-01,port-id7430,uplink,41.180617
S3,2026-03-02 09:45:00,sw-core-01,port-id7430,uplink,41.304400
S3,2026-03-02 09:50:00,sw-core-01,port-id7430,uplink,40.684129
S3,2026-03-02 09:55:00,sw-core-01,port-id7430,uplink,44.716446
S3,2026-03-02 10:00:00,sw-core-01,port-id7430,uplink,44.987516
S3,2026-03-02 10:05:00,sw-core-01,port-id7430,uplink,45.531687
S3,2026-03-02 10:10:00,sw-core-01,port-id7430,uplink,45.312065
S3,2026-03-02 10:15:00,sw-core-01,port-id7430,uplink,40.767261
S3,2026-03-02 10:20:00,sw-core-01,port-id7430,uplink,41.661884
S3,2026-03-02 10:25:00,sw-core-01,port-id7430,uplink,44.708498
S3,2026-03-02 10:30:00,sw-core-01,port-id7430,uplink,49.413545
S3,2026-03-02 10:35:00,sw-core-01,port-id7430,uplink,41.722733
S3,2026-03-02 10:40:00,sw-core-01,port-id7430,uplink,42.971917
S3,2026-03-02 10:45:00,sw-core-01,port-id7430,uplink,50.356400
S3,2026-03-02 10:50:00,sw-core-01,port-id7430,uplink,44.021523
S3,2026-03-02 10:55:00,sw-core-01,port-id7430,uplink,47.439163
S3,2026-03-02 11:00:00,sw-core-01,port-id7430,uplink,46.815034
S3,2026-03-02 11:05:00,sw-core-01,port-id7430,uplink,39.440663
S3,2026-03-02 11:10:00,sw-core-01,port-id7430,uplink,46.899540
S3,2026-03-02 11:15:00,sw-core-01,port-id7430,uplink,47.957699
S3,2026-03-02 11:20:00,sw-core-01,port-id7430,uplink,36.980733
S3,2026-03-02 11:25:00,sw-core-01,port-id7430,uplink,44.395474
S3,2026-03-02 11:30:00,sw-core-01,port-id7430,uplink,46.018984
S3,2026-03-02 11:35:00,sw-core-01,port-id7430,uplink,45.380986
S3,2026-03-02 11:40:00,sw-core-01,port-id7430,uplink,46.961643
S3,2026-03-02 11:45:00,sw-core-01,port-id7430,uplink,39.809872
S3,2026-03-02 11:50:00,sw-core-01,port-id7430,uplink,41.422642
S3,2026-03-02 11:55:00,sw-core-01,port-id7430,uplink,43.253291
S3,2026-03-02 12:00:00,sw-core-01,port-id7430,uplink,50.360168
S3,2026-03-02 12:05:00,sw-core-01,port-id7430,uplink,48.861109
S3,2026-03-02 12:10:00,sw-core-01,port-id7430,uplink,49.354018
S3,2026-03-02 12:15:00,sw-core-01,port-id7430,uplink,47.798199
S3,2026-03-02 12:20:00,sw-core-01,port-id7430,uplink,43.863658
S3,2026-03-02 12:25:00,sw-core-01,port-id7430,uplink,42.740116
S3,2026-03-02 12:30:00,sw-core-01,port-id7430,uplink,42.757151
S3,2026-03-02 12:35:00,sw-core-01,port-id7430,uplink,49.962436
S3,2026-03-02 12:40:00,sw-core-01,port-id7430,uplink,39.677549
S3,2026-03-02 12:45:00,sw-core-01,port-id7430,uplink,41.872293
S3,2026-03-02 12:50:00,sw-core-01,port-id7430,uplink,45.140357
S3,2026-03-02 12:55:00,sw-core-01,port-id7430,uplink,43.498774
S3,2026-03-02 13:00:00,sw-core-01,port-id7430,uplink,44.440355
S3,2026-03-02 13:05:00,sw-core-01,port-id7430,uplink,40.513195
S3,2026-03-02 13:10:00,sw-core-01,port-id7430,uplink,42.102017
S3,2026-03-02 13:15:00,sw-core-01,port-id7430,uplink,43.646389
S3,2026-03-02 13:20:00,sw-core-01,port-id7430,uplink,49.537374
S3,2026-03-02 13:25:00,sw-core-01,port-id7430,uplink,41.030180
S3,2026-03-02 13:30:00,sw-core-01,port-id7430,uplink,43.202689
S3,2026-03-02 13:35:00,sw-core-01,port-id7430,uplink,49.182261
S3,2026-03-02 13:40:00,sw-core-01,port-id7430,uplink,42.061832
S3,2026-03-02 13:45:00,sw-core-01,port-id7430,uplink,45.266044
S3,2026-03-02 13:50:00,sw-core-01,port-id7430,uplink,42.162778
S3,2026-03-02 13:55:00,sw-core-01,port-id7430,uplink,44.667332
S3,2026-03-02 14:00:00,sw-core-01,port-id7430,uplink,42.347139
S3,2026-03-02 14:05:00,sw-core-01,port-id7430,uplink,44.874380
S3,2026-03-02 14:10:00,sw-core-01,port-id7430,uplink,45.634475
S3,2026-03-02 14:15:00,sw-core-01,port-id7430,uplink,44.434204
S3,2026-03-02 14:20:00,sw-core-01,port-id7430,uplink,38.521152
S3,2026-03-02 14:25:00,sw-core-01,port-id7430,uplink,46.015019
S3,2026-03-02 14:30:00,sw-core-01,port-id7430,uplink,50.110594
S3,2026-03-02 14:35:00,sw-core-01,port-id7430,uplink,48.398991
S3,2026-03-02 14:40:00,sw-core-01,port-id7430,uplink,43.414225
S3,2026-03-02 14:45:00,sw-core-01,port-id7430,uplink,46.786322
S3,2026-03-02 14:50:00,sw-core-01,port-id7430,uplink,46.472982
S3,2026-03-02 14:55:00,sw-core-01,port-id7430,uplink,48.130817
S3,2026-03-02 15:00:00,sw-core-01,port-id7430,uplink,44.225915
S3,2026-03-02 15:05:00,sw-core-01,port-id7430,uplink,42.133494
S3,2026-03-02 15:10:00,sw-core-01,port-id7430,uplink,43.660213
S3,2026-03-02 15:15:00,sw-core-01,port-id7430,uplink,48.716529
S3,2026-03-02 15:20:00,sw-core-01,port-id7430,uplink,43.525957
S3,2026-03-02 15:25:00,sw-core-01,port-id7430,uplink,48.295211
S3,2026-03-02 15:30:00,sw-core-01,port-id7430,uplink,41.797094
S3,2026-03-02 15:35:00,sw-core-01,port-id7430,uplink,42.334084
S3,2026-03-02 15:40:00,sw-core-01,port-id7430,uplink,43.094071
S3,2026-03-02 15:45:00,sw-core-01,port-id7430,uplink,40.249912
S3,2026-03-02 15:50:00,sw-core-01,port-id7430,uplink,48.393981
S3,2026-03-02 15:55:00,sw-core-01,port-id7430,uplink,49.514520
S3,2026-03-02 16:00:00,sw-core-01,port-id7430,uplink,41.306949
S3,2026-03-02 16:05:00,sw-core-01,port-id7430,uplink,47.131007
S3,2026-03-02 16:10:00,sw-core-01,port-id7430,uplink,44.344625
S3,2026-03-02 16:15:00,sw-core-01,port-id7430,uplink,42.024742
S3,2026-03-02 16:20:00,sw-core-01,port-id7430,uplink,44.307166
S3,2026-03-02 16:25:00,sw-core-01,port-id7430,uplink,41.711597
S3,2026-03-02 16:30:00,sw-core-01,port-id7430,uplink,41.603119
S3,2026-03-02 16:35:00,sw-core-01,port-id7430,uplink,40.415089
S3,2026-03-02 16:40:00,sw-core-01,port-id7430,uplink,41.886556
S3,2026-03-02 16:45:00,sw-core-01,port-id7430,uplink,43.546261
S3,2026-03-02 16:50:00,sw-core-01,port-id7430,uplink,45.717030
S3,2026-03-02 16:55:00,sw-core-01,port-id7430,uplink,50.656685
S3,2026-03-02 17:00:00,sw-core-01,port-id7430,uplink,45.943465
S3,2026-03-02 17:05:00,sw-core-01,port-id7430,uplink,44.393173
S3,2026-03-02 17:10:00,sw-core-01,port-id7430,uplink,39.328738
S3,2026-03-02 17:15:00,sw-core-01,port-id7430,uplink,46.370973
S3,2026-03-02 17:20:00,sw-core-01,port-id7430,uplink,42.667611
S3,2026-03-02 17:25:00,sw-core-01,port-id7430,uplink,40.065055
S3,2026-03-02 17:30:00,sw-core-01,port-id7430,uplink,46.775921
S3,2026-03-02 17:35:00,sw-core-01,port-id7430,uplink,43.268021
S3,2026-03-02 17:40:00,sw-core-01,port-id7430,uplink,39.333335
S3,2026-03-02 17:45:00,sw-core-01,port-id7430,uplink,45.025863
S3,2026-03-02 17:50:00,sw-core-01,port-id7430,uplink,43.486548
S3,2026-03-02 17:55:00,sw-core-01,port-id7430,uplink,41.219723
S3,2026-03-02 18:00:00,sw-core-01,port-id7430,uplink,40.537141
S3,2026-03-02 18:05:00,sw-core-01,port-id7430,uplink,35.869223
S3,2026-03-02 18:10:00,sw-core-01,port-id7430,uplink,39.181250
S3,2026-03-02 18:15:00,sw-core-01,port-id7430,uplink,41.588768
S3,2026-03-02 18:20:00,sw-core-01,port-id7430,uplink,43.952329
S3,2026-03-02 18:25:00,sw-core-01,port-id7430,uplink,38.515743
S3,2026-03-02 18:30:00,sw-core-01,port-id7430,uplink,42.629928
S3,2026-03-02 18:35:00,sw-core-01,port-id7430,uplink,43.973627
S3,2026-03-02 18:40:00,sw-core-01,port-id7430,uplink,35.373140
S3,2026-03-02 18:45:00,sw-core-01,port-id7430,uplink,42.848096
S3,2026-03-02 18:50:00,sw-core-01,port-id7430,uplink,34.646918
S3,2026-03-02 18:55:00,sw-core-01,port-id7430,uplink,41.276314
S3,2026-03-02 19:00:00,sw-core-01,port-id7430,uplink,33.202224
S3,2026-03-02 19:05:00,sw-core-01,port-id7430,uplink,38.353797
S3,2026-03-02 19:10:00,sw-core-01,port-id7430,uplink,30.879193
S3,2026-03-02 19:15:00,sw-core-01,port-id7430,uplink,32.815514
S3,2026-03-02 19:20:00,sw-core-01,port-id7430,uplink,29.206688
S3,2026-03-02 19:25:00,sw-core-01,port-id7430,uplink,31.081130
S3,2026-03-02 19:30:00,sw-core-01,port-id7430,uplink,33.382776
S3,2026-03-02 19:35:00,sw-core-01,port-id7430,uplink,24.951450
S3,2026-03-02 19:40:00,sw-core-01,port-id7430,uplink,29.393347
S3,2026-03-02 19:45:00,sw-core-01,port-id7430,uplink,21.896606
S3,2026-03-02 19:50:00,sw-core-01,port-id7430,uplink,30.055145
S3,2026-03-02 19:55:00,sw-core-01,port-id7430,uplink,29.031071
S3,2026-03-02 20:00:00,sw-core-01,port-id7430,uplink,25.722417
S3,2026-03-02 20:05:00,sw-core-01,port-id7430,uplink,22.727106
S3,2026-03-02 20:10:00,sw-core-01,port-id7430,uplink,29.938511
S3,2026-03-02 20:15:00,sw-core-01,port-id7430,uplink,20.845845
S3,2026-03-02 20:20:00,sw-core-01,port-id7430,uplink,14.831137
S3,2026-03-02 20:25:00,sw-core-01,port-id7430,uplink,20.710672
S3,2026-03-02 20:30:00,sw-core-01,port-id7430,uplink,19.325467
S3,2026-03-02 20:35:00,sw-core-01,port-id7430,uplink,16.211662
S3,2026-03-02 20:40:00,sw-core-01,port-id7430,uplink,17.984251
S3,2026-03-02 20:45:00,sw-core-01,port-id7430,uplink,18.194530
S3,2026-03-02 20:50:00,sw-core-01,port-id7430,uplink,13.472823
S3,2026-03-02 20:55:00,sw-core-01,port-id7430,uplink,19.103119
S3,2026-03-02 21:00:00,sw-core-01,port-id7430,uplink,21.220389
S3,2026-03-02 21:05:00,sw-core-01,port-id7430,uplink,14.563397
S3,2026-03-02 21:10:00,sw-core-01,port-id7430,uplink,16.744895
S3,2026-03-02 21:15:00,sw-core-01,port-id7430,uplink,20.773371
S3,2026-03-02 21:20:00,sw-core-01,port-id7430,uplink,14.115083
S3,2026-03-02 21:25:00,sw-core-01,port-id7430,uplink,14.982476
S3,2026-03-02 21:30:00,sw-core-01,port-id7430,uplink,19.935646
S3,2026-03-02 21:35:00,sw-core-01,port-id7430,uplink,18.780066
S3,2026-03-02 21:40:00,sw-core-01,port-id7430,uplink,15.851005
S3,2026-03-02 21:45:00,sw-core-01,port-id7430,uplink,13.535800
S3,2026-03-02 21:50:00,sw-core-01,port-id7430,uplink,14.274918
S3,2026-03-02 21:55:00,sw-core-01,port-id7430,uplink,22.513046
S3,2026-03-02 22:00:00,sw-core-01,port-id7430,uplink,14.037917
S3,2026-03-02 22:05:00,sw-core-01,port-id7430,uplink,18.039988
S3,2026-03-02 22:10:00,sw-core-01,port-id7430,uplink,17.215667
S3,2026-03-02 22:15:00,sw-core-01,port-id7430,uplink,16.806377
S3,2026-03-02 22:20:00,sw-core-01,port-id7430,uplink,16.425416
S3,2026-03-02 22:25:00,sw-core-01,port-id7430,uplink,16.642974
S3,2026-03-02 22:30:00,sw-core-01,port-id7430,uplink,13.677441
S3,2026-03-02 22:35:00,sw-core-01,port-id7430,uplink,13.315165
S3,2026-03-02 22:40:00,sw-core-01,port-id7430,uplink,6.578260
S3,2026-03-02 22:45:00,sw-core-01,port-id7430,uplink,11.704096
S3,2026-03-02 22:50:00,sw-core-01,port-id7430,uplink,13.224699
S3,2026-03-02 22:55:00,sw-core-01,port-id7430,uplink,12.074356
S3,2026-03-02 23:00:00,sw-core-01,port-id7430,uplink,17.244340
S3,2026-03-02 23:05:00,sw-core-01,port-id7430,uplink,13.569183
S3,2026-03-02 23:10:00,sw-core-01,port-id7430,uplink,11.979616
S3,2026-03-02 23:15:00,sw-core-01,port-id7430,uplink,18.819592
S3,2026-03-02 23:20:00,sw-core-01,port-id7430,uplink,9.792982
S3,2026-03-02 23:25:00,sw-core-01,port-id7430,uplink,8.989451
S3,2026-03-02 23:30:00,sw-core-01,port-id7430,uplink,15.215892
S3,2026-03-02 23:35:00,sw-core-01,port-id7430,uplink,14.623741
S3,2026-03-02 23:40:00,sw-core-01,port-id7430,uplink,17.468982
S3,2026-03-02 23:45:00,sw-core-01,port-id7430,uplink,13.104648
S3,2026-03-02 23:50:00,sw-core-01,port-id7430,uplink,9.891754
S3,2026-03-02 23:55:00,sw-core-01,port-id7430,uplink,16.087265
S3,2026-03-03 00:00:00,sw-core-01,port-id7430,uplink,16.711917
S3,2026-03-03 00:05:00,sw-core-01,port-id7430,uplink,12.279395
S3,2026-03-03 00:10:00,sw-core-01,port-id7430,uplink,21.092099
S3,2026-03-03 00:15:00,sw-core-01,port-id7430,uplink,15.345079
S3,2026-03-03 00:20:00,sw-core-01,port-id7430,uplink,17.561980
S3,2026-03-03 00:25:00,sw-core-01,port-id7430,uplink,16.903596
S3,2026-03-03 00:30:00,sw-core-01,port-id7430,uplink,16.558376
S3,2026-03-03 00:35:00,sw-core-01,port-id7430,uplink,13.428077
S3,2026-03-03 00:40:00,sw-core-01,port-id7430,uplink,15.646234
S3,2026-03-03 00:45:00,sw-core-01,port-id7430,uplink,14.902658
S3,2026-03-03 00:50:00,sw-core-01,port-id7430,uplink,13.940161
S3,2026-03-03 00:55:00,sw-core-01,port-id7430,uplink,12.396967
S3,2026-03-03 01:00:00,sw-core-01,port-id7430,uplink,16.595494
S3,2026-03-03 01:05:00,sw-core-01,port-id7430,uplink,12.180117
S3,2026-03-03 01:10:00,sw-core-01,port-id7430,uplink,13.790063
S3,2026-03-03 01:15:00,sw-core-01,port-id7430,uplink,15.228580
S3,2026-03-03 01:20:00,sw-core-01,port-id7430,uplink,17.813657
S3,2026-03-03 01:25:00,sw-core-01,port-id7430,uplink,8.746956
S3,2026-03-03 01:30:00,sw-core-01,port-id7430,uplink,13.667977
S3,2026-03-03 01:35:00,sw-core-01,port-id7430,uplink,15.351649
S3,2026-03-03 01:40:00,sw-core-01,port-id7430,uplink,15.895458
S3,2026-03-03 01:45:00,sw-core-01,port-id7430,uplink,15.244263
S3,2026-03-03 01:50:00,sw-core-01,port-id7430,uplink,14.028782
S3,2026-03-03 01:55:00,sw-core-01,port-id7430,uplink,15.181470
S3,2026-03-03 02:00:00,sw-core-01,port-id7430,uplink,17.563690
S3,2026-03-03 02:05:00,sw-core-01,port-id7430,uplink,15.268372
S3,2026-03-03 02:10:00,sw-core-01,port-id7430,uplink,17.527124
S3,2026-03-03 02:15:00,sw-core-01,port-id7430,uplink,18.542484
S3,2026-03-03 02:20:00,sw-core-01,port-id7430,uplink,15.544884
S3,2026-03-03 02:25:00,sw-core-01,port-id7430,uplink,9.090225
S3,2026-03-03 02:30:00,sw-core-01,port-id7430,uplink,14.523536
S3,2026-03-03 02:35:00,sw-core-01,port-id7430,uplink,13.818779
S3,2026-03-03 02:40:00,sw-core-01,port-id7430,uplink,15.253350
S3,2026-03-03 02:45:00,sw-core-01,port-id7430,uplink,12.404050
S3,2026-03-03 02:50:00,sw-core-01,port-id7430,uplink,18.499356
S3,2026-03-03 02:55:00,sw-core-01,port-id7430,uplink,10.738278
S3,2026-03-03 03:00:00,sw-core-01,port-id7430,uplink,13.827059
S3,2026-03-03 03:05:00,sw-core-01,port-id7430,uplink,13.242763
S3,2026-03-03 03:10:00,sw-core-01,port-id7430,uplink,14.861240
S3,2026-03-03 03:15:00,sw-core-01,port-id7430,uplink,14.930236
S3,2026-03-03 03:20:00,sw-core-01,port-id7430,uplink,20.351734
S3,2026-03-03 03:25:00,sw-core-01,port-id7430,uplink,7.558902
S3,2026-03-03 03:30:00,sw-core-01,port-id7430,uplink,17.012818
S3,2026-03-03 03:35:00,sw-core-01,port-id7430,uplink,15.122735
S3,2026-03-03 03:40:00,sw-core-01,port-id7430,uplink,15.809553
S3,2026-03-03 03:45:00,sw-core-01,port-id7430,uplink,18.514017
S3,2026-03-03 03:50:00,sw-core-01,port-id7430,uplink,16.898230
S3,2026-03-03 03:55:00,sw-core-01,port-id7430,uplink,12.141743
S3,2026-03-03 04:00:00,sw-core-01,port-id7430,uplink,17.364613
S3,2026-03-03 04:05:00,sw-core-01,port-id7430,uplink,12.294933
S3,2026-03-03 04:10:00,sw-core-01,port-id7430,uplink,15.707228
S3,2026-03-03 04:15:00,sw-core-01,port-id7430,uplink,13.763318
S3,2026-03-03 04:20:00,sw-core-01,port-id7430,uplink,11.223340
S3,2026-03-03 04:25:00,sw-core-01,port-id7430,uplink,10.861136
S3,2026-03-03 04:30:00,sw-core-01,port-id7430,uplink,16.765748
S3,2026-03-03 04:35:00,sw-core-01,port-id7430,uplink,19.793558
S3,2026-03-03 04:40:00,sw-core-01,port-id7430,uplink,16.504561
S3,2026-03-03 04:45:00,sw-core-01,port-id7430,uplink,15.737139
S3,2026-03-03 04:50:00,sw-core-01,port-id7430,uplink,14.644442
S3,2026-03-03 04:55:00,sw-core-01,port-id7430,uplink,12.856181
S3,2026-03-03 05:00:00,sw-core-01,port-id7430,uplink,17.867773
S3,2026-03-03 05:05:00,sw-core-01,port-id7430,uplink,13.720255
S3,2026-03-03 05:10:00,sw-core-01,port-id7430,uplink,20.815691
S3,2026-03-03 05:15:00,sw-core-01,port-id7430,uplink,14.530625
S3,2026-03-03 05:20:00,sw-core-01,port-id7430,uplink,15.698649
S3,2026-03-03 05:25:00,sw-core-01,port-id7430,uplink,21.145864
S3,2026-03-03 05:30:00,sw-core-01,port-id7430,uplink,18.834827
S3,2026-03-03 05:35:00,sw-core-01,port-id7430,uplink,25.658591
S3,2026-03-03 05:40:00,sw-core-01,port-id7430,uplink,21.507759
S3,2026-03-03 05:45:00,sw-core-01,port-id7430,uplink,17.605078
S3,2026-03-03 05:50:00,sw-core-01,port-id7430,uplink,19.526303
S3,2026-03-03 05:55:00,sw-core-01,port-id7430,uplink,16.297234
S3,2026-03-03 06:00:00,sw-core-01,port-id7430,uplink,17.956272
S3,2026-03-03 06:05:00,sw-core-01,port-id7430,uplink,18.727822
S3,2026-03-03 06:10:00,sw-core-01,port-id7430,uplink,19.501853
S3,2026-03-03 06:15:00,sw-core-01,port-id7430,uplink,15.224276
S3,2026-03-03 06:20:00,sw-core-01,port-id7430,uplink,22.777143
S3,2026-03-03 06:25:00,sw-core-01,port-id7430,uplink,23.951804
S3,2026-03-03 06:30:00,sw-core-01,port-id7430,uplink,25.635990
S3,2026-03-03 06:35:00,sw-core-01,port-id7430,uplink,24.060422
S3,2026-03-03 06:40:00,sw-core-01,port-id7430,uplink,23.262304
S3,2026-03-03 06:45:00,sw-core-01,port-id7430,uplink,27.328638
S3,2026-03-03 06:50:00,sw-core-01,port-id7430,uplink,26.276595
S3,2026-03-03 06:55:00,sw-core-01,port-id7430,uplink,27.495551
S3,2026-03-03 07:00:00,sw-core-01,port-id7430,uplink,30.295854
S3,2026-03-03 07:05:00,sw-core-01,port-id7430,uplink,32.383003
S3,2026-03-03 07:10:00,sw-core-01,port-id7430,uplink,30.289588
S3,2026-03-03 07:15:00,sw-core-01,port-id7430,uplink,36.796999
S3,2026-03-03 07:20:00,sw-core-01,port-id7430,uplink,28.709045
S3,2026-03-03 07:25:00,sw-core-01,port-id7430,uplink,34.961570
S3,2026-03-03 07:30:00,sw-core-01,port-id7430,uplink,34.342963
S3,2026-03-03 07:35:00,sw-core-01,port-id7430,uplink,33.434497
S3,2026-03-03 07:40:00,sw-core-01,port-id7430,uplink,36.158137
S3,2026-03-03 07:45:00,sw-core-01,port-id7430,uplink,35.603634
S3,2026-03-03 07:50:00,sw-core-01,port-id7430,uplink,41.270982
S3,2026-03-03 07:55:00,sw-core-01,port-id7430,uplink,41.987991
S3,2026-03-03 08:00:00,sw-core-01,port-id7430,uplink,37.430958
S3,2026-03-03 08:05:00,sw-core-01,port-id7430,uplink,38.388694
S3,2026-03-03 08:10:00,sw-core-01,port-id7430,uplink,46.506279
S3,2026-03-03 08:15:00,sw-core-01,port-id7430,uplink,36.635569
S3,2026-03-03 08:20:00,sw-core-01,port-id7430,uplink,42.160132
S3,2026-03-03 08:25:00,sw-core-01,port-id7430,uplink,48.333485
S3,2026-03-03 08:30:00,sw-core-01,port-id7430,uplink,39.500653
S3,2026-03-03 08:35:00,sw-core-01,port-id7430,uplink,45.933694
S3,2026-03-03 08:40:00,sw-core-01,port-id7430,uplink,44.813667
S3,2026-03-03 08:45:00,sw-core-01,port-id7430,uplink,43.364133
S3,2026-03-03 08:50:00,sw-core-01,port-id7430,uplink,41.552866
S3,2026-03-03 08:55:00,sw-core-01,port-id7430,uplink,46.604115
S3,2026-03-03 09:00:00,sw-core-01,port-id7430,uplink,45.751711
S3,2026-03-03 09:05:00,sw-core-01,port-id7430,uplink,46.662341
S3,2026-03-03 09:10:00,sw-core-01,port-id7430,uplink,46.194494
S3,2026-03-03 09:15:00,sw-core-01,port-id7430,uplink,37.778541
S3,2026-03-03 09:20:00,sw-core-01,port-id7430,uplink,45.329939
S3,2026-03-03 09:25:00,sw-core-01,port-id7430,uplink,46.256348
S3,2026-03-03 09:30:00,sw-core-01,port-id7430,uplink,50.162626
S3,2026-03-03 09:35:00,sw-core-01,port-id7430,uplink,40.676285
S3,2026-03-03 09:40:00,sw-core-01,port-id7430,uplink,42.313676
S3,2026-03-03 09:45:00,sw-core-01,port-id7430,uplink,41.365517
S3,2026-03-03 09:50:00,sw-core-01,port-id7430,uplink,45.146681
S3,2026-03-03 09:55:00,sw-core-01,port-id7430,uplink,49.206623
S3,2026-03-03 10:00:00,sw-core-01,port-id7430,uplink,40.387974
S3,2026-03-03 10:05:00,sw-core-01,port-id7430,uplink,49.778294
S3,2026-03-03 10:10:00,sw-core-01,port-id7430,uplink,45.016577
S3,2026-03-03 10:15:00,sw-core-01,port-id7430,uplink,50.507431
S3,2026-03-03 10:20:00,sw-core-01,port-id7430,uplink,46.825420
S3,2026-03-03 10:25:00,sw-core-01,port-id7430,uplink,45.967606
S3,2026-03-03 10:30:00,sw-core-01,port-id7430,uplink,38.171747
S3,2026-03-03 10:35:00,sw-core-01,port-id7430,uplink,46.695248
S3,2026-03-03 10:40:00,sw-core-01,port-id7430,uplink,47.615948
S3,2026-03-03 10:45:00,sw-core-01,port-id7430,uplink,47.835139
S3,2026-03-03 10:50:00,sw-core-01,port-id7430,uplink,48.203703
S3,2026-03-03 10:55:00,sw-core-01,port-id7430,uplink,42.856649
S3,2026-03-03 11:00:00,sw-core-01,port-id7430,uplink,42.181608
S3,2026-03-03 11:05:00,sw-core-01,port-id7430,uplink,44.571142
S3,2026-03-03 11:10:00,sw-core-01,port-id7430,uplink,41.351409
S3,2026-03-03 11:15:00,sw-core-01,port-id7430,uplink,50.067808
S3,2026-03-03 11:20:00,sw-core-01,port-id7430,uplink,46.867703
S3,2026-03-03 11:25:00,sw-core-01,port-id7430,uplink,41.773881
S3,2026-03-03 11:30:00,sw-core-01,port-id7430,uplink,42.468872
S3,2026-03-03 11:35:00,sw-core-01,port-id7430,uplink,38.296824
S3,2026-03-03 11:40:00,sw-core-01,port-id7430,uplink,43.578912
S3,2026-03-03 11:45:00,sw-core-01,port-id7430,uplink,49.367444
S3,2026-03-03 11:50:00,sw-core-01,port-id7430,uplink,44.943101
S3,2026-03-03 11:55:00,sw-core-01,port-id7430,uplink,44.468535
S3,2026-03-03 12:00:00,sw-core-01,port-id7430,uplink,41.425466
S3,2026-03-03 12:05:00,sw-core-01,port-id7430,uplink,45.177774
S3,2026-03-03 12:10:00,sw-core-01,port-id7430,uplink,44.167588
S3,2026-03-03 12:15:00,sw-core-01,port-id7430,uplink,38.134020
S3,2026-03-03 12:20:00,sw-core-01,port-id7430,uplink,41.318378
S3,2026-03-03 12:25:00,sw-core-01,port-id7430,uplink,40.314251
S3,2026-03-03 12:30:00,sw-core-01,port-id7430,uplink,46.952707
S3,2026-03-03 12:35:00,sw-core-01,port-id7430,uplink,48.765769
S3,2026-03-03 12:40:00,sw-core-01,port-id7430,uplink,49.044214
S3,2026-03-03 12:45:00,sw-core-01,port-id7430,uplink,45.217190
S3,2026-03-03 12:50:00,sw-core-01,port-id7430,uplink,46.868640
S3,2026-03-03 12:55:00,sw-core-01,port-id7430,uplink,50.496911
S3,2026-03-03 13:00:00,sw-core-01,port-id7430,uplink,43.898052
S3,2026-03-03 13:05:00,sw-core-01,port-id7430,uplink,43.812554
S3,2026-03-03 13:10:00,sw-core-01,port-id7430,uplink,45.330365
S3,2026-03-03 13:15:00,sw-core-01,port-id7430,uplink,44.413962
S3,2026-03-03 13:20:00,sw-core-01,port-id7430,uplink,43.576026
S3,2026-03-03 13:25:00,sw-core-01,port-id7430,uplink,44.903804
S3,2026-03-03 13:30:00,sw-core-01,port-id7430,uplink,45.007461
S3,2026-03-03 13:35:00,sw-core-01,port-id7430,uplink,45.919993
S3,2026-03-03 13:40:00,sw-core-01,port-id7430,uplink,46.261559
S3,2026-03-03 13:45:00,sw-core-01,port-id7430,uplink,46.305093
S3,2026-03-03 13:50:00,sw-core-01,port-id7430,uplink,41.603368
S3,2026-03-03 13:55:00,sw-core-01,port-id7430,uplink,46.891021
S3,2026-03-03 14:00:00,sw-core-01,port-id7430,uplink,45.980382
S3,2026-03-03 14:05:00,sw-core-01,port-id7430,uplink,41.902138
S3,2026-03-03 14:10:00,sw-core-01,port-id7430,uplink,45.442464
S3,2026-03-03 14:15:00,sw-core-01,port-id7430,uplink,44.268156
S3,2026-03-03 14:20:00,sw-core-01,port-id7430,uplink,43.115970
S3,2026-03-03 14:25:00,sw-core-01,port-id7430,uplink,50.333015
S3,2026-03-03 14:30:00,sw-core-01,port-id7430,uplink,42.251276
S3,2026-03-03 14:35:00,sw-core-01,port-id7430,uplink,44.614259
S3,2026-03-03 14:40:00,sw-core-01,port-id7430,uplink,46.287230
S3,2026-03-03 14:45:00,sw-core-01,port-id7430,uplink,38.802577
S3,2026-03-03 14:50:00,sw-core-01,port-id7430,uplink,43.295744
S3,2026-03-03 14:55:00,sw-core-01,port-id7430,uplink,48.374032
S3,2026-03-03 15:00:00,sw-core-01,port-id7430,uplink,40.334461
S3,2026-03-03 15:05:00,sw-core-01,port-id7430,uplink,48.542981
S3,2026-03-03 15:10:00,sw-core-01,port-id7430,uplink,44.317169
S3,2026-03-03 15:15:00,sw-core-01,port-id7430,uplink,45.056859
S3,2026-03-03 15:20:00,sw-core-01,port-id7430,uplink,47.487491
S3,2026-03-03 15:25:00,sw-core-01,port-id7430,uplink,42.941154
S3,2026-03-03 15:30:00,sw-core-01,port-id7430,uplink,43.561550
S3,2026-03-03 15:35:00,sw-core-01,port-id7430,uplink,43.791387
S3,2026-03-03 15:40:00,sw-core-01,port-id7430,uplink,46.502016
S3,2026-03-03 15:45:00,sw-core-01,port-id7430,uplink,45.123208
S3,2026-03-03 15:50:00,sw-core-01,port-id7430,uplink,44.235383
S3,2026-03-03 15:55:00,sw-core-01,port-id7430,uplink,44.688258
S3,2026-03-03 16:00:00,sw-core-01,port-id7430,uplink,44.753791
S3,2026-03-03 16:05:00,sw-core-01,port-id7430,uplink,45.301591
S3,2026-03-03 16:10:00,sw-core-01,port-id7430,uplink,46.196759
S3,2026-03-03 16:15:00,sw-core-01,port-id7430,uplink,44.944913
S3,2026-03-03 16:20:00,sw-core-01,port-id7430,uplink,46.480384
S3,2026-03-03 16:25:00,sw-core-01,port-id7430,uplink,44.353745
S3,2026-03-03 16:30:00,sw-core-01,port-id7430,uplink,45.262710
S3,2026-03-03 16:35:00,sw-core-01,port-id7430,uplink,46.842603
S3,2026-03-03 16:40:00,sw-core-01,port-id7430,uplink,46.412343
S3,2026-03-03 16:45:00,sw-core-01,port-id7430,uplink,48.571885
S3,2026-03-03 16:50:00,sw-core-01,port-id7430,uplink,44.169363
S3,2026-03-03 16:55:00,sw-core-01,port-id7430,uplink,45.813297
S3,2026-03-03 17:00:00,sw-core-01,port-id7430,uplink,39.996956
S3,2026-03-03 17:05:00,sw-core-01,port-id7430,uplink,40.500333
S3,2026-03-03 17:10:00,sw-core-01,port-id7430,uplink,44.278419
S3,2026-03-03 17:15:00,sw-core-01,port-id7430,uplink,51.028858
S3,2026-03-03 17:20:00,sw-core-01,port-id7430,uplink,41.048507
S3,2026-03-03 17:25:00,sw-core-01,port-id7430,uplink,40.257835
S3,2026-03-03 17:30:00,sw-core-01,port-id7430,uplink,45.331217
S3,2026-03-03 17:35:00,sw-core-01,port-id7430,uplink,45.569398
S3,2026-03-03 17:40:00,sw-core-01,port-id7430,uplink,46.661813
S3,2026-03-03 17:45:00,sw-core-01,port-id7430,uplink,42.391850
S3,2026-03-03 17:50:00,sw-core-01,port-id7430,uplink,40.088892
S3,2026-03-03 17:55:00,sw-core-01,port-id7430,uplink,43.125770
S3,2026-03-03 18:00:00,sw-core-01,port-id7430,uplink,38.091654
S3,2026-03-03 18:05:00,sw-core-01,port-id7430,uplink,41.433206
S3,2026-03-03 18:10:00,sw-core-01,port-id7430,uplink,35.255770
S3,2026-03-03 18:15:00,sw-core-01,port-id7430,uplink,41.801525
S3,2026-03-03 18:20:00,sw-core-01,port-id7430,uplink,38.401860
S3,2026-03-03 18:25:00,sw-core-01,port-id7430,uplink,40.962865
S3,2026-03-03 18:30:00,sw-core-01,port-id7430,uplink,37.467196
S3,2026-03-03 18:35:00,sw-core-01,port-id7430,uplink,42.068480
S3,2026-03-03 18:40:00,sw-core-01,port-id7430,uplink,36.671963
S3,2026-03-03 18:45:00,sw-core-01,port-id7430,uplink,30.723263
S3,2026-03-03 18:50:00,sw-core-01,port-id7430,uplink,32.845957
S3,2026-03-03 18:55:00,sw-core-01,port-id7430,uplink,38.695305
S3,2026-03-03 19:00:00,sw-core-01,port-id7430,uplink,41.177527
S3,2026-03-03 19:05:00,sw-core-01,port-id7430,uplink,31.581177
S3,2026-03-03 19:10:00,sw-core-01,port-id7430,uplink,39.218838
S3,2026-03-03 19:15:00,sw-core-01,port-id7430,uplink,33.730477
S3,2026-03-03 19:20:00,sw-core-01,port-id7430,uplink,36.844414
S3,2026-03-03 19:25:00,sw-core-01,port-id7430,uplink,29.474585
S3,2026-03-03 19:30:00,sw-core-01,port-id7430,uplink,31.207000
S3,2026-03-03 19:35:00,sw-core-01,port-id7430,uplink,30.250149
S3,2026-03-03 19:40:00,sw-core-01,port-id7430,uplink,24.600703
S3,2026-03-03 19:45:00,sw-core-01,port-id7430,uplink,25.749606
S3,2026-03-03 19:50:00,sw-core-01,port-id7430,uplink,27.934971
S3,2026-03-03 19:55:00,sw-core-01,port-id7430,uplink,25.914993
S3,2026-03-03 20:00:00,sw-core-01,port-id7430,uplink,27.128416
S3,2026-03-03 20:05:00,sw-core-01,port-id7430,uplink,28.919666
S3,2026-03-03 20:10:00,sw-core-01,port-id7430,uplink,20.793651
S3,2026-03-03 20:15:00,sw-core-01,port-id7430,uplink,16.143997
S3,2026-03-03 20:20:00,sw-core-01,port-id7430,uplink,18.935416
S3,2026-03-03 20:25:00,sw-core-01,port-id7430,uplink,21.967349
S3,2026-03-03 20:30:00,sw-core-01,port-id7430,uplink,21.376219
S3,2026-03-03 20:35:00,sw-core-01,port-id7430,uplink,20.363329
S3,2026-03-03 20:40:00,sw-core-01,port-id7430,uplink,16.087351
S3,2026-03-03 20:45:00,sw-core-01,port-id7430,uplink,14.239402
S3,2026-03-03 20:50:00,sw-core-01,port-id7430,uplink,19.550373
S3,2026-03-03 20:55:00,sw-core-01,port-id7430,uplink,18.289918
S3,2026-03-03 21:00:00,sw-core-01,port-id7430,uplink,14.063005
S3,2026-03-03 21:05:00,sw-core-01,port-id7430,uplink,14.345289
S3,2026-03-03 21:10:00,sw-core-01,port-id7430,uplink,17.785216
S3,2026-03-03 21:15:00,sw-core-01,port-id7430,uplink,16.827859
S3,2026-03-03 21:20:00,sw-core-01,port-id7430,uplink,16.112271
S3,2026-03-03 21:25:00,sw-core-01,port-id7430,uplink,11.689788
S3,2026-03-03 21:30:00,sw-core-01,port-id7430,uplink,16.512075
S3,2026-03-03 21:35:00,sw-core-01,port-id7430,uplink,16.752199
S3,2026-03-03 21:40:00,sw-core-01,port-id7430,uplink,17.628781
S3,2026-03-03 21:45:00,sw-core-01,port-id7430,uplink,15.930991
S3,2026-03-03 21:50:00,sw-core-01,port-id7430,uplink,18.624388
S3,2026-03-03 21:55:00,sw-core-01,port-id7430,uplink,16.960639
S3,2026-03-03 22:00:00,sw-core-01,port-id7430,uplink,13.293767
S3,2026-03-03 22:05:00,sw-core-01,port-id7430,uplink,16.801100
S3,2026-03-03 22:10:00,sw-core-01,port-id7430,uplink,15.771756
S3,2026-03-03 22:15:00,sw-core-01,port-id7430,uplink,16.019317
S3,2026-03-03 22:20:00,sw-core-01,port-id7430,uplink,19.966321
S3,2026-03-03 22:25:00,sw-core-01,port-id7430,uplink,16.818781
S3,2026-03-03 22:30:00,sw-core-01,port-id7430,uplink,18.189484
S3,2026-03-03 22:35:00,sw-core-01,port-id7430,uplink,16.925764
S3,2026-03-03 22:40:00,sw-core-01,port-id7430,uplink,19.187068
S3,2026-03-03 22:45:00,sw-core-01,port-id7430,uplink,10.445949
S3,2026-03-03 22:50:00,sw-core-01,port-id7430,uplink,13.163263
S3,2026-03-03 22:55:00,sw-core-01,port-id7430,uplink,14.805514
S3,2026-03-03 23:00:00,sw-core-01,port-id7430,uplink,14.388314
S3,2026-03-03 23:05:00,sw-core-01,port-id7430,uplink,14.743795
S3,2026-03-03 23:10:00,sw-core-01,port-id7430,uplink,13.828529
S3,2026-03-03 23:15:00,sw-core-01,port-id7430,uplink,15.154109
S3,2026-03-03 23:20:00,sw-core-01,port-id7430,uplink,15.526351
S3,2026-03-03 23:25:00,sw-core-01,port-id7430,uplink,17.321769
S3,2026-03-03 23:30:00,sw-core-01,port-id7430,uplink,16.263232
S3,2026-03-03 23:35:00,sw-core-01,port-id7430,uplink,12.173258
S3,2026-03-03 23:40:00,sw-core-01,port-id7430,uplink,14.423018
S3,2026-03-03 23:45:00,sw-core-01,port-id7430,uplink,15.476857
S3,2026-03-03 23:50:00,sw-core-01,port-id7430,uplink,14.851952
S3,2026-03-03 23:55:00,sw-core-01,port-id7430,uplink,15.477772
S3,2026-03-04 00:00:00,sw-core-01,port-id7430,uplink,16.202309
S3,2026-03-04 00:05:00,sw-core-01,port-id7430,uplink,13.836179
S3,2026-03-04 00:10:00,sw-core-01,port-id7430,uplink,18.000604
S3,2026-03-04 00:15:00,sw-core-01,port-id7430,uplink,15.231154
S3,2026-03-04 00:20:00,sw-core-01,port-id7430,uplink,10.974141
S3,2026-03-04 00:25:00,sw-core-01,port-id7430,uplink,14.798227
S3,2026-03-04 00:30:00,sw-core-01,port-id7430,uplink,9.990638
S3,2026-03-04 00:35:00,sw-core-01,port-id7430,uplink,13.966903
S3,2026-03-04 00:40:00,sw-core-01,port-id7430,uplink,15.835489
S3,2026-03-04 00:45:00,sw-core-01,port-id7430,uplink,12.949536
S3,2026-03-04 00:50:00,sw-core-01,port-id7430,uplink,13.067598
S3,2026-03-04 00:55:00,sw-core-01,port-id7430,uplink,20.607397
S3,2026-03-04 01:00:00,sw-core-01,port-id7430,uplink,17.367060
S3,2026-03-04 01:05:00,sw-core-01,port-id7430,uplink,12.759927
S3,2026-03-04 01:10:00,sw-core-01,port-id7430,uplink,11.784763
S3,2026-03-04 01:15:00,sw-core-01,port-id7430,uplink,9.218171
S3,2026-03-04 01:20:00,sw-core-01,port-id7430,uplink,16.074042
S3,2026-03-04 01:25:00,sw-core-01,port-id7430,uplink,20.035215
S3,2026-03-04 01:30:00,sw-core-01,port-id7430,uplink,9.508662
S3,2026-03-04 01:35:00,sw-core-01,port-id7430,uplink,13.869493
S3,2026-03-04 01:40:00,sw-core-01,port-id7430,uplink,14.624310
S3,2026-03-04 01:45:00,sw-core-01,port-id7430,uplink,10.976057
S3,2026-03-04 01:50:00,sw-core-01,port-id7430,uplink,17.890332
S3,2026-03-04 01:55:00,sw-core-01,port-id7430,uplink,15.277133
S3,2026-03-04 02:00:00,sw-core-01,port-id7430,uplink,16.853500
S3,2026-03-04 02:05:00,sw-core-01,port-id7430,uplink,16.060287
S3,2026-03-04 02:10:00,sw-core-01,port-id7430,uplink,11.113440
S3,2026-03-04 02:15:00,sw-core-01,port-id7430,uplink,13.990358
S3,2026-03-04 02:20:00,sw-core-01,port-id7430,uplink,15.899847
S3,2026-03-04 02:25:00,sw-core-01,port-id7430,uplink,17.458329
S3,2026-03-04 02:30:00,sw-core-01,port-id7430,uplink,13.845559
S3,2026-03-04 02:35:00,sw-core-01,port-id7430,uplink,12.361842
S3,2026-03-04 02:40:00,sw-core-01,port-id7430,uplink,13.586748
S3,2026-03-04 02:45:00,sw-core-01,port-id7430,uplink,14.035879
S3,2026-03-04 02:50:00,sw-core-01,port-id7430,uplink,17.637819
S3,2026-03-04 02:55:00,sw-core-01,port-id7430,uplink,17.143396
S3,2026-03-04 03:00:00,sw-core-01,port-id7430,uplink,15.778499
S3,2026-03-04 03:05:00,sw-core-01,port-id7430,uplink,16.243542
S3,2026-03-04 03:10:00,sw-core-01,port-id7430,uplink,16.518746
S3,2026-03-04 03:15:00,sw-core-01,port-id7430,uplink,13.709834
S3,2026-03-04 03:20:00,sw-core-01,port-id7430,uplink,15.110911
S3,2026-03-04 03:25:00,sw-core-01,port-id7430,uplink,17.141598
S3,2026-03-04 03:30:00,sw-core-01,port-id7430,uplink,11.754095
S3,2026-03-04 03:35:00,sw-core-01,port-id7430,uplink,11.939956
S3,2026-03-04 03:40:00,sw-core-01,port-id7430,uplink,18.099306
S3,2026-03-04 03:45:00,sw-core-01,port-id7430,uplink,10.898183
S3,2026-03-04 03:50:00,sw-core-01,port-id7430,uplink,9.877710
S3,2026-03-04 03:55:00,sw-core-01,port-id7430,uplink,13.632436
S3,2026-03-04 04:00:00,sw-core-01,port-id7430,uplink,19.033386
S3,2026-03-04 04:05:00,sw-core-01,port-id7430,uplink,16.474905
S3,2026-03-04 04:10:00,sw-core-01,port-id7430,uplink,14.861641
S3,2026-03-04 04:15:00,sw-core-01,port-id7430,uplink,13.736661
S3,2026-03-04 04:20:00,sw-core-01,port-id7430,uplink,19.173642
S3,2026-03-04 04:25:00,sw-core-01,port-id7430,uplink,13.902608
S3,2026-03-04 04:30:00,sw-core-01,port-id7430,uplink,16.406562
S3,2026-03-04 04:35:00,sw-core-01,port-id7430,uplink,16.502815
S3,2026-03-04 04:40:00,sw-core-01,port-id7430,uplink,15.204234
S3,2026-03-04 04:45:00,sw-core-01,port-id7430,uplink,17.582274
S3,2026-03-04 04:50:00,sw-core-01,port-id7430,uplink,14.074644
S3,2026-03-04 04:55:00,sw-core-01,port-id7430,uplink,21.287486
S3,2026-03-04 05:00:00,sw-core-01,port-id7430,uplink,17.797322
S3,2026-03-04 05:05:00,sw-core-01,port-id7430,uplink,10.025077
S3,2026-03-04 05:10:00,sw-core-01,port-id7430,uplink,17.647877
S3,2026-03-04 05:15:00,sw-core-01,port-id7430,uplink,24.879053
S3,2026-03-04 05:20:00,sw-core-01,port-id7430,uplink,11.416271
S3,2026-03-04 05:25:00,sw-core-01,port-id7430,uplink,15.450490
S3,2026-03-04 05:30:00,sw-core-01,port-id7430,uplink,20.182974
S3,2026-03-04 05:35:00,sw-core-01,port-id7430,uplink,16.509508
S3,2026-03-04 05:40:00,sw-core-01,port-id7430,uplink,7.515219
S3,2026-03-04 05:45:00,sw-core-01,port-id7430,uplink,13.270286
S3,2026-03-04 05:50:00,sw-core-01,port-id7430,uplink,15.544428
S3,2026-03-04 05:55:00,sw-core-01,port-id7430,uplink,21.587257
S3,2026-03-04 06:00:00,sw-core-01,port-id7430,uplink,19.272093
S3,2026-03-04 06:05:00,sw-core-01,port-id7430,uplink,22.381913
S3,2026-03-04 06:10:00,sw-core-01,port-id7430,uplink,23.657682
S3,2026-03-04 06:15:00,sw-core-01,port-id7430,uplink,25.632209
S3,2026-03-04 06:20:00,sw-core-01,port-id7430,uplink,24.163637
S3,2026-03-04 06:25:00,sw-core-01,port-id7430,uplink,22.518968
S3,2026-03-04 06:30:00,sw-core-01,port-id7430,uplink,27.468999
S3,2026-03-04 06:35:00,sw-core-01,port-id7430,uplink,24.387319
S3,2026-03-04 06:40:00,sw-core-01,port-id7430,uplink,27.755122
S3,2026-03-04 06:45:00,sw-core-01,port-id7430,uplink,21.319660
S3,2026-03-04 06:50:00,sw-core-01,port-id7430,uplink,30.777068
S3,2026-03-04 06:55:00,sw-core-01,port-id7430,uplink,26.874010
S3,2026-03-04 07:00:00,sw-core-01,port-id7430,uplink,31.320906
S3,2026-03-04 07:05:00,sw-core-01,port-id7430,uplink,30.301717
S3,2026-03-04 07:10:00,sw-core-01,port-id7430,uplink,35.641275
S3,2026-03-04 07:15:00,sw-core-01,port-id7430,uplink,36.957300
S3,2026-03-04 07:20:00,sw-core-01,port-id7430,uplink,34.147353
S3,2026-03-04 07:25:00,sw-core-01,port-id7430,uplink,30.752561
S3,2026-03-04 07:30:00,sw-core-01,port-id7430,uplink,37.449646
S3,2026-03-04 07:35:00,sw-core-01,port-id7430,uplink,37.815343
S3,2026-03-04 07:40:00,sw-core-01,port-id7430,uplink,38.102998
S3,2026-03-04 07:45:00,sw-core-01,port-id7430,uplink,37.065812
S3,2026-03-04 07:50:00,sw-core-01,port-id7430,uplink,44.101633
S3,2026-03-04 07:55:00,sw-core-01,port-id7430,uplink,38.177643
S3,2026-03-04 08:00:00,sw-core-01,port-id7430,uplink,41.642791
S3,2026-03-04 08:05:00,sw-core-01,port-id7430,uplink,40.065483
S3,2026-03-04 08:10:00,sw-core-01,port-id7430,uplink,41.776348
S3,2026-03-04 08:15:00,sw-core-01,port-id7430,uplink,45.528348
S3,2026-03-04 08:20:00,sw-core-01,port-id7430,uplink,33.695283
S3,2026-03-04 08:25:00,sw-core-01,port-id7430,uplink,42.448836
S3,2026-03-04 08:30:00,sw-core-01,port-id7430,uplink,47.785133
S3,2026-03-04 08:35:00,sw-core-01,port-id7430,uplink,43.074461
S3,2026-03-04 08:40:00,sw-core-01,port-id7430,uplink,47.049609
S3,2026-03-04 08:45:00,sw-core-01,port-id7430,uplink,45.532351
S3,2026-03-04 08:50:00,sw-core-01,port-id7430,uplink,46.779527
S3,2026-03-04 08:55:00,sw-core-01,port-id7430,uplink,49.053613
S3,2026-03-04 09:00:00,sw-core-01,port-id7430,uplink,47.421330
S3,2026-03-04 09:05:00,sw-core-01,port-id7430,uplink,49.311838
S3,2026-03-04 09:10:00,sw-core-01,port-id7430,uplink,43.598596
S3,2026-03-04 09:15:00,sw-core-01,port-id7430,uplink,47.379256
S3,2026-03-04 09:20:00,sw-core-01,port-id7430,uplink,43.463492
S3,2026-03-04 09:25:00,sw-core-01,port-id7430,uplink,42.596163
S3,2026-03-04 09:30:00,sw-core-01,port-id7430,uplink,51.491574
S3,2026-03-04 09:35:00,sw-core-01,port-id7430,uplink,44.046555
S3,2026-03-04 09:40:00,sw-core-01,port-id7430,uplink,45.062228
S3,2026-03-04 09:45:00,sw-core-01,port-id7430,uplink,45.405146
S3,2026-03-04 09:50:00,sw-core-01,port-id7430,uplink,44.002251
S3,2026-03-04 09:55:00,sw-core-01,port-id7430,uplink,44.209202
S3,2026-03-04 10:00:00,sw-core-01,port-id7430,uplink,44.433260
S3,2026-03-04 10:05:00,sw-core-01,port-id7430,uplink,40.471917
S3,2026-03-04 10:10:00,sw-core-01,port-id7430,uplink,48.364968
S3,2026-03-04 10:15:00,sw-core-01,port-id7430,uplink,46.292944
S3,2026-03-04 10:20:00,sw-core-01,port-id7430,uplink,50.522785
S3,2026-03-04 10:25:00,sw-core-01,port-id7430,uplink,48.196835
S3,2026-03-04 10:30:00,sw-core-01,port-id7430,uplink,42.211838
S3,2026-03-04 10:35:00,sw-core-01,port-id7430,uplink,49.680390
S3,2026-03-04 10:40:00,sw-core-01,port-id7430,uplink,44.342398
S3,2026-03-04 10:45:00,sw-core-01,port-id7430,uplink,46.004660
S3,2026-03-04 10:50:00,sw-core-01,port-id7430,uplink,48.196002
S3,2026-03-04 10:55:00,sw-core-01,port-id7430,uplink,52.859341
S3,2026-03-04 11:00:00,sw-core-01,port-id7430,uplink,42.023840
S3,2026-03-04 11:05:00,sw-core-01,port-id7430,uplink,49.492066
S3,2026-03-04 11:10:00,sw-core-01,port-id7430,uplink,43.857637
S3,2026-03-04 11:15:00,sw-core-01,port-id7430,uplink,43.165151
S3,2026-03-04 11:20:00,sw-core-01,port-id7430,uplink,43.869027
S3,2026-03-04 11:25:00,sw-core-01,port-id7430,uplink,43.640888
S3,2026-03-04 11:30:00,sw-core-01,port-id7430,uplink,45.461767
S3,2026-03-04 11:35:00,sw-core-01,port-id7430,uplink,45.658316
S3,2026-03-04 11:40:00,sw-core-01,port-id7430,uplink,44.427681
S3,2026-03-04 11:45:00,sw-core-01,port-id7430,uplink,49.916518
S3,2026-03-04 11:50:00,sw-core-01,port-id7430,uplink,44.072239
S3,2026-03-04 11:55:00,sw-core-01,port-id7430,uplink,44.046482
S3,2026-03-04 12:00:00,sw-core-01,port-id7430,uplink,46.418002
S3,2026-03-04 12:05:00,sw-core-01,port-id7430,uplink,44.267612
S3,2026-03-04 12:10:00,sw-core-01,port-id7430,uplink,53.680948
S3,2026-03-04 12:15:00,sw-core-01,port-id7430,uplink,44.683062
S3,2026-03-04 12:20:00,sw-core-01,port-id7430,uplink,45.085521
S3,2026-03-04 12:25:00,sw-core-01,port-id7430,uplink,48.280788
S3,2026-03-04 12:30:00,sw-core-01,port-id7430,uplink,45.814691
S3,2026-03-04 12:35:00,sw-core-01,port-id7430,uplink,51.115815
S3,2026-03-04 12:40:00,sw-core-01,port-id7430,uplink,39.218458
S3,2026-03-04 12:45:00,sw-core-01,port-id7430,uplink,43.229516
S3,2026-03-04 12:50:00,sw-core-01,port-id7430,uplink,46.487190
S3,2026-03-04 12:55:00,sw-core-01,port-id7430,uplink,46.477541
S3,2026-03-04 13:00:00,sw-core-01,port-id7430,uplink,48.600725
S3,2026-03-04 13:05:00,sw-core-01,port-id7430,uplink,42.138026
S3,2026-03-04 13:10:00,sw-core-01,port-id7430,uplink,52.563214
S3,2026-03-04 13:15:00,sw-core-01,port-id7430,uplink,49.649353
S3,2026-03-04 13:20:00,sw-core-01,port-id7430,uplink,51.239091
S3,2026-03-04 13:25:00,sw-core-01,port-id7430,uplink,48.675427
S3,2026-03-04 13:30:00,sw-core-01,port-id7430,uplink,44.675345
S3,2026-03-04 13:35:00,sw-core-01,port-id7430,uplink,49.585706
S3,2026-03-04 13:40:00,sw-core-01,port-id7430,uplink,45.615547
S3,2026-03-04 13:45:00,sw-core-01,port-id7430,uplink,43.535634
S3,2026-03-04 13:50:00,sw-core-01,port-id7430,uplink,53.372187
S3,2026-03-04 13:55:00,sw-core-01,port-id7430,uplink,47.282270
S3,2026-03-04 14:00:00,sw-core-01,port-id7430,uplink,47.367937
S3,2026-03-04 14:05:00,sw-core-01,port-id7430,uplink,44.949727
S3,2026-03-04 14:10:00,sw-core-01,port-id7430,uplink,47.451790
S3,2026-03-04 14:15:00,sw-core-01,port-id7430,uplink,49.434978
S3,2026-03-04 14:20:00,sw-core-01,port-id7430,uplink,45.270156
S3,2026-03-04 14:25:00,sw-core-01,port-id7430,uplink,49.344074
S3,2026-03-04 14:30:00,sw-core-01,port-id7430,uplink,47.051310
S3,2026-03-04 14:35:00,sw-core-01,port-id7430,uplink,45.278436
S3,2026-03-04 14:40:00,sw-core-01,port-id7430,uplink,44.645570
S3,2026-03-04 14:45:00,sw-core-01,port-id7430,uplink,45.769407
S3,2026-03-04 14:50:00,sw-core-01,port-id7430,uplink,43.569418
S3,2026-03-04 14:55:00,sw-core-01,port-id7430,uplink,43.380609
S3,2026-03-04 15:00:00,sw-core-01,port-id7430,uplink,42.875998
S3,2026-03-04 15:05:00,sw-core-01,port-id7430,uplink,50.890963
S3,2026-03-04 15:10:00,sw-core-01,port-id7430,uplink,41.661651
S3,2026-03-04 15:15:00,sw-core-01,port-id7430,uplink,47.927192
S3,2026-03-04 15:20:00,sw-core-01,port-id7430,uplink,49.153228
S3,2026-03-04 15:25:00,sw-core-01,port-id7430,uplink,47.334178
S3,2026-03-04 15:30:00,sw-core-01,port-id7430,uplink,46.130561
S3,2026-03-04 15:35:00,sw-core-01,port-id7430,uplink,49.705789
S3,2026-03-04 15:40:00,sw-core-01,port-id7430,uplink,45.626607
S3,2026-03-04 15:45:00,sw-core-01,port-id7430,uplink,44.871683
S3,2026-03-04 15:50:00,sw-core-01,port-id7430,uplink,47.161604
S3,2026-03-04 15:55:00,sw-core-01,port-id7430,uplink,49.221221
S3,2026-03-04 16:00:00,sw-core-01,port-id7430,uplink,47.881879
S3,2026-03-04 16:05:00,sw-core-01,port-id7430,uplink,47.260908
S3,2026-03-04 16:10:00,sw-core-01,port-id7430,uplink,46.450431
S3,2026-03-04 16:15:00,sw-core-01,port-id7430,uplink,48.842223
S3,2026-03-04 16:20:00,sw-core-01,port-id7430,uplink,47.535874
S3,2026-03-04 16:25:00,sw-core-01,port-id7430,uplink,44.578333
S3,2026-03-04 16:30:00,sw-core-01,port-id7430,uplink,38.193047
S3,2026-03-04 16:35:00,sw-core-01,port-id7430,uplink,48.426375
S3,2026-03-04 16:40:00,sw-core-01,port-id7430,uplink,44.336254
S3,2026-03-04 16:45:00,sw-core-01,port-id7430,uplink,46.101317
S3,2026-03-04 16:50:00,sw-core-01,port-id7430,uplink,43.013874
S3,2026-03-04 16:55:00,sw-core-01,port-id7430,uplink,47.582423
S3,2026-03-04 17:00:00,sw-core-01,port-id7430,uplink,51.609490
S3,2026-03-04 17:05:00,sw-core-01,port-id7430,uplink,45.146244
S3,2026-03-04 17:10:00,sw-core-01,port-id7430,uplink,52.313203
S3,2026-03-04 17:15:00,sw-core-01,port-id7430,uplink,40.925921
S3,2026-03-04 17:20:00,sw-core-01,port-id7430,uplink,46.574721
S3,2026-03-04 17:25:00,sw-core-01,port-id7430,uplink,47.150409
S3,2026-03-04 17:30:00,sw-core-01,port-id7430,uplink,43.733664
S3,2026-03-04 17:35:00,sw-core-01,port-id7430,uplink,42.175199
S3,2026-03-04 17:40:00,sw-core-01,port-id7430,uplink,43.550583
S3,2026-03-04 17:45:00,sw-core-01,port-id7430,uplink,53.188860
S3,2026-03-04 17:50:00,sw-core-01,port-id7430,uplink,46.046024
S3,2026-03-04 17:55:00,sw-core-01,port-id7430,uplink,49.740321
S3,2026-03-04 18:00:00,sw-core-01,port-id7430,uplink,41.173148
S3,2026-03-04 18:05:00,sw-core-01,port-id7430,uplink,40.491963
S3,2026-03-04 18:10:00,sw-core-01,port-id7430,uplink,43.286988
S3,2026-03-04 18:15:00,sw-core-01,port-id7430,uplink,46.131201
S3,2026-03-04 18:20:00,sw-core-01,port-id7430,uplink,43.608742
S3,2026-03-04 18:25:00,sw-core-01,port-id7430,uplink,44.094280
S3,2026-03-04 18:30:00,sw-core-01,port-id7430,uplink,41.138343
S3,2026-03-04 18:35:00,sw-core-01,port-id7430,uplink,47.145407
S3,2026-03-04 18:40:00,sw-core-01,port-id7430,uplink,39.591096
S3,2026-03-04 18:45:00,sw-core-01,port-id7430,uplink,38.712377
S3,2026-03-04 18:50:00,sw-core-01,port-id7430,uplink,37.278024
S3,2026-03-04 18:55:00,sw-core-01,port-id7430,uplink,43.475580
S3,2026-03-04 19:00:00,sw-core-01,port-id7430,uplink,40.661648
S3,2026-03-04 19:05:00,sw-core-01,port-id7430,uplink,36.593393
S3,2026-03-04 19:10:00,sw-core-01,port-id7430,uplink,30.736181
S3,2026-03-04 19:15:00,sw-core-01,port-id7430,uplink,32.365868
S3,2026-03-04 19:20:00,sw-core-01,port-id7430,uplink,37.217772
S3,2026-03-04 19:25:00,sw-core-01,port-id7430,uplink,35.010539
S3,2026-03-04 19:30:00,sw-core-01,port-id7430,uplink,30.358587
S3,2026-03-04 19:35:00,sw-core-01,port-id7430,uplink,29.930059
S3,2026-03-04 19:40:00,sw-core-01,port-id7430,uplink,30.616817
S3,2026-03-04 19:45:00,sw-core-01,port-id7430,uplink,27.181476
S3,2026-03-04 19:50:00,sw-core-01,port-id7430,uplink,26.726234
S3,2026-03-04 19:55:00,sw-core-01,port-id7430,uplink,26.598919
S3,2026-03-04 20:00:00,sw-core-01,port-id7430,uplink,24.574644
S3,2026-03-04 20:05:00,sw-core-01,port-id7430,uplink,29.302849
S3,2026-03-04 20:10:00,sw-core-01,port-id7430,uplink,29.530570
S3,2026-03-04 20:15:00,sw-core-01,port-id7430,uplink,23.604998
S3,2026-03-04 20:20:00,sw-core-01,port-id7430,uplink,23.020771
S3,2026-03-04 20:25:00,sw-core-01,port-id7430,uplink,26.108805
S3,2026-03-04 20:30:00,sw-core-01,port-id7430,uplink,21.014150
S3,2026-03-04 20:35:00,sw-core-01,port-id7430,uplink,18.685229
S3,2026-03-04 20:40:00,sw-core-01,port-id7430,uplink,22.756643
S3,2026-03-04 20:45:00,sw-core-01,port-id7430,uplink,21.212544
S3,2026-03-04 20:50:00,sw-core-01,port-id7430,uplink,16.669836
S3,2026-03-04 20:55:00,sw-core-01,port-id7430,uplink,21.118256
S3,2026-03-04 21:00:00,sw-core-01,port-id7430,uplink,22.850280
S3,2026-03-04 21:05:00,sw-core-01,port-id7430,uplink,20.625481
S3,2026-03-04 21:10:00,sw-core-01,port-id7430,uplink,18.201625
S3,2026-03-04 21:15:00,sw-core-01,port-id7430,uplink,15.358465
S3,2026-03-04 21:20:00,sw-core-01,port-id7430,uplink,15.706194
S3,2026-03-04 21:25:00,sw-core-01,port-id7430,uplink,21.007427
S3,2026-03-04 21:30:00,sw-core-01,port-id7430,uplink,19.985009
S3,2026-03-04 21:35:00,sw-core-01,port-id7430,uplink,18.560497
S3,2026-03-04 21:40:00,sw-core-01,port-id7430,uplink,17.436211
S3,2026-03-04 21:45:00,sw-core-01,port-id7430,uplink,11.812818
S3,2026-03-04 21:50:00,sw-core-01,port-id7430,uplink,16.810689
S3,2026-03-04 21:55:00,sw-core-01,port-id7430,uplink,15.455188
S3,2026-03-04 22:00:00,sw-core-01,port-id7430,uplink,21.834370
S3,2026-03-04 22:05:00,sw-core-01,port-id7430,uplink,17.003508
S3,2026-03-04 22:10:00,sw-core-01,port-id7430,uplink,13.707485
S3,2026-03-04 22:15:00,sw-core-01,port-id7430,uplink,19.014846
S3,2026-03-04 22:20:00,sw-core-01,port-id7430,uplink,14.067143
S3,2026-03-04 22:25:00,sw-core-01,port-id7430,uplink,12.570908
S3,2026-03-04 22:30:00,sw-core-01,port-id7430,uplink,21.676367
S3,2026-03-04 22:35:00,sw-core-01,port-id7430,uplink,22.659005
S3,2026-03-04 22:40:00,sw-core-01,port-id7430,uplink,15.399574
S3,2026-03-04 22:45:00,sw-core-01,port-id7430,uplink,19.945586
S3,2026-03-04 22:50:00,sw-core-01,port-id7430,uplink,19.780631
S3,2026-03-04 22:55:00,sw-core-01,port-id7430,uplink,12.472961
S3,2026-03-04 23:00:00,sw-core-01,port-id7430,uplink,19.864453
S3,2026-03-04 23:05:00,sw-core-01,port-id7430,uplink,19.212406
S3,2026-03-04 23:10:00,sw-core-01,port-id7430,uplink,18.232969
S3,2026-03-04 23:15:00,sw-core-01,port-id7430,uplink,13.721060
S3,2026-03-04 23:20:00,sw-core-01,port-id7430,uplink,13.192423
S3,2026-03-04 23:25:00,sw-core-01,port-id7430,uplink,20.038697
S3,2026-03-04 23:30:00,sw-core-01,port-id7430,uplink,14.488454
S3,2026-03-04 23:35:00,sw-core-01,port-id7430,uplink,15.772056
S3,2026-03-04 23:40:00,sw-core-01,port-id7430,uplink,16.781235
S3,2026-03-04 23:45:00,sw-core-01,port-id7430,uplink,10.511538
S3,2026-03-04 23:50:00,sw-core-01,port-id7430,uplink,14.454567
S3,2026-03-04 23:55:00,sw-core-01,port-id7430,uplink,14.283027
S3,2026-03-05 00:00:00,sw-core-01,port-id7430,uplink,15.102634
S3,2026-03-05 00:05:00,sw-core-01,port-id7430,uplink,13.343538
S3,2026-03-05 00:10:00,sw-core-01,port-id7430,uplink,20.224035
S3,2026-03-05 00:15:00,sw-core-01,port-id7430,uplink,21.310217
S3,2026-03-05 00:20:00,sw-core-01,port-id7430,uplink,22.488295
S3,2026-03-05 00:25:00,sw-core-01,port-id7430,uplink,14.832625
S3,2026-03-05 00:30:00,sw-core-01,port-id7430,uplink,16.312034
S3,2026-03-05 00:35:00,sw-core-01,port-id7430,uplink,23.196787
S3,2026-03-05 00:40:00,sw-core-01,port-id7430,uplink,17.362089
S3,2026-03-05 00:45:00,sw-core-01,port-id7430,uplink,23.886488
S3,2026-03-05 00:50:00,sw-core-01,port-id7430,uplink,18.249383
S3,2026-03-05 00:55:00,sw-core-01,port-id7430,uplink,16.827220
S3,2026-03-05 01:00:00,sw-core-01,port-id7430,uplink,19.668647
S3,2026-03-05 01:05:00,sw-core-01,port-id7430,uplink,19.282123
S3,2026-03-05 01:10:00,sw-core-01,port-id7430,uplink,20.030912
S3,2026-03-05 01:15:00,sw-core-01,port-id7430,uplink,17.152569
S3,2026-03-05 01:20:00,sw-core-01,port-id7430,uplink,20.694787
S3,2026-03-05 01:25:00,sw-core-01,port-id7430,uplink,22.830963
S3,2026-03-05 01:30:00,sw-core-01,port-id7430,uplink,18.667043
S3,2026-03-05 01:35:00,sw-core-01,port-id7430,uplink,15.276793
S3,2026-03-05 01:40:00,sw-core-01,port-id7430,uplink,17.645518
S3,2026-03-05 01:45:00,sw-core-01,port-id7430,uplink,11.137586
S3,2026-03-05 01:50:00,sw-core-01,port-id7430,uplink,15.623848
S3,2026-03-05 01:55:00,sw-core-01,port-id7430,uplink,24.385535
S3,2026-03-05 02:00:00,sw-core-01,port-id7430,uplink,21.099190
S3,2026-03-05 02:05:00,sw-core-01,port-id7430,uplink,9.995910
S3,2026-03-05 02:10:00,sw-core-01,port-id7430,uplink,21.239165
S3,2026-03-05 02:15:00,sw-core-01,port-id7430,uplink,15.783031
S3,2026-03-05 02:20:00,sw-core-01,port-id7430,uplink,20.106248
S3,2026-03-05 02:25:00,sw-core-01,port-id7430,uplink,16.079305
S3,2026-03-05 02:30:00,sw-core-01,port-id7430,uplink,15.994373
S3,2026-03-05 02:35:00,sw-core-01,port-id7430,uplink,24.934744
S3,2026-03-05 02:40:00,sw-core-01,port-id7430,uplink,14.462409
S3,2026-03-05 02:45:00,sw-core-01,port-id7430,uplink,23.508971
S3,2026-03-05 02:50:00,sw-core-01,port-id7430,uplink,18.958925
S3,2026-03-05 02:55:00,sw-core-01,port-id7430,uplink,15.812332
S3,2026-03-05 03:00:00,sw-core-01,port-id7430,uplink,23.577547
S3,2026-03-05 03:05:00,sw-core-01,port-id7430,uplink,15.701098
S3,2026-03-05 03:10:00,sw-core-01,port-id7430,uplink,18.977050
S3,2026-03-05 03:15:00,sw-core-01,port-id7430,uplink,16.190671
S3,2026-03-05 03:20:00,sw-core-01,port-id7430,uplink,12.467835
S3,2026-03-05 03:25:00,sw-core-01,port-id7430,uplink,17.400328
S3,2026-03-05 03:30:00,sw-core-01,port-id7430,uplink,19.431354
S3,2026-03-05 03:35:00,sw-core-01,port-id7430,uplink,21.491604
S3,2026-03-05 03:40:00,sw-core-01,port-id7430,uplink,20.788470
S3,2026-03-05 03:45:00,sw-core-01,port-id7430,uplink,18.206590
S3,2026-03-05 03:50:00,sw-core-01,port-id7430,uplink,17.741556
S3,2026-03-05 03:55:00,sw-core-01,port-id7430,uplink,17.317439
S3,2026-03-05 04:00:00,sw-core-01,port-id7430,uplink,18.472125
S3,2026-03-05 04:05:00,sw-core-01,port-id7430,uplink,20.899778
S3,2026-03-05 04:10:00,sw-core-01,port-id7430,uplink,19.149868
S3,2026-03-05 04:15:00,sw-core-01,port-id7430,uplink,20.089940
S3,2026-03-05 04:20:00,sw-core-01,port-id7430,uplink,14.675718
S3,2026-03-05 04:25:00,sw-core-01,port-id7430,uplink,22.478345
S3,2026-03-05 04:30:00,sw-core-01,port-id7430,uplink,18.974207
S3,2026-03-05 04:35:00,sw-core-01,port-id7430,uplink,22.385104
S3,2026-03-05 04:40:00,sw-core-01,port-id7430,uplink,18.500775
S3,2026-03-05 04:45:00,sw-core-01,port-id7430,uplink,23.184296
S3,2026-03-05 04:50:00,sw-core-01,port-id7430,uplink,15.372498
S3,2026-03-05 04:55:00,sw-core-01,port-id7430,uplink,19.208043
S3,2026-03-05 05:00:00,sw-core-01,port-id7430,uplink,19.021364
S3,2026-03-05 05:05:00,sw-core-01,port-id7430,uplink,16.427698
S3,2026-03-05 05:10:00,sw-core-01,port-id7430,uplink,19.039549
S3,2026-03-05 05:15:00,sw-core-01,port-id7430,uplink,21.035101
S3,2026-03-05 05:20:00,sw-core-01,port-id7430,uplink,20.171912
S3,2026-03-05 05:25:00,sw-core-01,port-id7430,uplink,16.996208
S3,2026-03-05 05:30:00,sw-core-01,port-id7430,uplink,22.599678
S3,2026-03-05 05:35:00,sw-core-01,port-id7430,uplink,17.789072
S3,2026-03-05 05:40:00,sw-core-01,port-id7430,uplink,19.802235
S3,2026-03-05 05:45:00,sw-core-01,port-id7430,uplink,22.603041
S3,2026-03-05 05:50:00,sw-core-01,port-id7430,uplink,20.644410
S3,2026-03-05 05:55:00,sw-core-01,port-id7430,uplink,21.827251
S3,2026-03-05 06:00:00,sw-core-01,port-id7430,uplink,22.798289
S3,2026-03-05 06:05:00,sw-core-01,port-id7430,uplink,26.766013
S3,2026-03-05 06:10:00,sw-core-01,port-id7430,uplink,25.591234
S3,2026-03-05 06:15:00,sw-core-01,port-id7430,uplink,26.379742
S3,2026-03-05 06:20:00,sw-core-01,port-id7430,uplink,24.254479
S3,2026-03-05 06:25:00,sw-core-01,port-id7430,uplink,26.844737
S3,2026-03-05 06:30:00,sw-core-01,port-id7430,uplink,28.073500
S3,2026-03-05 06:35:00,sw-core-01,port-id7430,uplink,24.667701
S3,2026-03-05 06:40:00,sw-core-01,port-id7430,uplink,26.231101
S3,2026-03-05 06:45:00,sw-core-01,port-id7430,uplink,29.829136
S3,2026-03-05 06:50:00,sw-core-01,port-id7430,uplink,24.487599
S3,2026-03-05 06:55:00,sw-core-01,port-id7430,uplink,29.232240
S3,2026-03-05 07:00:00,sw-core-01,port-id7430,uplink,35.117051
S3,2026-03-05 07:05:00,sw-core-01,port-id7430,uplink,34.838170
S3,2026-03-05 07:10:00,sw-core-01,port-id7430,uplink,35.513823
S3,2026-03-05 07:15:00,sw-core-01,port-id7430,uplink,37.028860
S3,2026-03-05 07:20:00,sw-core-01,port-id7430,uplink,38.176881
S3,2026-03-05 07:25:00,sw-core-01,port-id7430,uplink,36.840431
S3,2026-03-05 07:30:00,sw-core-01,port-id7430,uplink,36.414385
S3,2026-03-05 07:35:00,sw-core-01,port-id7430,uplink,41.183864
S3,2026-03-05 07:40:00,sw-core-01,port-id7430,uplink,40.443152
S3,2026-03-05 07:45:00,sw-core-01,port-id7430,uplink,44.592367
S3,2026-03-05 07:50:00,sw-core-01,port-id7430,uplink,44.397098
S3,2026-03-05 07:55:00,sw-core-01,port-id7430,uplink,42.121033
S3,2026-03-05 08:00:00,sw-core-01,port-id7430,uplink,41.545657
S3,2026-03-05 08:05:00,sw-core-01,port-id7430,uplink,45.163363
S3,2026-03-05 08:10:00,sw-core-01,port-id7430,uplink,45.714804
S3,2026-03-05 08:15:00,sw-core-01,port-id7430,uplink,46.197593
S3,2026-03-05 08:20:00,sw-core-01,port-id7430,uplink,45.672466
S3,2026-03-05 08:25:00,sw-core-01,port-id7430,uplink,51.398581
S3,2026-03-05 08:30:00,sw-core-01,port-id7430,uplink,46.910292
S3,2026-03-05 08:35:00,sw-core-01,port-id7430,uplink,47.384610
S3,2026-03-05 08:40:00,sw-core-01,port-id7430,uplink,49.319370
S3,2026-03-05 08:45:00,sw-core-01,port-id7430,uplink,46.941617
S3,2026-03-05 08:50:00,sw-core-01,port-id7430,uplink,45.385493
S3,2026-03-05 08:55:00,sw-core-01,port-id7430,uplink,48.623567
S3,2026-03-05 09:00:00,sw-core-01,port-id7430,uplink,46.474527
S3,2026-03-05 09:05:00,sw-core-01,port-id7430,uplink,44.404579
S3,2026-03-05 09:10:00,sw-core-01,port-id7430,uplink,45.047815
S3,2026-03-05 09:15:00,sw-core-01,port-id7430,uplink,42.365728
S3,2026-03-05 09:20:00,sw-core-01,port-id7430,uplink,44.173867
S3,2026-03-05 09:25:00,sw-core-01,port-id7430,uplink,47.826092
S3,2026-03-05 09:30:00,sw-core-01,port-id7430,uplink,51.979647
S3,2026-03-05 09:35:00,sw-core-01,port-id7430,uplink,47.676579
S3,2026-03-05 09:40:00,sw-core-01,port-id7430,uplink,44.014910
S3,2026-03-05 09:45:00,sw-core-01,port-id7430,uplink,52.341527
S3,2026-03-05 09:50:00,sw-core-01,port-id7430,uplink,48.798703
S3,2026-03-05 09:55:00,sw-core-01,port-id7430,uplink,49.770774
S3,2026-03-05 10:00:00,sw-core-01,port-id7430,uplink,49.526671
S3,2026-03-05 10:05:00,sw-core-01,port-id7430,uplink,44.510217
S3,2026-03-05 10:10:00,sw-core-01,port-id7430,uplink,49.169553
S3,2026-03-05 10:15:00,sw-core-01,port-id7430,uplink,47.288679
S3,2026-03-05 10:20:00,sw-core-01,port-id7430,uplink,48.610973
S3,2026-03-05 10:25:00,sw-core-01,port-id7430,uplink,50.111338
S3,2026-03-05 10:30:00,sw-core-01,port-id7430,uplink,48.055671
S3,2026-03-05 10:35:00,sw-core-01,port-id7430,uplink,40.308829
S3,2026-03-05 10:40:00,sw-core-01,port-id7430,uplink,50.372587
S3,2026-03-05 10:45:00,sw-core-01,port-id7430,uplink,51.684660
S3,2026-03-05 10:50:00,sw-core-01,port-id7430,uplink,47.349990
S3,2026-03-05 10:55:00,sw-core-01,port-id7430,uplink,45.016455
S3,2026-03-05 11:00:00,sw-core-01,port-id7430,uplink,54.742041
S3,2026-03-05 11:05:00,sw-core-01,port-id7430,uplink,46.074246
S3,2026-03-05 11:10:00,sw-core-01,port-id7430,uplink,52.751010
S3,2026-03-05 11:15:00,sw-core-01,port-id7430,uplink,46.279056
S3,2026-03-05 11:20:00,sw-core-01,port-id7430,uplink,45.336172
S3,2026-03-05 11:25:00,sw-core-01,port-id7430,uplink,48.295477
S3,2026-03-05 11:30:00,sw-core-01,port-id7430,uplink,47.558671
S3,2026-03-05 11:35:00,sw-core-01,port-id7430,uplink,50.057900
S3,2026-03-05 11:40:00,sw-core-01,port-id7430,uplink,46.454890
S3,2026-03-05 11:45:00,sw-core-01,port-id7430,uplink,45.932963
S3,2026-03-05 11:50:00,sw-core-01,port-id7430,uplink,48.092388
S3,2026-03-05 11:55:00,sw-core-01,port-id7430,uplink,51.024326
S3,2026-03-05 12:00:00,sw-core-01,port-id7430,uplink,53.266675
S3,2026-03-05 12:05:00,sw-core-01,port-id7430,uplink,53.668526
S3,2026-03-05 12:10:00,sw-core-01,port-id7430,uplink,55.552409
S3,2026-03-05 12:15:00,sw-core-01,port-id7430,uplink,50.395380
S3,2026-03-05 12:20:00,sw-core-01,port-id7430,uplink,45.539688
S3,2026-03-05 12:25:00,sw-core-01,port-id7430,uplink,51.104388
S3,2026-03-05 12:30:00,sw-core-01,port-id7430,uplink,51.875463
S3,2026-03-05 12:35:00,sw-core-01,port-id7430,uplink,46.071398
S3,2026-03-05 12:40:00,sw-core-01,port-id7430,uplink,44.887302
S3,2026-03-05 12:45:00,sw-core-01,port-id7430,uplink,47.070270
S3,2026-03-05 12:50:00,sw-core-01,port-id7430,uplink,46.976586
S3,2026-03-05 12:55:00,sw-core-01,port-id7430,uplink,55.140606
S3,2026-03-05 13:00:00,sw-core-01,port-id7430,uplink,51.111492
S3,2026-03-05 13:05:00,sw-core-01,port-id7430,uplink,48.680078
S3,2026-03-05 13:10:00,sw-core-01,port-id7430,uplink,48.714245
S3,2026-03-05 13:15:00,sw-core-01,port-id7430,uplink,48.567249
S3,2026-03-05 13:20:00,sw-core-01,port-id7430,uplink,51.897543
S3,2026-03-05 13:25:00,sw-core-01,port-id7430,uplink,42.449619
S3,2026-03-05 13:30:00,sw-core-01,port-id7430,uplink,46.986391
S3,2026-03-05 13:35:00,sw-core-01,port-id7430,uplink,50.567831
S3,2026-03-05 13:40:00,sw-core-01,port-id7430,uplink,50.410296
S3,2026-03-05 13:45:00,sw-core-01,port-id7430,uplink,48.806660
S3,2026-03-05 13:50:00,sw-core-01,port-id7430,uplink,49.933679
S3,2026-03-05 13:55:00,sw-core-01,port-id7430,uplink,45.864212
S3,2026-03-05 14:00:00,sw-core-01,port-id7430,uplink,49.881475
S3,2026-03-05 14:05:00,sw-core-01,port-id7430,uplink,46.441545
S3,2026-03-05 14:10:00,sw-core-01,port-id7430,uplink,51.460891
S3,2026-03-05 14:15:00,sw-core-01,port-id7430,uplink,47.141696
S3,2026-03-05 14:20:00,sw-core-01,port-id7430,uplink,43.716920
S3,2026-03-05 14:25:00,sw-core-01,port-id7430,uplink,48.069420
S3,2026-03-05 14:30:00,sw-core-01,port-id7430,uplink,48.838549
S3,2026-03-05 14:35:00,sw-core-01,port-id7430,uplink,50.141489
S3,2026-03-05 14:40:00,sw-core-01,port-id7430,uplink,49.438055
S3,2026-03-05 14:45:00,sw-core-01,port-id7430,uplink,43.808136
S3,2026-03-05 14:50:00,sw-core-01,port-id7430,uplink,47.801467
S3,2026-03-05 14:55:00,sw-core-01,port-id7430,uplink,53.617496
S3,2026-03-05 15:00:00,sw-core-01,port-id7430,uplink,44.496194
S3,2026-03-05 15:05:00,sw-core-01,port-id7430,uplink,51.531705
S3,2026-03-05 15:10:00,sw-core-01,port-id7430,uplink,51.466871
S3,2026-03-05 15:15:00,sw-core-01,port-id7430,uplink,50.600533
S3,2026-03-05 15:20:00,sw-core-01,port-id7430,uplink,56.070351
S3,2026-03-05 15:25:00,sw-core-01,port-id7430,uplink,46.396193
S3,2026-03-05 15:30:00,sw-core-01,port-id7430,uplink,39.680418
S3,2026-03-05 15:35:00,sw-core-01,port-id7430,uplink,48.878591
S3,2026-03-05 15:40:00,sw-core-01,port-id7430,uplink,52.012039
S3,2026-03-05 15:45:00,sw-core-01,port-id7430,uplink,52.851030
S3,2026-03-05 15:50:00,sw-core-01,port-id7430,uplink,49.205014
S3,2026-03-05 15:55:00,sw-core-01,port-id7430,uplink,46.754384
S3,2026-03-05 16:00:00,sw-core-01,port-id7430,uplink,51.702976
S3,2026-03-05 16:05:00,sw-core-01,port-id7430,uplink,51.108923
S3,2026-03-05 16:10:00,sw-core-01,port-id7430,uplink,50.451602
S3,2026-03-05 16:15:00,sw-core-01,port-id7430,uplink,51.806892
S3,2026-03-05 16:20:00,sw-core-01,port-id7430,uplink,52.273313
S3,2026-03-05 16:25:00,sw-core-01,port-id7430,uplink,49.432367
S3,2026-03-05 16:30:00,sw-core-01,port-id7430,uplink,45.792499
S3,2026-03-05 16:35:00,sw-core-01,port-id7430,uplink,48.123006
S3,2026-03-05 16:40:00,sw-core-01,port-id7430,uplink,47.972068
S3,2026-03-05 16:45:00,sw-core-01,port-id7430,uplink,53.489305
S3,2026-03-05 16:50:00,sw-core-01,port-id7430,uplink,47.425139
S3,2026-03-05 16:55:00,sw-core-01,port-id7430,uplink,52.199455
S3,2026-03-05 17:00:00,sw-core-01,port-id7430,uplink,46.597347
S3,2026-03-05 17:05:00,sw-core-01,port-id7430,uplink,52.047190
S3,2026-03-05 17:10:00,sw-core-01,port-id7430,uplink,46.296111
S3,2026-03-05 17:15:00,sw-core-01,port-id7430,uplink,51.567821
S3,2026-03-05 17:20:00,sw-core-01,port-id7430,uplink,44.590906
S3,2026-03-05 17:25:00,sw-core-01,port-id7430,uplink,44.057119
S3,2026-03-05 17:30:00,sw-core-01,port-id7430,uplink,48.869050
S3,2026-03-05 17:35:00,sw-core-01,port-id7430,uplink,46.785756
S3,2026-03-05 17:40:00,sw-core-01,port-id7430,uplink,46.888584
S3,2026-03-05 17:45:00,sw-core-01,port-id7430,uplink,48.550164
S3,2026-03-05 17:50:00,sw-core-01,port-id7430,uplink,46.949979
S3,2026-03-05 17:55:00,sw-core-01,port-id7430,uplink,48.683608
S3,2026-03-05 18:00:00,sw-core-01,port-id7430,uplink,44.560606
S3,2026-03-05 18:05:00,sw-core-01,port-id7430,uplink,50.476434
S3,2026-03-05 18:10:00,sw-core-01,port-id7430,uplink,47.557689
S3,2026-03-05 18:15:00,sw-core-01,port-id7430,uplink,47.300891
S3,2026-03-05 18:20:00,sw-core-01,port-id7430,uplink,54.567590
S3,2026-03-05 18:25:00,sw-core-01,port-id7430,uplink,50.944123
S3,2026-03-05 18:30:00,sw-core-01,port-id7430,uplink,44.323099
S3,2026-03-05 18:35:00,sw-core-01,port-id7430,uplink,45.647499
S3,2026-03-05 18:40:00,sw-core-01,port-id7430,uplink,42.634959
S3,2026-03-05 18:45:00,sw-core-01,port-id7430,uplink,39.526025
S3,2026-03-05 18:50:00,sw-core-01,port-id7430,uplink,43.778704
S3,2026-03-05 18:55:00,sw-core-01,port-id7430,uplink,43.835195
S3,2026-03-05 19:00:00,sw-core-01,port-id7430,uplink,41.755708
S3,2026-03-05 19:05:00,sw-core-01,port-id7430,uplink,38.212055
S3,2026-03-05 19:10:00,sw-core-01,port-id7430,uplink,33.284442
S3,2026-03-05 19:15:00,sw-core-01,port-id7430,uplink,43.228074
S3,2026-03-05 19:20:00,sw-core-01,port-id7430,uplink,36.020753
S3,2026-03-05 19:25:00,sw-core-01,port-id7430,uplink,37.373995
S3,2026-03-05 19:30:00,sw-core-01,port-id7430,uplink,35.037343
S3,2026-03-05 19:35:00,sw-core-01,port-id7430,uplink,23.906996
S3,2026-03-05 19:40:00,sw-core-01,port-id7430,uplink,28.925933
S3,2026-03-05 19:45:00,sw-core-01,port-id7430,uplink,36.330366
S3,2026-03-05 19:50:00,sw-core-01,port-id7430,uplink,31.612216
S3,2026-03-05 19:55:00,sw-core-01,port-id7430,uplink,26.082452
S3,2026-03-05 20:00:00,sw-core-01,port-id7430,uplink,30.382250
S3,2026-03-05 20:05:00,sw-core-01,port-id7430,uplink,29.644088
S3,2026-03-05 20:10:00,sw-core-01,port-id7430,uplink,26.553630
S3,2026-03-05 20:15:00,sw-core-01,port-id7430,uplink,24.163335
S3,2026-03-05 20:20:00,sw-core-01,port-id7430,uplink,24.933475
S3,2026-03-05 20:25:00,sw-core-01,port-id7430,uplink,23.194756
S3,2026-03-05 20:30:00,sw-core-01,port-id7430,uplink,22.343049
S3,2026-03-05 20:35:00,sw-core-01,port-id7430,uplink,25.474525
S3,2026-03-05 20:40:00,sw-core-01,port-id7430,uplink,18.872348
S3,2026-03-05 20:45:00,sw-core-01,port-id7430,uplink,28.985511
S3,2026-03-05 20:50:00,sw-core-01,port-id7430,uplink,19.351177
S3,2026-03-05 20:55:00,sw-core-01,port-id7430,uplink,25.375793
S3,2026-03-05 21:00:00,sw-core-01,port-id7430,uplink,27.961560
S3,2026-03-05 21:05:00,sw-core-01,port-id7430,uplink,22.840054
S3,2026-03-05 21:10:00,sw-core-01,port-id7430,uplink,21.811109
S3,2026-03-05 21:15:00,sw-core-01,port-id7430,uplink,23.954564
S3,2026-03-05 21:20:00,sw-core-01,port-id7430,uplink,26.792394
S3,2026-03-05 21:25:00,sw-core-01,port-id7430,uplink,25.995044
S3,2026-03-05 21:30:00,sw-core-01,port-id7430,uplink,23.176894
S3,2026-03-05 21:35:00,sw-core-01,port-id7430,uplink,22.251824
S3,2026-03-05 21:40:00,sw-core-01,port-id7430,uplink,21.139997
S3,2026-03-05 21:45:00,sw-core-01,port-id7430,uplink,18.289783
S3,2026-03-05 21:50:00,sw-core-01,port-id7430,uplink,22.488693
S3,2026-03-05 21:55:00,sw-core-01,port-id7430,uplink,20.151371
S3,2026-03-05 22:00:00,sw-core-01,port-id7430,uplink,19.945073
S3,2026-03-05 22:05:00,sw-core-01,port-id7430,uplink,15.227805
S3,2026-03-05 22:10:00,sw-core-01,port-id7430,uplink,15.275286
S3,2026-03-05 22:15:00,sw-core-01,port-id7430,uplink,18.834268
S3,2026-03-05 22:20:00,sw-core-01,port-id7430,uplink,22.065128
S3,2026-03-05 22:25:00,sw-core-01,port-id7430,uplink,21.130986
S3,2026-03-05 22:30:00,sw-core-01,port-id7430,uplink,14.736594
S3,2026-03-05 22:35:00,sw-core-01,port-id7430,uplink,15.663438
S3,2026-03-05 22:40:00,sw-core-01,port-id7430,uplink,20.197596
S3,2026-03-05 22:45:00,sw-core-01,port-id7430,uplink,23.292941
S3,2026-03-05 22:50:00,sw-core-01,port-id7430,uplink,19.954935
S3,2026-03-05 22:55:00,sw-core-01,port-id7430,uplink,15.531852
S3,2026-03-05 23:00:00,sw-core-01,port-id7430,uplink,14.026521
S3,2026-03-05 23:05:00,sw-core-01,port-id7430,uplink,21.231568
S3,2026-03-05 23:10:00,sw-core-01,port-id7430,uplink,19.695134
S3,2026-03-05 23:15:00,sw-core-01,port-id7430,uplink,17.930123
S3,2026-03-05 23:20:00,sw-core-01,port-id7430,uplink,20.899912
S3,2026-03-05 23:25:00,sw-core-01,port-id7430,uplink,18.156975
S3,2026-03-05 23:30:00,sw-core-01,port-id7430,uplink,21.967287
S3,2026-03-05 23:35:00,sw-core-01,port-id7430,uplink,18.908056
S3,2026-03-05 23:40:00,sw-core-01,port-id7430,uplink,22.225226
S3,2026-03-05 23:45:00,sw-core-01,port-id7430,uplink,19.535768
S3,2026-03-05 23:50:00,sw-core-01,port-id7430,uplink,20.787941
S3,2026-03-05 23:55:00,sw-core-01,port-id7430,uplink,23.299888
S3,2026-03-06 00:00:00,sw-core-01,port-id7430,uplink,22.355845
S3,2026-03-06 00:05:00,sw-core-01,port-id7430,uplink,18.972539
S3,2026-03-06 00:10:00,sw-core-01,port-id7430,uplink,19.893538
S3,2026-03-06 00:15:00,sw-core-01,port-id7430,uplink,21.331658
S3,2026-03-06 00:20:00,sw-core-01,port-id7430,uplink,22.989443
S3,2026-03-06 00:25:00,sw-core-01,port-id7430,uplink,19.232880
S3,2026-03-06 00:30:00,sw-core-01,port-id7430,uplink,22.737034
S3,2026-03-06 00:35:00,sw-core-01,port-id7430,uplink,18.887046
S3,2026-03-06 00:40:00,sw-core-01,port-id7430,uplink,20.970588
S3,2026-03-06 00:45:00,sw-core-01,port-id7430,uplink,22.315884
S3,2026-03-06 00:50:00,sw-core-01,port-id7430,uplink,20.235613
S3,2026-03-06 00:55:00,sw-core-01,port-id7430,uplink,26.078800
S3,2026-03-06 01:00:00,sw-core-01,port-id7430,uplink,26.553329
S3,2026-03-06 01:05:00,sw-core-01,port-id7430,uplink,12.197402
S3,2026-03-06 01:10:00,sw-core-01,port-id7430,uplink,18.665467
S3,2026-03-06 01:15:00,sw-core-01,port-id7430,uplink,19.384846
S3,2026-03-06 01:20:00,sw-core-01,port-id7430,uplink,22.258253
S3,2026-03-06 01:25:00,sw-core-01,port-id7430,uplink,21.813875
S3,2026-03-06 01:30:00,sw-core-01,port-id7430,uplink,24.220789
S3,2026-03-06 01:35:00,sw-core-01,port-id7430,uplink,21.257565
S3,2026-03-06 01:40:00,sw-core-01,port-id7430,uplink,18.819285
S3,2026-03-06 01:45:00,sw-core-01,port-id7430,uplink,21.380174
S3,2026-03-06 01:50:00,sw-core-01,port-id7430,uplink,19.159067
S3,2026-03-06 01:55:00,sw-core-01,port-id7430,uplink,22.031112
S3,2026-03-06 02:00:00,sw-core-01,port-id7430,uplink,18.705315
S3,2026-03-06 02:05:00,sw-core-01,port-id7430,uplink,16.788239
S3,2026-03-06 02:10:00,sw-core-01,port-id7430,uplink,19.294656
S3,2026-03-06 02:15:00,sw-core-01,port-id7430,uplink,23.252736
S3,2026-03-06 02:20:00,sw-core-01,port-id7430,uplink,21.058552
S3,2026-03-06 02:25:00,sw-core-01,port-id7430,uplink,17.537457
S3,2026-03-06 02:30:00,sw-core-01,port-id7430,uplink,15.655757
S3,2026-03-06 02:35:00,sw-core-01,port-id7430,uplink,18.707444
S3,2026-03-06 02:40:00,sw-core-01,port-id7430,uplink,18.121078
S3,2026-03-06 02:45:00,sw-core-01,port-id7430,uplink,17.669452
S3,2026-03-06 02:50:00,sw-core-01,port-id7430,uplink,21.569862
S3,2026-03-06 02:55:00,sw-core-01,port-id7430,uplink,21.841246
S3,2026-03-06 03:00:00,sw-core-01,port-id7430,uplink,21.289372
S3,2026-03-06 03:05:00,sw-core-01,port-id7430,uplink,21.855411
S3,2026-03-06 03:10:00,sw-core-01,port-id7430,uplink,18.251681
S3,2026-03-06 03:15:00,sw-core-01,port-id7430,uplink,19.725531
S3,2026-03-06 03:20:00,sw-core-01,port-id7430,uplink,28.769288
S3,2026-03-06 03:25:00,sw-core-01,port-id7430,uplink,21.047093
S3,2026-03-06 03:30:00,sw-core-01,port-id7430,uplink,18.505281
S3,2026-03-06 03:35:00,sw-core-01,port-id7430,uplink,18.264399
S3,2026-03-06 03:40:00,sw-core-01,port-id7430,uplink,23.595642
S3,2026-03-06 03:45:00,sw-core-01,port-id7430,uplink,24.009251
S3,2026-03-06 03:50:00,sw-core-01,port-id7430,uplink,24.811678
S3,2026-03-06 03:55:00,sw-core-01,port-id7430,uplink,19.635834
S3,2026-03-06 04:00:00,sw-core-01,port-id7430,uplink,22.637375
S3,2026-03-06 04:05:00,sw-core-01,port-id7430,uplink,24.671933
S3,2026-03-06 04:10:00,sw-core-01,port-id7430,uplink,26.001031
S3,2026-03-06 04:15:00,sw-core-01,port-id7430,uplink,22.683996
S3,2026-03-06 04:20:00,sw-core-01,port-id7430,uplink,26.055410
S3,2026-03-06 04:25:00,sw-core-01,port-id7430,uplink,17.830924
S3,2026-03-06 04:30:00,sw-core-01,port-id7430,uplink,22.549014
S3,2026-03-06 04:35:00,sw-core-01,port-id7430,uplink,23.546444
S3,2026-03-06 04:40:00,sw-core-01,port-id7430,uplink,23.857506
S3,2026-03-06 04:45:00,sw-core-01,port-id7430,uplink,24.380569
S3,2026-03-06 04:50:00,sw-core-01,port-id7430,uplink,25.792170
S3,2026-03-06 04:55:00,sw-core-01,port-id7430,uplink,24.127631
S3,2026-03-06 05:00:00,sw-core-01,port-id7430,uplink,24.064829
S3,2026-03-06 05:05:00,sw-core-01,port-id7430,uplink,17.673864
S3,2026-03-06 05:10:00,sw-core-01,port-id7430,uplink,22.303435
S3,2026-03-06 05:15:00,sw-core-01,port-id7430,uplink,23.046327
S3,2026-03-06 05:20:00,sw-core-01,port-id7430,uplink,19.993986
S3,2026-03-06 05:25:00,sw-core-01,port-id7430,uplink,20.820935
S3,2026-03-06 05:30:00,sw-core-01,port-id7430,uplink,23.020128
S3,2026-03-06 05:35:00,sw-core-01,port-id7430,uplink,18.696872
S3,2026-03-06 05:40:00,sw-core-01,port-id7430,uplink,21.782579
S3,2026-03-06 05:45:00,sw-core-01,port-id7430,uplink,22.281391
S3,2026-03-06 05:50:00,sw-core-01,port-id7430,uplink,30.973892
S3,2026-03-06 05:55:00,sw-core-01,port-id7430,uplink,28.779044
S3,2026-03-06 06:00:00,sw-core-01,port-id7430,uplink,30.136497
S3,2026-03-06 06:05:00,sw-core-01,port-id7430,uplink,30.213789
S3,2026-03-06 06:10:00,sw-core-01,port-id7430,uplink,24.743550
S3,2026-03-06 06:15:00,sw-core-01,port-id7430,uplink,28.821983
S3,2026-03-06 06:20:00,sw-core-01,port-id7430,uplink,31.162315
S3,2026-03-06 06:25:00,sw-core-01,port-id7430,uplink,32.248692
S3,2026-03-06 06:30:00,sw-core-01,port-id7430,uplink,29.492986
S3,2026-03-06 06:35:00,sw-core-01,port-id7430,uplink,37.379119
S3,2026-03-06 06:40:00,sw-core-01,port-id7430,uplink,34.296044
S3,2026-03-06 06:45:00,sw-core-01,port-id7430,uplink,32.134449
S3,2026-03-06 06:50:00,sw-core-01,port-id7430,uplink,37.382656
S3,2026-03-06 06:55:00,sw-core-01,port-id7430,uplink,34.774677
S3,2026-03-06 07:00:00,sw-core-01,port-id7430,uplink,34.335908
S3,2026-03-06 07:05:00,sw-core-01,port-id7430,uplink,41.342094
S3,2026-03-06 07:10:00,sw-core-01,port-id7430,uplink,41.177860
S3,2026-03-06 07:15:00,sw-core-01,port-id7430,uplink,36.952720
S3,2026-03-06 07:20:00,sw-core-01,port-id7430,uplink,37.863467
S3,2026-03-06 07:25:00,sw-core-01,port-id7430,uplink,35.689662
S3,2026-03-06 07:30:00,sw-core-01,port-id7430,uplink,40.153856
S3,2026-03-06 07:35:00,sw-core-01,port-id7430,uplink,40.020522
S3,2026-03-06 07:40:00,sw-core-01,port-id7430,uplink,39.533068
S3,2026-03-06 07:45:00,sw-core-01,port-id7430,uplink,46.964330
S3,2026-03-06 07:50:00,sw-core-01,port-id7430,uplink,43.668038
S3,2026-03-06 07:55:00,sw-core-01,port-id7430,uplink,45.256738
S3,2026-03-06 08:00:00,sw-core-01,port-id7430,uplink,47.847554
S3,2026-03-06 08:05:00,sw-core-01,port-id7430,uplink,43.339827
S3,2026-03-06 08:10:00,sw-core-01,port-id7430,uplink,48.721737
S3,2026-03-06 08:15:00,sw-core-01,port-id7430,uplink,48.153651
S3,2026-03-06 08:20:00,sw-core-01,port-id7430,uplink,47.278351
S3,2026-03-06 08:25:00,sw-core-01,port-id7430,uplink,55.105692
S3,2026-03-06 08:30:00,sw-core-01,port-id7430,uplink,47.204156
S3,2026-03-06 08:35:00,sw-core-01,port-id7430,uplink,46.776453
S3,2026-03-06 08:40:00,sw-core-01,port-id7430,uplink,53.641990
S3,2026-03-06 08:45:00,sw-core-01,port-id7430,uplink,48.318236
S3,2026-03-06 08:50:00,sw-core-01,port-id7430,uplink,47.213695
S3,2026-03-06 08:55:00,sw-core-01,port-id7430,uplink,46.693508
S3,2026-03-06 09:00:00,sw-core-01,port-id7430,uplink,49.412999
S3,2026-03-06 09:05:00,sw-core-01,port-id7430,uplink,51.380037
S3,2026-03-06 09:10:00,sw-core-01,port-id7430,uplink,50.755637
S3,2026-03-06 09:15:00,sw-core-01,port-id7430,uplink,50.561676
S3,2026-03-06 09:20:00,sw-core-01,port-id7430,uplink,53.605746
S3,2026-03-06 09:25:00,sw-core-01,port-id7430,uplink,52.595247
S3,2026-03-06 09:30:00,sw-core-01,port-id7430,uplink,50.960751
S3,2026-03-06 09:35:00,sw-core-01,port-id7430,uplink,51.881121
S3,2026-03-06 09:40:00,sw-core-01,port-id7430,uplink,47.753825
S3,2026-03-06 09:45:00,sw-core-01,port-id7430,uplink,48.966109
S3,2026-03-06 09:50:00,sw-core-01,port-id7430,uplink,49.972917
S3,2026-03-06 09:55:00,sw-core-01,port-id7430,uplink,49.571766
S3,2026-03-06 10:00:00,sw-core-01,port-id7430,uplink,49.316091
S3,2026-03-06 10:05:00,sw-core-01,port-id7430,uplink,56.139015
S3,2026-03-06 10:10:00,sw-core-01,port-id7430,uplink,53.657431
S3,2026-03-06 10:15:00,sw-core-01,port-id7430,uplink,55.803352
S3,2026-03-06 10:20:00,sw-core-01,port-id7430,uplink,56.010908
S3,2026-03-06 10:25:00,sw-core-01,port-id7430,uplink,48.192228
S3,2026-03-06 10:30:00,sw-core-01,port-id7430,uplink,52.139648
S3,2026-03-06 10:35:00,sw-core-01,port-id7430,uplink,52.788163
S3,2026-03-06 10:40:00,sw-core-01,port-id7430,uplink,51.989026
S3,2026-03-06 10:45:00,sw-core-01,port-id7430,uplink,46.255574
S3,2026-03-06 10:50:00,sw-core-01,port-id7430,uplink,53.457355
S3,2026-03-06 10:55:00,sw-core-01,port-id7430,uplink,53.368970
S3,2026-03-06 11:00:00,sw-core-01,port-id7430,uplink,53.391306
S3,2026-03-06 11:05:00,sw-core-01,port-id7430,uplink,54.049423
S3,2026-03-06 11:10:00,sw-core-01,port-id7430,uplink,50.715114
S3,2026-03-06 11:15:00,sw-core-01,port-id7430,uplink,48.289205
S3,2026-03-06 11:20:00,sw-core-01,port-id7430,uplink,48.027505
S3,2026-03-06 11:25:00,sw-core-01,port-id7430,uplink,52.539968
S3,2026-03-06 11:30:00,sw-core-01,port-id7430,uplink,52.814300
S3,2026-03-06 11:35:00,sw-core-01,port-id7430,uplink,51.448386
S3,2026-03-06 11:40:00,sw-core-01,port-id7430,uplink,53.380319
S3,2026-03-06 11:45:00,sw-core-01,port-id7430,uplink,52.666758
S3,2026-03-06 11:50:00,sw-core-01,port-id7430,uplink,49.000581
S3,2026-03-06 11:55:00,sw-core-01,port-id7430,uplink,51.973704
S3,2026-03-06 12:00:00,sw-core-01,port-id7430,uplink,51.692123
S3,2026-03-06 12:05:00,sw-core-01,port-id7430,uplink,49.467758
S3,2026-03-06 12:10:00,sw-core-01,port-id7430,uplink,57.642322
S3,2026-03-06 12:15:00,sw-core-01,port-id7430,uplink,52.955233
S3,2026-03-06 12:20:00,sw-core-01,port-id7430,uplink,53.996934
S3,2026-03-06 12:25:00,sw-core-01,port-id7430,uplink,50.557578
S3,2026-03-06 12:30:00,sw-core-01,port-id7430,uplink,49.644958
S3,2026-03-06 12:35:00,sw-core-01,port-id7430,uplink,46.948954
S3,2026-03-06 12:40:00,sw-core-01,port-id7430,uplink,48.779296
S3,2026-03-06 12:45:00,sw-core-01,port-id7430,uplink,50.914608
S3,2026-03-06 12:50:00,sw-core-01,port-id7430,uplink,48.282929
S3,2026-03-06 12:55:00,sw-core-01,port-id7430,uplink,50.809649
S3,2026-03-06 13:00:00,sw-core-01,port-id7430,uplink,49.129168
S3,2026-03-06 13:05:00,sw-core-01,port-id7430,uplink,50.644518
S3,2026-03-06 13:10:00,sw-core-01,port-id7430,uplink,50.117740
S3,2026-03-06 13:15:00,sw-core-01,port-id7430,uplink,49.806851
S3,2026-03-06 13:20:00,sw-core-01,port-id7430,uplink,52.297492
S3,2026-03-06 13:25:00,sw-core-01,port-id7430,uplink,48.533626
S3,2026-03-06 13:30:00,sw-core-01,port-id7430,uplink,54.262061
S3,2026-03-06 13:35:00,sw-core-01,port-id7430,uplink,49.608285
S3,2026-03-06 13:40:00,sw-core-01,port-id7430,uplink,54.133526
S3,2026-03-06 13:45:00,sw-core-01,port-id7430,uplink,49.682566
S3,2026-03-06 13:50:00,sw-core-01,port-id7430,uplink,51.090716
S3,2026-03-06 13:55:00,sw-core-01,port-id7430,uplink,48.990798
S3,2026-03-06 14:00:00,sw-core-01,port-id7430,uplink,54.085074
S3,2026-03-06 14:05:00,sw-core-01,port-id7430,uplink,48.290393
S3,2026-03-06 14:10:00,sw-core-01,port-id7430,uplink,53.510838
S3,2026-03-06 14:15:00,sw-core-01,port-id7430,uplink,49.613611
S3,2026-03-06 14:20:00,sw-core-01,port-id7430,uplink,53.491756
S3,2026-03-06 14:25:00,sw-core-01,port-id7430,uplink,52.500845
S3,2026-03-06 14:30:00,sw-core-01,port-id7430,uplink,47.980604
S3,2026-03-06 14:35:00,sw-core-01,port-id7430,uplink,51.691913
S3,2026-03-06 14:40:00,sw-core-01,port-id7430,uplink,62.068494
S3,2026-03-06 14:45:00,sw-core-01,port-id7430,uplink,47.396915
S3,2026-03-06 14:50:00,sw-core-01,port-id7430,uplink,52.166372
S3,2026-03-06 14:55:00,sw-core-01,port-id7430,uplink,51.724953
S3,2026-03-06 15:00:00,sw-core-01,port-id7430,uplink,55.303646
S3,2026-03-06 15:05:00,sw-core-01,port-id7430,uplink,47.308970
S3,2026-03-06 15:10:00,sw-core-01,port-id7430,uplink,51.038034
S3,2026-03-06 15:15:00,sw-core-01,port-id7430,uplink,57.471451
S3,2026-03-06 15:20:00,sw-core-01,port-id7430,uplink,55.030453
S3,2026-03-06 15:25:00,sw-core-01,port-id7430,uplink,48.725533
S3,2026-03-06 15:30:00,sw-core-01,port-id7430,uplink,55.962419
S3,2026-03-06 15:35:00,sw-core-01,port-id7430,uplink,54.664317
S3,2026-03-06 15:40:00,sw-core-01,port-id7430,uplink,54.589052
S3,2026-03-06 15:45:00,sw-core-01,port-id7430,uplink,48.823044
S3,2026-03-06 15:50:00,sw-core-01,port-id7430,uplink,49.385993
S3,2026-03-06 15:55:00,sw-core-01,port-id7430,uplink,54.250965
S3,2026-03-06 16:00:00,sw-core-01,port-id7430,uplink,51.975164
S3,2026-03-06 16:05:00,sw-core-01,port-id7430,uplink,52.435253
S3,2026-03-06 16:10:00,sw-core-01,port-id7430,uplink,48.319503
S3,2026-03-06 16:15:00,sw-core-01,port-id7430,uplink,58.182023
S3,2026-03-06 16:20:00,sw-core-01,port-id7430,uplink,48.614773
S3,2026-03-06 16:25:00,sw-core-01,port-id7430,uplink,53.284965
S3,2026-03-06 16:30:00,sw-core-01,port-id7430,uplink,58.761368
S3,2026-03-06 16:35:00,sw-core-01,port-id7430,uplink,48.926145
S3,2026-03-06 16:40:00,sw-core-01,port-id7430,uplink,51.783140
S3,2026-03-06 16:45:00,sw-core-01,port-id7430,uplink,52.594490
S3,2026-03-06 16:50:00,sw-core-01,port-id7430,uplink,50.038492
S3,2026-03-06 16:55:00,sw-core-01,port-id7430,uplink,50.741930
S3,2026-03-06 17:00:00,sw-core-01,port-id7430,uplink,47.745496
S3,2026-03-06 17:05:00,sw-core-01,port-id7430,uplink,47.986533
S3,2026-03-06 17:10:00,sw-core-01,port-id7430,uplink,49.412045
S3,2026-03-06 17:15:00,sw-core-01,port-id7430,uplink,46.534874
S3,2026-03-06 17:20:00,sw-core-01,port-id7430,uplink,47.799457
S3,2026-03-06 17:25:00,sw-core-01,port-id7430,uplink,51.609453
S3,2026-03-06 17:30:00,sw-core-01,port-id7430,uplink,51.132455
S3,2026-03-06 17:35:00,sw-core-01,port-id7430,uplink,47.082422
S3,2026-03-06 17:40:00,sw-core-01,port-id7430,uplink,53.276206
S3,2026-03-06 17:45:00,sw-core-01,port-id7430,uplink,54.848895
S3,2026-03-06 17:50:00,sw-core-01,port-id7430,uplink,49.496680
S3,2026-03-06 17:55:00,sw-core-01,port-id7430,uplink,49.802799
S3,2026-03-06 18:00:00,sw-core-01,port-id7430,uplink,47.465141
S3,2026-03-06 18:05:00,sw-core-01,port-id7430,uplink,52.411417
S3,2026-03-06 18:10:00,sw-core-01,port-id7430,uplink,52.306807
S3,2026-03-06 18:15:00,sw-core-01,port-id7430,uplink,50.811568
S3,2026-03-06 18:20:00,sw-core-01,port-id7430,uplink,52.043118
S3,2026-03-06 18:25:00,sw-core-01,port-id7430,uplink,42.445013
S3,2026-03-06 18:30:00,sw-core-01,port-id7430,uplink,45.602590
S3,2026-03-06 18:35:00,sw-core-01,port-id7430,uplink,40.063340
S3,2026-03-06 18:40:00,sw-core-01,port-id7430,uplink,45.893882
S3,2026-03-06 18:45:00,sw-core-01,port-id7430,uplink,49.813749
S3,2026-03-06 18:50:00,sw-core-01,port-id7430,uplink,46.939986
S3,2026-03-06 18:55:00,sw-core-01,port-id7430,uplink,39.787872
S3,2026-03-06 19:00:00,sw-core-01,port-id7430,uplink,40.069221
S3,2026-03-06 19:05:00,sw-core-01,port-id7430,uplink,43.103370
S3,2026-03-06 19:10:00,sw-core-01,port-id7430,uplink,40.637717
S3,2026-03-06 19:15:00,sw-core-01,port-id7430,uplink,39.645979
S3,2026-03-06 19:20:00,sw-core-01,port-id7430,uplink,36.376681
S3,2026-03-06 19:25:00,sw-core-01,port-id7430,uplink,38.699624
S3,2026-03-06 19:30:00,sw-core-01,port-id7430,uplink,37.593836
S3,2026-03-06 19:35:00,sw-core-01,port-id7430,uplink,37.417557
S3,2026-03-06 19:40:00,sw-core-01,port-id7430,uplink,33.042706
S3,2026-03-06 19:45:00,sw-core-01,port-id7430,uplink,32.628715
S3,2026-03-06 19:50:00,sw-core-01,port-id7430,uplink,29.085395
S3,2026-03-06 19:55:00,sw-core-01,port-id7430,uplink,35.031666
S3,2026-03-06 20:00:00,sw-core-01,port-id7430,uplink,33.962937
S3,2026-03-06 20:05:00,sw-core-01,port-id7430,uplink,34.343501
S3,2026-03-06 20:10:00,sw-core-01,port-id7430,uplink,32.815275
S3,2026-03-06 20:15:00,sw-core-01,port-id7430,uplink,26.432887
S3,2026-03-06 20:20:00,sw-core-01,port-id7430,uplink,31.527485
S3,2026-03-06 20:25:00,sw-core-01,port-id7430,uplink,24.196061
S3,2026-03-06 20:30:00,sw-core-01,port-id7430,uplink,26.712078
S3,2026-03-06 20:35:00,sw-core-01,port-id7430,uplink,29.713040
S3,2026-03-06 20:40:00,sw-core-01,port-id7430,uplink,29.767781
S3,2026-03-06 20:45:00,sw-core-01,port-id7430,uplink,23.554115
S3,2026-03-06 20:50:00,sw-core-01,port-id7430,uplink,29.556097
S3,2026-03-06 20:55:00,sw-core-01,port-id7430,uplink,25.722560
S3,2026-03-06 21:00:00,sw-core-01,port-id7430,uplink,26.758440
S3,2026-03-06 21:05:00,sw-core-01,port-id7430,uplink,24.166489
S3,2026-03-06 21:10:00,sw-core-01,port-id7430,uplink,20.596626
S3,2026-03-06 21:15:00,sw-core-01,port-id7430,uplink,26.904284
S3,2026-03-06 21:20:00,sw-core-01,port-id7430,uplink,23.168258
S3,2026-03-06 21:25:00,sw-core-01,port-id7430,uplink,21.002876
S3,2026-03-06 21:30:00,sw-core-01,port-id7430,uplink,23.252668
S3,2026-03-06 21:35:00,sw-core-01,port-id7430,uplink,26.800734
S3,2026-03-06 21:40:00,sw-core-01,port-id7430,uplink,23.500098
S3,2026-03-06 21:45:00,sw-core-01,port-id7430,uplink,23.953244
S3,2026-03-06 21:50:00,sw-core-01,port-id7430,uplink,24.333663
S3,2026-03-06 21:55:00,sw-core-01,port-id7430,uplink,27.304512
S3,2026-03-06 22:00:00,sw-core-01,port-id7430,uplink,25.043020
S3,2026-03-06 22:05:00,sw-core-01,port-id7430,uplink,27.864544
S3,2026-03-06 22:10:00,sw-core-01,port-id7430,uplink,17.982973
S3,2026-03-06 22:15:00,sw-core-01,port-id7430,uplink,26.958999
S3,2026-03-06 22:20:00,sw-core-01,port-id7430,uplink,22.117258
S3,2026-03-06 22:25:00,sw-core-01,port-id7430,uplink,20.375163
S3,2026-03-06 22:30:00,sw-core-01,port-id7430,uplink,28.196450
S3,2026-03-06 22:35:00,sw-core-01,port-id7430,uplink,28.189911
S3,2026-03-06 22:40:00,sw-core-01,port-id7430,uplink,20.824440
S3,2026-03-06 22:45:00,sw-core-01,port-id7430,uplink,19.465249
S3,2026-03-06 22:50:00,sw-core-01,port-id7430,uplink,27.085816
S3,2026-03-06 22:55:00,sw-core-01,port-id7430,uplink,24.305981
S3,2026-03-06 23:00:00,sw-core-01,port-id7430,uplink,22.348146
S3,2026-03-06 23:05:00,sw-core-01,port-id7430,uplink,16.268785
S3,2026-03-06 23:10:00,sw-core-01,port-id7430,uplink,30.024813
S3,2026-03-06 23:15:00,sw-core-01,port-id7430,uplink,19.512162
S3,2026-03-06 23:20:00,sw-core-01,port-id7430,uplink,21.756467
S3,2026-03-06 23:25:00,sw-core-01,port-id7430,uplink,26.455641
S3,2026-03-06 23:30:00,sw-core-01,port-id7430,uplink,18.939187
S3,2026-03-06 23:35:00,sw-core-01,port-id7430,uplink,24.867879
S3,2026-03-06 23:40:00,sw-core-01,port-id7430,uplink,21.911665
S3,2026-03-06 23:45:00,sw-core-01,port-id7430,uplink,20.903106
S3,2026-03-06 23:50:00,sw-core-01,port-id7430,uplink,20.941931
S3,2026-03-06 23:55:00,sw-core-01,port-id7430,uplink,18.240215
S3,2026-03-07 00:00:00,sw-core-01,port-id7430,uplink,18.650694
S3,2026-03-07 00:05:00,sw-core-01,port-id7430,uplink,18.099666
S3,2026-03-07 00:10:00,sw-core-01,port-id7430,uplink,16.554913
S3,2026-03-07 00:15:00,sw-core-01,port-id7430,uplink,11.393610
S3,2026-03-07 00:20:00,sw-core-01,port-id7430,uplink,13.773856
S3,2026-03-07 00:25:00,sw-core-01,port-id7430,uplink,20.009201
S3,2026-03-07 00:30:00,sw-core-01,port-id7430,uplink,11.310553
S3,2026-03-07 00:35:00,sw-core-01,port-id7430,uplink,14.222996
S3,2026-03-07 00:40:00,sw-core-01,port-id7430,uplink,19.489778
S3,2026-03-07 00:45:00,sw-core-01,port-id7430,uplink,18.838870
S3,2026-03-07 00:50:00,sw-core-01,port-id7430,uplink,14.826469
S3,2026-03-07 00:55:00,sw-core-01,port-id7430,uplink,17.539713
S3,2026-03-07 01:00:00,sw-core-01,port-id7430,uplink,13.733344
S3,2026-03-07 01:05:00,sw-core-01,port-id7430,uplink,16.682691
S3,2026-03-07 01:10:00,sw-core-01,port-id7430,uplink,16.808813
S3,2026-03-07 01:15:00,sw-core-01,port-id7430,uplink,19.900017
S3,2026-03-07 01:20:00,sw-core-01,port-id7430,uplink,20.078096
S3,2026-03-07 01:25:00,sw-core-01,port-id7430,uplink,19.086474
S3,2026-03-07 01:30:00,sw-core-01,port-id7430,uplink,15.325893
S3,2026-03-07 01:35:00,sw-core-01,port-id7430,uplink,13.962848
S3,2026-03-07 01:40:00,sw-core-01,port-id7430,uplink,15.887629
S3,2026-03-07 01:45:00,sw-core-01,port-id7430,uplink,19.396936
S3,2026-03-07 01:50:00,sw-core-01,port-id7430,uplink,21.138355
S3,2026-03-07 01:55:00,sw-core-01,port-id7430,uplink,15.018631
S3,2026-03-07 02:00:00,sw-core-01,port-id7430,uplink,14.914650
S3,2026-03-07 02:05:00,sw-core-01,port-id7430,uplink,21.927395
S3,2026-03-07 02:10:00,sw-core-01,port-id7430,uplink,21.431467
S3,2026-03-07 02:15:00,sw-core-01,port-id7430,uplink,19.209836
S3,2026-03-07 02:20:00,sw-core-01,port-id7430,uplink,20.793915
S3,2026-03-07 02:25:00,sw-core-01,port-id7430,uplink,25.737909
S3,2026-03-07 02:30:00,sw-core-01,port-id7430,uplink,15.730519
S3,2026-03-07 02:35:00,sw-core-01,port-id7430,uplink,21.988429
S3,2026-03-07 02:40:00,sw-core-01,port-id7430,uplink,15.754118
S3,2026-03-07 02:45:00,sw-core-01,port-id7430,uplink,20.893990
S3,2026-03-07 02:50:00,sw-core-01,port-id7430,uplink,20.442265
S3,2026-03-07 02:55:00,sw-core-01,port-id7430,uplink,14.093748
S3,2026-03-07 03:00:00,sw-core-01,port-id7430,uplink,16.953890
S3,2026-03-07 03:05:00,sw-core-01,port-id7430,uplink,16.602920
S3,2026-03-07 03:10:00,sw-core-01,port-id7430,uplink,13.551042
S3,2026-03-07 03:15:00,sw-core-01,port-id7430,uplink,20.431546
S3,2026-03-07 03:20:00,sw-core-01,port-id7430,uplink,19.108375
S3,2026-03-07 03:25:00,sw-core-01,port-id7430,uplink,22.102670
S3,2026-03-07 03:30:00,sw-core-01,port-id7430,uplink,13.362713
S3,2026-03-07 03:35:00,sw-core-01,port-id7430,uplink,14.680727
S3,2026-03-07 03:40:00,sw-core-01,port-id7430,uplink,16.083249
S3,2026-03-07 03:45:00,sw-core-01,port-id7430,uplink,21.212366
S3,2026-03-07 03:50:00,sw-core-01,port-id7430,uplink,19.716162
S3,2026-03-07 03:55:00,sw-core-01,port-id7430,uplink,20.093386
S3,2026-03-07 04:00:00,sw-core-01,port-id7430,uplink,16.700435
S3,2026-03-07 04:05:00,sw-core-01,port-id7430,uplink,20.544102
S3,2026-03-07 04:10:00,sw-core-01,port-id7430,uplink,22.191013
S3,2026-03-07 04:15:00,sw-core-01,port-id7430,uplink,18.498872
S3,2026-03-07 04:20:00,sw-core-01,port-id7430,uplink,19.204535
S3,2026-03-07 04:25:00,sw-core-01,port-id7430,uplink,13.751446
S3,2026-03-07 04:30:00,sw-core-01,port-id7430,uplink,15.394741
S3,2026-03-07 04:35:00,sw-core-01,port-id7430,uplink,15.960885
S3,2026-03-07 04:40:00,sw-core-01,port-id7430,uplink,16.606259
S3,2026-03-07 04:45:00,sw-core-01,port-id7430,uplink,21.872782
S3,2026-03-07 04:50:00,sw-core-01,port-id7430,uplink,15.859376
S3,2026-03-07 04:55:00,sw-core-01,port-id7430,uplink,18.093479
S3,2026-03-07 05:00:00,sw-core-01,port-id7430,uplink,18.395364
S3,2026-03-07 05:05:00,sw-core-01,port-id7430,uplink,21.612772
S3,2026-03-07 05:10:00,sw-core-01,port-id7430,uplink,12.001393
S3,2026-03-07 05:15:00,sw-core-01,port-id7430,uplink,16.838416
S3,2026-03-07 05:20:00,sw-core-01,port-id7430,uplink,14.969822
S3,2026-03-07 05:25:00,sw-core-01,port-id7430,uplink,17.980007
S3,2026-03-07 05:30:00,sw-core-01,port-id7430,uplink,17.549107
S3,2026-03-07 05:35:00,sw-core-01,port-id7430,uplink,20.166423
S3,2026-03-07 05:40:00,sw-core-01,port-id7430,uplink,18.535843
S3,2026-03-07 05:45:00,sw-core-01,port-id7430,uplink,19.012987
S3,2026-03-07 05:50:00,sw-core-01,port-id7430,uplink,20.551518
S3,2026-03-07 05:55:00,sw-core-01,port-id7430,uplink,12.364729
S3,2026-03-07 06:00:00,sw-core-01,port-id7430,uplink,19.155303
S3,2026-03-07 06:05:00,sw-core-01,port-id7430,uplink,21.902299
S3,2026-03-07 06:10:00,sw-core-01,port-id7430,uplink,17.268938
S3,2026-03-07 06:15:00,sw-core-01,port-id7430,uplink,24.578138
S3,2026-03-07 06:20:00,sw-core-01,port-id7430,uplink,21.794003
S3,2026-03-07 06:25:00,sw-core-01,port-id7430,uplink,25.390694
S3,2026-03-07 06:30:00,sw-core-01,port-id7430,uplink,20.373427
S3,2026-03-07 06:35:00,sw-core-01,port-id7430,uplink,23.733754
S3,2026-03-07 06:40:00,sw-core-01,port-id7430,uplink,21.218234
S3,2026-03-07 06:45:00,sw-core-01,port-id7430,uplink,23.631825
S3,2026-03-07 06:50:00,sw-core-01,port-id7430,uplink,25.121096
S3,2026-03-07 06:55:00,sw-core-01,port-id7430,uplink,23.962971
S3,2026-03-07 07:00:00,sw-core-01,port-id7430,uplink,26.964654
S3,2026-03-07 07:05:00,sw-core-01,port-id7430,uplink,26.751854
S3,2026-03-07 07:10:00,sw-core-01,port-id7430,uplink,20.488272
S3,2026-03-07 07:15:00,sw-core-01,port-id7430,uplink,30.402065
S3,2026-03-07 07:20:00,sw-core-01,port-id7430,uplink,26.270947
S3,2026-03-07 07:25:00,sw-core-01,port-id7430,uplink,32.309125
S3,2026-03-07 07:30:00,sw-core-01,port-id7430,uplink,19.984405
S3,2026-03-07 07:35:00,sw-core-01,port-id7430,uplink,26.319150
S3,2026-03-07 07:40:00,sw-core-01,port-id7430,uplink,32.795749
S3,2026-03-07 07:45:00,sw-core-01,port-id7430,uplink,32.967394
S3,2026-03-07 07:50:00,sw-core-01,port-id7430,uplink,34.071547
S3,2026-03-07 07:55:00,sw-core-01,port-id7430,uplink,28.064138
S3,2026-03-07 08:00:00,sw-core-01,port-id7430,uplink,30.185826
S3,2026-03-07 08:05:00,sw-core-01,port-id7430,uplink,37.574162
S3,2026-03-07 08:10:00,sw-core-01,port-id7430,uplink,34.556815
S3,2026-03-07 08:15:00,sw-core-01,port-id7430,uplink,32.474361
S3,2026-03-07 08:20:00,sw-core-01,port-id7430,uplink,32.960035
S3,2026-03-07 08:25:00,sw-core-01,port-id7430,uplink,30.857255
S3,2026-03-07 08:30:00,sw-core-01,port-id7430,uplink,35.240539
S3,2026-03-07 08:35:00,sw-core-01,port-id7430,uplink,28.186768
S3,2026-03-07 08:40:00,sw-core-01,port-id7430,uplink,32.451381
S3,2026-03-07 08:45:00,sw-core-01,port-id7430,uplink,33.690418
S3,2026-03-07 08:50:00,sw-core-01,port-id7430,uplink,34.202035
S3,2026-03-07 08:55:00,sw-core-01,port-id7430,uplink,39.347200
S3,2026-03-07 09:00:00,sw-core-01,port-id7430,uplink,35.883024
S3,2026-03-07 09:05:00,sw-core-01,port-id7430,uplink,35.716410
S3,2026-03-07 09:10:00,sw-core-01,port-id7430,uplink,38.231694
S3,2026-03-07 09:15:00,sw-core-01,port-id7430,uplink,32.414384
S3,2026-03-07 09:20:00,sw-core-01,port-id7430,uplink,37.067271
S3,2026-03-07 09:25:00,sw-core-01,port-id7430,uplink,28.992780
S3,2026-03-07 09:30:00,sw-core-01,port-id7430,uplink,37.724692
S3,2026-03-07 09:35:00,sw-core-01,port-id7430,uplink,33.964469
S3,2026-03-07 09:40:00,sw-core-01,port-id7430,uplink,30.257878
S3,2026-03-07 09:45:00,sw-core-01,port-id7430,uplink,33.735054
S3,2026-03-07 09:50:00,sw-core-01,port-id7430,uplink,30.334394
S3,2026-03-07 09:55:00,sw-core-01,port-id7430,uplink,31.471965
S3,2026-03-07 10:00:00,sw-core-01,port-id7430,uplink,33.662491
S3,2026-03-07 10:05:00,sw-core-01,port-id7430,uplink,34.995805
S3,2026-03-07 10:10:00,sw-core-01,port-id7430,uplink,34.452682
S3,2026-03-07 10:15:00,sw-core-01,port-id7430,uplink,36.357809
S3,2026-03-07 10:20:00,sw-core-01,port-id7430,uplink,39.008895
S3,2026-03-07 10:25:00,sw-core-01,port-id7430,uplink,41.714238
S3,2026-03-07 10:30:00,sw-core-01,port-id7430,uplink,33.243399
S3,2026-03-07 10:35:00,sw-core-01,port-id7430,uplink,37.646224
S3,2026-03-07 10:40:00,sw-core-01,port-id7430,uplink,36.982068
S3,2026-03-07 10:45:00,sw-core-01,port-id7430,uplink,36.265423
S3,2026-03-07 10:50:00,sw-core-01,port-id7430,uplink,38.022921
S3,2026-03-07 10:55:00,sw-core-01,port-id7430,uplink,35.608964
S3,2026-03-07 11:00:00,sw-core-01,port-id7430,uplink,31.647729
S3,2026-03-07 11:05:00,sw-core-01,port-id7430,uplink,31.408284
S3,2026-03-07 11:10:00,sw-core-01,port-id7430,uplink,38.858970
S3,2026-03-07 11:15:00,sw-core-01,port-id7430,uplink,36.529769
S3,2026-03-07 11:20:00,sw-core-01,port-id7430,uplink,30.518702
S3,2026-03-07 11:25:00,sw-core-01,port-id7430,uplink,35.950487
S3,2026-03-07 11:30:00,sw-core-01,port-id7430,uplink,34.609808
S3,2026-03-07 11:35:00,sw-core-01,port-id7430,uplink,33.524113
S3,2026-03-07 11:40:00,sw-core-01,port-id7430,uplink,34.496057
S3,2026-03-07 11:45:00,sw-core-01,port-id7430,uplink,36.761512
S3,2026-03-07 11:50:00,sw-core-01,port-id7430,uplink,36.305362
S3,2026-03-07 11:55:00,sw-core-01,port-id7430,uplink,34.033406
S3,2026-03-07 12:00:00,sw-core-01,port-id7430,uplink,39.558409
S3,2026-03-07 12:05:00,sw-core-01,port-id7430,uplink,38.710675
S3,2026-03-07 12:10:00,sw-core-01,port-id7430,uplink,35.757258
S3,2026-03-07 12:15:00,sw-core-01,port-id7430,uplink,34.979424
S3,2026-03-07 12:20:00,sw-core-01,port-id7430,uplink,37.177432
S3,2026-03-07 12:25:00,sw-core-01,port-id7430,uplink,32.385401
S3,2026-03-07 12:30:00,sw-core-01,port-id7430,uplink,32.589734
S3,2026-03-07 12:35:00,sw-core-01,port-id7430,uplink,32.871506
S3,2026-03-07 12:40:00,sw-core-01,port-id7430,uplink,32.512390
S3,2026-03-07 12:45:00,sw-core-01,port-id7430,uplink,33.081782
S3,2026-03-07 12:50:00,sw-core-01,port-id7430,uplink,27.254371
S3,2026-03-07 12:55:00,sw-core-01,port-id7430,uplink,34.317212
S3,2026-03-07 13:00:00,sw-core-01,port-id7430,uplink,25.663387
S3,2026-03-07 13:05:00,sw-core-01,port-id7430,uplink,35.311122
S3,2026-03-07 13:10:00,sw-core-01,port-id7430,uplink,37.199577
S3,2026-03-07 13:15:00,sw-core-01,port-id7430,uplink,35.157551
S3,2026-03-07 13:20:00,sw-core-01,port-id7430,uplink,35.436113
S3,2026-03-07 13:25:00,sw-core-01,port-id7430,uplink,36.969416
S3,2026-03-07 13:30:00,sw-core-01,port-id7430,uplink,34.820933
S3,2026-03-07 13:35:00,sw-core-01,port-id7430,uplink,32.371641
S3,2026-03-07 13:40:00,sw-core-01,port-id7430,uplink,34.271404
S3,2026-03-07 13:45:00,sw-core-01,port-id7430,uplink,38.653932
S3,2026-03-07 13:50:00,sw-core-01,port-id7430,uplink,33.181197
S3,2026-03-07 13:55:00,sw-core-01,port-id7430,uplink,33.637195
S3,2026-03-07 14:00:00,sw-core-01,port-id7430,uplink,30.321626
S3,2026-03-07 14:05:00,sw-core-01,port-id7430,uplink,30.137131
S3,2026-03-07 14:10:00,sw-core-01,port-id7430,uplink,42.324207
S3,2026-03-07 14:15:00,sw-core-01,port-id7430,uplink,36.683339
S3,2026-03-07 14:20:00,sw-core-01,port-id7430,uplink,35.826523
S3,2026-03-07 14:25:00,sw-core-01,port-id7430,uplink,39.742660
S3,2026-03-07 14:30:00,sw-core-01,port-id7430,uplink,36.909655
S3,2026-03-07 14:35:00,sw-core-01,port-id7430,uplink,35.993070
S3,2026-03-07 14:40:00,sw-core-01,port-id7430,uplink,38.434048
S3,2026-03-07 14:45:00,sw-core-01,port-id7430,uplink,31.085815
S3,2026-03-07 14:50:00,sw-core-01,port-id7430,uplink,34.650938
S3,2026-03-07 14:55:00,sw-core-01,port-id7430,uplink,35.204257
S3,2026-03-07 15:00:00,sw-core-01,port-id7430,uplink,30.780337
S3,2026-03-07 15:05:00,sw-core-01,port-id7430,uplink,31.630259
S3,2026-03-07 15:10:00,sw-core-01,port-id7430,uplink,35.517958
S3,2026-03-07 15:15:00,sw-core-01,port-id7430,uplink,34.758536
S3,2026-03-07 15:20:00,sw-core-01,port-id7430,uplink,36.337405
S3,2026-03-07 15:25:00,sw-core-01,port-id7430,uplink,37.901019
S3,2026-03-07 15:30:00,sw-core-01,port-id7430,uplink,37.118026
S3,2026-03-07 15:35:00,sw-core-01,port-id7430,uplink,35.624974
S3,2026-03-07 15:40:00,sw-core-01,port-id7430,uplink,34.921155
S3,2026-03-07 15:45:00,sw-core-01,port-id7430,uplink,35.392355
S3,2026-03-07 15:50:00,sw-core-01,port-id7430,uplink,33.640594
S3,2026-03-07 15:55:00,sw-core-01,port-id7430,uplink,32.848042
S3,2026-03-07 16:00:00,sw-core-01,port-id7430,uplink,35.194696
S3,2026-03-07 16:05:00,sw-core-01,port-id7430,uplink,34.626378
S3,2026-03-07 16:10:00,sw-core-01,port-id7430,uplink,37.859899
S3,2026-03-07 16:15:00,sw-core-01,port-id7430,uplink,34.371320
S3,2026-03-07 16:20:00,sw-core-01,port-id7430,uplink,34.097469
S3,2026-03-07 16:25:00,sw-core-01,port-id7430,uplink,36.823923
S3,2026-03-07 16:30:00,sw-core-01,port-id7430,uplink,36.174820
S3,2026-03-07 16:35:00,sw-core-01,port-id7430,uplink,36.948036
S3,2026-03-07 16:40:00,sw-core-01,port-id7430,uplink,30.950659
S3,2026-03-07 16:45:00,sw-core-01,port-id7430,uplink,33.202596
S3,2026-03-07 16:50:00,sw-core-01,port-id7430,uplink,33.929149
S3,2026-03-07 16:55:00,sw-core-01,port-id7430,uplink,33.423878
S3,2026-03-07 17:00:00,sw-core-01,port-id7430,uplink,35.476258
S3,2026-03-07 17:05:00,sw-core-01,port-id7430,uplink,36.018651
S3,2026-03-07 17:10:00,sw-core-01,port-id7430,uplink,29.724733
S3,2026-03-07 17:15:00,sw-core-01,port-id7430,uplink,38.181091
S3,2026-03-07 17:20:00,sw-core-01,port-id7430,uplink,34.259910
S3,2026-03-07 17:25:00,sw-core-01,port-id7430,uplink,28.760499
S3,2026-03-07 17:30:00,sw-core-01,port-id7430,uplink,30.475761
S3,2026-03-07 17:35:00,sw-core-01,port-id7430,uplink,38.635658
S3,2026-03-07 17:40:00,sw-core-01,port-id7430,uplink,29.940134
S3,2026-03-07 17:45:00,sw-core-01,port-id7430,uplink,31.885226
S3,2026-03-07 17:50:00,sw-core-01,port-id7430,uplink,38.708593
S3,2026-03-07 17:55:00,sw-core-01,port-id7430,uplink,32.286781
S3,2026-03-07 18:00:00,sw-core-01,port-id7430,uplink,37.674389
S3,2026-03-07 18:05:00,sw-core-01,port-id7430,uplink,30.591253
S3,2026-03-07 18:10:00,sw-core-01,port-id7430,uplink,32.424258
S3,2026-03-07 18:15:00,sw-core-01,port-id7430,uplink,38.201022
S3,2026-03-07 18:20:00,sw-core-01,port-id7430,uplink,31.499004
S3,2026-03-07 18:25:00,sw-core-01,port-id7430,uplink,33.381571
S3,2026-03-07 18:30:00,sw-core-01,port-id7430,uplink,33.377740
S3,2026-03-07 18:35:00,sw-core-01,port-id7430,uplink,30.878346
S3,2026-03-07 18:40:00,sw-core-01,port-id7430,uplink,26.372937
S3,2026-03-07 18:45:00,sw-core-01,port-id7430,uplink,27.254598
S3,2026-03-07 18:50:00,sw-core-01,port-id7430,uplink,34.255926
S3,2026-03-07 18:55:00,sw-core-01,port-id7430,uplink,29.635505
S3,2026-03-07 19:00:00,sw-core-01,port-id7430,uplink,31.765964
S3,2026-03-07 19:05:00,sw-core-01,port-id7430,uplink,28.615425
S3,2026-03-07 19:10:00,sw-core-01,port-id7430,uplink,28.408039
S3,2026-03-07 19:15:00,sw-core-01,port-id7430,uplink,28.041650
S3,2026-03-07 19:20:00,sw-core-01,port-id7430,uplink,29.867426
S3,2026-03-07 19:25:00,sw-core-01,port-id7430,uplink,25.841457
S3,2026-03-07 19:30:00,sw-core-01,port-id7430,uplink,26.288046
S3,2026-03-07 19:35:00,sw-core-01,port-id7430,uplink,24.632500
S3,2026-03-07 19:40:00,sw-core-01,port-id7430,uplink,21.813542
S3,2026-03-07 19:45:00,sw-core-01,port-id7430,uplink,30.795139
S3,2026-03-07 19:50:00,sw-core-01,port-id7430,uplink,23.621776
S3,2026-03-07 19:55:00,sw-core-01,port-id7430,uplink,16.085309
S3,2026-03-07 20:00:00,sw-core-01,port-id7430,uplink,21.605843
S3,2026-03-07 20:05:00,sw-core-01,port-id7430,uplink,21.904102
S3,2026-03-07 20:10:00,sw-core-01,port-id7430,uplink,18.103326
S3,2026-03-07 20:15:00,sw-core-01,port-id7430,uplink,19.810823
S3,2026-03-07 20:20:00,sw-core-01,port-id7430,uplink,19.084305
S3,2026-03-07 20:25:00,sw-core-01,port-id7430,uplink,19.105031
S3,2026-03-07 20:30:00,sw-core-01,port-id7430,uplink,21.397216
S3,2026-03-07 20:35:00,sw-core-01,port-id7430,uplink,24.871646
S3,2026-03-07 20:40:00,sw-core-01,port-id7430,uplink,17.628732
S3,2026-03-07 20:45:00,sw-core-01,port-id7430,uplink,15.854075
S3,2026-03-07 20:50:00,sw-core-01,port-id7430,uplink,15.354503
S3,2026-03-07 20:55:00,sw-core-01,port-id7430,uplink,16.217785
S3,2026-03-07 21:00:00,sw-core-01,port-id7430,uplink,21.040372
S3,2026-03-07 21:05:00,sw-core-01,port-id7430,uplink,19.440653
S3,2026-03-07 21:10:00,sw-core-01,port-id7430,uplink,19.026475
S3,2026-03-07 21:15:00,sw-core-01,port-id7430,uplink,15.942098
S3,2026-03-07 21:20:00,sw-core-01,port-id7430,uplink,13.880599
S3,2026-03-07 21:25:00,sw-core-01,port-id7430,uplink,18.631603
S3,2026-03-07 21:30:00,sw-core-01,port-id7430,uplink,21.695743
S3,2026-03-07 21:35:00,sw-core-01,port-id7430,uplink,22.507040
S3,2026-03-07 21:40:00,sw-core-01,port-id7430,uplink,11.859381
S3,2026-03-07 21:45:00,sw-core-01,port-id7430,uplink,20.459782
S3,2026-03-07 21:50:00,sw-core-01,port-id7430,uplink,20.124123
S3,2026-03-07 21:55:00,sw-core-01,port-id7430,uplink,15.616392
S3,2026-03-07 22:00:00,sw-core-01,port-id7430,uplink,18.811263
S3,2026-03-07 22:05:00,sw-core-01,port-id7430,uplink,14.579022
S3,2026-03-07 22:10:00,sw-core-01,port-id7430,uplink,18.002563
S3,2026-03-07 22:15:00,sw-core-01,port-id7430,uplink,18.355023
S3,2026-03-07 22:20:00,sw-core-01,port-id7430,uplink,19.782802
S3,2026-03-07 22:25:00,sw-core-01,port-id7430,uplink,20.269144
S3,2026-03-07 22:30:00,sw-core-01,port-id7430,uplink,19.098515
S3,2026-03-07 22:35:00,sw-core-01,port-id7430,uplink,18.417867
S3,2026-03-07 22:40:00,sw-core-01,port-id7430,uplink,16.823839
S3,2026-03-07 22:45:00,sw-core-01,port-id7430,uplink,17.394625
S3,2026-03-07 22:50:00,sw-core-01,port-id7430,uplink,21.896611
S3,2026-03-07 22:55:00,sw-core-01,port-id7430,uplink,22.444884
S3,2026-03-07 23:00:00,sw-core-01,port-id7430,uplink,17.137400
S3,2026-03-07 23:05:00,sw-core-01,port-id7430,uplink,17.828813
S3,2026-03-07 23:10:00,sw-core-01,port-id7430,uplink,22.002988
S3,2026-03-07 23:15:00,sw-core-01,port-id7430,uplink,14.675413
S3,2026-03-07 23:20:00,sw-core-01,port-id7430,uplink,15.604898
S3,2026-03-07 23:25:00,sw-core-01,port-id7430,uplink,16.301762
S3,2026-03-07 23:30:00,sw-core-01,port-id7430,uplink,17.676964
S3,2026-03-07 23:35:00,sw-core-01,port-id7430,uplink,18.236161
S3,2026-03-07 23:40:00,sw-core-01,port-id7430,uplink,20.548709
S3,2026-03-07 23:45:00,sw-core-01,port-id7430,uplink,12.699308
S3,2026-03-07 23:50:00,sw-core-01,port-id7430,uplink,16.657218
S3,2026-03-07 23:55:00,sw-core-01,port-id7430,uplink,18.963971
S3,2026-03-08 00:00:00,sw-core-01,port-id7430,uplink,16.680625
S3,2026-03-08 00:05:00,sw-core-01,port-id7430,uplink,19.038880
S3,2026-03-08 00:10:00,sw-core-01,port-id7430,uplink,15.542843
S3,2026-03-08 00:15:00,sw-core-01,port-id7430,uplink,16.876451
S3,2026-03-08 00:20:00,sw-core-01,port-id7430,uplink,12.072761
S3,2026-03-08 00:25:00,sw-core-01,port-id7430,uplink,19.911580
S3,2026-03-08 00:30:00,sw-core-01,port-id7430,uplink,18.627936
S3,2026-03-08 00:35:00,sw-core-01,port-id7430,uplink,16.823182
S3,2026-03-08 00:40:00,sw-core-01,port-id7430,uplink,15.835061
S3,2026-03-08 00:45:00,sw-core-01,port-id7430,uplink,19.147669
S3,2026-03-08 00:50:00,sw-core-01,port-id7430,uplink,21.152354
S3,2026-03-08 00:55:00,sw-core-01,port-id7430,uplink,20.061799
S3,2026-03-08 01:00:00,sw-core-01,port-id7430,uplink,18.213873
S3,2026-03-08 01:05:00,sw-core-01,port-id7430,uplink,19.736198
S3,2026-03-08 01:10:00,sw-core-01,port-id7430,uplink,14.162841
S3,2026-03-08 01:15:00,sw-core-01,port-id7430,uplink,17.090703
S3,2026-03-08 01:20:00,sw-core-01,port-id7430,uplink,16.252348
S3,2026-03-08 01:25:00,sw-core-01,port-id7430,uplink,16.744883
S3,2026-03-08 01:30:00,sw-core-01,port-id7430,uplink,13.049597
S3,2026-03-08 01:35:00,sw-core-01,port-id7430,uplink,15.720025
S3,2026-03-08 01:40:00,sw-core-01,port-id7430,uplink,23.345086
S3,2026-03-08 01:45:00,sw-core-01,port-id7430,uplink,18.653823
S3,2026-03-08 01:50:00,sw-core-01,port-id7430,uplink,16.060729
S3,2026-03-08 01:55:00,sw-core-01,port-id7430,uplink,15.679029
S3,2026-03-08 02:00:00,sw-core-01,port-id7430,uplink,19.929046
S3,2026-03-08 02:05:00,sw-core-01,port-id7430,uplink,19.617329
S3,2026-03-08 02:10:00,sw-core-01,port-id7430,uplink,18.046823
S3,2026-03-08 02:15:00,sw-core-01,port-id7430,uplink,18.751698
S3,2026-03-08 02:20:00,sw-core-01,port-id7430,uplink,19.583467
S3,2026-03-08 02:25:00,sw-core-01,port-id7430,uplink,12.917233
S3,2026-03-08 02:30:00,sw-core-01,port-id7430,uplink,19.085722
S3,2026-03-08 02:35:00,sw-core-01,port-id7430,uplink,13.302025
S3,2026-03-08 02:40:00,sw-core-01,port-id7430,uplink,20.698126
S3,2026-03-08 02:45:00,sw-core-01,port-id7430,uplink,17.783844
S3,2026-03-08 02:50:00,sw-core-01,port-id7430,uplink,14.783737
S3,2026-03-08 02:55:00,sw-core-01,port-id7430,uplink,15.236588
S3,2026-03-08 03:00:00,sw-core-01,port-id7430,uplink,15.568770
S3,2026-03-08 03:05:00,sw-core-01,port-id7430,uplink,22.467685
S3,2026-03-08 03:10:00,sw-core-01,port-id7430,uplink,20.553864
S3,2026-03-08 03:15:00,sw-core-01,port-id7430,uplink,13.704022
S3,2026-03-08 03:20:00,sw-core-01,port-id7430,uplink,14.929201
S3,2026-03-08 03:25:00,sw-core-01,port-id7430,uplink,12.034446
S3,2026-03-08 03:30:00,sw-core-01,port-id7430,uplink,16.350984
S3,2026-03-08 03:35:00,sw-core-01,port-id7430,uplink,18.342207
S3,2026-03-08 03:40:00,sw-core-01,port-id7430,uplink,15.043652
S3,2026-03-08 03:45:00,sw-core-01,port-id7430,uplink,21.926978
S3,2026-03-08 03:50:00,sw-core-01,port-id7430,uplink,19.674091
S3,2026-03-08 03:55:00,sw-core-01,port-id7430,uplink,15.257298
S3,2026-03-08 04:00:00,sw-core-01,port-id7430,uplink,11.836164
S3,2026-03-08 04:05:00,sw-core-01,port-id7430,uplink,17.741862
S3,2026-03-08 04:10:00,sw-core-01,port-id7430,uplink,14.737614
S3,2026-03-08 04:15:00,sw-core-01,port-id7430,uplink,18.415607
S3,2026-03-08 04:20:00,sw-core-01,port-id7430,uplink,17.450629
S3,2026-03-08 04:25:00,sw-core-01,port-id7430,uplink,19.542188
S3,2026-03-08 04:30:00,sw-core-01,port-id7430,uplink,14.540180
S3,2026-03-08 04:35:00,sw-core-01,port-id7430,uplink,13.080645
S3,2026-03-08 04:40:00,sw-core-01,port-id7430,uplink,17.888472
S3,2026-03-08 04:45:00,sw-core-01,port-id7430,uplink,15.242630
S3,2026-03-08 04:50:00,sw-core-01,port-id7430,uplink,12.024464
S3,2026-03-08 04:55:00,sw-core-01,port-id7430,uplink,21.246348
S3,2026-03-08 05:00:00,sw-core-01,port-id7430,uplink,20.427751
S3,2026-03-08 05:05:00,sw-core-01,port-id7430,uplink,16.985148
S3,2026-03-08 05:10:00,sw-core-01,port-id7430,uplink,17.743233
S3,2026-03-08 05:15:00,sw-core-01,port-id7430,uplink,15.666735
S3,2026-03-08 05:20:00,sw-core-01,port-id7430,uplink,17.077776
S3,2026-03-08 05:25:00,sw-core-01,port-id7430,uplink,15.542008
S3,2026-03-08 05:30:00,sw-core-01,port-id7430,uplink,21.417993
S3,2026-03-08 05:35:00,sw-core-01,port-id7430,uplink,19.587616
S3,2026-03-08 05:40:00,sw-core-01,port-id7430,uplink,17.507371
S3,2026-03-08 05:45:00,sw-core-01,port-id7430,uplink,23.024318
S3,2026-03-08 05:50:00,sw-core-01,port-id7430,uplink,20.477660
S3,2026-03-08 05:55:00,sw-core-01,port-id7430,uplink,18.655282
S3,2026-03-08 06:00:00,sw-core-01,port-id7430,uplink,16.903782
S3,2026-03-08 06:05:00,sw-core-01,port-id7430,uplink,26.076136
S3,2026-03-08 06:10:00,sw-core-01,port-id7430,uplink,27.176101
S3,2026-03-08 06:15:00,sw-core-01,port-id7430,uplink,21.994274
S3,2026-03-08 06:20:00,sw-core-01,port-id7430,uplink,16.982149
S3,2026-03-08 06:25:00,sw-core-01,port-id7430,uplink,20.052673
S3,2026-03-08 06:30:00,sw-core-01,port-id7430,uplink,20.693359
S3,2026-03-08 06:35:00,sw-core-01,port-id7430,uplink,19.729688
S3,2026-03-08 06:40:00,sw-core-01,port-id7430,uplink,22.619658
S3,2026-03-08 06:45:00,sw-core-01,port-id7430,uplink,19.897210
S3,2026-03-08 06:50:00,sw-core-01,port-id7430,uplink,25.742119
S3,2026-03-08 06:55:00,sw-core-01,port-id7430,uplink,23.780928
S3,2026-03-08 07:00:00,sw-core-01,port-id7430,uplink,23.989862
S3,2026-03-08 07:05:00,sw-core-01,port-id7430,uplink,26.081969
S3,2026-03-08 07:10:00,sw-core-01,port-id7430,uplink,25.675648
S3,2026-03-08 07:15:00,sw-core-01,port-id7430,uplink,29.826538
S3,2026-03-08 07:20:00,sw-core-01,port-id7430,uplink,26.448075
S3,2026-03-08 07:25:00,sw-core-01,port-id7430,uplink,29.486979
S3,2026-03-08 07:30:00,sw-core-01,port-id7430,uplink,24.832138
S3,2026-03-08 07:35:00,sw-core-01,port-id7430,uplink,34.528434
S3,2026-03-08 07:40:00,sw-core-01,port-id7430,uplink,29.889251
S3,2026-03-08 07:45:00,sw-core-01,port-id7430,uplink,29.373015
S3,2026-03-08 07:50:00,sw-core-01,port-id7430,uplink,26.941626
S3,2026-03-08 07:55:00,sw-core-01,port-id7430,uplink,30.037632
S3,2026-03-08 08:00:00,sw-core-01,port-id7430,uplink,34.427793
S3,2026-03-08 08:05:00,sw-core-01,port-id7430,uplink,33.464586
S3,2026-03-08 08:10:00,sw-core-01,port-id7430,uplink,32.529211
S3,2026-03-08 08:15:00,sw-core-01,port-id7430,uplink,30.453267
S3,2026-03-08 08:20:00,sw-core-01,port-id7430,uplink,26.739940
S3,2026-03-08 08:25:00,sw-core-01,port-id7430,uplink,33.941613
S3,2026-03-08 08:30:00,sw-core-01,port-id7430,uplink,33.084059
S3,2026-03-08 08:35:00,sw-core-01,port-id7430,uplink,34.588201
S3,2026-03-08 08:40:00,sw-core-01,port-id7430,uplink,33.694240
S3,2026-03-08 08:45:00,sw-core-01,port-id7430,uplink,34.874823
S3,2026-03-08 08:50:00,sw-core-01,port-id7430,uplink,29.898372
S3,2026-03-08 08:55:00,sw-core-01,port-id7430,uplink,30.390668
S3,2026-03-08 09:00:00,sw-core-01,port-id7430,uplink,38.313654
S3,2026-03-08 09:05:00,sw-core-01,port-id7430,uplink,36.257368
S3,2026-03-08 09:10:00,sw-core-01,port-id7430,uplink,33.037413
S3,2026-03-08 09:15:00,sw-core-01,port-id7430,uplink,32.492843
S3,2026-03-08 09:20:00,sw-core-01,port-id7430,uplink,35.663337
S3,2026-03-08 09:25:00,sw-core-01,port-id7430,uplink,34.412407
S3,2026-03-08 09:30:00,sw-core-01,port-id7430,uplink,31.183192
S3,2026-03-08 09:35:00,sw-core-01,port-id7430,uplink,35.510514
S3,2026-03-08 09:40:00,sw-core-01,port-id7430,uplink,31.976085
S3,2026-03-08 09:45:00,sw-core-01,port-id7430,uplink,37.006665
S3,2026-03-08 09:50:00,sw-core-01,port-id7430,uplink,30.974628
S3,2026-03-08 09:55:00,sw-core-01,port-id7430,uplink,32.009610
S3,2026-03-08 10:00:00,sw-core-01,port-id7430,uplink,31.650550
S3,2026-03-08 10:05:00,sw-core-01,port-id7430,uplink,35.854488
S3,2026-03-08 10:10:00,sw-core-01,port-id7430,uplink,32.682001
S3,2026-03-08 10:15:00,sw-core-01,port-id7430,uplink,34.744940
S3,2026-03-08 10:20:00,sw-core-01,port-id7430,uplink,36.932506
S3,2026-03-08 10:25:00,sw-core-01,port-id7430,uplink,31.353166
S3,2026-03-08 10:30:00,sw-core-01,port-id7430,uplink,35.437391
S3,2026-03-08 10:35:00,sw-core-01,port-id7430,uplink,34.411227
S3,2026-03-08 10:40:00,sw-core-01,port-id7430,uplink,27.412603
S3,2026-03-08 10:45:00,sw-core-01,port-id7430,uplink,35.096774
S3,2026-03-08 10:50:00,sw-core-01,port-id7430,uplink,36.602483
S3,2026-03-08 10:55:00,sw-core-01,port-id7430,uplink,34.709985
S3,2026-03-08 11:00:00,sw-core-01,port-id7430,uplink,34.540129
S3,2026-03-08 11:05:00,sw-core-01,port-id7430,uplink,37.707803
S3,2026-03-08 11:10:00,sw-core-01,port-id7430,uplink,40.104817
S3,2026-03-08 11:15:00,sw-core-01,port-id7430,uplink,35.999866
S3,2026-03-08 11:20:00,sw-core-01,port-id7430,uplink,35.928870
S3,2026-03-08 11:25:00,sw-core-01,port-id7430,uplink,37.724760
S3,2026-03-08 11:30:00,sw-core-01,port-id7430,uplink,34.195141
S3,2026-03-08 11:35:00,sw-core-01,port-id7430,uplink,36.432120
S3,2026-03-08 11:40:00,sw-core-01,port-id7430,uplink,32.700708
S3,2026-03-08 11:45:00,sw-core-01,port-id7430,uplink,38.297835
S3,2026-03-08 11:50:00,sw-core-01,port-id7430,uplink,33.099061
S3,2026-03-08 11:55:00,sw-core-01,port-id7430,uplink,38.574729
S3,2026-03-08 12:00:00,sw-core-01,port-id7430,uplink,35.061688
S3,2026-03-08 12:05:00,sw-core-01,port-id7430,uplink,39.684434
S3,2026-03-08 12:10:00,sw-core-01,port-id7430,uplink,34.643148
S3,2026-03-08 12:15:00,sw-core-01,port-id7430,uplink,33.910186
S3,2026-03-08 12:20:00,sw-core-01,port-id7430,uplink,33.099791
S3,2026-03-08 12:25:00,sw-core-01,port-id7430,uplink,33.478059
S3,2026-03-08 12:30:00,sw-core-01,port-id7430,uplink,37.537932
S3,2026-03-08 12:35:00,sw-core-01,port-id7430,uplink,33.364367
S3,2026-03-08 12:40:00,sw-core-01,port-id7430,uplink,36.497079
S3,2026-03-08 12:45:00,sw-core-01,port-id7430,uplink,33.711535
S3,2026-03-08 12:50:00,sw-core-01,port-id7430,uplink,37.158737
S3,2026-03-08 12:55:00,sw-core-01,port-id7430,uplink,31.736792
S3,2026-03-08 13:00:00,sw-core-01,port-id7430,uplink,38.828644
S3,2026-03-08 13:05:00,sw-core-01,port-id7430,uplink,31.557336
S3,2026-03-08 13:10:00,sw-core-01,port-id7430,uplink,33.131427
S3,2026-03-08 13:15:00,sw-core-01,port-id7430,uplink,40.030994
S3,2026-03-08 13:20:00,sw-core-01,port-id7430,uplink,36.781899
S3,2026-03-08 13:25:00,sw-core-01,port-id7430,uplink,35.446260
S3,2026-03-08 13:30:00,sw-core-01,port-id7430,uplink,32.721896
S3,2026-03-08 13:35:00,sw-core-01,port-id7430,uplink,32.983353
S3,2026-03-08 13:40:00,sw-core-01,port-id7430,uplink,37.689911
S3,2026-03-08 13:45:00,sw-core-01,port-id7430,uplink,31.772624
S3,2026-03-08 13:50:00,sw-core-01,port-id7430,uplink,38.385187
S3,2026-03-08 13:55:00,sw-core-01,port-id7430,uplink,35.675592
S3,2026-03-08 14:00:00,sw-core-01,port-id7430,uplink,35.962461
S3,2026-03-08 14:05:00,sw-core-01,port-id7430,uplink,36.626253
S3,2026-03-08 14:10:00,sw-core-01,port-id7430,uplink,35.008362
S3,2026-03-08 14:15:00,sw-core-01,port-id7430,uplink,34.453334
S3,2026-03-08 14:20:00,sw-core-01,port-id7430,uplink,33.142936
S3,2026-03-08 14:25:00,sw-core-01,port-id7430,uplink,34.285372
S3,2026-03-08 14:30:00,sw-core-01,port-id7430,uplink,36.794104
S3,2026-03-08 14:35:00,sw-core-01,port-id7430,uplink,35.833737
S3,2026-03-08 14:40:00,sw-core-01,port-id7430,uplink,30.291667
S3,2026-03-08 14:45:00,sw-core-01,port-id7430,uplink,32.047397
S3,2026-03-08 14:50:00,sw-core-01,port-id7430,uplink,38.120757
S3,2026-03-08 14:55:00,sw-core-01,port-id7430,uplink,31.922923
S3,2026-03-08 15:00:00,sw-core-01,port-id7430,uplink,39.272388
S3,2026-03-08 15:05:00,sw-core-01,port-id7430,uplink,37.004403
S3,2026-03-08 15:10:00,sw-core-01,port-id7430,uplink,32.095585
S3,2026-03-08 15:15:00,sw-core-01,port-id7430,uplink,27.557747
S3,2026-03-08 15:20:00,sw-core-01,port-id7430,uplink,41.358865
S3,2026-03-08 15:25:00,sw-core-01,port-id7430,uplink,33.318183
S3,2026-03-08 15:30:00,sw-core-01,port-id7430,uplink,38.900715
S3,2026-03-08 15:35:00,sw-core-01,port-id7430,uplink,36.880482
S3,2026-03-08 15:40:00,sw-core-01,port-id7430,uplink,32.849111
S3,2026-03-08 15:45:00,sw-core-01,port-id7430,uplink,34.653740
S3,2026-03-08 15:50:00,sw-core-01,port-id7430,uplink,34.788386
S3,2026-03-08 15:55:00,sw-core-01,port-id7430,uplink,32.878429
S3,2026-03-08 16:00:00,sw-core-01,port-id7430,uplink,35.289629
S3,2026-03-08 16:05:00,sw-core-01,port-id7430,uplink,31.610687
S3,2026-03-08 16:10:00,sw-core-01,port-id7430,uplink,34.535795
S3,2026-03-08 16:15:00,sw-core-01,port-id7430,uplink,38.038665
S3,2026-03-08 16:20:00,sw-core-01,port-id7430,uplink,31.669424
S3,2026-03-08 16:25:00,sw-core-01,port-id7430,uplink,36.547489
S3,2026-03-08 16:30:00,sw-core-01,port-id7430,uplink,39.084507
S3,2026-03-08 16:35:00,sw-core-01,port-id7430,uplink,37.108315
S3,2026-03-08 16:40:00,sw-core-01,port-id7430,uplink,30.654292
S3,2026-03-08 16:45:00,sw-core-01,port-id7430,uplink,34.247361
S3,2026-03-08 16:50:00,sw-core-01,port-id7430,uplink,31.200587
S3,2026-03-08 16:55:00,sw-core-01,port-id7430,uplink,38.701279
S3,2026-03-08 17:00:00,sw-core-01,port-id7430,uplink,37.217046
S3,2026-03-08 17:05:00,sw-core-01,port-id7430,uplink,36.890530
S3,2026-03-08 17:10:00,sw-core-01,port-id7430,uplink,32.501911
S3,2026-03-08 17:15:00,sw-core-01,port-id7430,uplink,32.067392
S3,2026-03-08 17:20:00,sw-core-01,port-id7430,uplink,27.793529
S3,2026-03-08 17:25:00,sw-core-01,port-id7430,uplink,36.118967
S3,2026-03-08 17:30:00,sw-core-01,port-id7430,uplink,31.935223
S3,2026-03-08 17:35:00,sw-core-01,port-id7430,uplink,34.092204
S3,2026-03-08 17:40:00,sw-core-01,port-id7430,uplink,33.352832
S3,2026-03-08 17:45:00,sw-core-01,port-id7430,uplink,32.507990
S3,2026-03-08 17:50:00,sw-core-01,port-id7430,uplink,30.407644
S3,2026-03-08 17:55:00,sw-core-01,port-id7430,uplink,33.751152
S3,2026-03-08 18:00:00,sw-core-01,port-id7430,uplink,33.970407
S3,2026-03-08 18:05:00,sw-core-01,port-id7430,uplink,35.237719
S3,2026-03-08 18:10:00,sw-core-01,port-id7430,uplink,38.677600
S3,2026-03-08 18:15:00,sw-core-01,port-id7430,uplink,32.206648
S3,2026-03-08 18:20:00,sw-core-01,port-id7430,uplink,33.350374
S3,2026-03-08 18:25:00,sw-core-01,port-id7430,uplink,31.891725
S3,2026-03-08 18:30:00,sw-core-01,port-id7430,uplink,31.210400
S3,2026-03-08 18:35:00,sw-core-01,port-id7430,uplink,30.942523
S3,2026-03-08 18:40:00,sw-core-01,port-id7430,uplink,31.851150
S3,2026-03-08 18:45:00,sw-core-01,port-id7430,uplink,35.242865
S3,2026-03-08 18:50:00,sw-core-01,port-id7430,uplink,26.853797
S3,2026-03-08 18:55:00,sw-core-01,port-id7430,uplink,28.194275
S3,2026-03-08 19:00:00,sw-core-01,port-id7430,uplink,29.527699
S3,2026-03-08 19:05:00,sw-core-01,port-id7430,uplink,33.541421
S3,2026-03-08 19:10:00,sw-core-01,port-id7430,uplink,32.975652
S3,2026-03-08 19:15:00,sw-core-01,port-id7430,uplink,29.148790
S3,2026-03-08 19:20:00,sw-core-01,port-id7430,uplink,28.518418
S3,2026-03-08 19:25:00,sw-core-01,port-id7430,uplink,26.468968
S3,2026-03-08 19:30:00,sw-core-01,port-id7430,uplink,23.883025
S3,2026-03-08 19:35:00,sw-core-01,port-id7430,uplink,22.072944
S3,2026-03-08 19:40:00,sw-core-01,port-id7430,uplink,22.953073
S3,2026-03-08 19:45:00,sw-core-01,port-id7430,uplink,25.729623
S3,2026-03-08 19:50:00,sw-core-01,port-id7430,uplink,26.924134
S3,2026-03-08 19:55:00,sw-core-01,port-id7430,uplink,23.650060
S3,2026-03-08 20:00:00,sw-core-01,port-id7430,uplink,25.041216
S3,2026-03-08 20:05:00,sw-core-01,port-id7430,uplink,21.974533
S3,2026-03-08 20:10:00,sw-core-01,port-id7430,uplink,16.072756
S3,2026-03-08 20:15:00,sw-core-01,port-id7430,uplink,15.229279
S3,2026-03-08 20:20:00,sw-core-01,port-id7430,uplink,20.655074
S3,2026-03-08 20:25:00,sw-core-01,port-id7430,uplink,27.305266
S3,2026-03-08 20:30:00,sw-core-01,port-id7430,uplink,13.590527
S3,2026-03-08 20:35:00,sw-core-01,port-id7430,uplink,22.374263
S3,2026-03-08 20:40:00,sw-core-01,port-id7430,uplink,23.287565
S3,2026-03-08 20:45:00,sw-core-01,port-id7430,uplink,20.648386
S3,2026-03-08 20:50:00,sw-core-01,port-id7430,uplink,14.507196
S3,2026-03-08 20:55:00,sw-core-01,port-id7430,uplink,20.562357
S3,2026-03-08 21:00:00,sw-core-01,port-id7430,uplink,15.763841
S3,2026-03-08 21:05:00,sw-core-01,port-id7430,uplink,13.788861
S3,2026-03-08 21:10:00,sw-core-01,port-id7430,uplink,19.120323
S3,2026-03-08 21:15:00,sw-core-01,port-id7430,uplink,16.895845
S3,2026-03-08 21:20:00,sw-core-01,port-id7430,uplink,18.721866
S3,2026-03-08 21:25:00,sw-core-01,port-id7430,uplink,15.506770
S3,2026-03-08 21:30:00,sw-core-01,port-id7430,uplink,17.973499
S3,2026-03-08 21:35:00,sw-core-01,port-id7430,uplink,20.069019
S3,2026-03-08 21:40:00,sw-core-01,port-id7430,uplink,22.041056
S3,2026-03-08 21:45:00,sw-core-01,port-id7430,uplink,21.108372
S3,2026-03-08 21:50:00,sw-core-01,port-id7430,uplink,19.772036
S3,2026-03-08 21:55:00,sw-core-01,port-id7430,uplink,16.094549
S3,2026-03-08 22:00:00,sw-core-01,port-id7430,uplink,14.991893
S3,2026-03-08 22:05:00,sw-core-01,port-id7430,uplink,12.981472
S3,2026-03-08 22:10:00,sw-core-01,port-id7430,uplink,11.408794
S3,2026-03-08 22:15:00,sw-core-01,port-id7430,uplink,19.579079
S3,2026-03-08 22:20:00,sw-core-01,port-id7430,uplink,20.146023
S3,2026-03-08 22:25:00,sw-core-01,port-id7430,uplink,13.678867
S3,2026-03-08 22:30:00,sw-core-01,port-id7430,uplink,14.478267
S3,2026-03-08 22:35:00,sw-core-01,port-id7430,uplink,20.209253
S3,2026-03-08 22:40:00,sw-core-01,port-id7430,uplink,15.353553
S3,2026-03-08 22:45:00,sw-core-01,port-id7430,uplink,21.153874
S3,2026-03-08 22:50:00,sw-core-01,port-id7430,uplink,13.041322
S3,2026-03-08 22:55:00,sw-core-01,port-id7430,uplink,14.819379
S3,2026-03-08 23:00:00,sw-core-01,port-id7430,uplink,14.675376
S3,2026-03-08 23:05:00,sw-core-01,port-id7430,uplink,16.732780
S3,2026-03-08 23:10:00,sw-core-01,port-id7430,uplink,14.529883
S3,2026-03-08 23:15:00,sw-core-01,port-id7430,uplink,10.023828
S3,2026-03-08 23:20:00,sw-core-01,port-id7430,uplink,14.253365
S3,2026-03-08 23:25:00,sw-core-01,port-id7430,uplink,18.302923
S3,2026-03-08 23:30:00,sw-core-01,port-id7430,uplink,19.170388
S3,2026-03-08 23:35:00,sw-core-01,port-id7430,uplink,13.384411
S3,2026-03-08 23:40:00,sw-core-01,port-id7430,uplink,19.711864
S3,2026-03-08 23:45:00,sw-core-01,port-id7430,uplink,22.519657
S3,2026-03-08 23:50:00,sw-core-01,port-id7430,uplink,22.674249
S3,2026-03-08 23:55:00,sw-core-01,port-id7430,uplink,16.725398
