scenario_id,timestamp,device_id,port_id,port_role,in_bps,out_bps,in_pps,out_pps,avg_pkt_bytes,broadcast_ratio,multicast_ratio
M1,2026-03-02 00:00:00,core-sw-01,port-id7429,server-uplink,81328811.20233628,42367805.143035546,13557.012411002519,5911.13010165549,783.9945524972188,0.01583786367570826,0.026208904523062106
M1,2026-03-02 00:05:00,core-sw-01,port-id7429,server-uplink,89750594.04714395,49645101.01505677,15060.936212489665,6696.8794348353495,810.6266484421151,0.0144789469710885,0.023848971187130443
M1,2026-03-02 00:10:00,core-sw-01,port-id7429,server-uplink,84076511.27336662,48890037.56166733,13518.588359808607,6523.884352734496,832.6187499337256,0.01499417263552819,0.024549857610114596
M1,2026-03-02 00:15:00,core-sw-01,port-id7429,server-uplink,93668628.30173612,53533682.57464811,15584.54310924733,7224.472031874171,800.8301205635022,0.013251821193056164,0.02235572579162532
M1,2026-03-02 00:20:00,core-sw-01,port-id7429,server-uplink,65574946.677828364,39924866.843489185,10444.152286891329,5392.028965674271,858.5792187043179,0.019582689347103558,0.032635681596735924
M1,2026-03-02 00:25:00,core-sw-01,port-id7429,server-uplink,97752060.55123414,52886609.21288759,15788.676531531886,7151.036294429085,828.8116869269527,0.0138133689035139,0.02257637770539821
M1,2026-03-02 00:30:00,core-sw-01,port-id7429,server-uplink,61862964.9508483,34727165.88628927,10194.016860421441,4625.584642036298,812.4028743085859,0.019788501537447017,0.03265516041892096
M1,2026-03-02 00:35:00,core-sw-01,port-id7429,server-uplink,75985168.0420627,38880215.02374638,12367.07655619436,5222.120280603053,805.9531130982856,0.017244180401510927,0.030331974634900293
M1,2026-03-02 00:40:00,core-sw-01,port-id7429,server-uplink,78970355.550823,44206338.79711369,12858.75302717062,5996.88224572358,835.4300523114646,0.016452397008741553,0.028036845412710093
M1,2026-03-02 00:45:00,core-sw-01,port-id7429,server-uplink,101876908.57270716,56944670.32479426,16186.243179337767,7699.992644024463,841.4101227973172,0.012576101636968505,0.02165630025124022
M1,2026-03-02 00:50:00,core-sw-01,port-id7429,server-uplink,85264415.3700794,50429309.44010457,13886.845449915425,6972.462337634106,816.0720879617559,0.015078707532405877,0.02505031073934989
M1,2026-03-02 00:55:00,core-sw-01,port-id7429,server-uplink,49449754.28916876,29249877.00032922,7904.721796696259,3965.864808449272,808.0602779395718,0.02726248512410645,0.04271413557322827
M1,2026-03-02 01:00:00,core-sw-01,port-id7429,server-uplink,76224478.04130533,45203325.16574065,12567.300654804623,6091.487128268235,803.3959487371984,0.016443560365298853,0.027335720523216266
M1,2026-03-02 01:05:00,core-sw-01,port-id7429,server-uplink,75860657.83147264,39318845.57767359,12275.39590073947,5350.900271465624,829.8672085685232,0.01775424094490855,0.031322835175111224
M1,2026-03-02 01:10:00,core-sw-01,port-id7429,server-uplink,56345198.30221387,31431949.312997177,9449.481977065103,4182.266391612809,765.6632947782801,0.022934301527868628,0.038381426670709984
M1,2026-03-02 01:15:00,core-sw-01,port-id7429,server-uplink,68503417.79539025,38084167.59556431,11093.829147895394,5181.21514092884,831.4869368525367,0.018227700445038426,0.033596839092308935
M1,2026-03-02 01:20:00,core-sw-01,port-id7429,server-uplink,69753915.68171816,40838180.686882205,11301.411227392184,5596.847359013569,814.9465779087484,0.018609448430655196,0.030769351621485322
M1,2026-03-02 01:25:00,core-sw-01,port-id7429,server-uplink,61329150.130600706,34735283.24358224,9673.929674149933,4545.252748700952,839.0915196659494,0.021285280598194452,0.0371734694010027
M1,2026-03-02 01:30:00,core-sw-01,port-id7429,server-uplink,74417266.33906926,39972405.22495883,11915.049025826056,5470.194303770731,823.114107712082,0.017924292604848034,0.029327691540220312
M1,2026-03-02 01:35:00,core-sw-01,port-id7429,server-uplink,73420286.21085443,39382530.98913811,12042.081736824104,5624.845199121772,826.476737151038,0.01759641284789695,0.030049658787942697
M1,2026-03-02 01:40:00,core-sw-01,port-id7429,server-uplink,76293303.848486,41924313.69745439,12456.831920963501,5459.543707093666,883.6274796254845,0.017567832399174685,0.028782919456312242
M1,2026-03-02 01:45:00,core-sw-01,port-id7429,server-uplink,78440349.97729002,41996725.641117096,12857.741366257924,5814.530698743327,843.7610798342597,0.01682219452201713,0.028220889032510577
M1,2026-03-02 01:50:00,core-sw-01,port-id7429,server-uplink,76012625.88355874,39782477.9320552,12690.617965475862,5486.157633232592,794.7040211794783,0.01642003654867664,0.028056101130980327
M1,2026-03-02 01:55:00,core-sw-01,port-id7429,server-uplink,80352805.52149363,44581894.57962941,12813.032410221778,5960.7238928151355,840.1391576686659,0.017030831527823736,0.027805512783754198
M1,2026-03-02 02:00:00,core-sw-01,port-id7429,server-uplink,70098154.58227193,40086271.85485527,11628.632154286724,5445.829646486187,818.6455248455119,0.01842375663857163,0.03052373803777563
M1,2026-03-02 02:05:00,core-sw-01,port-id7429,server-uplink,67820511.70393239,39354708.53115294,11213.50358854924,5122.775828202321,837.8875563367949,0.01961485959606133,0.03224170933483088
M1,2026-03-02 02:10:00,core-sw-01,port-id7429,server-uplink,79073326.30151837,44020094.79216445,13205.248926796112,6084.264633812653,779.687915804628,0.015026815959987281,0.027590856591605588
M1,2026-03-02 02:15:00,core-sw-01,port-id7429,server-uplink,77848644.56237863,45788896.477138154,12998.48612968736,6415.635244270422,761.553062463074,0.016047485617284134,0.026256079767469926
M1,2026-03-02 02:20:00,core-sw-01,port-id7429,server-uplink,63148063.38138051,37307007.35133326,9847.91857586881,5068.951331877621,866.5905762178221,0.020744835712997584,0.03463790480765321
M1,2026-03-02 02:25:00,core-sw-01,port-id7429,server-uplink,80286577.0392333,42987899.42687333,13549.336917211567,5702.599012072468,775.7322532162466,0.016569288011088965,0.027431774604015254
M1,2026-03-02 02:30:00,core-sw-01,port-id7429,server-uplink,59171193.938069604,35159602.81390023,9506.903370220742,4542.437515691408,832.1515883072522,0.021602388221327512,0.037412116456897584
M1,2026-03-02 02:35:00,core-sw-01,port-id7429,server-uplink,62770637.98274459,34015734.98620113,10153.689320088426,4694.294507272318,814.0683237086945,0.021008221556209017,0.03486936424963904
M1,2026-03-02 02:40:00,core-sw-01,port-id7429,server-uplink,65073953.46964951,36286885.5031937,10674.825916786753,5005.843763928871,780.7027481251719,0.019733168055016445,0.0327327441289465
M1,2026-03-02 02:45:00,core-sw-01,port-id7429,server-uplink,64434708.16991126,36548133.24427038,10490.304952369599,5216.737506151175,779.2381917398227,0.01912160108289072,0.033295501585325134
M1,2026-03-02 02:50:00,core-sw-01,port-id7429,server-uplink,59543330.77155708,33185604.507357217,10102.733562992886,4581.913056680949,763.3544499698043,0.020422602790752708,0.03588134799385562
M1,2026-03-02 02:55:00,core-sw-01,port-id7429,server-uplink,88631877.47578004,47565073.285656914,14882.94570124824,6625.390527081246,804.2780771289256,0.014209490591974211,0.02431055688078181
M1,2026-03-02 03:00:00,core-sw-01,port-id7429,server-uplink,96393340.40577416,51899209.43558098,15956.708584675906,6967.5590686177375,772.8470005784785,0.013645668225972378,0.02332346362555509
M1,2026-03-02 03:05:00,core-sw-01,port-id7429,server-uplink,86478944.84430322,51488897.39439374,14265.79454301197,6933.12873753493,834.3331330273021,0.014669823068387896,0.025373252087622675
M1,2026-03-02 03:10:00,core-sw-01,port-id7429,server-uplink,88323685.27557236,47118937.182204664,14396.403857579187,6380.918547061089,827.8515581251918,0.015221262209508382,0.025492340094805045
M1,2026-03-02 03:15:00,core-sw-01,port-id7429,server-uplink,76664823.3373791,43457906.69117701,12208.940408735585,5928.007729395868,831.5748065018828,0.01618868973221178,0.029545732912042332
M1,2026-03-02 03:20:00,core-sw-01,port-id7429,server-uplink,80998866.5683891,43689167.11869344,13624.991902913916,6040.91918157612,788.9547748908325,0.015458871483053815,0.027054813615885052
M1,2026-03-02 03:25:00,core-sw-01,port-id7429,server-uplink,90750144.24330762,52208181.18776946,14538.225143973992,7031.4313914789345,846.6736556649273,0.014469155752041005,0.024631302960878423
M1,2026-03-02 03:30:00,core-sw-01,port-id7429,server-uplink,74953327.56224288,46376797.2134155,12555.94427224535,6073.391878529014,832.9056644979023,0.01702683796693455,0.029052138700380897
M1,2026-03-02 03:35:00,core-sw-01,port-id7429,server-uplink,238756992.12445566,300027363.6857364,35090.166113907566,34317.85678022951,962.474261680278,0.004579410166328386,0.00750189119080013
M1,2026-03-02 03:40:00,core-sw-01,port-id7429,server-uplink,232513861.06182984,296773469.2529088,33967.49377377538,33438.888740963965,1016.7005026115334,0.004582398283461484,0.008079947839701875
M1,2026-03-02 03:45:00,core-sw-01,port-id7429,server-uplink,228496762.78264797,294045649.4040151,33962.126729125914,33239.26988157705,942.9748358517006,0.00472585853506715,0.007769017294268223
M1,2026-03-02 03:50:00,core-sw-01,port-id7429,server-uplink,214988123.06252137,284504590.8135364,32360.20659826263,32976.433113823005,948.5926358314307,0.004754437116310874,0.008594249331635483
M1,2026-03-02 03:55:00,core-sw-01,port-id7429,server-uplink,219351747.4112861,292054973.2897276,32142.061455980394,32757.523761099743,979.8217050298723,0.004553744311705719,0.008089202204181408
M1,2026-03-02 04:00:00,core-sw-01,port-id7429,server-uplink,221350635.629096,286747476.60370356,33798.87589707342,32816.5319494327,974.922153549953,0.0046417870212057235,0.00813719731235317
M1,2026-03-02 04:05:00,core-sw-01,port-id7429,server-uplink,223669336.33765414,290784829.5788373,33428.848915920506,33461.053560075474,985.2023007938262,0.00475809803730838,0.008288334392036379
M1,2026-03-02 04:10:00,core-sw-01,port-id7429,server-uplink,230363209.6747944,293687611.2845506,33938.231428986146,32884.17517535701,988.4971242691779,0.004563368359676529,0.008291291722257794
M1,2026-03-02 04:15:00,core-sw-01,port-id7429,server-uplink,217058229.1814663,284692727.9380656,32637.30262436756,32826.909139080184,962.0651157640148,0.004816338974859806,0.008220446948456177
M1,2026-03-02 04:20:00,core-sw-01,port-id7429,server-uplink,230436328.04318506,291162154.8110073,34484.314990382496,33182.36652907631,968.2043615315503,0.004697425374923689,0.008439956047073363
M1,2026-03-02 04:25:00,core-sw-01,port-id7429,server-uplink,221058301.0328345,288665988.5631398,33325.17954446465,32994.69995409038,956.1732512871422,0.00481793614160734,0.008300926682168907
M1,2026-03-02 04:30:00,core-sw-01,port-id7429,server-uplink,231812818.56573787,293414719.6797398,34079.726940795255,33489.73690803664,988.4698835934338,0.004730988943227456,0.00833356038198684
M1,2026-03-02 04:35:00,core-sw-01,port-id7429,server-uplink,223314213.82056963,291085637.2240066,34358.39478729277,33220.82477605674,972.7721451103828,0.004939611047626343,0.008280131880804977
M1,2026-03-02 04:40:00,core-sw-01,port-id7429,server-uplink,216918911.48982978,285590962.5897257,32279.5686795316,31928.799688061008,1002.2018226888715,0.005079720130025348,0.00858542257768339
M1,2026-03-02 04:45:00,core-sw-01,port-id7429,server-uplink,226341698.9547077,290277687.9148754,33592.05209303706,32894.078082078835,980.5083562646339,0.005256046269052542,0.008699837762499328
M1,2026-03-02 04:50:00,core-sw-01,port-id7429,server-uplink,235818707.84042445,294439590.8132165,35487.37002279758,33227.263589399816,953.1468771541158,0.004994330785235924,0.00800933370715393
M1,2026-03-02 04:55:00,core-sw-01,port-id7429,server-uplink,227027197.39017782,292725115.3507246,34109.368132216616,33442.69811312609,945.6534467407121,0.005132999767829225,0.008442430700373336
M1,2026-03-02 05:00:00,core-sw-01,port-id7429,server-uplink,227627245.45335662,287121743.32583034,34315.868984808665,33050.633927674455,968.9007207567732,0.005220076908774048,0.008376746111561953
M1,2026-03-02 05:05:00,core-sw-01,port-id7429,server-uplink,222188989.16067922,293067957.3566348,33271.831109404324,32958.34885990696,963.3658035517996,0.005234416159479252,0.00914602166470479
M1,2026-03-02 05:10:00,core-sw-01,port-id7429,server-uplink,229458706.68651384,291921819.6302719,33459.41287001938,32435.532142322518,948.6451669535525,0.005231214686657746,0.008978519221865303
M1,2026-03-02 05:15:00,core-sw-01,port-id7429,server-uplink,263472378.9967362,308606618.15127987,38711.69219249249,35113.60128140294,947.624434292833,0.004767036976454347,0.008065914904806048
M1,2026-03-02 05:20:00,core-sw-01,port-id7429,server-uplink,226093718.764193,288368354.7490857,33754.21222390071,32648.998159640836,966.2207286908196,0.005621907353298767,0.009373611253297148
M1,2026-03-02 05:25:00,core-sw-01,port-id7429,server-uplink,230491452.7745028,294490203.52541876,34087.49292334271,33443.96617750684,985.0556737960567,0.0054337723294748475,0.00928286818645434
M1,2026-03-02 05:30:00,core-sw-01,port-id7429,server-uplink,249279914.87288892,302631346.43429863,36779.43449546152,33853.052848536994,989.4340038029627,0.005338870429675709,0.009194819279342983
M1,2026-03-02 05:35:00,core-sw-01,port-id7429,server-uplink,249144511.18695638,305187614.3520467,37107.022495474106,34740.82128774298,983.2779301934023,0.005206562172202325,0.008962807011900656
M1,2026-03-02 05:40:00,core-sw-01,port-id7429,server-uplink,88216884.54411118,53852961.42580212,14198.311236592095,7143.598350099,849.2880305413282,0.017924749096537317,0.03234853689727329
M1,2026-03-02 05:45:00,core-sw-01,port-id7429,server-uplink,91758026.70356753,56157750.61612269,15416.61443880352,7762.855084938053,778.0024564130694,0.0170671143463152,0.029888066861807647
M1,2026-03-02 05:50:00,core-sw-01,port-id7429,server-uplink,123168004.52587514,68078155.55155052,20155.41473172631,9333.444530185308,862.2335616163422,0.013502124399935929,0.023383402136796825
M1,2026-03-02 05:55:00,core-sw-01,port-id7429,server-uplink,92887166.2628553,53578654.718542114,15181.272138681996,6972.380688853588,870.1158853917515,0.019265398644529825,0.034106877433422875
M1,2026-03-02 06:00:00,core-sw-01,port-id7429,server-uplink,108463788.20297384,64036637.46129246,17490.937752025082,8512.45562341692,811.4769985907528,0.017012419767101803,0.028647092941056423
M1,2026-03-02 06:05:00,core-sw-01,port-id7429,server-uplink,103191668.86572182,57935658.543487996,16726.410301438267,7969.8993237778095,853.6385363678949,0.017982821568363394,0.030779737358044176
M1,2026-03-02 06:10:00,core-sw-01,port-id7429,server-uplink,96064306.75981638,54296613.12016698,15495.380251400362,7200.684836565081,802.3626759730835,0.020330035088275692,0.034056328325646146
M1,2026-03-02 06:15:00,core-sw-01,port-id7429,server-uplink,102610220.76391612,57941244.61577971,17099.62940920556,7743.08389569338,838.3136826890803,0.018623864396390036,0.03507441618935982
M1,2026-03-02 06:20:00,core-sw-01,port-id7429,server-uplink,128283930.54038534,73052270.33985725,20360.78232556843,9689.139568850786,861.3209082370486,0.01637581533733093,0.029302370131995083
M1,2026-03-02 06:25:00,core-sw-01,port-id7429,server-uplink,142046869.34925538,78328810.01431625,23620.62405254842,10855.165077864855,798.0837930015038,0.014814013292917635,0.025794778650922848
M1,2026-03-02 06:30:00,core-sw-01,port-id7429,server-uplink,137048679.09486663,78159239.29474781,21988.10021926753,10674.926706674423,799.1688051841649,0.016346763512317602,0.028312419281120046
M1,2026-03-02 06:35:00,core-sw-01,port-id7429,server-uplink,124872699.6706814,70499875.66416663,20070.100767757947,9379.87096389623,783.5667892623129,0.018648644555840605,0.033576611720310734
M1,2026-03-02 06:40:00,core-sw-01,port-id7429,server-uplink,138475209.94437075,76079287.81341173,22884.427498325647,10506.105526500813,816.5232090642857,0.016333300469507515,0.03080758318660715
M1,2026-03-02 06:45:00,core-sw-01,port-id7429,server-uplink,153075889.01150867,88681435.5214299,24942.020285372604,11785.446126891755,811.9113075308813,0.01651691612708097,0.02840288491202135
M1,2026-03-02 06:50:00,core-sw-01,port-id7429,server-uplink,145680860.49604467,86697809.89884083,23985.104171933268,11812.372416840462,797.4823490877554,0.018306667814093968,0.03062054686171408
M1,2026-03-02 06:55:00,core-sw-01,port-id7429,server-uplink,171701007.17523623,96171986.41146459,27519.12628902328,12967.731303325842,841.6937609194861,0.015759341171248855,0.02638299033206477
M1,2026-03-02 07:00:00,core-sw-01,port-id7429,server-uplink,129390556.45785584,72798599.10254271,21265.35063240183,9716.305567414254,807.5011470257905,0.02163741718609138,0.03746641193266929
M1,2026-03-02 07:05:00,core-sw-01,port-id7429,server-uplink,184993884.0714819,104913238.8674784,30048.820365977008,14194.943225517876,808.9708953915402,0.015680003350516288,0.02596971341680195
M1,2026-03-02 07:10:00,core-sw-01,port-id7429,server-uplink,159954261.707162,89347656.72715288,25670.02600242956,11886.466332705206,811.7118913413495,0.019767133254258693,0.034542446941379576
M1,2026-03-02 07:15:00,core-sw-01,port-id7429,server-uplink,179493297.44100404,99974689.06728734,29359.8896422528,13490.631870500223,781.1889355537651,0.01770747407178054,0.029982401081187937
M1,2026-03-02 07:20:00,core-sw-01,port-id7429,server-uplink,184008298.85672483,102591559.41182315,31213.239152806087,14166.117247583716,814.0958602526146,0.01709702836863802,0.029222937311673657
M1,2026-03-02 07:25:00,core-sw-01,port-id7429,server-uplink,195987785.7081001,109617036.94523758,32225.68004107822,14912.117543925495,806.4969091723999,0.017416185888276568,0.030133988713906032
M1,2026-03-02 07:30:00,core-sw-01,port-id7429,server-uplink,203542818.05922827,114833333.18796232,33488.005989179626,15928.690123237115,798.7657087582571,0.01661642453310114,0.02730690812744694
M1,2026-03-02 07:35:00,core-sw-01,port-id7429,server-uplink,222764595.92875358,128539361.03863853,36196.860720158045,17032.84862537073,817.2169691902141,0.01586710610910848,0.02832245660494398
M1,2026-03-02 07:40:00,core-sw-01,port-id7429,server-uplink,218105605.73539996,123055532.29808298,34411.85603211744,16227.498828016518,856.6487585260195,0.016436460890185873,0.030241730328703396
M1,2026-03-02 07:45:00,core-sw-01,port-id7429,server-uplink,208471114.3986718,116717888.22265875,34315.50803001758,16015.01794915897,821.5741820667558,0.01775212477397932,0.030750999335443546
M1,2026-03-02 07:50:00,core-sw-01,port-id7429,server-uplink,226924990.67270887,124658330.04869965,36642.144036453166,16914.595449425422,826.7166287568753,0.01688244705153547,0.029239313636387963
M1,2026-03-02 07:55:00,core-sw-01,port-id7429,server-uplink,215790531.5527028,123594365.09557274,35669.27339382378,16855.289867658623,827.4836162857222,0.017423398476299274,0.03128345571231147
M1,2026-03-02 08:00:00,core-sw-01,port-id7429,server-uplink,226431004.47203425,128179192.09677166,36957.33842845,17080.37296960865,849.6178853699814,0.01716380392880394,0.02999245154119755
M1,2026-03-02 08:05:00,core-sw-01,port-id7429,server-uplink,235887967.54279807,132408040.5558184,37124.24484415631,17327.295287732977,846.77110831223,0.018251138063246963,0.03034465697656839
M1,2026-03-02 08:10:00,core-sw-01,port-id7429,server-uplink,250516830.37701645,140348876.23324054,40604.0966724064,18749.92263024567,793.2248329820455,0.016207263250505033,0.02860782283929122
M1,2026-03-02 08:15:00,core-sw-01,port-id7429,server-uplink,240023031.54265597,133202031.02187164,38704.1732585643,17934.922444919423,802.6047928124113,0.018407702341781896,0.029923542720716855
M1,2026-03-02 08:20:00,core-sw-01,port-id7429,server-uplink,254083735.19683063,139524906.13031712,41188.957085204136,19006.588815962707,796.3484737954867,0.017063331254720683,0.028903185084786988
M1,2026-03-02 08:25:00,core-sw-01,port-id7429,server-uplink,249851911.32733625,140745599.53171808,42181.70314273465,19544.745115942493,794.0484911700319,0.01722732947557107,0.028137858991652862
M1,2026-03-02 08:30:00,core-sw-01,port-id7429,server-uplink,262069612.36194354,149460102.09734407,41973.878053208464,19690.81168953894,813.6499120913522,0.0167828361576552,0.029098118023643347
M1,2026-03-02 08:35:00,core-sw-01,port-id7429,server-uplink,273493115.53380734,150776984.01751524,44616.768595944865,20675.4486032988,829.9969674352617,0.015907341729919578,0.0266822221446674
M1,2026-03-02 08:40:00,core-sw-01,port-id7429,server-uplink,267191528.83021638,151046256.24361882,44786.27586064126,20684.193501037807,775.0351813771264,0.016576861467319164,0.027363883236034486
M1,2026-03-02 08:45:00,core-sw-01,port-id7429,server-uplink,266383218.7468625,147828104.73705345,44637.30792699865,20398.623694865437,807.9270798431726,0.01616816575837877,0.02768766596338956
M1,2026-03-02 08:50:00,core-sw-01,port-id7429,server-uplink,262091442.59372708,148276082.88272944,42590.58488148337,20186.78022377317,838.0244871232676,0.017247030572449883,0.02909591230822656
M1,2026-03-02 08:55:00,core-sw-01,port-id7429,server-uplink,275992936.11356294,154916596.8321138,44956.53568694091,20642.805966175336,836.0618098141672,0.016945687044421436,0.029245991225986333
M1,2026-03-02 09:00:00,core-sw-01,port-id7429,server-uplink,258027062.0431176,142753850.69872284,41729.28276328537,19329.361573223476,846.1665201881074,0.01936994908597159,0.03165023342076627
M1,2026-03-02 09:05:00,core-sw-01,port-id7429,server-uplink,281884996.6277916,157929916.24841246,45271.72899333962,21299.893703206984,817.1036055723645,0.01629199184898124,0.029117285734001127
M1,2026-03-02 09:10:00,core-sw-01,port-id7429,server-uplink,277692394.14211214,153840839.64602286,45570.94590792406,20990.291979583522,817.2176763738806,0.017305298264172667,0.02803911658126467
M1,2026-03-02 09:15:00,core-sw-01,port-id7429,server-uplink,270398499.4804428,151940246.22717157,43936.50511824732,20861.60303415344,802.848798508139,0.017532004547403567,0.029260007934160226
M1,2026-03-02 09:20:00,core-sw-01,port-id7429,server-uplink,269536757.40832,148928993.17680693,43821.85224807847,20097.188632134472,817.4463275125061,0.017617790532999663,0.03163700489977835
M1,2026-03-02 09:25:00,core-sw-01,port-id7429,server-uplink,287148352.66999066,159357262.54419512,47209.951654604694,21672.661418341366,811.5526789960314,0.016358096878001112,0.02819581147328753
M1,2026-03-02 09:30:00,core-sw-01,port-id7429,server-uplink,266884049.06551796,148548517.37368253,44869.895833329065,20562.349085339076,769.1026040720533,0.01708558601922748,0.0299216293934587
M1,2026-03-02 09:35:00,core-sw-01,port-id7429,server-uplink,266566735.17249408,153025408.20301193,44972.48496669225,20774.582228694268,788.0206925296213,0.01739688413095417,0.02776793750294536
M1,2026-03-02 09:40:00,core-sw-01,port-id7429,server-uplink,276139905.9793951,153061288.28558004,46048.74543934906,20783.8308884226,811.2840606427889,0.01664389443299193,0.028524456413725044
M1,2026-03-02 09:45:00,core-sw-01,port-id7429,server-uplink,261700530.1846203,146841270.23530367,43182.960100220764,19827.56865038075,821.4133416876572,0.01794955753191528,0.03211200815916286
M1,2026-03-02 09:50:00,core-sw-01,port-id7429,server-uplink,285596885.66725415,161596673.20391667,46566.38168550837,22399.32661495472,794.6178772292186,0.01676873899055466,0.028978626692672937
M1,2026-03-02 09:55:00,core-sw-01,port-id7429,server-uplink,285130870.7663123,159694073.65510145,47057.75192340859,21761.488884198156,807.940062823142,0.016608644107840128,0.028384340026431795
M1,2026-03-02 10:00:00,core-sw-01,port-id7429,server-uplink,277015087.9498938,150309740.22369316,46484.899020541634,20872.07738411302,793.2269979747496,0.016750080395312505,0.028260008477839854
M1,2026-03-02 10:05:00,core-sw-01,port-id7429,server-uplink,272043848.7250034,155866561.332128,43582.6350404148,20557.822130494293,812.0748019862897,0.017777468631413877,0.031010209246082155
M1,2026-03-02 10:10:00,core-sw-01,port-id7429,server-uplink,271224701.93259406,150116292.35647455,43676.12634963814,20087.856358358316,810.6052978738452,0.01855444034472337,0.03109677454232107
M1,2026-03-02 10:15:00,core-sw-01,port-id7429,server-uplink,282179536.6072815,158770585.27360803,44860.628720337845,21345.763496265285,826.4908488079433,0.017218095595396728,0.030526230004328893
M1,2026-03-02 10:20:00,core-sw-01,port-id7429,server-uplink,280255783.338415,154452530.33702832,46114.134888579145,21155.76821431025,828.2131539681576,0.016716540303514146,0.028978923494166774
M1,2026-03-02 10:25:00,core-sw-01,port-id7429,server-uplink,277957205.15452504,154692671.8403736,45585.46903681259,20664.24695601025,862.7470552845238,0.01732878542759603,0.030668657426367252
M1,2026-03-02 10:30:00,core-sw-01,port-id7429,server-uplink,288006673.721988,160405445.6782551,46444.62074788191,21693.91733096756,824.0976621436188,0.01649287076127917,0.029852628227186793
M1,2026-03-02 10:35:00,core-sw-01,port-id7429,server-uplink,261429637.16048992,145107553.137238,42514.57174206146,19672.464723731664,795.0201444810327,0.01930178730102988,0.032398233732467856
M1,2026-03-02 10:40:00,core-sw-01,port-id7429,server-uplink,264052272.10168675,151229265.37538284,43539.68692539715,20570.011187177184,806.0745278180668,0.018946677106834023,0.030668849648700126
M1,2026-03-02 10:45:00,core-sw-01,port-id7429,server-uplink,290640418.78863084,163936269.30266848,48413.009674017914,22291.674541337998,812.4779324329976,0.015954440017040376,0.029380977980469982
M1,2026-03-02 10:50:00,core-sw-01,port-id7429,server-uplink,282022413.4633466,161530662.3036659,46294.98967057279,22788.393023787543,792.9920503802651,0.01658797538521623,0.02799068539403746
M1,2026-03-02 10:55:00,core-sw-01,port-id7429,server-uplink,268238879.69916433,149334747.73525503,44200.44175811068,20453.670964760575,822.5260884240398,0.017862787377241736,0.031103261454431937
M1,2026-03-02 11:00:00,core-sw-01,port-id7429,server-uplink,273734060.7618229,154455387.9575277,46030.76258096802,21411.540291520618,762.2783880980444,0.01713270430274198,0.03024464530809269
M1,2026-03-02 11:05:00,core-sw-01,port-id7429,server-uplink,290864282.14353365,160912405.60969654,48124.884320793106,22278.991257075373,764.8306559009542,0.016153840114008958,0.0280718020252958
M1,2026-03-02 11:10:00,core-sw-01,port-id7429,server-uplink,290720039.57724273,166477494.43627644,48242.906574946675,22984.25352237082,810.4222789931032,0.016687650581488564,0.028878447668247244
M1,2026-03-02 11:15:00,core-sw-01,port-id7429,server-uplink,283914076.0042477,156708658.0457286,46227.84766410124,21162.579290512476,827.8551005137479,0.01752620317524974,0.02980160444543448
M1,2026-03-02 11:20:00,core-sw-01,port-id7429,server-uplink,295992867.68119967,164871628.91929477,51169.85475667343,23278.98649937048,767.1274743993132,0.015404950321171312,0.02850623497108435
M1,2026-03-02 11:25:00,core-sw-01,port-id7429,server-uplink,289732651.88147247,161496193.51148853,48822.75730735699,22063.632464740906,834.8731230658906,0.01592469935483963,0.029034165106002395
M1,2026-03-02 11:30:00,core-sw-01,port-id7429,server-uplink,286957049.29190725,159132495.831151,48217.25148445861,21628.05302174929,815.158479866371,0.016143124754602174,0.028889961399471253
M1,2026-03-02 11:35:00,core-sw-01,port-id7429,server-uplink,291205747.5430387,165168273.19421658,48124.14220895446,22664.523707043572,823.8411415996927,0.017128581634596136,0.02832017052652263
M1,2026-03-02 11:40:00,core-sw-01,port-id7429,server-uplink,287121317.10579234,158874773.7331889,47809.18388174013,21639.65752828356,815.7597952421813,0.01645559746699011,0.02938988105539422
M1,2026-03-02 11:45:00,core-sw-01,port-id7429,server-uplink,303713786.70580566,168693444.88547373,50161.27268738647,23530.86906834182,795.0133465772694,0.015687789268164214,0.02732991890284174
M1,2026-03-02 11:50:00,core-sw-01,port-id7429,server-uplink,282062002.8702308,153364706.62662533,47226.94658854629,21007.44922954134,818.3023338827562,0.016813251413276775,0.029767728621559793
M1,2026-03-02 11:55:00,core-sw-01,port-id7429,server-uplink,279524846.6717041,156597707.19226786,44638.52951996126,20713.53093741557,846.4166082390306,0.01809353664810585,0.030210623252360475
M1,2026-03-02 12:00:00,core-sw-01,port-id7429,server-uplink,294937223.43461674,165696148.6886712,48444.8769270641,22019.99307329179,826.8565509087028,0.016523414880358245,0.028328708451821262
M1,2026-03-02 12:05:00,core-sw-01,port-id7429,server-uplink,265392935.62782797,148675646.4088511,43563.6453836966,20441.408499309193,787.5276174405875,0.018262863038170832,0.0312896460362934
M1,2026-03-02 12:10:00,core-sw-01,port-id7429,server-uplink,268298549.5080286,152973021.2546891,44947.27513496179,21707.397728884083,832.8570856225514,0.016933887542662437,0.030657663224560067
M1,2026-03-02 12:15:00,core-sw-01,port-id7429,server-uplink,291123135.64157593,165103580.66819018,47283.41911593869,22306.990596063126,812.1649197991159,0.016567495236730567,0.027794290227380752
M1,2026-03-02 12:20:00,core-sw-01,port-id7429,server-uplink,282976200.3147317,159593011.23587507,45476.14374513556,21338.773539256566,849.216046680604,0.016742494774654695,0.030596783278893164
M1,2026-03-02 12:25:00,core-sw-01,port-id7429,server-uplink,286040363.57053065,161754590.3100329,47521.72164710193,22513.084680441978,786.7853369500876,0.016130716369173567,0.027118684847990494
M1,2026-03-02 12:30:00,core-sw-01,port-id7429,server-uplink,284936885.65328574,156588692.27563915,47843.77843679259,21159.63703435609,777.0605709201328,0.017258657518182126,0.028306432722398838
M1,2026-03-02 12:35:00,core-sw-01,port-id7429,server-uplink,282234952.86868244,152840235.56093135,46307.68396985579,20694.53120105998,835.9292695270897,0.01751809980104462,0.029461873699002286
M1,2026-03-02 12:40:00,core-sw-01,port-id7429,server-uplink,283074268.30153227,156006534.1849817,45899.43103143888,20979.890305130204,786.8892178186147,0.017446048984258014,0.029039971668931033
M1,2026-03-02 12:45:00,core-sw-01,port-id7429,server-uplink,260362060.50758085,148851220.32432675,41788.22335117847,19930.921451242342,809.8387422960011,0.019011467731516473,0.031191372510194822
M1,2026-03-02 12:50:00,core-sw-01,port-id7429,server-uplink,288814505.7489594,162416601.61479867,48415.34795195965,22595.431108950317,784.4689985665173,0.015934797949722267,0.028423944696330264
M1,2026-03-02 12:55:00,core-sw-01,port-id7429,server-uplink,286767818.44452184,161296310.33704343,48467.25253728393,22109.391874458554,795.2887156442596,0.01723502938341131,0.02816179174193618
M1,2026-03-02 13:00:00,core-sw-01,port-id7429,server-uplink,296199843.02542436,164020461.4724314,49095.0435204393,22333.326528203215,815.4546387402225,0.015777339051266163,0.027726147543057873
M1,2026-03-02 13:05:00,core-sw-01,port-id7429,server-uplink,283507322.864291,159119511.2711235,48524.139958341555,22131.46545428225,769.1115153537055,0.015735615344851732,0.027364622977019467
M1,2026-03-02 13:10:00,core-sw-01,port-id7429,server-uplink,269889086.71452814,148341195.35352638,45385.523958134785,20409.469700800237,830.122989482058,0.018034588401611113,0.030154881663451483
M1,2026-03-02 13:15:00,core-sw-01,port-id7429,server-uplink,280388035.11074996,161941885.53463727,46265.80725796133,22180.342437707743,831.7538141500414,0.016398384559729924,0.028753726753215136
M1,2026-03-02 13:20:00,core-sw-01,port-id7429,server-uplink,282494963.1360125,160871870.6249997,45710.600967459715,21422.483748831164,855.4781489737945,0.017042967484952324,0.029356024519779724
M1,2026-03-02 13:25:00,core-sw-01,port-id7429,server-uplink,299889100.19646543,172423265.46848622,49408.87535290309,23412.332083815265,806.7305988007548,0.01592512398450182,0.02793620414770392
M1,2026-03-02 13:30:00,core-sw-01,port-id7429,server-uplink,295032022.4427255,163308113.50995407,48587.50958355124,22085.23798003505,785.3784653536873,0.015968373920986732,0.028508339541570626
M1,2026-03-02 13:35:00,core-sw-01,port-id7429,server-uplink,291341509.4278154,160398791.52079588,48369.1104207698,22048.91851207406,796.3829548179954,0.01704724250631408,0.027837824242565572
M1,2026-03-02 13:40:00,core-sw-01,port-id7429,server-uplink,275829082.4983706,154510524.02728534,45222.63087809481,20836.650391218573,819.3077033308219,0.018357262541992204,0.029235152785441004
M1,2026-03-02 13:45:00,core-sw-01,port-id7429,server-uplink,267071318.21762624,151921337.08722976,44540.64016222431,21149.65680349193,788.4752854279548,0.01777076419541187,0.031223297363211826
M1,2026-03-02 13:50:00,core-sw-01,port-id7429,server-uplink,283464344.6889583,154881238.9657456,45607.58116713143,20730.619262361695,861.213690876456,0.018124692835497173,0.03081049194078926
M1,2026-03-02 13:55:00,core-sw-01,port-id7429,server-uplink,283075002.3926228,153816419.9632015,46970.24838526424,20849.32139329798,798.7356361707715,0.017321375980406603,0.02922477488137536
M1,2026-03-02 14:00:00,core-sw-01,port-id7429,server-uplink,279204592.3873111,156033220.5161422,45288.426247004136,20513.986701693055,837.6893790221918,0.01844266358129836,0.030552223067828083
M1,2026-03-02 14:05:00,core-sw-01,port-id7429,server-uplink,275733685.4319314,157319729.68718028,43572.64048949209,20810.634363128072,830.9271660353065,0.018587409448274885,0.030109251616609625
M1,2026-03-02 14:10:00,core-sw-01,port-id7429,server-uplink,273568016.49413127,153195814.0332115,46078.67833655547,21464.934312482448,775.001690484997,0.01682223379799078,0.02906347800835975
M1,2026-03-02 14:15:00,core-sw-01,port-id7429,server-uplink,282559069.8980345,155844625.3601728,46668.12180065929,21136.49174418441,789.2146042105238,0.016789698644759397,0.029641927384362915
M1,2026-03-02 14:20:00,core-sw-01,port-id7429,server-uplink,281119133.2244305,158881485.95650706,45933.64604725409,21404.00774523981,823.6503995910598,0.01719452497202524,0.03095676163027385
M1,2026-03-02 14:25:00,core-sw-01,port-id7429,server-uplink,277931337.899579,152996190.47697052,45456.63194144327,20762.600062429217,840.5325297798333,0.016799635860446003,0.029764974229467354
M1,2026-03-02 14:30:00,core-sw-01,port-id7429,server-uplink,281145819.38803035,151520435.91224018,46896.24003127242,20920.02553680627,814.5766336264157,0.017791913470132478,0.028607655151258626
M1,2026-03-02 14:35:00,core-sw-01,port-id7429,server-uplink,275770435.4750254,157931455.63922504,43958.558035796515,21256.71653274974,827.8377646234953,0.017874717977914036,0.029368095231710793
M1,2026-03-02 14:40:00,core-sw-01,port-id7429,server-uplink,287002130.4529582,161274405.6236769,46542.56047092641,21828.362035087895,814.804961027925,0.017493188406439382,0.029049206618761318
M1,2026-03-02 14:45:00,core-sw-01,port-id7429,server-uplink,291314095.2649925,161363929.8129834,46568.235678781704,21628.330440957292,815.4122180089028,0.017256199740840375,0.028088836615953416
M1,2026-03-02 14:50:00,core-sw-01,port-id7429,server-uplink,299808553.82222354,169384351.39761576,49178.83099432071,22824.412859729524,787.2051088930879,0.01662247833564776,0.02943138796913384
M1,2026-03-02 14:55:00,core-sw-01,port-id7429,server-uplink,276421578.0964726,158312378.11940482,45047.83972992005,21589.710634393927,837.8802784102622,0.018206983432502145,0.029660550037219974
M1,2026-03-02 15:00:00,core-sw-01,port-id7429,server-uplink,281663854.674853,157913346.84428886,46398.495200706384,21325.97180002422,805.2979042083758,0.017508391557362266,0.0282184483321083
M1,2026-03-02 15:05:00,core-sw-01,port-id7429,server-uplink,280420099.7011187,157071124.99706417,45218.063198471296,20998.685578575794,808.3371964430276,0.016855203615192084,0.029645757700787298
M1,2026-03-02 15:10:00,core-sw-01,port-id7429,server-uplink,276269024.6306734,152419509.4901698,45712.29982040374,20821.726300417864,805.744017314467,0.017926817339724826,0.028537049351898762
M1,2026-03-02 15:15:00,core-sw-01,port-id7429,server-uplink,290619843.6900659,161723170.31196424,47928.209236308394,22167.758120332044,803.3346686390081,0.01627809493774203,0.028874397849987056
M1,2026-03-02 15:20:00,core-sw-01,port-id7429,server-uplink,294933840.59886,164905078.40119934,48597.0927689285,22857.133084535362,836.0559541806829,0.01600530382249941,0.027957863676054663
M1,2026-03-02 15:25:00,core-sw-01,port-id7429,server-uplink,272569742.3554259,151895882.82979095,43592.3173740629,20143.988835842498,833.4487844637738,0.017867960581944287,0.030461344114711564
M1,2026-03-02 15:30:00,core-sw-01,port-id7429,server-uplink,282124573.2798459,156524927.3214034,46279.91794768245,21420.093751247878,795.1374219110587,0.016088389143901816,0.03006121989296304
M1,2026-03-02 15:35:00,core-sw-01,port-id7429,server-uplink,295507860.1770404,162607292.26233068,47899.107206882945,21823.43705758595,833.0870444425259,0.01665169428543954,0.030868689912669365
M1,2026-03-02 15:40:00,core-sw-01,port-id7429,server-uplink,264789101.0957226,149183700.1587725,44202.71943580334,20457.885993983033,810.8165441302878,0.01715581756982948,0.02934906985941719
M1,2026-03-02 15:45:00,core-sw-01,port-id7429,server-uplink,280947303.12575597,155507838.98541865,45848.75971780308,21038.134314394672,823.3116451753858,0.017653605739561273,0.030187823215931383
M1,2026-03-02 15:50:00,core-sw-01,port-id7429,server-uplink,294160379.68430257,160497377.31860104,48275.608138733536,21683.836482583258,806.6903270373097,0.016880846088437606,0.028494373103052147
M1,2026-03-02 15:55:00,core-sw-01,port-id7429,server-uplink,280793041.2885517,160421226.416074,46250.56404056275,21734.601542898246,819.9637236152514,0.017597893720611855,0.029102961397668447
M1,2026-03-02 16:00:00,core-sw-01,port-id7429,server-uplink,295725182.19565284,165048787.96129915,49323.958745296564,22393.570551478173,796.079077146427,0.016464334285928042,0.02756615767834041
M1,2026-03-02 16:05:00,core-sw-01,port-id7429,server-uplink,299380983.2490499,169166744.90721047,47769.338988293006,22367.063566508124,805.6163726179261,0.016830600057318363,0.028748671866469757
M1,2026-03-02 16:10:00,core-sw-01,port-id7429,server-uplink,284773954.549159,156335361.20282772,47905.768063346855,21298.04362464122,832.3199716489944,0.01603829689301095,0.027838199470269873
M1,2026-03-02 16:15:00,core-sw-01,port-id7429,server-uplink,283380851.9364069,161861801.9170761,47960.49823495496,22766.603526903527,802.1633146921733,0.016232107581375967,0.027372369968131412
M1,2026-03-02 16:20:00,core-sw-01,port-id7429,server-uplink,288380419.1074365,161230143.289135,47500.887769617315,21808.63324733308,765.1902843177976,0.0165849270424815,0.026949148361438607
M1,2026-03-02 16:25:00,core-sw-01,port-id7429,server-uplink,274227333.60625696,154015413.76793045,45585.705937026425,21231.515903429503,793.0956575368148,0.01771595220814669,0.030111764597448548
M1,2026-03-02 16:30:00,core-sw-01,port-id7429,server-uplink,298685231.8543584,167728644.20148373,49939.29269744895,22570.913226932877,769.3765674831247,0.015818114100601192,0.02710152248294552
M1,2026-03-02 16:35:00,core-sw-01,port-id7429,server-uplink,283493125.8974185,157822305.48277774,45908.13127392347,21223.002439729953,790.684142596755,0.01746646708113047,0.028188457471439447
M1,2026-03-02 16:40:00,core-sw-01,port-id7429,server-uplink,284303385.04312,159866671.24024448,46861.66091007111,21869.066251240092,804.1942422371075,0.01647360081491198,0.02866984844353655
M1,2026-03-02 16:45:00,core-sw-01,port-id7429,server-uplink,302816248.9497386,170600977.49205416,50292.00453729236,23493.849046819636,804.1457177481441,0.015532345071405202,0.026810503076534296
M1,2026-03-02 16:50:00,core-sw-01,port-id7429,server-uplink,290499854.3568413,160652223.4046331,48453.94081681986,21938.092475210793,791.4160743937671,0.016390286066676505,0.02932867019442868
M1,2026-03-02 16:55:00,core-sw-01,port-id7429,server-uplink,294360058.4970117,162035134.53016463,47846.59678850942,21756.12828915263,825.8380967546011,0.016842196569905175,0.02847163454775595
M1,2026-03-02 17:00:00,core-sw-01,port-id7429,server-uplink,280397789.4584714,158094259.98536703,46883.851389011674,22068.40500702817,759.4008196373678,0.01686345964421453,0.029121183264937886
M1,2026-03-02 17:05:00,core-sw-01,port-id7429,server-uplink,303916749.4251075,173236827.9098755,49144.8106651889,23314.31370593279,857.3773995862194,0.01596912657054705,0.02641161623222293
M1,2026-03-02 17:10:00,core-sw-01,port-id7429,server-uplink,276541126.9522004,153518694.26851657,44878.93243275056,20907.876583074536,781.2694000307065,0.017155432906150507,0.03104425807222237
M1,2026-03-02 17:15:00,core-sw-01,port-id7429,server-uplink,270134129.5443599,150486539.88310358,44621.4289618087,20612.19970310403,814.1846924573335,0.017345668985313777,0.02807301148647876
M1,2026-03-02 17:20:00,core-sw-01,port-id7429,server-uplink,287355314.4724994,160796777.56726688,46816.294278722744,21530.621616315646,797.8386484708653,0.01690457366710027,0.029167995799387173
M1,2026-03-02 17:25:00,core-sw-01,port-id7429,server-uplink,291682513.72120196,160959774.46117812,47192.390102621306,21522.53105176289,815.2934411012916,0.016848346099968298,0.028123713687425743
M1,2026-03-02 17:30:00,core-sw-01,port-id7429,server-uplink,265795387.15622273,144301588.68415052,42987.96144817982,19166.418403594715,848.6756439764491,0.018828502685561396,0.030861452437726655
M1,2026-03-02 17:35:00,core-sw-01,port-id7429,server-uplink,253307213.3451122,141817941.95878577,41609.9256722852,19182.01008280855,797.8102983568702,0.018747592484904253,0.0304208596256278
M1,2026-03-02 17:40:00,core-sw-01,port-id7429,server-uplink,269305310.27465713,152378574.36954814,43975.80393455513,20465.247829145665,837.1184773289386,0.016880581795606617,0.027848378367652055
M1,2026-03-02 17:45:00,core-sw-01,port-id7429,server-uplink,284017706.9909214,155640227.75801858,47015.22523099747,21473.491482164838,824.985277471341,0.01583694966590496,0.026987097754697473
M1,2026-03-02 17:50:00,core-sw-01,port-id7429,server-uplink,271059109.47656244,151343769.59457982,44591.43890383344,20201.440565720728,829.0948433006394,0.016973220573722185,0.02933769526860793
M1,2026-03-02 17:55:00,core-sw-01,port-id7429,server-uplink,263313435.43568063,146966495.23088506,43082.90723151999,20154.81335758527,837.616755614591,0.018178377106861494,0.02918929296447382
M1,2026-03-02 18:00:00,core-sw-01,port-id7429,server-uplink,274154753.86276156,153429587.3554311,45220.295397447044,20961.94999173602,782.2578958023163,0.017004064749615706,0.029353263317705706
M1,2026-03-02 18:05:00,core-sw-01,port-id7429,server-uplink,261658643.98077264,143940251.52972734,43293.47462002327,19520.93978467647,825.3018535796372,0.01728323106331444,0.028440939889581143
M1,2026-03-02 18:10:00,core-sw-01,port-id7429,server-uplink,271611325.87948805,152242557.65791455,44727.70385913404,20801.512686254773,783.1105878871477,0.016795094029810054,0.027969731890146787
M1,2026-03-02 18:15:00,core-sw-01,port-id7429,server-uplink,270948069.00275016,149392614.82696903,45091.90133159039,20592.10313890945,774.9694060422796,0.01707751122186978,0.028389097992614323
M1,2026-03-02 18:20:00,core-sw-01,port-id7429,server-uplink,252702282.35498056,139994154.1958163,41606.74140767276,18822.4445941886,812.8391270442031,0.017479294983987082,0.029704962029744396
M1,2026-03-02 18:25:00,core-sw-01,port-id7429,server-uplink,277366636.7360745,159458276.3066223,46119.2406147827,21827.263333407278,846.1867812731931,0.015745998731012553,0.026397622617899127
M1,2026-03-02 18:30:00,core-sw-01,port-id7429,server-uplink,241419131.54972625,135213812.81258962,39658.967625096106,18648.42887373105,798.6829249566092,0.017991966285227468,0.03116875840124381
M1,2026-03-02 18:35:00,core-sw-01,port-id7429,server-uplink,249022358.161797,142350114.4493126,40787.42486266674,19583.93493372048,778.4022279561723,0.017215599753142533,0.02991018361380344
M1,2026-03-02 18:40:00,core-sw-01,port-id7429,server-uplink,251054635.95355204,140779676.18280405,40945.92888340291,19381.47202031157,836.1846938548923,0.017203556783850205,0.028696739935345734
M1,2026-03-02 18:45:00,core-sw-01,port-id7429,server-uplink,256874998.53578156,142958415.72415373,42434.55780258082,19767.254885956398,780.5163442296462,0.01618232428146191,0.02722077003545467
M1,2026-03-02 18:50:00,core-sw-01,port-id7429,server-uplink,245829665.27905533,137751800.69965637,40508.07214459847,18458.844978440702,781.0859544185922,0.01772782223468776,0.02896484903469146
M1,2026-03-02 18:55:00,core-sw-01,port-id7429,server-uplink,221536939.66498554,125333024.84460793,36436.75198839504,16785.331847248406,816.8292935600413,0.0177098710745846,0.032591092347047886
M1,2026-03-02 19:00:00,core-sw-01,port-id7429,server-uplink,238374366.89288893,132689096.77742809,39283.2273601378,18006.146311847308,830.8917691153744,0.01667476208818664,0.029034575396063633
M1,2026-03-02 19:05:00,core-sw-01,port-id7429,server-uplink,241403151.56124493,139108377.7357024,39522.24856510758,18790.749247456763,831.6982583237984,0.016318155852271376,0.02736299750855212
M1,2026-03-02 19:10:00,core-sw-01,port-id7429,server-uplink,236026513.69719404,134132355.81554116,38534.15156280753,17922.784952650007,833.4983071257146,0.016742458610681597,0.02726123772719207
M1,2026-03-02 19:15:00,core-sw-01,port-id7429,server-uplink,225872959.08056632,125849024.90841496,35903.06859859234,16533.25638105035,831.8629433511331,0.018000609347668048,0.031280108532523596
M1,2026-03-02 19:20:00,core-sw-01,port-id7429,server-uplink,234373109.74974525,133319600.7651892,37502.25346634908,17671.784245791674,829.9813412463518,0.01706097202224233,0.028046836826341907
M1,2026-03-02 19:25:00,core-sw-01,port-id7429,server-uplink,222737395.41258293,123451010.07536961,35911.05590460732,16506.43665565022,808.9187671538697,0.017355222272981554,0.027680236772089924
M1,2026-03-02 19:30:00,core-sw-01,port-id7429,server-uplink,206218594.34782815,114691753.26392369,34291.42174721564,15827.835505033343,784.5216356462026,0.01709783088150431,0.030306415177359613
M1,2026-03-02 19:35:00,core-sw-01,port-id7429,server-uplink,214857899.23788393,119824230.05232893,35535.0485971691,16452.857703249087,793.057225203213,0.01637274425733652,0.027689854956241194
M1,2026-03-02 19:40:00,core-sw-01,port-id7429,server-uplink,182917259.09764877,102786836.82072587,29681.54241939505,13932.558686758048,830.4208184354655,0.018197760755782527,0.03377200283643174
M1,2026-03-02 19:45:00,core-sw-01,port-id7429,server-uplink,212260333.48672453,121576300.27300826,35503.57875742036,16659.161250191075,776.0794999069353,0.014965161428402249,0.02613207720520191
M1,2026-03-02 19:50:00,core-sw-01,port-id7429,server-uplink,165213222.86324605,92384258.01972742,27504.519430031014,12678.220561666572,760.0124788651482,0.019173863760123977,0.03403244962417375
M1,2026-03-02 19:55:00,core-sw-01,port-id7429,server-uplink,184083645.20783144,104846084.46633592,29968.101490057677,14375.995748054447,813.667962725316,0.017358264598925716,0.028189303682148812
M1,2026-03-02 20:00:00,core-sw-01,port-id7429,server-uplink,182437696.10223445,103046699.9787749,29453.872319435723,13585.22056085928,827.2089657803148,0.01736811467237072,0.028666446348401153
M1,2026-03-02 20:05:00,core-sw-01,port-id7429,server-uplink,172498946.35576743,95417940.9793064,27983.050036360644,12644.006915557511,801.672297737314,0.01725105181037476,0.028921077400720238
M1,2026-03-02 20:10:00,core-sw-01,port-id7429,server-uplink,183510745.4822944,100004057.08819817,30727.401777957948,13862.335913475998,830.125376950249,0.015761458129121345,0.025829542479978932
M1,2026-03-02 20:15:00,core-sw-01,port-id7429,server-uplink,166360402.02553755,90637030.53976525,27446.154830171272,12344.209283176626,806.7526085642962,0.016510075768829898,0.028450744020728606
M1,2026-03-02 20:20:00,core-sw-01,port-id7429,server-uplink,164125582.80635467,93420187.94312192,26764.9278664618,12495.376064525031,850.9887507063239,0.016641903154787873,0.02817817756186108
M1,2026-03-02 20:25:00,core-sw-01,port-id7429,server-uplink,136767834.57762706,76396594.66115482,22708.915567368364,10459.066629026473,786.835586716653,0.01866183041361762,0.034020941828247074
M1,2026-03-02 20:30:00,core-sw-01,port-id7429,server-uplink,141662867.9705562,77556727.49580477,23658.272693840085,10843.997053551213,831.5173055437547,0.0164788838366306,0.02967102904095657
M1,2026-03-02 20:35:00,core-sw-01,port-id7429,server-uplink,127559190.03091924,77321727.88889799,20670.925409713636,10157.128594004078,840.9154343214902,0.01820909379188756,0.03211601144521245
M1,2026-03-02 20:40:00,core-sw-01,port-id7429,server-uplink,137757105.67461723,73526754.3929477,23590.54171202656,10252.185990504273,769.0602509992217,0.016617513664947077,0.028804246755587473
M1,2026-03-02 20:45:00,core-sw-01,port-id7429,server-uplink,146213954.96948734,84158820.99000755,24184.047259611525,11759.186758363157,799.858078127721,0.015714947542958768,0.026765477033153396
M1,2026-03-02 20:50:00,core-sw-01,port-id7429,server-uplink,140995284.57831347,72880788.40514818,23283.743271106327,9933.756028400265,801.3881789687125,0.016189644332371998,0.027521795712846898
M1,2026-03-02 20:55:00,core-sw-01,port-id7429,server-uplink,140301904.28498077,80584403.76669103,23969.197869743584,11119.747016020416,801.794556887182,0.014335464584757205,0.025138646568679097
M1,2026-03-02 21:00:00,core-sw-01,port-id7429,server-uplink,115181670.30920675,65742272.36739199,18687.282879353894,8699.786309636693,829.9070745653673,0.018713711542352112,0.031151049150327646
M1,2026-03-02 21:05:00,core-sw-01,port-id7429,server-uplink,100323003.65231705,48213202.02438795,16523.84020691467,6637.599817986985,784.2270183201384,0.02127877552096744,0.03611786734729742
M1,2026-03-02 21:10:00,core-sw-01,port-id7429,server-uplink,117109528.47165899,67478019.23164465,19191.444871566313,9056.81999194996,836.5048586927225,0.016657503220330806,0.027864123834406035
M1,2026-03-02 21:15:00,core-sw-01,port-id7429,server-uplink,114449233.18684824,64025781.685659766,18602.227905495496,8501.85199148486,823.2614984818746,0.017126110304488452,0.028688432566009885
M1,2026-03-02 21:20:00,core-sw-01,port-id7429,server-uplink,113861179.66822687,62405405.47507168,18518.661122994574,8359.82031789214,851.375523289157,0.017134557756812736,0.027953907067169506
M1,2026-03-02 21:25:00,core-sw-01,port-id7429,server-uplink,93328309.17905575,50128146.88641565,15650.98718637793,6894.827946651293,803.7633472884835,0.020311997217132043,0.033525453424142884
M1,2026-03-02 21:30:00,core-sw-01,port-id7429,server-uplink,108419847.49378888,59946136.31606622,17634.77300205102,7952.25457707799,817.2239102919661,0.017041324808941098,0.02682659694409895
M1,2026-03-02 21:35:00,core-sw-01,port-id7429,server-uplink,101785139.08494367,58059159.30304167,16697.163567082574,7840.325557412738,794.9269835810344,0.016714949286943063,0.029040477897878194
M1,2026-03-02 21:40:00,core-sw-01,port-id7429,server-uplink,117199826.40503076,64114360.458557755,18645.21275390776,8555.438332674785,860.0443919603307,0.015471961853602991,0.025096833051342127
M1,2026-03-02 21:45:00,core-sw-01,port-id7429,server-uplink,85961678.39088547,52918935.61203629,13913.471604537655,7154.812890450978,820.6317362586219,0.019119983720297558,0.031012626854844523
M1,2026-03-02 21:50:00,core-sw-01,port-id7429,server-uplink,90168011.1084531,52800383.8952937,14573.455386925418,6992.090259605702,813.1887011986548,0.017632634159524697,0.031148080315478267
M1,2026-03-02 21:55:00,core-sw-01,port-id7429,server-uplink,103444131.2710124,60630998.538229175,16761.712838992215,8270.694625054399,831.5037112103439,0.014483931764144366,0.024716027709675487
M1,2026-03-02 22:00:00,core-sw-01,port-id7429,server-uplink,108281112.76060927,60747351.54517799,17862.25135851797,8205.102099813454,787.0040871349584,0.014202503037974868,0.024722129971909573
M1,2026-03-02 22:05:00,core-sw-01,port-id7429,server-uplink,83023040.08465587,44724594.060406774,13335.43676427237,6039.129413334766,831.9828439301687,0.01899845674176814,0.03293217419865644
M1,2026-03-02 22:10:00,core-sw-01,port-id7429,server-uplink,90007349.6957303,51612443.24286328,14683.097211790913,7050.526277194028,812.7129351068472,0.016286994630576593,0.02813792695298455
M1,2026-03-02 22:15:00,core-sw-01,port-id7429,server-uplink,59006256.055762246,36037085.37074088,9697.748009006042,4774.115708416423,820.7482487658502,0.025231322884919957,0.042234731845253
M1,2026-03-02 22:20:00,core-sw-01,port-id7429,server-uplink,80200341.14870581,46449639.129429944,13328.790153044225,6244.091418258124,841.2580853715522,0.017502383485428544,0.031064430624526886
M1,2026-03-02 22:25:00,core-sw-01,port-id7429,server-uplink,94506085.58862288,53733615.20586671,15304.339158694138,7278.959728059856,846.7495504967748,0.015291001699585532,0.025909484994320255
M1,2026-03-02 22:30:00,core-sw-01,port-id7429,server-uplink,77879920.11938068,45784869.87541421,13203.406009173597,6300.588679960513,791.8655698566218,0.016981334834452133,0.030786720508381035
M1,2026-03-02 22:35:00,core-sw-01,port-id7429,server-uplink,84231491.53123136,49574293.73189191,13840.329438726365,6934.693316868213,816.5145008961149,0.01569408681176161,0.027778057444209813
M1,2026-03-02 22:40:00,core-sw-01,port-id7429,server-uplink,87599168.50679997,45255469.223648876,14405.590137360627,5996.789920707635,821.9294459839448,0.016786761644095552,0.02782953172432727
M1,2026-03-02 22:45:00,core-sw-01,port-id7429,server-uplink,67073171.02249682,39467210.73923706,11044.950773984328,5247.666557741309,797.5877968766673,0.020640092090189525,0.035207214566421396
M1,2026-03-02 22:50:00,core-sw-01,port-id7429,server-uplink,84368719.05022457,51669868.16942761,13725.867867869485,6871.633288226427,815.6504811953223,0.016500253100731485,0.027999812037130558
M1,2026-03-02 22:55:00,core-sw-01,port-id7429,server-uplink,78877650.18874294,46555972.56081883,12990.347421145128,6287.229688587273,816.9146673708773,0.01711356853469483,0.028314839741309356
M1,2026-03-02 23:00:00,core-sw-01,port-id7429,server-uplink,79654080.74970971,44947122.8857824,13168.618726826659,6203.083308899928,816.3339960044829,0.01678421658975781,0.029412218605861472
M1,2026-03-02 23:05:00,core-sw-01,port-id7429,server-uplink,82880010.7425349,45985440.868684866,13524.004615922193,6043.907996032792,825.1199362481472,0.017046365689224935,0.02926543636076981
M1,2026-03-02 23:10:00,core-sw-01,port-id7429,server-uplink,76953677.55057725,45860049.93421437,13035.418660201933,6222.039088299315,793.6734046977145,0.016145897407569904,0.028483196025160765
M1,2026-03-02 23:15:00,core-sw-01,port-id7429,server-uplink,68717987.24980256,36090170.51414144,11536.804601804459,5010.283457623256,765.8954568649401,0.019691820740883364,0.03343867303075834
M1,2026-03-02 23:20:00,core-sw-01,port-id7429,server-uplink,82335518.94907054,42640518.45084145,13353.22893655154,5548.94155959066,854.1235540039543,0.016783077969471514,0.029065845849326095
M1,2026-03-02 23:25:00,core-sw-01,port-id7429,server-uplink,61462560.4210813,30900297.68183382,10016.169186028756,4051.4996537157717,849.108982381716,0.022518912681503484,0.03876439336590554
M1,2026-03-02 23:30:00,core-sw-01,port-id7429,server-uplink,92460889.99007328,52542274.432687454,15185.874625717579,7056.402743783394,843.8488242840931,0.013885830635695413,0.02574604309944995
M1,2026-03-02 23:35:00,core-sw-01,port-id7429,server-uplink,69309002.44613007,35389303.814892255,11174.132443923852,5070.452236390603,813.6305703335622,0.019069528230786028,0.032344460832400015
M1,2026-03-02 23:40:00,core-sw-01,port-id7429,server-uplink,66897745.460618824,39625637.47159887,10952.609199604483,5385.9587979331045,811.3657296904387,0.01864773961526636,0.03323123729803459
M1,2026-03-02 23:45:00,core-sw-01,port-id7429,server-uplink,57304321.94507641,34182626.32257222,9653.883909971151,4787.824481049519,753.2812551360055,0.0224819968541234,0.03602295638297451
M1,2026-03-02 23:50:00,core-sw-01,port-id7429,server-uplink,73986946.25053732,40175974.54288899,12124.014211420965,5575.485879825274,796.129744605421,0.017617905898842674,0.029901085080393713
M1,2026-03-02 23:55:00,core-sw-01,port-id7429,server-uplink,93561589.1713148,53628329.84698711,15877.027666938004,7276.925153583287,792.4067218103432,0.013245685379995919,0.02276374858367434
M1,2026-03-03 00:00:00,core-sw-01,port-id7429,server-uplink,48583183.97423983,26952631.52590613,7927.402749665525,3750.7157112051736,806.5990468870262,0.02700392701856767,0.04417233299000451
M1,2026-03-03 00:05:00,core-sw-01,port-id7429,server-uplink,86499715.01870494,42874281.443581454,14351.943814530921,5758.354239962016,818.9381316678862,0.015658198696444654,0.024847700454186775
M1,2026-03-03 00:10:00,core-sw-01,port-id7429,server-uplink,80058638.14642677,43571714.38624096,12944.54833514043,6068.858007226214,798.3778697410869,0.016635075155995122,0.027172562423208275
M1,2026-03-03 00:15:00,core-sw-01,port-id7429,server-uplink,52516643.06009369,27781076.636597816,9084.778750820766,3841.0009489831887,788.5275531370362,0.023028128793007672,0.03955565342092454
M1,2026-03-03 00:20:00,core-sw-01,port-id7429,server-uplink,70812824.44257534,41291256.91774034,11269.398011811674,5564.487072166509,845.1835982384671,0.018480484527678687,0.030551800943893495
M1,2026-03-03 00:25:00,core-sw-01,port-id7429,server-uplink,62929740.3597049,37323559.976336315,10541.733166023088,5314.948492493847,806.2963319504014,0.019741056505574915,0.032658565602097636
M1,2026-03-03 00:30:00,core-sw-01,port-id7429,server-uplink,78360196.11580625,44324300.29915454,12765.889956476934,6065.955895449786,860.3659373551664,0.015959940831583263,0.028951861967053467
M1,2026-03-03 00:35:00,core-sw-01,port-id7429,server-uplink,67719568.97957605,38361921.404887915,11165.766254764507,5011.316277942124,803.3817676268234,0.01856425266649273,0.03209922850712386
M1,2026-03-03 00:40:00,core-sw-01,port-id7429,server-uplink,67442599.91399083,40707544.29833066,10924.574201766553,5441.009539626366,806.2092326629764,0.018826028596896756,0.03248164975269893
M1,2026-03-03 00:45:00,core-sw-01,port-id7429,server-uplink,70044805.0414734,43932620.77767702,11404.393378000223,5606.284881110062,790.6672162102357,0.018219303116725042,0.031863564436707265
M1,2026-03-03 00:50:00,core-sw-01,port-id7429,server-uplink,59776784.564622805,29575933.82466164,10209.623758119613,4104.107994183559,777.4782242077835,0.02142371525950991,0.03778101954619486
M1,2026-03-03 00:55:00,core-sw-01,port-id7429,server-uplink,66508795.69397755,37519125.98308016,10910.009155140258,4938.745336311567,762.7514303478745,0.019426714142321982,0.033648473274048296
M1,2026-03-03 01:00:00,core-sw-01,port-id7429,server-uplink,59838574.80767386,34018232.902627386,9884.593183880956,4507.627122685651,837.7023660954288,0.02096151880212608,0.03811570087479304
M1,2026-03-03 01:05:00,core-sw-01,port-id7429,server-uplink,79165489.83877447,41607235.13976876,12723.24724885041,5245.660179706783,842.7122482326046,0.01763365788026861,0.030344847090810846
M1,2026-03-03 01:10:00,core-sw-01,port-id7429,server-uplink,67080257.228453234,36491153.46312466,10712.879460186952,4729.348147219931,830.8446510195064,0.019895888462359995,0.032177436168183256
M1,2026-03-03 01:15:00,core-sw-01,port-id7429,server-uplink,77515495.82305704,45896955.49643363,12906.758800130978,6169.222454967704,798.5994883792498,0.016664690781083114,0.02761908432534839
M1,2026-03-03 01:20:00,core-sw-01,port-id7429,server-uplink,55921619.19719615,30641502.702607512,8687.293903100637,4111.486473167309,814.3828542557735,0.02345489260864225,0.039585886344128726
M1,2026-03-03 01:25:00,core-sw-01,port-id7429,server-uplink,71929669.49219824,40764658.44269465,11950.968727339901,5699.229824284333,779.086334814865,0.01745499004487914,0.029398827356546784
M1,2026-03-03 01:30:00,core-sw-01,port-id7429,server-uplink,80944256.32194975,49915000.334629074,13180.086530420635,6678.1324918713835,817.874317790133,0.014742444335305412,0.026216754771808463
M1,2026-03-03 01:35:00,core-sw-01,port-id7429,server-uplink,75634458.50985205,46007367.56346737,12619.012383918433,6007.560493315698,800.6884694997428,0.01625528484394753,0.028570151008601035
M1,2026-03-03 01:40:00,core-sw-01,port-id7429,server-uplink,73595051.95890445,39531026.783859886,12555.002443434943,5516.893479627188,780.3032600781015,0.017150297862954935,0.028272536234382
M1,2026-03-03 01:45:00,core-sw-01,port-id7429,server-uplink,89810992.81448036,49419047.42265798,14369.07369813084,6562.3671314017265,807.854044386317,0.014631624738769958,0.024824282918785984
M1,2026-03-03 01:50:00,core-sw-01,port-id7429,server-uplink,57730108.20710312,34907119.84454069,9214.877565574558,4589.4004029011485,809.27976911032,0.021880479773283515,0.03867139120557303
M1,2026-03-03 01:55:00,core-sw-01,port-id7429,server-uplink,88973661.59694317,51717107.16894077,14647.931689686513,6839.021871446263,823.3769891436209,0.013913644490674504,0.023201176748297307
M1,2026-03-03 02:00:00,core-sw-01,port-id7429,server-uplink,60657011.307047315,34247146.30029996,10137.232295017457,4524.770565579122,799.9731216537554,0.020208873840815256,0.037026504320115124
M1,2026-03-03 02:05:00,core-sw-01,port-id7429,server-uplink,88442896.19367965,48930981.09110031,14543.174916612812,6458.078578525542,840.8603519535723,0.014602488178782774,0.024598857697143754
M1,2026-03-03 02:10:00,core-sw-01,port-id7429,server-uplink,70033260.48565993,44783740.14768379,11392.23629394339,6162.805314170141,816.6429766840032,0.017772827067485834,0.02967900417851164
M1,2026-03-03 02:15:00,core-sw-01,port-id7429,server-uplink,65057398.93121738,36771091.05875596,10588.491332772714,5010.485656598333,847.0841198694843,0.019234834308981767,0.03308195642610634
M1,2026-03-03 02:20:00,core-sw-01,port-id7429,server-uplink,83210652.67784435,44952062.90938292,13609.941506535604,6144.51577396677,808.5767712313185,0.015228736077405464,0.02589174627063585
M1,2026-03-03 02:25:00,core-sw-01,port-id7429,server-uplink,90603791.42755929,49269578.60749713,15338.714684371267,6931.197380532042,816.0016452187792,0.013660498638578126,0.023142279019258652
M1,2026-03-03 02:30:00,core-sw-01,port-id7429,server-uplink,78710520.75493744,49403733.43654275,13516.274474117337,6806.24137615957,784.8642730302221,0.014850420773609908,0.025293350933695804
M1,2026-03-03 02:35:00,core-sw-01,port-id7429,server-uplink,50604054.3030049,27629752.748978626,8171.127427875305,3807.2362307101334,814.5548206464783,0.026092254731176434,0.04409186878213118
M1,2026-03-03 02:40:00,core-sw-01,port-id7429,server-uplink,83296332.03227283,46266902.353022374,13756.536209192995,6521.683136017355,829.0772529646955,0.015549891003842705,0.026891943924146414
M1,2026-03-03 02:45:00,core-sw-01,port-id7429,server-uplink,73924807.01527186,41238117.37976041,12117.054493052876,5598.920445761822,786.6168786606074,0.017848604357266092,0.030743250699014207
M1,2026-03-03 02:50:00,core-sw-01,port-id7429,server-uplink,68122384.65458079,36220944.16268265,11291.641017532635,4995.468330382387,822.3143046091513,0.019531037663186316,0.03324230830012638
M1,2026-03-03 02:55:00,core-sw-01,port-id7429,server-uplink,69183284.64169578,43479979.94348133,11085.729001916712,5754.9310173470485,802.8211970108788,0.01748490792273395,0.03137023051963848
M1,2026-03-03 03:00:00,core-sw-01,port-id7429,server-uplink,62729699.510664575,35679881.65835234,10448.551310878052,4681.904782337225,812.0364765894531,0.020239674599529377,0.034833685623473026
M1,2026-03-03 03:05:00,core-sw-01,port-id7429,server-uplink,66647077.53661807,36243732.135157995,11006.196937857692,4890.136298857637,851.7944572666636,0.019898371060488394,0.032599978468163586
M1,2026-03-03 03:10:00,core-sw-01,port-id7429,server-uplink,70018538.48044394,37730338.09950261,11390.17995131786,5142.862480338289,812.6132470485798,0.019207864887179762,0.0321027343345805
M1,2026-03-03 03:15:00,core-sw-01,port-id7429,server-uplink,68503202.22893895,39267585.11145737,11375.035458091997,5342.752190006309,798.8325109708642,0.019034191838843507,0.03217163380329247
M1,2026-03-03 03:20:00,core-sw-01,port-id7429,server-uplink,77850104.49939552,44175828.09887916,13030.950346050991,6095.778067609364,780.4231544059106,0.016361709857325442,0.027282930978050523
M1,2026-03-03 03:25:00,core-sw-01,port-id7429,server-uplink,78360175.68182854,42514939.47549696,12880.892269272945,5650.184870994507,824.3362944590482,0.015367887756160943,0.027816504250068316
M1,2026-03-03 03:30:00,core-sw-01,port-id7429,server-uplink,65353733.43001238,37772657.53158038,10593.869530980064,4909.504757129541,850.8351338991573,0.020350337028748288,0.03303798350228897
M1,2026-03-03 03:35:00,core-sw-01,port-id7429,server-uplink,68136915.89772126,37771940.3141607,11020.657054207713,5083.120877109466,829.8544986582373,0.019737338628371702,0.03323404969118375
M1,2026-03-03 03:40:00,core-sw-01,port-id7429,server-uplink,66278241.6221113,37809695.75144364,11294.756570437406,5344.082455194981,830.3909987049311,0.01927366013710589,0.03166676630444636
M1,2026-03-03 03:45:00,core-sw-01,port-id7429,server-uplink,97987438.0421717,50673770.312205374,15884.095236036816,6821.151105292447,818.1980212277612,0.013865244309511186,0.023380492302707723
M1,2026-03-03 03:50:00,core-sw-01,port-id7429,server-uplink,84024002.58670165,49083533.5761005,14096.326952277557,6797.27653433195,790.7711998564774,0.014574853991518246,0.025885660300093528
M1,2026-03-03 03:55:00,core-sw-01,port-id7429,server-uplink,61429045.528637156,36289578.595099494,10066.16251382051,4849.552635849138,796.8411087417364,0.021602586357066317,0.03590162517136619
M1,2026-03-03 04:00:00,core-sw-01,port-id7429,server-uplink,84268328.32479052,45612433.98895008,13748.606358897929,6147.931024475948,789.8349869189603,0.016258602098909697,0.027050692347137358
M1,2026-03-03 04:05:00,core-sw-01,port-id7429,server-uplink,81737901.04867166,42474149.73029173,13021.834258152305,5701.148020565845,873.9140242334624,0.01627466048654756,0.02907728265222859
M1,2026-03-03 04:10:00,core-sw-01,port-id7429,server-uplink,77338288.46070914,39102689.0457976,12693.929758399127,5299.407272577484,793.1010095207756,0.017895238121184282,0.029989832379195752
M1,2026-03-03 04:15:00,core-sw-01,port-id7429,server-uplink,82779658.03881295,44311033.15523551,14133.012341083582,6099.3887382618395,780.5669608094516,0.01559438481177083,0.02702054609694942
M1,2026-03-03 04:20:00,core-sw-01,port-id7429,server-uplink,78736947.16538629,42335639.370539464,13141.242400170328,5875.93046923128,820.2832637340208,0.017179226475224865,0.02858625788686888
M1,2026-03-03 04:25:00,core-sw-01,port-id7429,server-uplink,107915751.73563176,57940698.68553898,17674.4313468591,7943.699015391661,814.2982793463766,0.01234438717873804,0.0223374935316212
M1,2026-03-03 04:30:00,core-sw-01,port-id7429,server-uplink,74576165.48327234,36657121.96897963,12410.456191494435,4893.899672839164,776.2755559144515,0.0189618653106736,0.03254297080904487
M1,2026-03-03 04:35:00,core-sw-01,port-id7429,server-uplink,66035430.356718205,38696831.255510844,11462.396407646185,5161.710431213663,786.3896664469667,0.019505292915394965,0.03521405158297998
M1,2026-03-03 04:40:00,core-sw-01,port-id7429,server-uplink,89859485.88766584,49297016.53155657,15068.148278400755,6572.562236503186,818.5159242866301,0.015372259353592486,0.026192816219606598
M1,2026-03-03 04:45:00,core-sw-01,port-id7429,server-uplink,84724637.90119116,48143584.831729956,13845.791379573739,6243.811615333324,828.5558179927637,0.01672214525559543,0.027845512157121707
M1,2026-03-03 04:50:00,core-sw-01,port-id7429,server-uplink,57112278.123336695,32290800.09924182,9368.003114416793,4190.324500702645,837.5496669557843,0.024880389737340983,0.042018054696098095
M1,2026-03-03 04:55:00,core-sw-01,port-id7429,server-uplink,77897377.94523679,40406972.559275575,12493.484512278046,5477.608940182145,811.3293208907041,0.01962366403175101,0.03202091057466445
M1,2026-03-03 05:00:00,core-sw-01,port-id7429,server-uplink,54770536.592298456,34936919.007548966,9332.276606182335,4753.291715671385,798.6494931329559,0.024783605560120194,0.042697850739150466
M1,2026-03-03 05:05:00,core-sw-01,port-id7429,server-uplink,78859757.63921551,43220924.22679869,12941.273899442112,6063.692461554765,772.1548660644086,0.017875676463119567,0.03261971578681895
M1,2026-03-03 05:10:00,core-sw-01,port-id7429,server-uplink,86073194.60327563,48445993.04443261,14168.805137653899,6525.613150790915,818.3987613553245,0.016896127610230207,0.02841881166897013
M1,2026-03-03 05:15:00,core-sw-01,port-id7429,server-uplink,70171686.11801143,39815296.44235931,11108.236336875538,5485.850493092052,863.3928989019952,0.021336571463519367,0.03834654661791643
M1,2026-03-03 05:20:00,core-sw-01,port-id7429,server-uplink,88913854.96162821,50327243.025677964,14320.5612496842,6645.797898224353,836.5711573880359,0.017064990473663947,0.029721646143927798
M1,2026-03-03 05:25:00,core-sw-01,port-id7429,server-uplink,98662526.12278955,54135390.2761393,16941.415093115458,7332.185390826946,805.7620481428896,0.015157204708910427,0.02716121431584599
M1,2026-03-03 05:30:00,core-sw-01,port-id7429,server-uplink,92166685.99349993,55561867.43528854,15272.809622462135,7559.807014741202,792.4338468375404,0.01618432899270353,0.028779927182830928
M1,2026-03-03 05:35:00,core-sw-01,port-id7429,server-uplink,108634886.18698464,62322805.839504145,17876.949322727338,8646.591644940621,810.9911658814073,0.014656156717463361,0.024870141825516275
M1,2026-03-03 05:40:00,core-sw-01,port-id7429,server-uplink,96578709.41339584,56194935.77294837,15843.51238203746,7527.041432276621,807.6471879107937,0.017461870847864852,0.0284945571517175
M1,2026-03-03 05:45:00,core-sw-01,port-id7429,server-uplink,89812441.03178923,48317007.4044174,14615.598536844393,6548.604415414925,844.096360694774,0.01903575743734966,0.032025632932677794
M1,2026-03-03 05:50:00,core-sw-01,port-id7429,server-uplink,104251225.89591102,58079120.62582566,16284.809380542965,7665.810224827887,836.194479479076,0.01697509868918027,0.03019606139540162
M1,2026-03-03 05:55:00,core-sw-01,port-id7429,server-uplink,92475880.48906915,50887810.16279391,15154.879985734206,6964.25230425613,800.0138446832066,0.01915451024828106,0.03368283542673351
M1,2026-03-03 06:00:00,core-sw-01,port-id7429,server-uplink,85211434.80596268,49216388.06738104,13685.654238114183,6737.611040340829,815.019713253382,0.020206619072229898,0.037233495749814965
M1,2026-03-03 06:05:00,core-sw-01,port-id7429,server-uplink,117539190.53575325,66244747.23800401,19516.958950655466,9074.816622574068,791.9014116106026,0.01605906555286776,0.02692273734648331
M1,2026-03-03 06:10:00,core-sw-01,port-id7429,server-uplink,105960425.4000547,65760636.71007048,17269.68996555976,8865.000254627395,813.7696803515627,0.017757563191416505,0.032274630980954566
M1,2026-03-03 06:15:00,core-sw-01,port-id7429,server-uplink,113516944.58181886,66009583.649148636,18338.9389708054,8909.84701371962,829.7233735104564,0.017918610083807032,0.02901954727880906
M1,2026-03-03 06:20:00,core-sw-01,port-id7429,server-uplink,126508242.60612048,70759113.28953934,21307.558992306556,9723.152588363704,800.4271588817523,0.01579043752852273,0.02789590388506366
M1,2026-03-03 06:25:00,core-sw-01,port-id7429,server-uplink,120243296.67704648,66001579.227047384,19595.621013937307,9012.625242282113,807.3415236809627,0.018410152887907174,0.030734704914875313
M1,2026-03-03 06:30:00,core-sw-01,port-id7429,server-uplink,142408314.35412693,83774589.13622153,23523.784013036624,11337.364943090468,806.807066426073,0.015167189767848185,0.025474542860748278
M1,2026-03-03 06:35:00,core-sw-01,port-id7429,server-uplink,166510897.21753263,91774215.5243509,27151.249091610625,12500.366400250354,822.1185703810747,0.014198788784383088,0.02451735923053387
M1,2026-03-03 06:40:00,core-sw-01,port-id7429,server-uplink,144041684.61296842,76100046.84404676,23407.52937899304,10280.874664765799,826.3934775301321,0.01666206030269767,0.02937976656616664
M1,2026-03-03 06:45:00,core-sw-01,port-id7429,server-uplink,130776000.12985092,76548097.70299794,21664.827672733918,10691.620655657183,801.50747626199,0.019097913800860587,0.031541527353476
M1,2026-03-03 06:50:00,core-sw-01,port-id7429,server-uplink,157315556.26171854,91661571.98699261,25769.056317588827,12227.09550652139,821.8002193824275,0.016630159473991418,0.02841333175343192
M1,2026-03-03 06:55:00,core-sw-01,port-id7429,server-uplink,152995893.59172052,85342890.73762348,25286.08950542111,11611.060770447453,815.6681850945538,0.01794193830643479,0.029331393991943497
M1,2026-03-03 07:00:00,core-sw-01,port-id7429,server-uplink,176737603.04891098,98200264.05099782,28901.905398948973,13400.604631707256,787.4438890805072,0.016068373075716694,0.026981068694235902
M1,2026-03-03 07:05:00,core-sw-01,port-id7429,server-uplink,158400165.64619038,89933285.02715388,26072.946757714533,12149.604933245824,840.7616772129526,0.018668424449963646,0.03141721411937317
M1,2026-03-03 07:10:00,core-sw-01,port-id7429,server-uplink,189811928.0576535,102811955.83979921,31256.218606993596,14378.695849868502,826.9730732065367,0.016275684290892024,0.02678918847570228
M1,2026-03-03 07:15:00,core-sw-01,port-id7429,server-uplink,180483003.30908298,102285976.70834681,29787.78298161524,13943.781963601565,829.8927236496462,0.017344889427159074,0.029365436876951853
M1,2026-03-03 07:20:00,core-sw-01,port-id7429,server-uplink,192093414.53159422,112335263.26065108,31101.546068354142,15113.662656103965,824.220644490665,0.016491718613092562,0.028105537789793928
M1,2026-03-03 07:25:00,core-sw-01,port-id7429,server-uplink,200126099.30722612,113561973.12703967,32509.216050396877,15476.232290604004,799.9361004757544,0.017292898054599035,0.029868707648621907
M1,2026-03-03 07:30:00,core-sw-01,port-id7429,server-uplink,198072924.39733288,112614687.11607344,32151.389834419857,15322.201514358872,808.8491435484967,0.017155062603399624,0.029796108948083034
M1,2026-03-03 07:35:00,core-sw-01,port-id7429,server-uplink,206547904.3814741,118199523.40969756,33815.48181800085,15807.388499299797,841.4887859800222,0.01780231878846507,0.029147801636780473
M1,2026-03-03 07:40:00,core-sw-01,port-id7429,server-uplink,208426441.08680674,119975837.75714552,33252.49496529512,16563.150660815856,817.4768728432723,0.01774157803786664,0.030236483089504315
M1,2026-03-03 07:45:00,core-sw-01,port-id7429,server-uplink,196801836.21270818,110651481.39464639,32253.78374529598,14851.377882549748,815.050393890584,0.019216074145910596,0.03149050058916627
M1,2026-03-03 07:50:00,core-sw-01,port-id7429,server-uplink,225686171.52317578,125379567.19418427,36053.815431000454,17094.509767593183,840.0184244266316,0.017767591623528763,0.029161290456454565
M1,2026-03-03 07:55:00,core-sw-01,port-id7429,server-uplink,234981694.1274794,131765281.02281028,38158.9634120278,17984.962849681746,814.9155111161756,0.017243610985094415,0.028130935126864272
M1,2026-03-03 08:00:00,core-sw-01,port-id7429,server-uplink,251330283.47065824,140887280.1882899,41607.15377062686,18912.63798699161,796.4772313411032,0.015639153290176032,0.026893210873431037
M1,2026-03-03 08:05:00,core-sw-01,port-id7429,server-uplink,241089779.19693306,133249724.64958495,39711.3251836126,18516.32929620434,809.7201418731329,0.01704521921365124,0.029713155064893842
M1,2026-03-03 08:10:00,core-sw-01,port-id7429,server-uplink,248407953.3982926,136606677.96224174,40365.29443132137,18714.565451209386,819.7098707450299,0.016403293950021276,0.02897830885976281
M1,2026-03-03 08:15:00,core-sw-01,port-id7429,server-uplink,251669326.81314754,139162102.8935222,41844.70512271061,19315.758960275445,796.5542358430536,0.01564385790723908,0.02873259532191795
M1,2026-03-03 08:20:00,core-sw-01,port-id7429,server-uplink,243297308.72931358,136802115.02841243,39129.1223588487,18420.987042889552,811.4764780214755,0.017239356298056025,0.031257370922878246
M1,2026-03-03 08:25:00,core-sw-01,port-id7429,server-uplink,250641617.36065647,135416155.447143,41355.493444170796,18323.4644236757,791.3443535274906,0.017660938365168008,0.030121569395118154
M1,2026-03-03 08:30:00,core-sw-01,port-id7429,server-uplink,257112701.0618079,142042616.4167798,41800.43231193155,19440.12957184041,821.4813969530996,0.016681596228035497,0.02866757901953201
M1,2026-03-03 08:35:00,core-sw-01,port-id7429,server-uplink,399047808.9003073,387309203.77267116,60358.933646318226,44074.84573146466,904.0438938763912,0.010113606134495922,0.017470458181977216
M1,2026-03-03 08:40:00,core-sw-01,port-id7429,server-uplink,389503103.8365122,381158398.7214563,57867.87630417888,43152.84400922111,950.05762722639,0.01046775151747142,0.01807120753155556
M1,2026-03-03 08:45:00,core-sw-01,port-id7429,server-uplink,402279955.8466412,394242498.56948376,62335.16526728962,46739.312070261694,912.4080418284718,0.009951419389332397,0.017231209973146606
M1,2026-03-03 08:50:00,core-sw-01,port-id7429,server-uplink,393121927.2730756,383849220.7851856,57645.48261603172,43365.03233335198,985.5764423483668,0.010340973761857193,0.018921569777979656
M1,2026-03-03 08:55:00,core-sw-01,port-id7429,server-uplink,413053867.29856175,395973537.3405435,61383.08846886867,45459.883553422645,913.2919901098245,0.010052655604907042,0.017261907931034395
M1,2026-03-03 09:00:00,core-sw-01,port-id7429,server-uplink,270878522.0482151,149603254.01620105,47784.760962317734,20649.418717225006,748.4178434394439,0.016415610339996875,0.02799856883520679
M1,2026-03-03 09:05:00,core-sw-01,port-id7429,server-uplink,280986817.17897105,159297036.28282645,49796.71788498432,21782.33590111843,765.7845913477718,0.01598328939577171,0.026046392884313027
M1,2026-03-03 09:10:00,core-sw-01,port-id7429,server-uplink,295441117.53938746,165415422.70614964,51946.610102279294,22453.992953765228,808.4678948124342,0.014980116492296573,0.025983561487804285
M1,2026-03-03 09:15:00,core-sw-01,port-id7429,server-uplink,282540174.4606502,157920247.22907838,47992.343389254056,20553.53630396628,843.1968145031777,0.01609489812441546,0.029292443308398572
M1,2026-03-03 09:20:00,core-sw-01,port-id7429,server-uplink,278160312.9342392,156209242.81981558,48533.85803998911,21286.838378205288,798.8621887748354,0.01594542608200182,0.02806120598088943
M1,2026-03-03 09:25:00,core-sw-01,port-id7429,server-uplink,276048797.56733143,154251171.38884747,47156.933354744935,20834.129161414967,762.6755074692547,0.016165808612321052,0.0279886892875637
M1,2026-03-03 09:30:00,core-sw-01,port-id7429,server-uplink,297852534.3429269,170310532.2600784,52092.35994739611,23255.69368588725,759.1608553475287,0.014801956095302188,0.024983487360978354
M1,2026-03-03 09:35:00,core-sw-01,port-id7429,server-uplink,286420196.4752772,161104849.39331764,49508.52410395651,21329.8438026115,790.3414644637513,0.015782203599607622,0.026789537853565186
M1,2026-03-03 09:40:00,core-sw-01,port-id7429,server-uplink,283753845.46117026,159559470.33671278,49780.1110991577,21936.62318064181,771.4726741643055,0.01625225780107344,0.027166990459969526
M1,2026-03-03 09:45:00,core-sw-01,port-id7429,server-uplink,281871227.1785242,158313157.3972911,49317.90132323283,20869.47613306082,750.3434865573838,0.01638047638420343,0.028762026901618425
M1,2026-03-03 09:50:00,core-sw-01,port-id7429,server-uplink,274056550.284027,154920831.23914403,48472.20069141738,21064.48789733812,774.80206681898,0.01689682788764332,0.02891194792921651
M1,2026-03-03 09:55:00,core-sw-01,port-id7429,server-uplink,267912235.5577913,154882498.73665473,46831.464778113164,21287.580906278916,813.6609589249127,0.016958946277305004,0.02940079131813279
M1,2026-03-03 10:00:00,core-sw-01,port-id7429,server-uplink,282194179.92271036,158132866.7703724,49968.085337360484,21780.557902843844,738.2651112000302,0.01586847818153953,0.026097365312650864
M1,2026-03-03 10:05:00,core-sw-01,port-id7429,server-uplink,290861164.61752564,162315939.70690823,50480.711262827,21818.507263601106,772.2657507311992,0.014779105715989508,0.027132127764026667
M1,2026-03-03 10:10:00,core-sw-01,port-id7429,server-uplink,281342614.6942848,159882264.30797637,49488.369079897115,21942.626697715845,782.0838885175702,0.016564287406560022,0.02735210374210211
M1,2026-03-03 10:15:00,core-sw-01,port-id7429,server-uplink,271923530.38080865,154749476.6486245,47595.357251763446,21152.243756902204,772.0221679313103,0.017691844207529336,0.02852144248815886
M1,2026-03-03 10:20:00,core-sw-01,port-id7429,server-uplink,273576240.985134,154202211.5596011,49295.343975859374,21559.65742855516,797.5866242498015,0.01595668146616844,0.027775071914668756
M1,2026-03-03 10:25:00,core-sw-01,port-id7429,server-uplink,272171038.5955452,153715664.8969033,46887.94565023381,20978.753086494966,777.0474038322789,0.017249412411772906,0.029587567122469162
M1,2026-03-03 10:30:00,core-sw-01,port-id7429,server-uplink,316244473.50049067,172282733.4354315,55424.38049242682,24068.166483646928,774.8355841476154,0.01475552078728773,0.02487018256445656
M1,2026-03-03 10:35:00,core-sw-01,port-id7429,server-uplink,273453287.8926822,153918940.3113058,48453.89266572347,21366.454687657006,773.0532368593614,0.016460789313090494,0.02901089664595561
M1,2026-03-03 10:40:00,core-sw-01,port-id7429,server-uplink,278800091.4742235,161101706.5328748,48692.366937126484,21932.423427469184,761.1149026790991,0.015781539850217102,0.027576849331292893
M1,2026-03-03 10:45:00,core-sw-01,port-id7429,server-uplink,289891749.48330927,161976509.7379029,52182.27402640531,22470.608366385553,762.7782453875277,0.016417439385486995,0.027432530294916192
M1,2026-03-03 10:50:00,core-sw-01,port-id7429,server-uplink,278327349.3344295,157370353.16434726,49663.35030173741,21494.778167223692,746.2349668159922,0.016223975173696354,0.027599726284285617
M1,2026-03-03 10:55:00,core-sw-01,port-id7429,server-uplink,300686900.3852948,168776223.52490583,51296.89294608675,22397.53682443182,781.4663786034067,0.016107241594086316,0.02670480991074777
M1,2026-03-03 11:00:00,core-sw-01,port-id7429,server-uplink,295380994.40755284,168105819.61639252,50995.60727509531,22821.385764871466,798.2736388197225,0.01599768693245719,0.026886926843591816
M1,2026-03-03 11:05:00,core-sw-01,port-id7429,server-uplink,279319462.8024098,156014112.1215774,50134.33940027382,21249.26967439783,735.2509371493474,0.01626121391458443,0.026834781368293946
M1,2026-03-03 11:10:00,core-sw-01,port-id7429,server-uplink,276602385.7058897,157950027.0763362,49365.1062118717,21615.48887114145,755.0833092235612,0.015781654588825335,0.028211448046511833
M1,2026-03-03 11:15:00,core-sw-01,port-id7429,server-uplink,282119371.5968466,153939751.7692355,49778.835666751795,21195.60245165255,774.233470272218,0.016916474212721404,0.027768745681805037
M1,2026-03-03 11:20:00,core-sw-01,port-id7429,server-uplink,287948580.5622211,161605208.1551201,50614.502212273655,22043.88915140845,791.2841756788007,0.0165732095884251,0.026687531317960818
M1,2026-03-03 11:25:00,core-sw-01,port-id7429,server-uplink,278733500.8149618,158421064.01273754,48846.25962711467,21614.855072140443,765.7336246540691,0.016173419067055765,0.028002030309181233
M1,2026-03-03 11:30:00,core-sw-01,port-id7429,server-uplink,280215942.99949,155431478.44307908,48394.99172435274,20550.138299888655,769.032340844403,0.01653775373362223,0.028813793750312573
M1,2026-03-03 11:35:00,core-sw-01,port-id7429,server-uplink,290054149.46976334,157865252.55982965,51675.320851942175,21370.28173657601,746.9512213218712,0.016474209565701316,0.026858099739968843
M1,2026-03-03 11:40:00,core-sw-01,port-id7429,server-uplink,290995015.189624,159048461.94960243,51591.46688172752,21728.542202111057,759.133437451818,0.016198514076580354,0.027829105598054026
M1,2026-03-03 11:45:00,core-sw-01,port-id7429,server-uplink,280124300.6365554,162331285.1128448,49939.97871837152,21791.786004556237,762.1127757393443,0.01630864414927695,0.026990948192433264
M1,2026-03-03 11:50:00,core-sw-01,port-id7429,server-uplink,262498228.7486597,148249533.25777882,46286.07847485233,20203.486109098794,751.8954840340793,0.018067797334827284,0.029813660387526
M1,2026-03-03 11:55:00,core-sw-01,port-id7429,server-uplink,298882663.0046923,167466027.73324823,53244.45066465129,22452.954114708427,784.5321740868045,0.015348651086502125,0.025808779201302756
M1,2026-03-03 12:00:00,core-sw-01,port-id7429,server-uplink,284289617.92445815,161427059.09678027,49260.78853504747,21470.279961909953,777.9603657465829,0.016599584902765915,0.02782346308128566
M1,2026-03-03 12:05:00,core-sw-01,port-id7429,server-uplink,274158195.7128961,153342405.26317123,46968.02787008342,20870.30986252872,800.7802981739944,0.01721861134491041,0.028499988639339457
M1,2026-03-03 12:10:00,core-sw-01,port-id7429,server-uplink,296170582.3857191,163892257.66378775,53811.19675916169,22718.71445707925,764.3431080892852,0.014856369719478632,0.025226295515963112
M1,2026-03-03 12:15:00,core-sw-01,port-id7429,server-uplink,283363012.34023046,158913351.92602092,51956.850384223515,22017.31552512419,753.7358342626771,0.015474717010060297,0.02654364212226993
M1,2026-03-03 12:20:00,core-sw-01,port-id7429,server-uplink,300273026.6593402,167492753.02780873,51417.044393941454,22733.71141539828,782.5257165444993,0.015836551430552764,0.026359555998335324
M1,2026-03-03 12:25:00,core-sw-01,port-id7429,server-uplink,283824476.0875268,155202657.57322845,50755.42354262786,21719.213610844592,754.516870279963,0.015732794768108002,0.026800358373460984
M1,2026-03-03 12:30:00,core-sw-01,port-id7429,server-uplink,283350615.9199908,161813622.27581155,48194.85201786948,21257.38891384791,816.0398434363899,0.017129109771054,0.02923917424292182
M1,2026-03-03 12:35:00,core-sw-01,port-id7429,server-uplink,279617324.37622803,159643984.24401706,49992.38742385764,21817.611639237817,768.2553995195618,0.016142629380811502,0.027364455524384268
M1,2026-03-03 12:40:00,core-sw-01,port-id7429,server-uplink,289568333.5960472,164629774.30683735,50998.49182466947,22167.12448581578,762.2211788722162,0.015715216518677168,0.027138980392867405
M1,2026-03-03 12:45:00,core-sw-01,port-id7429,server-uplink,267757355.84383392,150845885.0979676,47420.499219191064,20771.98975351708,754.9741779400819,0.01666866563041743,0.029257482222838936
M1,2026-03-03 12:50:00,core-sw-01,port-id7429,server-uplink,288205177.5597509,162610723.96981126,49778.03690921314,21536.397666537734,779.3184325384162,0.016077674130777986,0.028765752928104498
M1,2026-03-03 12:55:00,core-sw-01,port-id7429,server-uplink,267353942.89076254,151230536.98800236,46609.935816430145,20565.775725508855,795.8948347741315,0.017393405773151727,0.029755867601087352
M1,2026-03-03 13:00:00,core-sw-01,port-id7429,server-uplink,295027768.5032395,167922189.73500985,50260.565799183874,22200.483031004078,803.3305151941339,0.015705774598133052,0.028292694070666497
M1,2026-03-03 13:05:00,core-sw-01,port-id7429,server-uplink,274378857.37868106,154367990.17331624,50003.29462138937,21502.20113977854,750.9736426021566,0.016719435472262432,0.026664265255574766
M1,2026-03-03 13:10:00,core-sw-01,port-id7429,server-uplink,305184300.3903321,170240042.50056675,53672.381260676164,23152.50047377248,781.0012902010437,0.015380040521648266,0.026562882301859565
M1,2026-03-03 13:15:00,core-sw-01,port-id7429,server-uplink,290571727.88845557,165211691.63687897,50704.309597636515,21889.853555736994,744.2845274578783,0.016202692278784035,0.027852538288340133
M1,2026-03-03 13:20:00,core-sw-01,port-id7429,server-uplink,282264294.4429253,159747519.50969258,49534.62985299401,21512.191843078315,794.5910360985607,0.015872277409575142,0.02822728333979475
M1,2026-03-03 13:25:00,core-sw-01,port-id7429,server-uplink,284309229.90286416,159691820.19535586,50023.977705426696,21867.25419689129,789.6502328804447,0.015716591785541634,0.027649815094357467
M1,2026-03-03 13:30:00,core-sw-01,port-id7429,server-uplink,263418217.2570168,147711567.92431924,46092.30660855394,20406.00007837023,763.7607015893568,0.01788598763551811,0.030568208873599376
M1,2026-03-03 13:35:00,core-sw-01,port-id7429,server-uplink,279594708.17169356,155520171.96483716,49273.266856762064,20987.10895573566,746.2168457144148,0.016444873483980032,0.029134119207865353
M1,2026-03-03 13:40:00,core-sw-01,port-id7429,server-uplink,265456511.42527202,150771101.41023278,47929.2397205029,21245.929093057042,732.2213738995741,0.017519841165486747,0.02774293809687951
M1,2026-03-03 13:45:00,core-sw-01,port-id7429,server-uplink,287766354.56568563,162983725.80468583,49957.04962614695,21728.71367722121,794.5834710788965,0.016431043971469498,0.02834455322699462
M1,2026-03-03 13:50:00,core-sw-01,port-id7429,server-uplink,309369394.8605935,173301215.40312383,55869.70226830128,23739.990392402167,757.6059480692293,0.01465411237279857,0.02504982785527293
M1,2026-03-03 13:55:00,core-sw-01,port-id7429,server-uplink,288349427.4721191,158954561.36714083,48895.82697438755,21086.978993861645,777.0190752765718,0.01664792728876308,0.028318050585372262
M1,2026-03-03 14:00:00,core-sw-01,port-id7429,server-uplink,287588863.9415089,163406901.33152628,50373.24189757979,22049.57607661993,778.0407959682457,0.016619745207675715,0.02726642349254855
M1,2026-03-03 14:05:00,core-sw-01,port-id7429,server-uplink,283114352.93025386,159436429.20867357,49107.899724365336,21562.860335110865,803.736415621391,0.01661101069091057,0.028542546537509848
M1,2026-03-03 14:10:00,core-sw-01,port-id7429,server-uplink,270393720.7839233,149695838.24700913,48359.32103159158,20742.314507892122,732.552010856486,0.0166800504363065,0.02828258689361559
M1,2026-03-03 14:15:00,core-sw-01,port-id7429,server-uplink,272391826.59142536,153003951.7310311,48073.221658932765,20124.559144292813,794.2205571471692,0.017276148127996202,0.030120964540325115
M1,2026-03-03 14:20:00,core-sw-01,port-id7429,server-uplink,276509273.2440883,153383627.55446312,48543.47190683967,20599.925332671628,776.7716528670319,0.016535687946476172,0.028975346094740208
M1,2026-03-03 14:25:00,core-sw-01,port-id7429,server-uplink,275982933.4689895,152140845.15749064,48672.11672694166,20887.706233762514,785.7718502095216,0.016840426605170128,0.02877728535043485
M1,2026-03-03 14:30:00,core-sw-01,port-id7429,server-uplink,272371832.79228705,150724792.22198942,49141.88363880857,21425.192854338853,745.0891685725709,0.016982444514874705,0.02842693525726668
M1,2026-03-03 14:35:00,core-sw-01,port-id7429,server-uplink,279308459.5144923,159185809.70872587,49317.01771498671,22126.212993270383,765.6710455789621,0.016492587972831617,0.028441146202244263
M1,2026-03-03 14:40:00,core-sw-01,port-id7429,server-uplink,291379683.1491619,160485073.09309015,52801.93766346436,22754.401649394626,756.6030901756861,0.015194962303610298,0.026317247215802312
M1,2026-03-03 14:45:00,core-sw-01,port-id7429,server-uplink,277923749.11601704,158881852.62574932,51839.116482590805,22706.650573891075,709.1083707546854,0.01546131050464895,0.026878488043501517
M1,2026-03-03 14:50:00,core-sw-01,port-id7429,server-uplink,286107782.3858701,157217132.31244257,50833.39524941917,21609.631038524414,735.3808264541161,0.016433832741108143,0.0265745226169786
M1,2026-03-03 14:55:00,core-sw-01,port-id7429,server-uplink,298589968.44587165,167520143.99119106,53109.39870677643,23408.361879712367,778.3102308998846,0.0145300461180869,0.024889951753856065
M1,2026-03-03 15:00:00,core-sw-01,port-id7429,server-uplink,307499828.1488572,171508622.36014417,49817.04970808552,22948.24332338046,802.2311860082629,0.017228657552548397,0.026401569868018036
M1,2026-03-03 15:05:00,core-sw-01,port-id7429,server-uplink,272835017.5259582,154224487.488411,45388.643658081004,20930.517817833534,813.6822693090706,0.017304993824180624,0.029022627861232764
M1,2026-03-03 15:10:00,core-sw-01,port-id7429,server-uplink,295340664.27972925,162575392.97797513,48520.25573133763,22092.887647428935,809.8991155086308,0.01581527149865076,0.02894866750033828
M1,2026-03-03 15:15:00,core-sw-01,port-id7429,server-uplink,279774079.3883494,155521487.4020021,44824.020227179964,20697.355990909917,793.5257409409633,0.01753198976551713,0.0296201787999613
M1,2026-03-03 15:20:00,core-sw-01,port-id7429,server-uplink,282805698.0865436,157643625.99098992,46545.38267851788,21071.793680998395,822.6612816693076,0.016839502980919577,0.030521622902855667
M1,2026-03-03 15:25:00,core-sw-01,port-id7429,server-uplink,280168217.4798974,158198074.90217313,45534.83003642138,21352.516334603948,791.411019306984,0.017184451321216116,0.030368826097235634
M1,2026-03-03 15:30:00,core-sw-01,port-id7429,server-uplink,291387050.8672234,160662501.24010772,48151.75737602289,21710.4856205309,779.312653116724,0.016395454023661216,0.028505444843808285
M1,2026-03-03 15:35:00,core-sw-01,port-id7429,server-uplink,291983727.77299154,163426196.28723094,47673.22674337107,22505.19929485168,809.762129237972,0.016809035006738107,0.027752796999303494
M1,2026-03-03 15:40:00,core-sw-01,port-id7429,server-uplink,290565222.89165556,161527109.6503923,48185.932630707255,22090.419874914478,819.3728164715584,0.016340683968637085,0.0295022845642776
M1,2026-03-03 15:45:00,core-sw-01,port-id7429,server-uplink,281788556.963165,158466765.48259667,46507.26374827287,21423.739522122472,788.1733262002313,0.01762687887608252,0.028348429456099368
M1,2026-03-03 15:50:00,core-sw-01,port-id7429,server-uplink,275242974.1150658,152079926.46455994,44628.698811043345,20290.55491947466,805.3990510595125,0.018246412356542688,0.03044362131325513
M1,2026-03-03 15:55:00,core-sw-01,port-id7429,server-uplink,286519034.88707703,160612568.37502462,48267.85882162282,22406.759322920545,819.5521896303119,0.016917415963259165,0.029320069020451582
M1,2026-03-03 16:00:00,core-sw-01,port-id7429,server-uplink,291651478.314323,159255781.978741,48679.69408335972,21242.785504216336,791.5407037813402,0.016944786807422788,0.028408044318249292
M1,2026-03-03 16:05:00,core-sw-01,port-id7429,server-uplink,296657737.66163135,167106038.87253237,48247.05420057081,22468.239237031004,772.4726611131344,0.016478768773300612,0.02818171878729838
M1,2026-03-03 16:10:00,core-sw-01,port-id7429,server-uplink,276456530.4802861,157400024.38244316,45710.051670784786,22265.01202589588,822.8185612069365,0.016869084174316,0.0291793372678354
M1,2026-03-03 16:15:00,core-sw-01,port-id7429,server-uplink,282931846.08669204,157858974.15351418,46481.03943417139,21268.28100907459,823.9501361885956,0.016987447502267904,0.027984069543863583
M1,2026-03-03 16:20:00,core-sw-01,port-id7429,server-uplink,271837291.95764494,150694520.3605028,44917.21023833655,20606.58750510816,801.8106598584533,0.017034324182009657,0.028553396629182205
M1,2026-03-03 16:25:00,core-sw-01,port-id7429,server-uplink,268159970.1735699,147553805.18217745,43520.03107323248,19749.58488490963,801.1282426806131,0.018177923990160147,0.03080725193190588
M1,2026-03-03 16:30:00,core-sw-01,port-id7429,server-uplink,282435238.4680344,163359190.32189742,45017.397137669686,21752.693920080776,790.290577543576,0.016387183930594497,0.02926726171792576
M1,2026-03-03 16:35:00,core-sw-01,port-id7429,server-uplink,274670144.7001584,154111892.97276095,44858.508926893635,20334.69850617607,859.3642095085189,0.01858887357815943,0.029080160037675096
M1,2026-03-03 16:40:00,core-sw-01,port-id7429,server-uplink,287847979.12194026,160814165.54900953,47485.3867307889,22015.510968813644,803.5325039487265,0.01688513942022355,0.028114138100232305
M1,2026-03-03 16:45:00,core-sw-01,port-id7429,server-uplink,276004604.2975759,154506874.67041698,46090.228295240995,20919.83607363433,802.3752780128044,0.017445055027736054,0.029360140171350673
M1,2026-03-03 16:50:00,core-sw-01,port-id7429,server-uplink,276421243.02870554,152604385.47461206,45226.288323384775,20655.243520534244,791.9883734425233,0.01696756039786883,0.029082016927144454
M1,2026-03-03 16:55:00,core-sw-01,port-id7429,server-uplink,297193852.66472536,165129759.17108744,48539.439545511384,22337.53640874917,793.495737170961,0.016045932890877947,0.027927198441198134
M1,2026-03-03 17:00:00,core-sw-01,port-id7429,server-uplink,265600309.53684878,152818207.69120482,43838.759058556556,20903.485514996024,795.8953794739075,0.017729485368760994,0.02905196881803399
M1,2026-03-03 17:05:00,core-sw-01,port-id7429,server-uplink,300147839.613594,169407082.9264477,47872.29367111653,22644.555468527786,822.4895123728598,0.01564275825248872,0.028115616672024002
M1,2026-03-03 17:10:00,core-sw-01,port-id7429,server-uplink,427563132.99509794,400124846.30689883,62928.43694720695,45308.67776730551,929.1119902782027,0.010608321469935424,0.017361420818736487
M1,2026-03-03 17:15:00,core-sw-01,port-id7429,server-uplink,432791574.8176616,407298548.38284224,65070.4264187076,46925.10861733284,926.5399000695427,0.009910031250502846,0.018084703540564094
M1,2026-03-03 17:20:00,core-sw-01,port-id7429,server-uplink,415546507.9616984,393885920.0733762,61869.374552888105,44768.70912369648,941.7863741430707,0.010621676500810378,0.018001194266649527
M1,2026-03-03 17:25:00,core-sw-01,port-id7429,server-uplink,437368725.08370626,411644495.2848486,64779.681060732015,45904.393638938556,980.5469131553871,0.010212436905854065,0.017854400764123916
M1,2026-03-03 17:30:00,core-sw-01,port-id7429,server-uplink,425055133.9673235,404940037.8946566,63172.98805284273,45414.95285279739,973.5099446133656,0.010519786138454059,0.01799949198601084
M1,2026-03-03 17:35:00,core-sw-01,port-id7429,server-uplink,433639971.53755474,405909147.59049016,62765.34127003658,45418.12611228657,964.1881300021528,0.010785063674403255,0.017651781080037104
M1,2026-03-03 17:40:00,core-sw-01,port-id7429,server-uplink,419692807.965036,401728599.34430325,63092.641762814485,45511.06232256373,986.0745839452896,0.010399862161427374,0.01755229106220831
M1,2026-03-03 17:45:00,core-sw-01,port-id7429,server-uplink,405937687.19707775,393042021.6469173,62013.82436598267,45471.447516676024,942.9296419369773,0.010174421108063821,0.017835279827955745
M1,2026-03-03 17:50:00,core-sw-01,port-id7429,server-uplink,409351574.423747,392893820.2446241,60741.28743360297,44372.10750057826,943.0644246475701,0.010653890559598877,0.0174360387094266
M1,2026-03-03 17:55:00,core-sw-01,port-id7429,server-uplink,407426133.412607,394539297.16060257,61361.55926643292,44841.80813044393,912.9167484796811,0.010052248845546084,0.017971365114497057
M1,2026-03-03 18:00:00,core-sw-01,port-id7429,server-uplink,411705648.6532503,393485355.835725,61680.14264857355,44808.95994857072,978.827582582908,0.009975177678191966,0.01807913690965707
M1,2026-03-03 18:05:00,core-sw-01,port-id7429,server-uplink,409486930.2834585,391036886.8031439,61481.543405897784,44870.63075010216,953.1274366890942,0.010542234481066783,0.018001290955096966
M1,2026-03-03 18:10:00,core-sw-01,port-id7429,server-uplink,407946934.93333584,390675458.1812652,62671.16554065234,45018.18985548551,942.3905767996664,0.010111718655168125,0.017427315629054443
M1,2026-03-03 18:15:00,core-sw-01,port-id7429,server-uplink,406565906.39237714,387675558.48894083,59912.457281241564,44401.39507003588,944.5187458547696,0.010669048688564681,0.01830096519152789
M1,2026-03-03 18:20:00,core-sw-01,port-id7429,server-uplink,404426621.1595945,390042872.8391249,60728.40988611182,44161.59877940335,993.1673393065657,0.010258679589043756,0.017244608609836398
M1,2026-03-03 18:25:00,core-sw-01,port-id7429,server-uplink,419727457.85020286,399363088.70961523,62327.42839568499,45556.43569546127,956.7013497814531,0.009706433528117488,0.016586135603709404
M1,2026-03-03 18:30:00,core-sw-01,port-id7429,server-uplink,412414453.5386178,395433108.4686793,62456.7540796437,45583.040150281544,920.1375329646586,0.009828917568604592,0.01653060399706226
M1,2026-03-03 18:35:00,core-sw-01,port-id7429,server-uplink,388920903.2876163,379391842.3635152,56524.80798940495,42696.12733316729,999.1330600606279,0.010570093069052386,0.017564783976115106
M1,2026-03-03 18:40:00,core-sw-01,port-id7429,server-uplink,399204191.09383553,386955895.8782144,59725.304239700534,43561.137120124506,969.958808382723,0.010386874773938027,0.016930362964876933
M1,2026-03-03 18:45:00,core-sw-01,port-id7429,server-uplink,388846683.42059755,382173807.9244117,58589.744893190604,43548.21328444481,945.9182141632394,0.010294647347206067,0.017336055054645517
M1,2026-03-03 18:50:00,core-sw-01,port-id7429,server-uplink,386369025.46207935,384240651.40088,55959.23207104067,42369.6129429857,983.8713624401623,0.01005206279980211,0.016962965339454746
M1,2026-03-03 18:55:00,core-sw-01,port-id7429,server-uplink,383835308.05172586,376744416.8485548,56659.37038108918,42542.73804138116,956.3282439736139,0.009878462454728641,0.01644041177896994
M1,2026-03-03 19:00:00,core-sw-01,port-id7429,server-uplink,388812153.6620001,378318306.4172095,58214.47930621529,43634.56378996046,951.5217852388815,0.009412129792378042,0.01729288015013591
M1,2026-03-03 19:05:00,core-sw-01,port-id7429,server-uplink,378044100.85833067,376978605.87574404,57353.56934892747,42925.69892687255,929.5516514811746,0.009591070562231492,0.01617034405949485
M1,2026-03-03 19:10:00,core-sw-01,port-id7429,server-uplink,377463001.96323115,372867720.2616277,56966.98301083684,42514.58722878769,919.7328739799369,0.009430322587187059,0.016022835858697102
M1,2026-03-03 19:15:00,core-sw-01,port-id7429,server-uplink,376819848.4122406,377885737.65073204,56244.9564629388,43090.2594927965,899.6638595963562,0.009264286260538284,0.015400994855678807
M1,2026-03-03 19:20:00,core-sw-01,port-id7429,server-uplink,360693675.03459936,367225356.2442786,54532.03854831823,42153.745579958784,959.6295561702818,0.009324159477002924,0.01568136575524923
M1,2026-03-03 19:25:00,core-sw-01,port-id7429,server-uplink,368240115.9762162,368992165.6010975,53311.52516782043,40958.37709960846,967.0849332952323,0.009565868039178187,0.015872951571236818
M1,2026-03-03 19:30:00,core-sw-01,port-id7429,server-uplink,363571236.5394703,368705532.0110381,53724.895506020315,40907.82292578365,981.2115753769705,0.009053156289154837,0.0159168958043152
M1,2026-03-03 19:35:00,core-sw-01,port-id7429,server-uplink,204141647.28706625,115289576.08946903,33958.24614581493,15979.622364183697,768.6694674605242,0.017324366046907888,0.02931749973157904
M1,2026-03-03 19:40:00,core-sw-01,port-id7429,server-uplink,202098409.6589215,112012178.58299354,34073.49159885935,15267.869890048425,803.8680343716696,0.01726623823671051,0.027891649533430218
M1,2026-03-03 19:45:00,core-sw-01,port-id7429,server-uplink,190269722.52276978,105276405.92002125,30992.586654903218,14045.987606016415,785.9722582258817,0.018073048220546083,0.030345576064562372
M1,2026-03-03 19:50:00,core-sw-01,port-id7429,server-uplink,189116487.1500403,101422552.15311751,31244.19651306776,13569.618928089052,811.1615508452406,0.01738934187222572,0.029532842226097027
M1,2026-03-03 19:55:00,core-sw-01,port-id7429,server-uplink,197694142.59914818,115512419.02159616,31979.463282911158,15515.675944110444,825.7364013338332,0.015635816438329404,0.027919429365243883
M1,2026-03-03 20:00:00,core-sw-01,port-id7429,server-uplink,184792313.72336674,103037515.60727687,30295.07258121298,13714.292227733951,846.2879937144359,0.01654508711797264,0.02975808230288963
M1,2026-03-03 20:05:00,core-sw-01,port-id7429,server-uplink,156354497.74498862,91194190.93196386,25653.149509567098,12125.949205395487,832.9459983509755,0.019137141444887977,0.03188509274720898
M1,2026-03-03 20:10:00,core-sw-01,port-id7429,server-uplink,164412069.2187013,91973054.25203642,27390.513515839,12818.837381960557,788.2066777625023,0.018014856414298255,0.02822134577355101
M1,2026-03-03 20:15:00,core-sw-01,port-id7429,server-uplink,155266673.5923918,90091077.48814464,25126.84849147208,12355.767502053377,847.1324504117009,0.018273675525448042,0.03116606187342543
M1,2026-03-03 20:20:00,core-sw-01,port-id7429,server-uplink,177439631.1378277,99364384.72596449,29641.63748466247,13557.606545578325,831.7926264492862,0.015144944664105995,0.024897862782381482
M1,2026-03-03 20:25:00,core-sw-01,port-id7429,server-uplink,153897895.6309313,86172530.87714435,25365.309803005617,11752.95836238679,831.9665850467868,0.017087229323422125,0.028539857027027583
M1,2026-03-03 20:30:00,core-sw-01,port-id7429,server-uplink,165547552.64310336,93234810.68643379,26543.708689858682,12523.504724134193,823.037514039146,0.015569050566658383,0.02681918080112942
M1,2026-03-03 20:35:00,core-sw-01,port-id7429,server-uplink,150246700.7651314,82986411.28090933,25607.77052476819,11312.780653641337,795.4296654019117,0.01528734562046222,0.026761222251986905
M1,2026-03-03 20:40:00,core-sw-01,port-id7429,server-uplink,133459261.79085532,75562367.32025468,22092.2091173837,10408.741422406272,790.3364629229861,0.01784232781724568,0.028426783110223078
M1,2026-03-03 20:45:00,core-sw-01,port-id7429,server-uplink,137369546.99376947,77175162.46239725,22094.57078447304,10386.19230969896,870.6653315432382,0.017446897293244203,0.028739083962853258
M1,2026-03-03 20:50:00,core-sw-01,port-id7429,server-uplink,131139935.47865021,73684842.19724557,21871.34780097102,10047.088848661875,810.2416692388973,0.016160368802129635,0.029155816390525353
M1,2026-03-03 20:55:00,core-sw-01,port-id7429,server-uplink,130716013.39116521,72927412.85560511,22121.227595089782,10239.015140760952,780.9603149944672,0.01545378261723378,0.026372517036721024
M1,2026-03-03 21:00:00,core-sw-01,port-id7429,server-uplink,128229130.62154353,73661947.11203614,20263.912803563835,9711.022468809793,855.295119199976,0.01682530127213762,0.027795116715401226
M1,2026-03-03 21:05:00,core-sw-01,port-id7429,server-uplink,127108779.0565321,69555266.88117433,20413.95549474179,9516.216307272507,836.9759180749464,0.016358636683386926,0.027056969446672054
M1,2026-03-03 21:10:00,core-sw-01,port-id7429,server-uplink,126563919.60476503,69609376.06151381,20981.504631499454,9649.699293779877,811.946861861636,0.015741743552183062,0.02573140024885567
M1,2026-03-03 21:15:00,core-sw-01,port-id7429,server-uplink,107206003.18169275,62240790.69843487,17936.532275237074,8555.46826226066,789.6112884397228,0.017254759674382704,0.02949814829890828
M1,2026-03-03 21:20:00,core-sw-01,port-id7429,server-uplink,116621620.10258646,65533051.41409129,19646.685150650308,9174.197740497555,757.1653541093365,0.015853382670575678,0.02634114924189418
M1,2026-03-03 21:25:00,core-sw-01,port-id7429,server-uplink,101764799.0919412,58769477.009956054,16640.123875051755,8147.314181093249,847.6318782859736,0.01758452843423832,0.02999921775169999
M1,2026-03-03 21:30:00,core-sw-01,port-id7429,server-uplink,109473270.8344365,61412371.522680335,17720.943156898753,8119.888108978574,816.4057445527778,0.015630939121376534,0.026728414246487434
M1,2026-03-03 21:35:00,core-sw-01,port-id7429,server-uplink,76905314.36770646,43169314.180674665,12391.843501629355,5905.249630115932,799.3696788488926,0.022728617541218993,0.03773032589778482
M1,2026-03-03 21:40:00,core-sw-01,port-id7429,server-uplink,89748837.54161085,46673443.3448679,14487.309212738457,6260.994338134914,829.0230373646522,0.0192019532586123,0.03367472895539553
M1,2026-03-03 21:45:00,core-sw-01,port-id7429,server-uplink,97812738.9692242,53903823.17168474,16022.566015340897,7129.035569910819,823.8393927888834,0.016814010981803,0.028334877558041958
M1,2026-03-03 21:50:00,core-sw-01,port-id7429,server-uplink,97651418.47676773,56598164.46611795,16165.863988548805,7792.253822279732,807.1604307766127,0.015517170723301419,0.027663026595607765
M1,2026-03-03 21:55:00,core-sw-01,port-id7429,server-uplink,93135428.41794625,47186534.96100891,15473.288840018646,6476.3761286727695,805.6220782185686,0.01684094893421438,0.029193072736299574
M1,2026-03-03 22:00:00,core-sw-01,port-id7429,server-uplink,89428207.48195496,49420761.949670576,14572.05489057278,6783.718086513347,836.6566653166861,0.017534775337707618,0.029832694385535805
M1,2026-03-03 22:05:00,core-sw-01,port-id7429,server-uplink,89842057.31031404,50080946.11531843,14831.656294826025,6641.442473149681,837.1919535571874,0.016565362129759086,0.029332364474192383
M1,2026-03-03 22:10:00,core-sw-01,port-id7429,server-uplink,99845176.46528028,57230082.56264306,15918.415387234729,7396.096569753196,857.2486607119899,0.01519935239476775,0.026809325025579395
M1,2026-03-03 22:15:00,core-sw-01,port-id7429,server-uplink,84647587.03948298,48378918.91909971,13971.65719471634,6671.217816312851,785.175510211429,0.018048037721287366,0.029110498795491147
M1,2026-03-03 22:20:00,core-sw-01,port-id7429,server-uplink,97306866.2669623,56709811.02192207,16459.23440578694,7928.362740957091,775.1967352560024,0.014572687379949463,0.024549841583485145
M1,2026-03-03 22:25:00,core-sw-01,port-id7429,server-uplink,90927393.01609658,52079935.01792874,14644.895683783054,6999.529093710902,823.9087880958276,0.01628624237952895,0.027038652789697568
M1,2026-03-03 22:30:00,core-sw-01,port-id7429,server-uplink,96508037.00236425,55664284.97187216,15124.906884586633,7307.695927846906,875.9567330212362,0.015404592256524925,0.026269556765798712
M1,2026-03-03 22:35:00,core-sw-01,port-id7429,server-uplink,71282958.92865041,38851758.00555794,11653.3292703441,5279.683481204499,842.1121461520518,0.0199558980241619,0.0330570310495343
M1,2026-03-03 22:40:00,core-sw-01,port-id7429,server-uplink,79720659.11618441,45869947.841622114,13156.512355205594,6242.5914995011735,806.4440371713562,0.01714638843014208,0.028325703149545144
M1,2026-03-03 22:45:00,core-sw-01,port-id7429,server-uplink,82000665.79137884,47951101.944658384,13644.224286288281,6656.671551519919,790.9588955760721,0.015989867033365284,0.028293071244411532
M1,2026-03-03 22:50:00,core-sw-01,port-id7429,server-uplink,85303864.66474327,47826216.396407716,13656.98259729416,6417.635837508395,848.4611690318955,0.017541959780001264,0.028155693479391505
M1,2026-03-03 22:55:00,core-sw-01,port-id7429,server-uplink,60968832.040750705,37114084.094092146,9896.17765370372,5054.700270409116,779.1751585224952,0.022257142595661528,0.038479512223243854
M1,2026-03-03 23:00:00,core-sw-01,port-id7429,server-uplink,69648362.35041286,42209039.995643355,11526.050038000756,5650.578623748725,849.6804900323817,0.018988962747137815,0.03420372919673587
M1,2026-03-03 23:05:00,core-sw-01,port-id7429,server-uplink,98009763.64805122,55663217.69863121,16070.412810634245,7611.709868257855,809.5997148168451,0.013658210159147146,0.023123537381503103
M1,2026-03-03 23:10:00,core-sw-01,port-id7429,server-uplink,85833095.88988902,47097390.04116501,13594.580403151713,6295.252560288179,878.3608718809181,0.017049589248518366,0.02768906199648328
M1,2026-03-03 23:15:00,core-sw-01,port-id7429,server-uplink,81118726.4275945,45659066.53468398,13283.869321761953,6110.472842625802,837.5661832191022,0.016346695300847806,0.02822117628001489
M1,2026-03-03 23:20:00,core-sw-01,port-id7429,server-uplink,81285141.45161477,45667273.86622376,13313.947260552764,6436.967541480642,787.0804041525618,0.015174213371654288,0.027889001943361455
M1,2026-03-03 23:25:00,core-sw-01,port-id7429,server-uplink,60664351.69417799,33188028.65564498,9797.965893949533,4352.518472216097,841.5546184171092,0.022169054355680114,0.038590438632099044
M1,2026-03-03 23:30:00,core-sw-01,port-id7429,server-uplink,75399125.94564147,44119887.68572114,12216.754112444569,6096.688579221662,808.576396769263,0.01688664759298419,0.028506603954352696
M1,2026-03-03 23:35:00,core-sw-01,port-id7429,server-uplink,80342822.60819027,46106310.74199024,13871.733838239466,6218.399300365672,795.0166356892443,0.015840213136614694,0.02807285386906553
M1,2026-03-03 23:40:00,core-sw-01,port-id7429,server-uplink,81736087.77663346,50328706.45910847,13768.320436795555,7281.647934587036,769.7409668249832,0.01464592100850962,0.025743822292280623
M1,2026-03-03 23:45:00,core-sw-01,port-id7429,server-uplink,76883920.69575678,46502600.853102006,12579.87262901105,6355.704746288547,854.5513012807394,0.016785982269840523,0.027797934040828805
M1,2026-03-03 23:50:00,core-sw-01,port-id7429,server-uplink,87806559.27080806,49696477.29634908,14355.392259318975,6628.777957108701,797.9178952831738,0.014636571364087575,0.026515252694029455
M1,2026-03-03 23:55:00,core-sw-01,port-id7429,server-uplink,70212528.4719682,38521893.868991144,11657.225180982206,5170.20030689987,784.8521006947603,0.018823110324791524,0.030115742247670208
M1,2026-03-04 00:00:00,core-sw-01,port-id7429,server-uplink,96656444.27236596,54502501.25206431,15840.68262992187,7329.327377592895,811.3290173972258,0.013451425989899042,0.02247336149240317
M1,2026-03-04 00:05:00,core-sw-01,port-id7429,server-uplink,63950627.921037175,35105864.0491729,10558.581449486432,4862.65676458356,801.8110504045086,0.020397902543407745,0.033882814839547325
M1,2026-03-04 00:10:00,core-sw-01,port-id7429,server-uplink,82728250.06989793,43717675.033858135,13810.118269740899,6060.713438648871,800.920462020574,0.015189529109310502,0.025787138969699863
M1,2026-03-04 00:15:00,core-sw-01,port-id7429,server-uplink,81029539.62544486,40691544.36189114,13142.99412581065,5363.1176538511345,812.121118766333,0.01698979460635177,0.029155389869029907
M1,2026-03-04 00:20:00,core-sw-01,port-id7429,server-uplink,67403593.08799934,39004290.65319945,10718.924609797974,5148.178665809727,826.8243593569754,0.019715248827888422,0.034185421960943325
M1,2026-03-04 00:25:00,core-sw-01,port-id7429,server-uplink,62261958.92170968,32490891.118436843,9895.152705105429,4326.638827229064,889.4323541533739,0.02092916853542836,0.035814427024630106
M1,2026-03-04 00:30:00,core-sw-01,port-id7429,server-uplink,90163091.60944885,47884047.96310246,14680.59707280214,6387.726124412508,823.7891813858006,0.015162064907135758,0.024718387617530306
M1,2026-03-04 00:35:00,core-sw-01,port-id7429,server-uplink,89514734.33168,48206452.78869369,14674.61722653597,6774.715263375228,807.5372898456421,0.014040848479378929,0.025345335745935466
M1,2026-03-04 00:40:00,core-sw-01,port-id7429,server-uplink,68144577.59622186,32334497.37926595,11074.761130789977,4528.415714998117,805.875459639602,0.01928815563630253,0.03197022527947493
M1,2026-03-04 00:45:00,core-sw-01,port-id7429,server-uplink,60407825.5944711,31146660.93241758,9713.333684089213,4261.198297011659,796.4707199745461,0.02209435045700597,0.038130950980050184
M1,2026-03-04 00:50:00,core-sw-01,port-id7429,server-uplink,60324492.67030296,34028973.40600607,9936.463065685406,4550.528069426169,843.2413951566921,0.021948260119172076,0.034479308194321455
M1,2026-03-04 00:55:00,core-sw-01,port-id7429,server-uplink,73583852.43074705,40820633.9866497,12550.649015198675,5654.585355249901,762.7728765362169,0.016935633467860426,0.02866076471851882
M1,2026-03-04 01:00:00,core-sw-01,port-id7429,server-uplink,210463956.20688725,282071834.01591635,31135.420023183247,31885.520819902245,988.1990909754724,0.004829847411373457,0.008193206305625346
M1,2026-03-04 01:05:00,core-sw-01,port-id7429,server-uplink,230963260.07132316,292166274.17154944,34073.16728467085,32746.221534060125,973.0865453188198,0.004564382113214948,0.007987560985343355
M1,2026-03-04 01:10:00,core-sw-01,port-id7429,server-uplink,221389851.38271987,290552106.0591839,33415.38338294398,33383.50268328994,953.3518154200117,0.004490163318880553,0.007847334381810414
M1,2026-03-04 01:15:00,core-sw-01,port-id7429,server-uplink,229241427.40107816,289807145.3692868,34752.35519211687,33124.76433021235,981.9743697868171,0.0044770854669125195,0.007472606515562644
M1,2026-03-04 01:20:00,core-sw-01,port-id7429,server-uplink,221983249.74752966,289100135.9340145,32522.12086353947,32423.341446003385,967.3378080680844,0.004728868143918081,0.007840614093521686
M1,2026-03-04 01:25:00,core-sw-01,port-id7429,server-uplink,212796345.19046822,283239186.89205533,31731.778668491424,32294.09625230645,1008.359669827199,0.004713903250936039,0.008249100872421469
M1,2026-03-04 01:30:00,core-sw-01,port-id7429,server-uplink,225288931.18315187,292658708.2179093,33631.51648645407,33350.454932689216,968.2693499258044,0.004481208652638638,0.007803043945466873
M1,2026-03-04 01:35:00,core-sw-01,port-id7429,server-uplink,223108336.41913307,289164500.9690984,34500.98630205461,33373.18558185821,923.2951885910663,0.004457806121463482,0.007777866941355494
M1,2026-03-04 01:40:00,core-sw-01,port-id7429,server-uplink,203988196.958195,279701786.48516774,30718.722041600773,31633.502558180327,985.445896939747,0.0050417550905699415,0.008479132526701598
M1,2026-03-04 01:45:00,core-sw-01,port-id7429,server-uplink,221014033.76778978,288026144.9375515,33587.04982134034,33079.24818300377,960.1553418580158,0.0046053109960200326,0.007949992251320898
M1,2026-03-04 01:50:00,core-sw-01,port-id7429,server-uplink,208972104.89804366,278774203.9385537,31370.530330023903,32587.921325597483,940.8619745883881,0.004877065203895346,0.007904622875675527
M1,2026-03-04 01:55:00,core-sw-01,port-id7429,server-uplink,238534723.25790024,301030031.393402,35498.99921979541,34109.27876013628,973.0448175485432,0.004478262192339732,0.00743998292849126
M1,2026-03-04 02:00:00,core-sw-01,port-id7429,server-uplink,230235209.55094823,290397693.8460363,34533.820408236585,32850.19624223163,976.3760947276979,0.004712993858268199,0.00761458940500758
M1,2026-03-04 02:05:00,core-sw-01,port-id7429,server-uplink,239831351.56633216,299239977.8192939,36253.743064752554,33824.75550227461,965.2762445882153,0.00444012949788482,0.007495280504617426
M1,2026-03-04 02:10:00,core-sw-01,port-id7429,server-uplink,223780967.89958617,286474304.207721,32983.723622653626,32425.614539840528,930.5256443928174,0.004767320415292982,0.007951959884106656
M1,2026-03-04 02:15:00,core-sw-01,port-id7429,server-uplink,202589717.71048486,277512958.6042092,30112.540985578766,31194.575982254057,970.2643300067151,0.004789612388945783,0.008420969009593274
M1,2026-03-04 02:20:00,core-sw-01,port-id7429,server-uplink,202116078.87499323,275948668.3125724,30197.751734797806,31002.700155103445,945.055102122383,0.004860381062481167,0.008748389596728174
M1,2026-03-04 02:25:00,core-sw-01,port-id7429,server-uplink,218815813.1524027,287886253.2421365,33258.61262193017,33125.918304602004,971.6734263707133,0.004573182690645998,0.00760141341870525
M1,2026-03-04 02:30:00,core-sw-01,port-id7429,server-uplink,236228266.6991024,297644981.8788263,34207.60290545752,33161.35306403363,1027.8681301228598,0.004500127501714376,0.0075568080741645885
M1,2026-03-04 02:35:00,core-sw-01,port-id7429,server-uplink,206373714.64867398,279935944.273485,31018.733815351115,32188.982856333412,991.1404973539808,0.004775806119036584,0.00837026422169703
M1,2026-03-04 02:40:00,core-sw-01,port-id7429,server-uplink,213385697.5079114,285593070.00466955,31202.413837202555,31847.518584316207,1010.0766844136634,0.004953187050322454,0.008265152780906226
M1,2026-03-04 02:45:00,core-sw-01,port-id7429,server-uplink,206649442.2746268,282129387.2067144,30587.979283492736,31637.287795897817,1027.15406523106,0.005088178535529491,0.008655890530872531
M1,2026-03-04 02:50:00,core-sw-01,port-id7429,server-uplink,226669796.55777022,292389773.9547127,34236.38482345937,33057.9533230818,957.3202854971125,0.004493002272148463,0.007793833561104881
M1,2026-03-04 02:55:00,core-sw-01,port-id7429,server-uplink,202203023.56898794,277025809.99761885,30712.314864038708,31836.718096131768,991.3791647800009,0.00494982326017941,0.008614725759268416
M1,2026-03-04 03:00:00,core-sw-01,port-id7429,server-uplink,221804704.85435694,288819258.6585725,33110.650363593944,33302.48978457818,969.4988236742912,0.004689294616160406,0.00773429446391327
M1,2026-03-04 03:05:00,core-sw-01,port-id7429,server-uplink,227751587.70439163,288050382.4107743,33291.23119504548,32844.27857929295,979.5377026405316,0.004683206129072746,0.008032850314362062
M1,2026-03-04 03:10:00,core-sw-01,port-id7429,server-uplink,220776616.16953266,289069502.6688079,32771.24793882991,33320.45146501488,971.4552811568337,0.004736758952057062,0.008255344167296865
M1,2026-03-04 03:15:00,core-sw-01,port-id7429,server-uplink,222327234.33440974,290309951.00734216,33314.78337062894,33562.775824565964,932.9785658745002,0.004611011113659855,0.00802981507647481
M1,2026-03-04 03:20:00,core-sw-01,port-id7429,server-uplink,209448146.22952288,279405143.6529846,30758.180416945288,31900.691110957425,983.6733133856046,0.004965330692724133,0.00864498537575365
M1,2026-03-04 03:25:00,core-sw-01,port-id7429,server-uplink,226548369.4971897,293732883.1978918,33877.69186894069,33179.606412918234,977.3629616138257,0.004752970533254354,0.00799802306880211
M1,2026-03-04 03:30:00,core-sw-01,port-id7429,server-uplink,220326140.73491913,284946354.890309,32705.593896113056,32771.303957206,988.7346228095893,0.004855622996112586,0.008056041029476688
M1,2026-03-04 03:35:00,core-sw-01,port-id7429,server-uplink,220710585.4315398,289650639.0471415,33477.83842155328,33073.33422827467,954.2935650059551,0.004683562587085864,0.007618051831807943
M1,2026-03-04 03:40:00,core-sw-01,port-id7429,server-uplink,212370817.61523643,284992553.3881811,31537.600926270494,32997.01757271762,944.0696802906826,0.0047056283612543935,0.008026576275507992
M1,2026-03-04 03:45:00,core-sw-01,port-id7429,server-uplink,240315627.36498985,298659448.8601433,35102.987018199296,33700.18276774731,1001.5097418090207,0.004580697447972679,0.007687663780957844
M1,2026-03-04 03:50:00,core-sw-01,port-id7429,server-uplink,218723007.67098218,282776925.62809867,34166.57895462066,33063.95654161627,944.7960012833012,0.004635763315064326,0.00765557981579403
M1,2026-03-04 03:55:00,core-sw-01,port-id7429,server-uplink,237047176.50256538,295980172.5246697,35475.449849520104,33485.01007941541,979.459101555563,0.004721945599070436,0.007789419512954456
M1,2026-03-04 04:00:00,core-sw-01,port-id7429,server-uplink,213579412.3807468,283286030.54450697,31601.863336749386,32146.651191088247,939.0658072386501,0.004879109282182219,0.008377822363332581
M1,2026-03-04 04:05:00,core-sw-01,port-id7429,server-uplink,207417743.45096293,285462012.3185297,31182.969786926333,33243.86866691449,956.9003724743499,0.005046920765436881,0.008225342261294082
M1,2026-03-04 04:10:00,core-sw-01,port-id7429,server-uplink,235286794.56376097,294429647.34743845,35859.55655820286,34227.44152439029,931.2231471480677,0.004460818901954039,0.007794662832000037
M1,2026-03-04 04:15:00,core-sw-01,port-id7429,server-uplink,212602853.92559737,283710514.51818585,31615.783910904192,31639.58891400746,958.2614206776557,0.005012582700923113,0.00886948801597095
M1,2026-03-04 04:20:00,core-sw-01,port-id7429,server-uplink,229833198.49395683,292644482.5052147,33766.31544672392,32970.08509145556,994.4171039927933,0.005001565022364666,0.007880074735171157
M1,2026-03-04 04:25:00,core-sw-01,port-id7429,server-uplink,223556382.58879492,288713429.14446044,33555.208560373685,32662.42421900849,1011.6284303524249,0.004949236917852169,0.008044294494807508
M1,2026-03-04 04:30:00,core-sw-01,port-id7429,server-uplink,230418321.71252367,291894744.8525494,34258.58097078419,33162.5799564217,926.8086757088062,0.004889201044380298,0.008278601303691886
M1,2026-03-04 04:35:00,core-sw-01,port-id7429,server-uplink,229768681.4825272,293652995.9478121,34155.50314845365,32654.367765712024,996.278649320234,0.004919051305588092,0.008650288100503872
M1,2026-03-04 04:40:00,core-sw-01,port-id7429,server-uplink,221203381.9634938,285078798.2073969,33218.19503001934,32849.3121969643,987.3766737480283,0.0049626554953823235,0.008414523072657247
M1,2026-03-04 04:45:00,core-sw-01,port-id7429,server-uplink,233020322.67939803,297122094.02056974,35104.662804080064,34239.84327756094,959.0351581254832,0.004616981051329345,0.008008071036713778
M1,2026-03-04 04:50:00,core-sw-01,port-id7429,server-uplink,243048630.5023587,302790922.8493028,36362.9961123546,35043.58094809912,958.5582345692436,0.004638503885380245,0.008293217479995922
M1,2026-03-04 04:55:00,core-sw-01,port-id7429,server-uplink,225361006.76850128,291355803.7119146,33137.44189677708,33065.37324009347,982.6627979687744,0.005160188716747835,0.008896182596602346
M1,2026-03-04 05:00:00,core-sw-01,port-id7429,server-uplink,230709136.57895818,294212755.34079504,34929.23285694059,33826.5129723721,978.3478705384147,0.0049924520609502185,0.008898703858759545
M1,2026-03-04 05:05:00,core-sw-01,port-id7429,server-uplink,243597180.02560362,297816929.7567293,35387.0361915834,33504.3873851414,988.1122180362953,0.005108675167698694,0.008442404808876916
M1,2026-03-04 05:10:00,core-sw-01,port-id7429,server-uplink,240571895.28817117,298926570.9664533,35608.922507300456,33571.668114761414,986.3282620129887,0.004937185915431029,0.00900524800555361
M1,2026-03-04 05:15:00,core-sw-01,port-id7429,server-uplink,223525625.98606062,289860171.59464896,32846.12007540218,32665.30847228612,969.7169351971419,0.005566920902471086,0.009346803029832939
M1,2026-03-04 05:20:00,core-sw-01,port-id7429,server-uplink,233533929.3844815,289060639.43849266,34155.79507088922,32460.926624084383,974.715938816752,0.005570504991038091,0.009117439983390391
M1,2026-03-04 05:25:00,core-sw-01,port-id7429,server-uplink,231530086.162077,299004806.2131023,33708.15556786836,34098.56232918356,993.027359915458,0.005536759213167243,0.009402740548496165
M1,2026-03-04 05:30:00,core-sw-01,port-id7429,server-uplink,225813102.35179928,289183455.1988368,32517.914091307186,31538.050336084772,996.2495806723019,0.005631153776256398,0.00952409302803246
M1,2026-03-04 05:35:00,core-sw-01,port-id7429,server-uplink,257918139.45909992,306122265.9716812,37905.02149984016,34939.86002294389,964.3288890174465,0.005622955373149055,0.008938446922071495
M1,2026-03-04 05:40:00,core-sw-01,port-id7429,server-uplink,240990027.68843585,299615684.8927652,36332.20270882459,33925.7900576915,965.041892457718,0.005613752586583699,0.009596670428160621
M1,2026-03-04 05:45:00,core-sw-01,port-id7429,server-uplink,241131238.92860115,303409720.1531259,35303.10477912131,33548.98291374988,970.6189251115234,0.005923031133887556,0.00976835774442219
M1,2026-03-04 05:50:00,core-sw-01,port-id7429,server-uplink,256839069.92265463,305212610.88821304,37858.37067518242,34744.84587362566,969.031771024838,0.005709712460634743,0.009634296737407693
M1,2026-03-04 05:55:00,core-sw-01,port-id7429,server-uplink,247364496.35433802,304762293.2364097,37094.2686433144,34844.787771745316,947.6546187683517,0.006215127006083332,0.010465247380198129
M1,2026-03-04 06:00:00,core-sw-01,port-id7429,server-uplink,257179981.55173495,303958341.9259787,38038.55396494749,34473.3775099655,976.0085758441072,0.0058194841329299125,0.010276639982639156
M1,2026-03-04 06:05:00,core-sw-01,port-id7429,server-uplink,256729636.70458075,304922178.3581729,38410.17194029771,34784.87494059467,985.8817814121874,0.00610114394253273,0.01114278628870901
M1,2026-03-04 06:10:00,core-sw-01,port-id7429,server-uplink,260311309.83900625,309534494.1430496,38713.27501832922,34884.1742772232,987.7969807534035,0.0061346880378130575,0.010642250733717096
M1,2026-03-04 06:15:00,core-sw-01,port-id7429,server-uplink,257929140.64447233,314108432.7329452,37964.88550904234,35115.717483547225,1051.3574666869852,0.0068238392599898655,0.011562217194929407
M1,2026-03-04 06:20:00,core-sw-01,port-id7429,server-uplink,277187640.85577005,319279411.5459137,41435.91485825106,35924.02429359582,952.7847143902782,0.006371127299692219,0.01106869057201414
M1,2026-03-04 06:25:00,core-sw-01,port-id7429,server-uplink,262103350.24221474,315223088.206037,39436.852483813665,36969.737683572464,961.6436246344808,0.006751734202059698,0.011128461138048605
M1,2026-03-04 06:30:00,core-sw-01,port-id7429,server-uplink,290584316.10469097,327435236.3786765,45238.457130053925,38238.6510451596,928.2876661926856,0.006623777881577136,0.011277546332142932
M1,2026-03-04 06:35:00,core-sw-01,port-id7429,server-uplink,284702681.5855751,321332435.49610084,41304.6370899978,35952.50183323618,985.5866875314765,0.007137456197498086,0.011929609773603005
M1,2026-03-04 06:40:00,core-sw-01,port-id7429,server-uplink,285633783.84968,321583545.8226179,42596.74953206246,36886.43684976323,955.9499282061531,0.007256436665251844,0.012367288441333845
M1,2026-03-04 06:45:00,core-sw-01,port-id7429,server-uplink,146647858.7633485,77968388.8635091,24492.917027215422,10693.147189277748,792.6145596454818,0.0171345438941966,0.029083494368439666
M1,2026-03-04 06:50:00,core-sw-01,port-id7429,server-uplink,151324253.5607375,88565376.47990367,24815.052737787373,12001.269591517805,824.5737146704204,0.01648394962203849,0.028418110789550918
M1,2026-03-04 06:55:00,core-sw-01,port-id7429,server-uplink,152778824.37683228,84635268.40308392,24850.641856581366,11741.655048551496,770.5809754084163,0.017611613559265396,0.03128182920617076
M1,2026-03-04 07:00:00,core-sw-01,port-id7429,server-uplink,164998423.63699937,93727469.27560873,27065.358934101754,12681.320325396802,841.5167550568681,0.016637168918391433,0.029639589462882882
M1,2026-03-04 07:05:00,core-sw-01,port-id7429,server-uplink,168237774.48630238,92778304.96996464,27447.97398734395,12693.43027282087,834.9867718325771,0.01697378033711347,0.03140877436465641
M1,2026-03-04 07:10:00,core-sw-01,port-id7429,server-uplink,159342680.3588916,91415986.51694533,26095.603790852623,12418.673223762424,817.395066357633,0.01933301464670726,0.03145748627399319
M1,2026-03-04 07:15:00,core-sw-01,port-id7429,server-uplink,186059111.79622707,101572339.38981543,30882.873891779556,13920.81892476353,802.6823943868689,0.016486904167593068,0.029213181191544257
M1,2026-03-04 07:20:00,core-sw-01,port-id7429,server-uplink,195549028.91967294,107325713.26202053,31897.825706478066,14576.69989012211,853.2263848926879,0.016835682947961613,0.028280829342290474
M1,2026-03-04 07:25:00,core-sw-01,port-id7429,server-uplink,204341768.98301756,115651918.58222495,34333.83224314141,15929.442603567077,799.7755404958625,0.01612751701159616,0.026183484321076454
M1,2026-03-04 07:30:00,core-sw-01,port-id7429,server-uplink,189761988.09002513,106525084.40839563,30683.54583272649,14472.990456667014,798.3798461898123,0.01798807658337358,0.03178823553705506
M1,2026-03-04 07:35:00,core-sw-01,port-id7429,server-uplink,196993178.51807892,112907935.78186564,32048.247910775837,15105.885175712818,833.9957899618594,0.017873426731108148,0.030905521030836217
M1,2026-03-04 07:40:00,core-sw-01,port-id7429,server-uplink,216355309.6504537,120046672.00321253,35689.16196516058,16491.033698277606,819.572758760714,0.016501506291583774,0.029089212471111986
M1,2026-03-04 07:45:00,core-sw-01,port-id7429,server-uplink,203538116.8209651,112482317.4615452,33316.472601528345,15352.122584785278,822.0836114248513,0.018958990363489112,0.032565456822433975
M1,2026-03-04 07:50:00,core-sw-01,port-id7429,server-uplink,231298970.5470693,131796249.5456037,37461.69262023061,17775.69021381842,820.612537380489,0.01686560304978642,0.028680520140545875
M1,2026-03-04 07:55:00,core-sw-01,port-id7429,server-uplink,225010274.02076668,125029778.23996086,37531.5775209482,17296.101409213014,792.5546989979216,0.016718092090691226,0.028592100080145875
M1,2026-03-04 08:00:00,core-sw-01,port-id7429,server-uplink,223033562.312574,125313051.0451848,36802.93351459886,17279.139442562555,777.1344357130805,0.01783316976818961,0.030994283035676164
M1,2026-03-04 08:05:00,core-sw-01,port-id7429,server-uplink,231862259.34942707,130694366.89862692,37839.303191082756,17732.462423881534,838.1325647296482,0.01689989695088727,0.028793237400548267
M1,2026-03-04 08:10:00,core-sw-01,port-id7429,server-uplink,238654364.96916333,136326838.53453043,38532.018076713495,18307.536018445822,804.4956742765281,0.01783532410409081,0.029748743279420026
M1,2026-03-04 08:15:00,core-sw-01,port-id7429,server-uplink,243858378.76668665,135137126.22135657,40161.56715435019,18433.604419506268,812.7376547994639,0.016890667688155246,0.029158649265489067
M1,2026-03-04 08:20:00,core-sw-01,port-id7429,server-uplink,255651913.39332038,139795245.58720225,41969.45709073025,18359.92177301878,828.4336049102166,0.01690021339503369,0.029832916879190118
M1,2026-03-04 08:25:00,core-sw-01,port-id7429,server-uplink,265168246.89403194,149757253.77081373,45318.314831349264,21011.475223201007,780.9554348550691,0.01521070517625806,0.027214475198854143
M1,2026-03-04 08:30:00,core-sw-01,port-id7429,server-uplink,245926746.24000666,140476924.686799,41045.7099265323,19606.490405553366,782.4204858016161,0.017074787512587904,0.028914531929846558
M1,2026-03-04 08:35:00,core-sw-01,port-id7429,server-uplink,243756104.85462263,139587218.33770433,39410.63421359212,18694.16617063433,820.9463863774129,0.01830590922037952,0.03252957329773635
M1,2026-03-04 08:40:00,core-sw-01,port-id7429,server-uplink,257923418.89141482,145038900.46747166,42652.50309766024,19814.274893238686,812.8063095678519,0.01699752146321645,0.030046127969484
M1,2026-03-04 08:45:00,core-sw-01,port-id7429,server-uplink,274358260.3148341,150468634.9402327,45688.538020648106,20856.39901950547,804.1589073189849,0.015642811199285837,0.026135649051874255
M1,2026-03-04 08:50:00,core-sw-01,port-id7429,server-uplink,280295247.9308865,155204872.70513457,45319.765390060646,21139.270888571045,827.259587855029,0.016353548198890483,0.028074618319382898
M1,2026-03-04 08:55:00,core-sw-01,port-id7429,server-uplink,264174770.63419318,145228944.06825373,42287.83775805173,19703.958739394155,849.5837009685126,0.01756883466830358,0.03105923970797256
M1,2026-03-04 09:00:00,core-sw-01,port-id7429,server-uplink,269633470.34470445,148004121.55018067,45487.42382585321,20218.31614965458,758.3465147574967,0.017156579666580494,0.027745367693479052
M1,2026-03-04 09:05:00,core-sw-01,port-id7429,server-uplink,261163186.09701955,143797095.9678007,42664.301389213215,19191.575624339388,822.5640845713007,0.017777216758622406,0.028795647947434982
M1,2026-03-04 09:10:00,core-sw-01,port-id7429,server-uplink,283837045.38438106,159406806.9006912,46874.881501486016,21707.442842939075,824.4663157186117,0.016187493382045674,0.027041519278474403
M1,2026-03-04 09:15:00,core-sw-01,port-id7429,server-uplink,274338429.90614223,153866680.6626416,44669.89617931171,20464.350446145378,794.7753856058994,0.01721375586023798,0.02962307723811241
M1,2026-03-04 09:20:00,core-sw-01,port-id7429,server-uplink,279031666.24048847,156158565.40546018,45312.0453058112,20851.228412199704,819.6020566780263,0.016896228996686205,0.028486310279736846
M1,2026-03-04 09:25:00,core-sw-01,port-id7429,server-uplink,259002870.4823671,149999086.0627721,42393.28583672046,20405.846539974224,834.2104508345737,0.017905393613507996,0.029746514870724532
M1,2026-03-04 09:30:00,core-sw-01,port-id7429,server-uplink,258699886.85972044,146955549.4027567,42713.00675937212,20154.76025745971,818.1943759648642,0.018303143524723793,0.031985851775999594
M1,2026-03-04 09:35:00,core-sw-01,port-id7429,server-uplink,271385613.7698809,150422343.54757196,43904.670649135835,20127.717682132894,821.3664221316565,0.01832639779413568,0.0310873093611847
M1,2026-03-04 09:40:00,core-sw-01,port-id7429,server-uplink,266200108.39819685,147846378.06492501,45827.89617541908,20426.891810661742,743.3795715905825,0.017252022190034133,0.0293121791200102
M1,2026-03-04 09:45:00,core-sw-01,port-id7429,server-uplink,278422127.84315854,157396236.75429794,44373.842062076714,20905.143914239343,853.7086462902708,0.018388919589640552,0.030674134968668592
M1,2026-03-04 09:50:00,core-sw-01,port-id7429,server-uplink,279416507.7950677,156908144.60802412,46270.89209021766,21074.94671533877,782.3998739847497,0.017610531476558278,0.02765273141984574
M1,2026-03-04 09:55:00,core-sw-01,port-id7429,server-uplink,297337257.12515336,164354348.46938506,49094.391068890545,22396.743630454916,802.6367034759809,0.017074026291802342,0.027043976355603634
M1,2026-03-04 10:00:00,core-sw-01,port-id7429,server-uplink,279380470.42518365,157956199.51777434,46082.11254341863,21559.02530270249,803.4552792688133,0.017215399106827636,0.02947709012442985
M1,2026-03-04 10:05:00,core-sw-01,port-id7429,server-uplink,278373746.6323103,157230027.06192502,47338.62308723012,21568.304211988892,794.0237690067306,0.016773544980454944,0.02861439853527398
M1,2026-03-04 10:10:00,core-sw-01,port-id7429,server-uplink,296336279.8322953,166699566.151071,48523.85280689112,22483.661906183028,825.651606888574,0.016534392735773444,0.027568334473775543
M1,2026-03-04 10:15:00,core-sw-01,port-id7429,server-uplink,284131159.766905,162660743.5037996,44954.242457944405,21629.270833071714,827.831993613365,0.017723615842211007,0.0292222982004066
M1,2026-03-04 10:20:00,core-sw-01,port-id7429,server-uplink,294011964.39741105,164585852.952723,47952.25557783837,22476.117058506057,802.6115133862752,0.01633543082739426,0.02823568021213347
M1,2026-03-04 10:25:00,core-sw-01,port-id7429,server-uplink,292444515.4286206,161640206.9738637,48291.687116034605,22288.611037804185,786.7918429289736,0.01609616574804118,0.028207224492705737
M1,2026-03-04 10:30:00,core-sw-01,port-id7429,server-uplink,276032434.492826,156550473.14931935,44814.77834211351,21040.015396548722,826.3163891818962,0.017826484701820067,0.03125182559388835
M1,2026-03-04 10:35:00,core-sw-01,port-id7429,server-uplink,281764520.06409395,155885393.45219088,46193.934122929364,21136.328395118166,799.456759630004,0.017481409716996285,0.029155105420237047
M1,2026-03-04 10:40:00,core-sw-01,port-id7429,server-uplink,273616888.65987056,150868268.58205006,45343.25385635206,20466.65916484785,821.4249088631174,0.017580687044914427,0.03123685096233354
M1,2026-03-04 10:45:00,core-sw-01,port-id7429,server-uplink,291525523.47492045,160373673.7062612,48186.63131074657,22072.146982039107,805.1085924082367,0.01682123655383778,0.028766640904162588
M1,2026-03-04 10:50:00,core-sw-01,port-id7429,server-uplink,273148195.0840541,156229036.21746844,45932.95857236511,21870.031245701368,782.7512274562827,0.01723135944477211,0.029421552122556635
M1,2026-03-04 10:55:00,core-sw-01,port-id7429,server-uplink,293930294.897457,165962361.80612168,48862.982204026965,23207.638218166077,789.7267280201387,0.016226225280426738,0.02683863457945632
M1,2026-03-04 11:00:00,core-sw-01,port-id7429,server-uplink,298741835.2420058,168976280.58187208,48747.364147426015,23146.84661208746,824.3201998084016,0.016264871108883538,0.02687126579819708
M1,2026-03-04 11:05:00,core-sw-01,port-id7429,server-uplink,278396178.69815844,154981977.5008046,46294.414827095046,21456.786363245617,781.1037269158894,0.01644090616397213,0.028157524721150653
M1,2026-03-04 11:10:00,core-sw-01,port-id7429,server-uplink,280774272.1262657,156548817.72522497,46119.244466034026,21187.258275706205,782.1893269831696,0.01806889092807483,0.028717349744638323
M1,2026-03-04 11:15:00,core-sw-01,port-id7429,server-uplink,284203455.2096489,164000065.32767045,46671.096974733984,21670.548278247505,843.7627595425977,0.017050342760408194,0.029419798622780515
M1,2026-03-04 11:20:00,core-sw-01,port-id7429,server-uplink,275545296.77057123,153555472.91375116,45028.351225227954,20545.938703370186,758.4048465092513,0.017712096415612732,0.030062312255472082
M1,2026-03-04 11:25:00,core-sw-01,port-id7429,server-uplink,285108315.232686,157700572.07604423,47788.25531930192,21265.385593496954,790.0376391028167,0.017131011566873938,0.02877019601353282
M1,2026-03-04 11:30:00,core-sw-01,port-id7429,server-uplink,297260844.150512,161283019.96842295,49792.1833195902,22207.072257466687,763.3792540813039,0.016130862266372295,0.027418178572145787
M1,2026-03-04 11:35:00,core-sw-01,port-id7429,server-uplink,279806406.31329256,159340998.2326897,47429.67213222568,22471.627216675737,773.1211518000347,0.01695854945731614,0.02701987150666865
M1,2026-03-04 11:40:00,core-sw-01,port-id7429,server-uplink,270213010.8746415,151528629.94614577,43603.991042255715,20157.21924129738,850.991952441045,0.018723610142494518,0.030851485903172843
M1,2026-03-04 11:45:00,core-sw-01,port-id7429,server-uplink,275925811.8621803,154664038.5603057,45895.48463867503,20732.25284209197,770.0612436027847,0.017259574159290948,0.029542771543240535
M1,2026-03-04 11:50:00,core-sw-01,port-id7429,server-uplink,296689422.64286715,166500880.63414934,49065.58204609428,22743.51317053935,772.4105264155048,0.016039347782965688,0.02876032720757749
M1,2026-03-04 11:55:00,core-sw-01,port-id7429,server-uplink,277936069.4256946,157473090.39904588,45910.090640910246,21595.642643202085,807.2361887962836,0.01705099864700511,0.030828153839830782
M1,2026-03-04 12:00:00,core-sw-01,port-id7429,server-uplink,277747713.4992032,154256140.80610073,47191.39806538647,21625.485152701545,774.2890757025938,0.016639088895675214,0.02798952928095405
M1,2026-03-04 12:05:00,core-sw-01,port-id7429,server-uplink,284365317.0717393,163172040.03783506,46363.79020505482,22415.423405765163,837.9176705660528,0.016698877956764144,0.02812807301740509
M1,2026-03-04 12:10:00,core-sw-01,port-id7429,server-uplink,281701899.55642664,158872056.12162045,46302.294104255285,21268.106021555133,834.319906484168,0.01634158876631454,0.028825177694702064
M1,2026-03-04 12:15:00,core-sw-01,port-id7429,server-uplink,278395879.6483966,156323989.28069258,44709.306035271286,21110.115555979493,830.1130200056929,0.018033219244574922,0.02971407386079691
M1,2026-03-04 12:20:00,core-sw-01,port-id7429,server-uplink,266420702.29359815,150655969.85758686,44451.075677711975,20572.688521253483,776.6792115834072,0.0180978841673999,0.030327857624893713
M1,2026-03-04 12:25:00,core-sw-01,port-id7429,server-uplink,270383579.11436826,153132151.7446492,43893.74794803485,20748.501291161756,816.9906406814032,0.018278908662581937,0.031409542554430896
M1,2026-03-04 12:30:00,core-sw-01,port-id7429,server-uplink,291091754.4793474,162706610.77740067,48131.03978500774,21771.485623092016,834.0782911616567,0.017294294288793984,0.0283022028349677
M1,2026-03-04 12:35:00,core-sw-01,port-id7429,server-uplink,296085156.4175696,163979433.01591614,49112.82598299647,22296.32677417889,797.0919757484688,0.015281111044173087,0.027769350856853465
M1,2026-03-04 12:40:00,core-sw-01,port-id7429,server-uplink,309910273.08250153,174029481.75687724,52777.35426895619,24455.608134447742,795.2386117827537,0.014944554551405715,0.026730184794825564
M1,2026-03-04 12:45:00,core-sw-01,port-id7429,server-uplink,296569809.9304233,165715166.02592477,48916.01618832189,22669.909397687108,806.5315004605915,0.0164716813424055,0.027556553385023195
M1,2026-03-04 12:50:00,core-sw-01,port-id7429,server-uplink,287967403.2271076,162583770.62452048,46038.024977076755,21592.666451933324,839.7859893761652,0.016562599187868763,0.0293844137692907
M1,2026-03-04 12:55:00,core-sw-01,port-id7429,server-uplink,287566944.4179752,163037233.1284732,47565.40463880847,22367.944588124916,795.9259047525284,0.016741543571000272,0.028200006238329557
M1,2026-03-04 13:00:00,core-sw-01,port-id7429,server-uplink,283798682.3072933,161401632.617169,46957.00670861091,21864.27763007952,777.8991598356073,0.016606870382008268,0.030637636855585113
M1,2026-03-04 13:05:00,core-sw-01,port-id7429,server-uplink,293092609.0084614,160121731.1890612,49252.387176490985,22078.55306545231,811.7595310007838,0.015933866786303118,0.0284697302451567
M1,2026-03-04 13:10:00,core-sw-01,port-id7429,server-uplink,307972276.6324395,170300554.66129288,49497.17067491803,22990.849565063734,826.0509977558713,0.016041900645642093,0.027515828017470552
M1,2026-03-04 13:15:00,core-sw-01,port-id7429,server-uplink,292823805.21897686,165646662.02006578,47464.466562479276,22384.532106168328,851.6437125643355,0.016774864708424528,0.028686334034479052
M1,2026-03-04 13:20:00,core-sw-01,port-id7429,server-uplink,278119171.9814381,159185957.98871747,46376.165052544326,21803.282033636,783.9126637613878,0.017408945675594163,0.02867523577745742
M1,2026-03-04 13:25:00,core-sw-01,port-id7429,server-uplink,298593837.3749028,162294969.39594847,49512.86473843973,22108.884017356762,813.0904686625285,0.017135429491803363,0.027687771254482997
M1,2026-03-04 13:30:00,core-sw-01,port-id7429,server-uplink,297586851.38259655,163429944.22256625,50231.13124858929,22769.978639647008,783.9040886912973,0.016616755048144388,0.02698812659787676
M1,2026-03-04 13:35:00,core-sw-01,port-id7429,server-uplink,274662474.8539957,155609155.99932435,45145.27291028807,20989.32031884137,827.6726812138603,0.017858410746790537,0.029576138875335972
M1,2026-03-04 13:40:00,core-sw-01,port-id7429,server-uplink,279790294.68744934,157580339.3783164,45730.04021968951,21218.786424987084,830.371115702765,0.01695548910126923,0.02996752166134141
M1,2026-03-04 13:45:00,core-sw-01,port-id7429,server-uplink,271370495.2537246,154385952.05591327,45805.55247051383,21198.13114038178,792.6535616787266,0.017486874051755686,0.03134737987805946
M1,2026-03-04 13:50:00,core-sw-01,port-id7429,server-uplink,275867966.8689612,153227116.8406495,44091.80800776318,20662.002416258594,818.7776705661682,0.017886939959956993,0.03106433767410359
M1,2026-03-04 13:55:00,core-sw-01,port-id7429,server-uplink,290719077.5481879,161164826.36025804,48678.09844760448,21658.71939009273,783.1313724676385,0.0158429174177466,0.02830638519120347
M1,2026-03-04 14:00:00,core-sw-01,port-id7429,server-uplink,271590055.5589041,154951937.14174658,42960.1610526615,20917.893740972486,796.6021015014036,0.01801361362600157,0.03194725531244585
M1,2026-03-04 14:05:00,core-sw-01,port-id7429,server-uplink,274259815.76588756,149326891.02020636,45358.22330925702,20143.729943298476,793.1551953894772,0.0175341313815377,0.03045472068943258
M1,2026-03-04 14:10:00,core-sw-01,port-id7429,server-uplink,266275078.81717703,148917549.56995538,44131.28197056978,20143.39541069323,777.6125418446477,0.01812321749588983,0.03164077311539426
M1,2026-03-04 14:15:00,core-sw-01,port-id7429,server-uplink,285355768.1894088,158070636.8411357,46454.02726799371,21344.57822350879,835.8953797862391,0.0173549166715363,0.03004327699137875
M1,2026-03-04 14:20:00,core-sw-01,port-id7429,server-uplink,274654993.4568454,157576202.24988294,45598.48482180118,21683.696788807305,790.2347844279509,0.01721403563739818,0.028019316896724312
M1,2026-03-04 14:25:00,core-sw-01,port-id7429,server-uplink,296606818.7350316,166789380.01087454,48547.05238110782,22812.129038800624,803.5803912163583,0.016468074135471585,0.02788759075653577
M1,2026-03-04 14:30:00,core-sw-01,port-id7429,server-uplink,278461254.108332,153865341.33848837,47674.109291422894,21348.965428206837,789.1839665491308,0.01697012228841056,0.02868920896921458
M1,2026-03-04 14:35:00,core-sw-01,port-id7429,server-uplink,288508950.1641688,164425056.2524799,45904.204162303206,21686.296425714685,860.9309826772898,0.017657765197993704,0.028833413112503852
M1,2026-03-04 14:40:00,core-sw-01,port-id7429,server-uplink,272406741.9889716,152285261.75305554,45531.92983469013,20603.153307376408,777.6445489818664,0.017337654975826008,0.030001053081487827
M1,2026-03-04 14:45:00,core-sw-01,port-id7429,server-uplink,289604407.7213751,167824757.08210748,49188.92115046625,23374.201254746884,771.4357338499004,0.015579327643418512,0.02681497001519049
M1,2026-03-04 14:50:00,core-sw-01,port-id7429,server-uplink,285311492.93005216,165380534.0522677,47598.52353294513,22350.12049916091,797.4121058541424,0.01604797646762552,0.02850113453902557
M1,2026-03-04 14:55:00,core-sw-01,port-id7429,server-uplink,288043731.6546062,161224010.90478238,47218.1039176278,22211.06694208801,851.6551535565022,0.016435435790376145,0.029463070468138834
M1,2026-03-04 15:00:00,core-sw-01,port-id7429,server-uplink,292303794.6955634,164079806.24386996,47319.80661682859,22314.270852179587,789.3654476273765,0.01734857559114465,0.028879106675791938
M1,2026-03-04 15:05:00,core-sw-01,port-id7429,server-uplink,286471710.78135157,162843770.11153153,47570.93527737915,21861.211121312368,787.3195305794445,0.01750253746525573,0.028393664408439732
M1,2026-03-04 15:10:00,core-sw-01,port-id7429,server-uplink,307955606.6200149,177163762.18878987,51840.10894448425,24376.01215371068,765.9852055989433,0.015631917877893073,0.026466661402477665
M1,2026-03-04 15:15:00,core-sw-01,port-id7429,server-uplink,300513934.63744134,168494981.24112645,49017.71048506248,22943.694947883025,798.7032282573206,0.016376013473679243,0.027500999460000952
M1,2026-03-04 15:20:00,core-sw-01,port-id7429,server-uplink,290798161.49000555,165197279.53914133,47623.87862642124,22841.64106217613,792.2507144820919,0.015731759753953713,0.029072265108786174
M1,2026-03-04 15:25:00,core-sw-01,port-id7429,server-uplink,288849148.49224,158683399.2226277,48028.36206245151,21419.862973237054,793.9561735507771,0.016079091075710154,0.02800192337767562
M1,2026-03-04 15:30:00,core-sw-01,port-id7429,server-uplink,275660079.04847413,155700327.70249748,46051.756674226635,21112.985053855293,826.8863993517544,0.01692821498339297,0.030173306900079216
M1,2026-03-04 15:35:00,core-sw-01,port-id7429,server-uplink,276266700.52238226,155960231.36997318,45940.01602083822,21328.589387434164,795.5710192412384,0.01763186621334673,0.02995870268479771
M1,2026-03-04 15:40:00,core-sw-01,port-id7429,server-uplink,280354524.3241178,160716812.96715346,45429.14730872508,21863.675630861948,826.9427361789777,0.01756902002099866,0.029998794952266046
M1,2026-03-04 15:45:00,core-sw-01,port-id7429,server-uplink,281518641.7168544,154857866.8000743,45947.179993087964,21381.916704359406,826.9120920563676,0.017128052398339543,0.028470830132077
M1,2026-03-04 15:50:00,core-sw-01,port-id7429,server-uplink,279138388.7635992,157421581.44972733,45638.28092464898,21336.043409200705,830.3166891063971,0.016994934829648572,0.029609560000736085
M1,2026-03-04 15:55:00,core-sw-01,port-id7429,server-uplink,299631127.83346266,168303821.7961888,49746.18237787942,22698.39417998721,786.1471730586575,0.016438640130170126,0.027784120139396896
M1,2026-03-04 16:00:00,core-sw-01,port-id7429,server-uplink,285308436.8051118,159781804.28564313,47177.93919811481,21694.463167624624,786.0631342564993,0.017875961914113968,0.02842362928383908
M1,2026-03-04 16:05:00,core-sw-01,port-id7429,server-uplink,290454550.57340145,162335976.04489207,47629.35069926568,22410.689851134255,809.1408713189164,0.016463884353366667,0.027389036520719473
M1,2026-03-04 16:10:00,core-sw-01,port-id7429,server-uplink,281743439.3311998,158884406.9898956,46700.07435145925,21692.530033820407,849.9176482458934,0.016505087160637897,0.02759749275168552
M1,2026-03-04 16:15:00,core-sw-01,port-id7429,server-uplink,282615885.0828082,161773352.14855257,46179.300852462366,21634.21640008954,801.4326089760928,0.016432511920590157,0.029020954458780068
M1,2026-03-04 16:20:00,core-sw-01,port-id7429,server-uplink,287764963.96389914,163770200.18045577,48132.513405776466,22323.541937444315,807.0551154985017,0.016534305494553703,0.02744490340347363
M1,2026-03-04 16:25:00,core-sw-01,port-id7429,server-uplink,268324310.01281345,148317817.32213774,44528.30867575986,20596.69125373823,781.7337638965248,0.016905754716968657,0.031038590018033968
M1,2026-03-04 16:30:00,core-sw-01,port-id7429,server-uplink,285678207.8170339,159842211.22534782,47180.45921933866,21624.02558929289,819.8121340954241,0.016942551933899153,0.02973708462397059
M1,2026-03-04 16:35:00,core-sw-01,port-id7429,server-uplink,279818665.9910617,158818098.89604956,44816.642213672545,20996.038124495837,804.6525498952449,0.017264149073949343,0.03072196240808544
M1,2026-03-04 16:40:00,core-sw-01,port-id7429,server-uplink,261455265.49290252,148238302.19226822,42804.142644058076,19851.469179518786,776.6597937465978,0.01835613422470679,0.031317062098935027
M1,2026-03-04 16:45:00,core-sw-01,port-id7429,server-uplink,275299674.229377,155289253.06528825,46107.27304931012,21425.18910932854,800.2114982595799,0.016770507148129436,0.028388810398950113
M1,2026-03-04 16:50:00,core-sw-01,port-id7429,server-uplink,277330761.448547,152245491.59748703,45317.912355338,20561.888746250046,802.4278696289012,0.017219716485775676,0.029371708525631243
M1,2026-03-04 16:55:00,core-sw-01,port-id7429,server-uplink,291166155.4273789,163185534.48626626,47128.82624066576,22096.836466734607,810.8826824870437,0.016226476862714948,0.028020636917896486
M1,2026-03-04 17:00:00,core-sw-01,port-id7429,server-uplink,270748048.20428145,153150472.7802273,44366.869394468005,20812.28517658644,824.0405912304824,0.018097893067028515,0.02947999982779293
M1,2026-03-04 17:05:00,core-sw-01,port-id7429,server-uplink,267595756.03230384,151856546.3262757,44781.83355876278,21204.989978393085,778.0348177983142,0.017307786368596787,0.029164017767758538
M1,2026-03-04 17:10:00,core-sw-01,port-id7429,server-uplink,286332469.0919448,158289166.52128735,47023.8719450152,21364.571086238087,832.6343846333242,0.016632536250519768,0.027801519128808218
M1,2026-03-04 17:15:00,core-sw-01,port-id7429,server-uplink,267166386.11232775,151335083.80349275,43237.093134207,20378.405573810625,826.1653363412685,0.017056159384772136,0.030120426546760563
M1,2026-03-04 17:20:00,core-sw-01,port-id7429,server-uplink,282882369.824284,161678672.2602588,47583.95422769559,22265.18083697256,781.8151446092124,0.016581694490989413,0.02773279921105999
M1,2026-03-04 17:25:00,core-sw-01,port-id7429,server-uplink,276484327.94085,155609701.25340766,45117.32637295757,21315.587261318047,812.7672184821347,0.0169515845029524,0.029666307764672068
M1,2026-03-04 17:30:00,core-sw-01,port-id7429,server-uplink,264870030.2000416,149516059.35184184,43009.89815829022,19937.796395824105,782.1950022325232,0.018178961113321665,0.030108975380279263
M1,2026-03-04 17:35:00,core-sw-01,port-id7429,server-uplink,279127445.060313,157383946.31599876,46120.68622187539,21324.647533195453,809.2333944401389,0.015931307471056883,0.03005938135797901
M1,2026-03-04 17:40:00,core-sw-01,port-id7429,server-uplink,276378066.8501337,151966947.7328752,44800.63806324912,20463.840389218458,775.3367824441896,0.01650047327985619,0.029929782795229686
M1,2026-03-04 17:45:00,core-sw-01,port-id7429,server-uplink,268104320.76983538,151896930.75038278,44746.74013230171,21273.886729148264,796.4460955385838,0.01713001497114724,0.029919927582826838
M1,2026-03-04 17:50:00,core-sw-01,port-id7429,server-uplink,279880798.915502,158277545.78565675,45764.20077445116,21840.540791443374,813.7793375791945,0.01702817159156836,0.027161238130062694
M1,2026-03-04 17:55:00,core-sw-01,port-id7429,server-uplink,260358958.4546632,144881102.3221794,42460.478423807304,19913.87343708645,836.4991202650684,0.017524734004615516,0.02993506452521309
M1,2026-03-04 18:00:00,core-sw-01,port-id7429,server-uplink,253987937.0291858,139934437.5573449,41683.71882383054,18925.776853914747,811.5605654816648,0.01816289902505594,0.03058717269463591
M1,2026-03-04 18:05:00,core-sw-01,port-id7429,server-uplink,260588235.47066134,146756232.35096353,44252.94350959895,20303.902827390226,813.9436198886763,0.016906655854817838,0.028005162614352493
M1,2026-03-04 18:10:00,core-sw-01,port-id7429,server-uplink,261401177.12419805,150050134.79827642,43057.69134627188,20286.022689308622,803.7606941692776,0.017068495260483662,0.02935272388545714
M1,2026-03-04 18:15:00,core-sw-01,port-id7429,server-uplink,261394055.84817427,145632144.0661183,43349.17379939969,19886.68947251262,823.0991331313758,0.016755027477063283,0.028873670057480174
M1,2026-03-04 18:20:00,core-sw-01,port-id7429,server-uplink,250197477.47176242,142042170.46953234,41415.620029627455,19425.242219630563,836.4623222522731,0.017204282054441758,0.03069433625427182
M1,2026-03-04 18:25:00,core-sw-01,port-id7429,server-uplink,264025537.21993467,149358559.92560953,44432.320553898746,20613.262453862895,850.2321384431435,0.017795027917467787,0.02674329110463832
M1,2026-03-04 18:30:00,core-sw-01,port-id7429,server-uplink,248377416.66986522,138553854.08091694,40306.18144615198,18808.773941883563,842.8848285930665,0.017601864281014273,0.02950452253831146
M1,2026-03-04 18:35:00,core-sw-01,port-id7429,server-uplink,258983234.93764275,140981243.06947,42397.15608591155,19184.032028184596,803.1933350667099,0.017249925543965476,0.028707999233194385
M1,2026-03-04 18:40:00,core-sw-01,port-id7429,server-uplink,246481885.9886553,135802641.58974457,41640.54907890047,18539.392988471398,800.2162814997669,0.017310644660051347,0.02981844086580249
M1,2026-03-04 18:45:00,core-sw-01,port-id7429,server-uplink,236570876.21822888,129579761.54286252,38961.66750904702,17808.43059899018,826.4522249753576,0.01718792117077919,0.03118990310725054
M1,2026-03-04 18:50:00,core-sw-01,port-id7429,server-uplink,235358998.92817438,132735716.37867573,39683.66691198733,18602.734208930382,773.5714851740026,0.01694505028070638,0.029693703303903234
M1,2026-03-04 18:55:00,core-sw-01,port-id7429,server-uplink,227570824.92227325,127950988.80827548,36607.54360611343,16823.381619549593,833.2252890404459,0.01832865826483364,0.03165629953676705
M1,2026-03-04 19:00:00,core-sw-01,port-id7429,server-uplink,258151237.40460324,146166282.31934202,42312.85412273633,20291.087614994052,814.4642746576673,0.015466178149011888,0.02676961832668137
M1,2026-03-04 19:05:00,core-sw-01,port-id7429,server-uplink,234039544.28993994,135674217.66762632,39773.14801877547,18507.81901128337,775.4323004874271,0.0161464262392326,0.027893747835445508
M1,2026-03-04 19:10:00,core-sw-01,port-id7429,server-uplink,235077896.30092096,127432646.17438702,38322.75115129084,16933.796020885344,797.082187485578,0.01690078862063658,0.030544065615761104
M1,2026-03-04 19:15:00,core-sw-01,port-id7429,server-uplink,244179612.83623856,134231160.38714567,39037.89619951418,18170.758263269552,812.7108096526765,0.01610117539705529,0.02875308399870336
M1,2026-03-04 19:20:00,core-sw-01,port-id7429,server-uplink,243603339.51610962,133005174.36008143,39077.81586049661,17864.490031496953,822.6962815295046,0.016509478264829344,0.027252968472618502
M1,2026-03-04 19:25:00,core-sw-01,port-id7429,server-uplink,218061494.90388253,123376539.83630885,35499.885728447596,17065.51782725897,787.1697896960744,0.016876422196569835,0.029010711490671522
M1,2026-03-04 19:30:00,core-sw-01,port-id7429,server-uplink,198175948.27207974,106916011.01406513,32270.56689101861,14112.37435826264,885.0227861448749,0.018332180629767294,0.030627874429980106
M1,2026-03-04 19:35:00,core-sw-01,port-id7429,server-uplink,191153241.78637084,109909462.71460915,31635.049541121003,14767.517666350834,770.057930258422,0.017655488053115273,0.030489053927655503
M1,2026-03-04 19:40:00,core-sw-01,port-id7429,server-uplink,178256027.8634566,98803435.79712324,29015.490968969647,13452.86631956352,816.8715419257801,0.01991667025332394,0.03395312904490238
M1,2026-03-04 19:45:00,core-sw-01,port-id7429,server-uplink,194631748.1126049,114037392.74340568,31283.4808764916,15215.708875014185,820.5690001902633,0.018307715462744383,0.028632451135353253
M1,2026-03-04 19:50:00,core-sw-01,port-id7429,server-uplink,191558981.35391736,106363964.26583098,30838.993111039446,14315.310125311657,848.9142253707575,0.017334095729802265,0.03158175973692265
M1,2026-03-04 19:55:00,core-sw-01,port-id7429,server-uplink,174049503.71095955,100204470.19662392,29619.267852226927,13794.604645859188,781.8920708428936,0.01799161782938096,0.02817603307679483
M1,2026-03-04 20:00:00,core-sw-01,port-id7429,server-uplink,176226267.6108253,101521978.41708602,29017.417230584495,13836.575343077708,777.3597747074456,0.016876529018012527,0.031077623672990547
M1,2026-03-04 20:05:00,core-sw-01,port-id7429,server-uplink,163154262.3284033,93233297.5315958,26606.297128758917,12332.841911511588,825.866614443766,0.01904397944814101,0.03054190158761841
M1,2026-03-04 20:10:00,core-sw-01,port-id7429,server-uplink,157461331.4371859,89851783.30083968,26023.24417300694,11982.693893820837,862.4881426897973,0.019003601184597676,0.03176865992202271
M1,2026-03-04 20:15:00,core-sw-01,port-id7429,server-uplink,166144548.92141774,93916268.213993,27206.5932321551,12589.58672969492,793.2713433835287,0.016856211939132372,0.028437373029591054
M1,2026-03-04 20:20:00,core-sw-01,port-id7429,server-uplink,146048391.78300518,85317962.79410109,23456.23403683254,11346.138507883843,819.9286833999905,0.01837071056663347,0.03228994171090596
M1,2026-03-04 20:25:00,core-sw-01,port-id7429,server-uplink,155213417.0770677,86897158.5425973,26088.20397180584,12101.613559646432,797.6262131985316,0.016467483453032495,0.027955158898087275
M1,2026-03-04 20:30:00,core-sw-01,port-id7429,server-uplink,156103505.15053472,89215856.80591558,25283.025486076738,11860.854572171143,815.7046508649379,0.01646903225304021,0.027874177181290052
M1,2026-03-04 20:35:00,core-sw-01,port-id7429,server-uplink,128748805.30836384,73310167.31610578,21317.747276356342,9791.831599323896,873.682580187717,0.018360740148160692,0.03117157609452695
M1,2026-03-04 20:40:00,core-sw-01,port-id7429,server-uplink,137148353.87829718,77133010.92775755,23035.251483274704,10437.732526652688,804.2768813101931,0.01658026422052596,0.029775101529661795
M1,2026-03-04 20:45:00,core-sw-01,port-id7429,server-uplink,128292091.7299474,72780059.86387166,20954.410332980402,9672.106439178428,816.9869221434702,0.018436620913736004,0.030044151556558756
M1,2026-03-04 20:50:00,core-sw-01,port-id7429,server-uplink,127617939.24260291,72472387.89619607,20790.99385251547,9696.236499638173,805.9117832000327,0.01692455265405917,0.029383736614684
M1,2026-03-04 20:55:00,core-sw-01,port-id7429,server-uplink,108827502.79301204,63716785.03954323,17635.907010997526,8702.161661354663,842.8126406747012,0.018803223334755332,0.033660829498248564
M1,2026-03-04 21:00:00,core-sw-01,port-id7429,server-uplink,128106759.0106328,71614282.13777368,21685.62286517524,9777.143880927992,822.4124119394719,0.014851139228298008,0.026292176210262832
M1,2026-03-04 21:05:00,core-sw-01,port-id7429,server-uplink,117076031.68347634,63664455.1089813,19239.64387616886,8844.590138029675,811.8368835189989,0.01670077270820168,0.029549568259922637
M1,2026-03-04 21:10:00,core-sw-01,port-id7429,server-uplink,118585440.55894311,61360053.5645447,19577.693049448415,8400.425592182162,823.4251699632924,0.016813663314096595,0.029648782554014402
M1,2026-03-04 21:15:00,core-sw-01,port-id7429,server-uplink,107733423.03974596,62002375.223937765,17748.38306361125,8326.800932402073,816.20956488285,0.01763962448061054,0.030120748691953372
M1,2026-03-04 21:20:00,core-sw-01,port-id7429,server-uplink,101639486.75932099,54406399.868134335,16605.275348540952,7175.016328067287,820.6195113432578,0.0180821846706057,0.03094929667033934
M1,2026-03-04 21:25:00,core-sw-01,port-id7429,server-uplink,96201935.34855327,49920196.71572297,15409.93663779356,6823.438187843843,844.2425837433392,0.01875091116664042,0.032927732235562876
M1,2026-03-04 21:30:00,core-sw-01,port-id7429,server-uplink,82117206.28519033,43928885.82369028,13248.472065043952,5713.7586999520245,825.76968801409,0.021886676464243804,0.038223734715237045
M1,2026-03-04 21:35:00,core-sw-01,port-id7429,server-uplink,87509169.32387528,49752731.168257356,14413.983768419808,6734.292873817211,805.7277701475899,0.018860082071108814,0.03397034527328342
M1,2026-03-04 21:40:00,core-sw-01,port-id7429,server-uplink,123583768.08876729,65530491.393429205,20051.126714689155,8957.185053726475,813.6985948972462,0.014572529378527346,0.024841024389700764
M1,2026-03-04 21:45:00,core-sw-01,port-id7429,server-uplink,86892970.38778657,45086514.97975653,13692.449472769302,5938.730712211532,861.4054965652283,0.02057818521623374,0.03199867781530504
M1,2026-03-04 21:50:00,core-sw-01,port-id7429,server-uplink,87245704.14828375,49352587.77336652,13866.578033754777,6719.685622266924,841.677762954891,0.018245457477519555,0.032607884692745503
M1,2026-03-04 21:55:00,core-sw-01,port-id7429,server-uplink,97685979.55005608,58554385.600229844,16490.268392040667,8083.798864480802,836.913359328222,0.015361887812233967,0.026394374239169162
M1,2026-03-04 22:00:00,core-sw-01,port-id7429,server-uplink,73012773.95754862,37436361.19564616,11943.761682604125,4920.288846558764,827.5707289581238,0.0218932608836585,0.03671391177024323
M1,2026-03-04 22:05:00,core-sw-01,port-id7429,server-uplink,91633072.12056385,51655896.07717157,14599.19549981559,7019.87460798701,811.5841024871223,0.017268903338606825,0.02998845478593898
M1,2026-03-04 22:10:00,core-sw-01,port-id7429,server-uplink,81031946.92612223,44803423.27542162,13519.787637628002,6224.70081196675,774.3546644593772,0.018889504687116147,0.03125660324017547
M1,2026-03-04 22:15:00,core-sw-01,port-id7429,server-uplink,75411047.74071643,41521394.899471596,12407.616413262747,5735.810902665044,797.6142275793056,0.01937267102373282,0.03249172277611827
M1,2026-03-04 22:20:00,core-sw-01,port-id7429,server-uplink,82561701.47919695,45062936.99574008,13994.007972596635,6037.039804084057,791.6755244048521,0.017179880404746193,0.029766405444624822
M1,2026-03-04 22:25:00,core-sw-01,port-id7429,server-uplink,87393265.58855651,44391515.311031595,14644.539494053979,6305.163863072336,786.8025409925657,0.0169627095446209,0.02788103594469298
M1,2026-03-04 22:30:00,core-sw-01,port-id7429,server-uplink,91003964.65415773,52707358.61233867,15113.975086380187,7043.274439662655,848.8525145738159,0.015397940735085327,0.026410517368498348
M1,2026-03-04 22:35:00,core-sw-01,port-id7429,server-uplink,86604880.76464026,49012098.60849137,14041.653908779477,6588.993409931191,806.741542898402,0.016012539701824716,0.028123560139101614
M1,2026-03-04 22:40:00,core-sw-01,port-id7429,server-uplink,86256781.42081098,48447871.57158691,13959.239702113811,6518.049163190881,819.6992054387207,0.016433318933983657,0.02837172671403554
M1,2026-03-04 22:45:00,core-sw-01,port-id7429,server-uplink,100813165.47732839,53841089.91137459,16929.5751115538,7331.016858883932,796.7218824291448,0.013711917917230981,0.022942300728890815
M1,2026-03-04 22:50:00,core-sw-01,port-id7429,server-uplink,98744458.790369,56107907.74222321,16638.303158440056,7757.519364243482,765.5314892678558,0.013609792134769613,0.02307273212036743
M1,2026-03-04 22:55:00,core-sw-01,port-id7429,server-uplink,78199227.63639776,47537401.09556164,13222.191458371355,6524.094821760505,818.9410746242534,0.01658938311801837,0.027846387599044176
M1,2026-03-04 23:00:00,core-sw-01,port-id7429,server-uplink,83518168.48999612,48734403.800963506,13814.8054865562,6660.154363325509,808.005739027955,0.015101087772226917,0.027615563398819695
M1,2026-03-04 23:05:00,core-sw-01,port-id7429,server-uplink,80712379.06024183,46831120.39505022,13090.73613211943,6554.866690322194,827.5022669989005,0.015817568215728765,0.028303288034929243
M1,2026-03-04 23:10:00,core-sw-01,port-id7429,server-uplink,102874002.50684328,58257758.66661902,16698.485440699864,7754.178160496899,814.865061329724,0.013190977392134888,0.02215945373995009
M1,2026-03-04 23:15:00,core-sw-01,port-id7429,server-uplink,87829656.98433863,47316783.92420911,14299.351013724705,6403.517413974096,786.4235525290793,0.0154264887230597,0.026837464920656313
M1,2026-03-04 23:20:00,core-sw-01,port-id7429,server-uplink,91372111.28964835,53258585.59856074,15509.222434361702,7271.780758148967,805.0238000044882,0.01391840585479967,0.02344693712714529
M1,2026-03-04 23:25:00,core-sw-01,port-id7429,server-uplink,86095448.30544968,47090870.06063312,14042.760575351838,6401.442605752365,805.1139977479689,0.01603192831341603,0.026819812538335795
M1,2026-03-04 23:30:00,core-sw-01,port-id7429,server-uplink,85217232.92047696,47459019.48506685,14295.77361476856,6821.809805901092,777.9716885242816,0.01519247033668691,0.024203665638867836
M1,2026-03-04 23:35:00,core-sw-01,port-id7429,server-uplink,67669893.36034901,39918770.897020064,10737.05148378745,5381.56328227415,862.2242021141454,0.018946363749547234,0.032319940903654816
M1,2026-03-04 23:40:00,core-sw-01,port-id7429,server-uplink,94277428.9728651,54309980.26698277,15440.749699029991,7187.506919846409,796.0417512843703,0.013908754270602751,0.024323476917244593
M1,2026-03-04 23:45:00,core-sw-01,port-id7429,server-uplink,65686380.36287514,38230489.220192894,10994.894290504693,5277.871226188832,807.3205388027013,0.01989887112333014,0.03282649829145742
M1,2026-03-04 23:50:00,core-sw-01,port-id7429,server-uplink,68725576.64217415,37988965.17921173,11231.39245006594,5109.946607625281,815.1677948833793,0.019752371393990272,0.03205003659618118
M1,2026-03-04 23:55:00,core-sw-01,port-id7429,server-uplink,85448205.2882371,45689289.59955197,13975.037564651115,6131.458600042718,829.7825208753746,0.01598270717326237,0.027104725111031406
M2,2026-03-02 00:00:00,core-sw-01,port-id7429,server-uplink,81328811.20233628,42367805.143035546,13557.012411002519,5911.13010165549,783.9945524972188,0.01583786367570826,0.026208904523062106
M2,2026-03-02 00:05:00,core-sw-01,port-id7429,server-uplink,89750594.04714395,49645101.01505677,15060.936212489665,6696.8794348353495,810.6266484421151,0.0144789469710885,0.023848971187130443
M2,2026-03-02 00:10:00,core-sw-01,port-id7429,server-uplink,84076511.27336662,48890037.56166733,13518.588359808607,6523.884352734496,832.6187499337256,0.01499417263552819,0.024549857610114596
M2,2026-03-02 00:15:00,core-sw-01,port-id7429,server-uplink,93668628.30173612,53533682.57464811,15584.54310924733,7224.472031874171,800.8301205635022,0.013251821193056164,0.02235572579162532
M2,2026-03-02 00:20:00,core-sw-01,port-id7429,server-uplink,65574946.677828364,39924866.843489185,10444.152286891329,5392.028965674271,858.5792187043179,0.019582689347103558,0.032635681596735924
M2,2026-03-02 00:25:00,core-sw-01,port-id7429,server-uplink,97752060.55123414,52886609.21288759,15788.676531531886,7151.036294429085,828.8116869269527,0.0138133689035139,0.02257637770539821
M2,2026-03-02 00:30:00,core-sw-01,port-id7429,server-uplink,61862964.9508483,34727165.88628927,10194.016860421441,4625.584642036298,812.4028743085859,0.019788501537447017,0.03265516041892096
M2,2026-03-02 00:35:00,core-sw-01,port-id7429,server-uplink,75985168.0420627,38880215.02374638,12367.07655619436,5222.120280603053,805.9531130982856,0.017244180401510927,0.030331974634900293
M2,2026-03-02 00:40:00,core-sw-01,port-id7429,server-uplink,78970355.550823,44206338.79711369,12858.75302717062,5996.88224572358,835.4300523114646,0.016452397008741553,0.028036845412710093
M2,2026-03-02 00:45:00,core-sw-01,port-id7429,server-uplink,101876908.57270716,56944670.32479426,16186.243179337767,7699.992644024463,841.4101227973172,0.012576101636968505,0.02165630025124022
M2,2026-03-02 00:50:00,core-sw-01,port-id7429,server-uplink,85264415.3700794,50429309.44010457,13886.845449915425,6972.462337634106,816.0720879617559,0.015078707532405877,0.02505031073934989
M2,2026-03-02 00:55:00,core-sw-01,port-id7429,server-uplink,49449754.28916876,29249877.00032922,7904.721796696259,3965.864808449272,808.0602779395718,0.02726248512410645,0.04271413557322827
M2,2026-03-02 01:00:00,core-sw-01,port-id7429,server-uplink,76224478.04130533,45203325.16574065,12567.300654804623,6091.487128268235,803.3959487371984,0.016443560365298853,0.027335720523216266
M2,2026-03-02 01:05:00,core-sw-01,port-id7429,server-uplink,75860657.83147264,39318845.57767359,12275.39590073947,5350.900271465624,829.8672085685232,0.01775424094490855,0.031322835175111224
M2,2026-03-02 01:10:00,core-sw-01,port-id7429,server-uplink,56345198.30221387,31431949.312997177,9449.481977065103,4182.266391612809,765.6632947782801,0.022934301527868628,0.038381426670709984
M2,2026-03-02 01:15:00,core-sw-01,port-id7429,server-uplink,68503417.79539025,38084167.59556431,11093.829147895394,5181.21514092884,831.4869368525367,0.018227700445038426,0.033596839092308935
M2,2026-03-02 01:20:00,core-sw-01,port-id7429,server-uplink,69753915.68171816,40838180.686882205,11301.411227392184,5596.847359013569,814.9465779087484,0.018609448430655196,0.030769351621485322
M2,2026-03-02 01:25:00,core-sw-01,port-id7429,server-uplink,61329150.130600706,34735283.24358224,9673.929674149933,4545.252748700952,839.0915196659494,0.021285280598194452,0.0371734694010027
M2,2026-03-02 01:30:00,core-sw-01,port-id7429,server-uplink,74417266.33906926,39972405.22495883,11915.049025826056,5470.194303770731,823.114107712082,0.017924292604848034,0.029327691540220312
M2,2026-03-02 01:35:00,core-sw-01,port-id7429,server-uplink,73420286.21085443,39382530.98913811,12042.081736824104,5624.845199121772,826.476737151038,0.01759641284789695,0.030049658787942697
M2,2026-03-02 01:40:00,core-sw-01,port-id7429,server-uplink,76293303.848486,41924313.69745439,12456.831920963501,5459.543707093666,883.6274796254845,0.017567832399174685,0.028782919456312242
M2,2026-03-02 01:45:00,core-sw-01,port-id7429,server-uplink,78440349.97729002,41996725.641117096,12857.741366257924,5814.530698743327,843.7610798342597,0.01682219452201713,0.028220889032510577
M2,2026-03-02 01:50:00,core-sw-01,port-id7429,server-uplink,76012625.88355874,39782477.9320552,12690.617965475862,5486.157633232592,794.7040211794783,0.01642003654867664,0.028056101130980327
M2,2026-03-02 01:55:00,core-sw-01,port-id7429,server-uplink,80352805.52149363,44581894.57962941,12813.032410221778,5960.7238928151355,840.1391576686659,0.017030831527823736,0.027805512783754198
M2,2026-03-02 02:00:00,core-sw-01,port-id7429,server-uplink,70098154.58227193,40086271.85485527,11628.632154286724,5445.829646486187,818.6455248455119,0.01842375663857163,0.03052373803777563
M2,2026-03-02 02:05:00,core-sw-01,port-id7429,server-uplink,67820511.70393239,39354708.53115294,11213.50358854924,5122.775828202321,837.8875563367949,0.01961485959606133,0.03224170933483088
M2,2026-03-02 02:10:00,core-sw-01,port-id7429,server-uplink,79073326.30151837,44020094.79216445,13205.248926796112,6084.264633812653,779.687915804628,0.015026815959987281,0.027590856591605588
M2,2026-03-02 02:15:00,core-sw-01,port-id7429,server-uplink,77848644.56237863,45788896.477138154,12998.48612968736,6415.635244270422,761.553062463074,0.016047485617284134,0.026256079767469926
M2,2026-03-02 02:20:00,core-sw-01,port-id7429,server-uplink,63148063.38138051,37307007.35133326,9847.91857586881,5068.951331877621,866.5905762178221,0.020744835712997584,0.03463790480765321
M2,2026-03-02 02:25:00,core-sw-01,port-id7429,server-uplink,80286577.0392333,42987899.42687333,13549.336917211567,5702.599012072468,775.7322532162466,0.016569288011088965,0.027431774604015254
M2,2026-03-02 02:30:00,core-sw-01,port-id7429,server-uplink,59171193.938069604,35159602.81390023,9506.903370220742,4542.437515691408,832.1515883072522,0.021602388221327512,0.037412116456897584
M2,2026-03-02 02:35:00,core-sw-01,port-id7429,server-uplink,62770637.98274459,34015734.98620113,10153.689320088426,4694.294507272318,814.0683237086945,0.021008221556209017,0.03486936424963904
M2,2026-03-02 02:40:00,core-sw-01,port-id7429,server-uplink,65073953.46964951,36286885.5031937,10674.825916786753,5005.843763928871,780.7027481251719,0.019733168055016445,0.0327327441289465
M2,2026-03-02 02:45:00,core-sw-01,port-id7429,server-uplink,64434708.16991126,36548133.24427038,10490.304952369599,5216.737506151175,779.2381917398227,0.01912160108289072,0.033295501585325134
M2,2026-03-02 02:50:00,core-sw-01,port-id7429,server-uplink,59543330.77155708,33185604.507357217,10102.733562992886,4581.913056680949,763.3544499698043,0.020422602790752708,0.03588134799385562
M2,2026-03-02 02:55:00,core-sw-01,port-id7429,server-uplink,88631877.47578004,47565073.285656914,14882.94570124824,6625.390527081246,804.2780771289256,0.014209490591974211,0.02431055688078181
M2,2026-03-02 03:00:00,core-sw-01,port-id7429,server-uplink,96393340.40577416,51899209.43558098,15956.708584675906,6967.5590686177375,772.8470005784785,0.013645668225972378,0.02332346362555509
M2,2026-03-02 03:05:00,core-sw-01,port-id7429,server-uplink,86478944.84430322,51488897.39439374,14265.79454301197,6933.12873753493,834.3331330273021,0.014669823068387896,0.025373252087622675
M2,2026-03-02 03:10:00,core-sw-01,port-id7429,server-uplink,88323685.27557236,47118937.182204664,14396.403857579187,6380.918547061089,827.8515581251918,0.015221262209508382,0.025492340094805045
M2,2026-03-02 03:15:00,core-sw-01,port-id7429,server-uplink,76664823.3373791,43457906.69117701,12208.940408735585,5928.007729395868,831.5748065018828,0.01618868973221178,0.029545732912042332
M2,2026-03-02 03:20:00,core-sw-01,port-id7429,server-uplink,80998866.5683891,43689167.11869344,13624.991902913916,6040.91918157612,788.9547748908325,0.015458871483053815,0.027054813615885052
M2,2026-03-02 03:25:00,core-sw-01,port-id7429,server-uplink,90750144.24330762,52208181.18776946,14538.225143973992,7031.4313914789345,846.6736556649273,0.014469155752041005,0.024631302960878423
M2,2026-03-02 03:30:00,core-sw-01,port-id7429,server-uplink,74953327.56224288,46376797.2134155,12555.94427224535,6073.391878529014,832.9056644979023,0.01702683796693455,0.029052138700380897
M2,2026-03-02 03:35:00,core-sw-01,port-id7429,server-uplink,238756992.12445566,300027363.6857364,35090.166113907566,34317.85678022951,962.474261680278,0.004579410166328386,0.00750189119080013
M2,2026-03-02 03:40:00,core-sw-01,port-id7429,server-uplink,232513861.06182984,296773469.2529088,33967.49377377538,33438.888740963965,1016.7005026115334,0.004582398283461484,0.008079947839701875
M2,2026-03-02 03:45:00,core-sw-01,port-id7429,server-uplink,228496762.78264797,294045649.4040151,33962.126729125914,33239.26988157705,942.9748358517006,0.00472585853506715,0.007769017294268223
M2,2026-03-02 03:50:00,core-sw-01,port-id7429,server-uplink,214988123.06252137,284504590.8135364,32360.20659826263,32976.433113823005,948.5926358314307,0.004754437116310874,0.008594249331635483
M2,2026-03-02 03:55:00,core-sw-01,port-id7429,server-uplink,219351747.4112861,292054973.2897276,32142.061455980394,32757.523761099743,979.8217050298723,0.004553744311705719,0.008089202204181408
M2,2026-03-02 04:00:00,core-sw-01,port-id7429,server-uplink,221350635.629096,286747476.60370356,33798.87589707342,32816.5319494327,974.922153549953,0.0046417870212057235,0.00813719731235317
M2,2026-03-02 04:05:00,core-sw-01,port-id7429,server-uplink,223669336.33765414,290784829.5788373,33428.848915920506,33461.053560075474,985.2023007938262,0.00475809803730838,0.008288334392036379
M2,2026-03-02 04:10:00,core-sw-01,port-id7429,server-uplink,230363209.6747944,293687611.2845506,33938.231428986146,32884.17517535701,988.4971242691779,0.004563368359676529,0.008291291722257794
M2,2026-03-02 04:15:00,core-sw-01,port-id7429,server-uplink,217058229.1814663,284692727.9380656,32637.30262436756,32826.909139080184,962.0651157640148,0.004816338974859806,0.008220446948456177
M2,2026-03-02 04:20:00,core-sw-01,port-id7429,server-uplink,230436328.04318506,291162154.8110073,34484.314990382496,33182.36652907631,968.2043615315503,0.004697425374923689,0.008439956047073363
M2,2026-03-02 04:25:00,core-sw-01,port-id7429,server-uplink,221058301.0328345,288665988.5631398,33325.17954446465,32994.69995409038,956.1732512871422,0.00481793614160734,0.008300926682168907
M2,2026-03-02 04:30:00,core-sw-01,port-id7429,server-uplink,231812818.56573787,293414719.6797398,34079.726940795255,33489.73690803664,988.4698835934338,0.004730988943227456,0.00833356038198684
M2,2026-03-02 04:35:00,core-sw-01,port-id7429,server-uplink,223314213.82056963,291085637.2240066,34358.39478729277,33220.82477605674,972.7721451103828,0.004939611047626343,0.008280131880804977
M2,2026-03-02 04:40:00,core-sw-01,port-id7429,server-uplink,216918911.48982978,285590962.5897257,32279.5686795316,31928.799688061008,1002.2018226888715,0.005079720130025348,0.00858542257768339
M2,2026-03-02 04:45:00,core-sw-01,port-id7429,server-uplink,226341698.9547077,290277687.9148754,33592.05209303706,32894.078082078835,980.5083562646339,0.005256046269052542,0.008699837762499328
M2,2026-03-02 04:50:00,core-sw-01,port-id7429,server-uplink,235818707.84042445,294439590.8132165,35487.37002279758,33227.263589399816,953.1468771541158,0.004994330785235924,0.00800933370715393
M2,2026-03-02 04:55:00,core-sw-01,port-id7429,server-uplink,227027197.39017782,292725115.3507246,34109.368132216616,33442.69811312609,945.6534467407121,0.005132999767829225,0.008442430700373336
M2,2026-03-02 05:00:00,core-sw-01,port-id7429,server-uplink,227627245.45335662,287121743.32583034,34315.868984808665,33050.633927674455,968.9007207567732,0.005220076908774048,0.008376746111561953
M2,2026-03-02 05:05:00,core-sw-01,port-id7429,server-uplink,222188989.16067922,293067957.3566348,33271.831109404324,32958.34885990696,963.3658035517996,0.005234416159479252,0.00914602166470479
M2,2026-03-02 05:10:00,core-sw-01,port-id7429,server-uplink,229458706.68651384,291921819.6302719,33459.41287001938,32435.532142322518,948.6451669535525,0.005231214686657746,0.008978519221865303
M2,2026-03-02 05:15:00,core-sw-01,port-id7429,server-uplink,263472378.9967362,308606618.15127987,38711.69219249249,35113.60128140294,947.624434292833,0.004767036976454347,0.008065914904806048
M2,2026-03-02 05:20:00,core-sw-01,port-id7429,server-uplink,226093718.764193,288368354.7490857,33754.21222390071,32648.998159640836,966.2207286908196,0.005621907353298767,0.009373611253297148
M2,2026-03-02 05:25:00,core-sw-01,port-id7429,server-uplink,230491452.7745028,294490203.52541876,34087.49292334271,33443.96617750684,985.0556737960567,0.0054337723294748475,0.00928286818645434
M2,2026-03-02 05:30:00,core-sw-01,port-id7429,server-uplink,249279914.87288892,302631346.43429863,36779.43449546152,33853.052848536994,989.4340038029627,0.005338870429675709,0.009194819279342983
M2,2026-03-02 05:35:00,core-sw-01,port-id7429,server-uplink,249144511.18695638,305187614.3520467,37107.022495474106,34740.82128774298,983.2779301934023,0.005206562172202325,0.008962807011900656
M2,2026-03-02 05:40:00,core-sw-01,port-id7429,server-uplink,88216884.54411118,53852961.42580212,14198.311236592095,7143.598350099,849.2880305413282,0.017924749096537317,0.03234853689727329
M2,2026-03-02 05:45:00,core-sw-01,port-id7429,server-uplink,91758026.70356753,56157750.61612269,15416.61443880352,7762.855084938053,778.0024564130694,0.0170671143463152,0.029888066861807647
M2,2026-03-02 05:50:00,core-sw-01,port-id7429,server-uplink,123168004.52587514,68078155.55155052,20155.41473172631,9333.444530185308,862.2335616163422,0.013502124399935929,0.023383402136796825
M2,2026-03-02 05:55:00,core-sw-01,port-id7429,server-uplink,92887166.2628553,53578654.718542114,15181.272138681996,6972.380688853588,870.1158853917515,0.019265398644529825,0.034106877433422875
M2,2026-03-02 06:00:00,core-sw-01,port-id7429,server-uplink,108463788.20297384,64036637.46129246,17490.937752025082,8512.45562341692,811.4769985907528,0.017012419767101803,0.028647092941056423
M2,2026-03-02 06:05:00,core-sw-01,port-id7429,server-uplink,103191668.86572182,57935658.543487996,16726.410301438267,7969.8993237778095,853.6385363678949,0.017982821568363394,0.030779737358044176
M2,2026-03-02 06:10:00,core-sw-01,port-id7429,server-uplink,96064306.75981638,54296613.12016698,15495.380251400362,7200.684836565081,802.3626759730835,0.020330035088275692,0.034056328325646146
M2,2026-03-02 06:15:00,core-sw-01,port-id7429,server-uplink,102610220.76391612,57941244.61577971,17099.62940920556,7743.08389569338,838.3136826890803,0.018623864396390036,0.03507441618935982
M2,2026-03-02 06:20:00,core-sw-01,port-id7429,server-uplink,128283930.54038534,73052270.33985725,20360.78232556843,9689.139568850786,861.3209082370486,0.01637581533733093,0.029302370131995083
M2,2026-03-02 06:25:00,core-sw-01,port-id7429,server-uplink,142046869.34925538,78328810.01431625,23620.62405254842,10855.165077864855,798.0837930015038,0.014814013292917635,0.025794778650922848
M2,2026-03-02 06:30:00,core-sw-01,port-id7429,server-uplink,137048679.09486663,78159239.29474781,21988.10021926753,10674.926706674423,799.1688051841649,0.016346763512317602,0.028312419281120046
M2,2026-03-02 06:35:00,core-sw-01,port-id7429,server-uplink,124872699.6706814,70499875.66416663,20070.100767757947,9379.87096389623,783.5667892623129,0.018648644555840605,0.033576611720310734
M2,2026-03-02 06:40:00,core-sw-01,port-id7429,server-uplink,138475209.94437075,76079287.81341173,22884.427498325647,10506.105526500813,816.5232090642857,0.016333300469507515,0.03080758318660715
M2,2026-03-02 06:45:00,core-sw-01,port-id7429,server-uplink,153075889.01150867,88681435.5214299,24942.020285372604,11785.446126891755,811.9113075308813,0.01651691612708097,0.02840288491202135
M2,2026-03-02 06:50:00,core-sw-01,port-id7429,server-uplink,145680860.49604467,86697809.89884083,23985.104171933268,11812.372416840462,797.4823490877554,0.018306667814093968,0.03062054686171408
M2,2026-03-02 06:55:00,core-sw-01,port-id7429,server-uplink,171701007.17523623,96171986.41146459,27519.12628902328,12967.731303325842,841.6937609194861,0.015759341171248855,0.02638299033206477
M2,2026-03-02 07:00:00,core-sw-01,port-id7429,server-uplink,129390556.45785584,72798599.10254271,21265.35063240183,9716.305567414254,807.5011470257905,0.02163741718609138,0.03746641193266929
M2,2026-03-02 07:05:00,core-sw-01,port-id7429,server-uplink,184993884.0714819,104913238.8674784,30048.820365977008,14194.943225517876,808.9708953915402,0.015680003350516288,0.02596971341680195
M2,2026-03-02 07:10:00,core-sw-01,port-id7429,server-uplink,159954261.707162,89347656.72715288,25670.02600242956,11886.466332705206,811.7118913413495,0.019767133254258693,0.034542446941379576
M2,2026-03-02 07:15:00,core-sw-01,port-id7429,server-uplink,179493297.44100404,99974689.06728734,29359.8896422528,13490.631870500223,781.1889355537651,0.01770747407178054,0.029982401081187937
M2,2026-03-02 07:20:00,core-sw-01,port-id7429,server-uplink,184008298.85672483,102591559.41182315,31213.239152806087,14166.117247583716,814.0958602526146,0.01709702836863802,0.029222937311673657
M2,2026-03-02 07:25:00,core-sw-01,port-id7429,server-uplink,195987785.7081001,109617036.94523758,32225.68004107822,14912.117543925495,806.4969091723999,0.017416185888276568,0.030133988713906032
M2,2026-03-02 07:30:00,core-sw-01,port-id7429,server-uplink,203542818.05922827,114833333.18796232,33488.005989179626,15928.690123237115,798.7657087582571,0.01661642453310114,0.02730690812744694
M2,2026-03-02 07:35:00,core-sw-01,port-id7429,server-uplink,222764595.92875358,128539361.03863853,36196.860720158045,17032.84862537073,817.2169691902141,0.01586710610910848,0.02832245660494398
M2,2026-03-02 07:40:00,core-sw-01,port-id7429,server-uplink,218105605.73539996,123055532.29808298,34411.85603211744,16227.498828016518,856.6487585260195,0.016436460890185873,0.030241730328703396
M2,2026-03-02 07:45:00,core-sw-01,port-id7429,server-uplink,208471114.3986718,116717888.22265875,34315.50803001758,16015.01794915897,821.5741820667558,0.01775212477397932,0.030750999335443546
M2,2026-03-02 07:50:00,core-sw-01,port-id7429,server-uplink,226924990.67270887,124658330.04869965,36642.144036453166,16914.595449425422,826.7166287568753,0.01688244705153547,0.029239313636387963
M2,2026-03-02 07:55:00,core-sw-01,port-id7429,server-uplink,215790531.5527028,123594365.09557274,35669.27339382378,16855.289867658623,827.4836162857222,0.017423398476299274,0.03128345571231147
M2,2026-03-02 08:00:00,core-sw-01,port-id7429,server-uplink,226431004.47203425,128179192.09677166,36957.33842845,17080.37296960865,849.6178853699814,0.01716380392880394,0.02999245154119755
M2,2026-03-02 08:05:00,core-sw-01,port-id7429,server-uplink,235887967.54279807,132408040.5558184,37124.24484415631,17327.295287732977,846.77110831223,0.018251138063246963,0.03034465697656839
M2,2026-03-02 08:10:00,core-sw-01,port-id7429,server-uplink,250516830.37701645,140348876.23324054,40604.0966724064,18749.92263024567,793.2248329820455,0.016207263250505033,0.02860782283929122
M2,2026-03-02 08:15:00,core-sw-01,port-id7429,server-uplink,240023031.54265597,133202031.02187164,38704.1732585643,17934.922444919423,802.6047928124113,0.018407702341781896,0.029923542720716855
M2,2026-03-02 08:20:00,core-sw-01,port-id7429,server-uplink,254083735.19683063,139524906.13031712,41188.957085204136,19006.588815962707,796.3484737954867,0.017063331254720683,0.028903185084786988
M2,2026-03-02 08:25:00,core-sw-01,port-id7429,server-uplink,249851911.32733625,140745599.53171808,42181.70314273465,19544.745115942493,794.0484911700319,0.01722732947557107,0.028137858991652862
M2,2026-03-02 08:30:00,core-sw-01,port-id7429,server-uplink,262069612.36194354,149460102.09734407,41973.878053208464,19690.81168953894,813.6499120913522,0.0167828361576552,0.029098118023643347
M2,2026-03-02 08:35:00,core-sw-01,port-id7429,server-uplink,273493115.53380734,150776984.01751524,44616.768595944865,20675.4486032988,829.9969674352617,0.015907341729919578,0.0266822221446674
M2,2026-03-02 08:40:00,core-sw-01,port-id7429,server-uplink,267191528.83021638,151046256.24361882,44786.27586064126,20684.193501037807,775.0351813771264,0.016576861467319164,0.027363883236034486
M2,2026-03-02 08:45:00,core-sw-01,port-id7429,server-uplink,266383218.7468625,147828104.73705345,44637.30792699865,20398.623694865437,807.9270798431726,0.01616816575837877,0.02768766596338956
M2,2026-03-02 08:50:00,core-sw-01,port-id7429,server-uplink,262091442.59372708,148276082.88272944,42590.58488148337,20186.78022377317,838.0244871232676,0.017247030572449883,0.02909591230822656
M2,2026-03-02 08:55:00,core-sw-01,port-id7429,server-uplink,275992936.11356294,154916596.8321138,44956.53568694091,20642.805966175336,836.0618098141672,0.016945687044421436,0.029245991225986333
M2,2026-03-02 09:00:00,core-sw-01,port-id7429,server-uplink,258027062.0431176,142753850.69872284,41729.28276328537,19329.361573223476,846.1665201881074,0.01936994908597159,0.03165023342076627
M2,2026-03-02 09:05:00,core-sw-01,port-id7429,server-uplink,281884996.6277916,157929916.24841246,45271.72899333962,21299.893703206984,817.1036055723645,0.01629199184898124,0.029117285734001127
M2,2026-03-02 09:10:00,core-sw-01,port-id7429,server-uplink,277692394.14211214,153840839.64602286,45570.94590792406,20990.291979583522,817.2176763738806,0.017305298264172667,0.02803911658126467
M2,2026-03-02 09:15:00,core-sw-01,port-id7429,server-uplink,270398499.4804428,151940246.22717157,43936.50511824732,20861.60303415344,802.848798508139,0.017532004547403567,0.029260007934160226
M2,2026-03-02 09:20:00,core-sw-01,port-id7429,server-uplink,269536757.40832,148928993.17680693,43821.85224807847,20097.188632134472,817.4463275125061,0.017617790532999663,0.03163700489977835
M2,2026-03-02 09:25:00,core-sw-01,port-id7429,server-uplink,287148352.66999066,159357262.54419512,47209.951654604694,21672.661418341366,811.5526789960314,0.016358096878001112,0.02819581147328753
M2,2026-03-02 09:30:00,core-sw-01,port-id7429,server-uplink,266884049.06551796,148548517.37368253,44869.895833329065,20562.349085339076,769.1026040720533,0.01708558601922748,0.0299216293934587
M2,2026-03-02 09:35:00,core-sw-01,port-id7429,server-uplink,266566735.17249408,153025408.20301193,44972.48496669225,20774.582228694268,788.0206925296213,0.01739688413095417,0.02776793750294536
M2,2026-03-02 09:40:00,core-sw-01,port-id7429,server-uplink,276139905.9793951,153061288.28558004,46048.74543934906,20783.8308884226,811.2840606427889,0.01664389443299193,0.028524456413725044
M2,2026-03-02 09:45:00,core-sw-01,port-id7429,server-uplink,261700530.1846203,146841270.23530367,43182.960100220764,19827.56865038075,821.4133416876572,0.01794955753191528,0.03211200815916286
M2,2026-03-02 09:50:00,core-sw-01,port-id7429,server-uplink,285596885.66725415,161596673.20391667,46566.38168550837,22399.32661495472,794.6178772292186,0.01676873899055466,0.028978626692672937
M2,2026-03-02 09:55:00,core-sw-01,port-id7429,server-uplink,285130870.7663123,159694073.65510145,47057.75192340859,21761.488884198156,807.940062823142,0.016608644107840128,0.028384340026431795
M2,2026-03-02 10:00:00,core-sw-01,port-id7429,server-uplink,277015087.9498938,150309740.22369316,46484.899020541634,20872.07738411302,793.2269979747496,0.016750080395312505,0.028260008477839854
M2,2026-03-02 10:05:00,core-sw-01,port-id7429,server-uplink,272043848.7250034,155866561.332128,43582.6350404148,20557.822130494293,812.0748019862897,0.017777468631413877,0.031010209246082155
M2,2026-03-02 10:10:00,core-sw-01,port-id7429,server-uplink,271224701.93259406,150116292.35647455,43676.12634963814,20087.856358358316,810.6052978738452,0.01855444034472337,0.03109677454232107
M2,2026-03-02 10:15:00,core-sw-01,port-id7429,server-uplink,282179536.6072815,158770585.27360803,44860.628720337845,21345.763496265285,826.4908488079433,0.017218095595396728,0.030526230004328893
M2,2026-03-02 10:20:00,core-sw-01,port-id7429,server-uplink,280255783.338415,154452530.33702832,46114.134888579145,21155.76821431025,828.2131539681576,0.016716540303514146,0.028978923494166774
M2,2026-03-02 10:25:00,core-sw-01,port-id7429,server-uplink,277957205.15452504,154692671.8403736,45585.46903681259,20664.24695601025,862.7470552845238,0.01732878542759603,0.030668657426367252
M2,2026-03-02 10:30:00,core-sw-01,port-id7429,server-uplink,288006673.721988,160405445.6782551,46444.62074788191,21693.91733096756,824.0976621436188,0.01649287076127917,0.029852628227186793
M2,2026-03-02 10:35:00,core-sw-01,port-id7429,server-uplink,261429637.16048992,145107553.137238,42514.57174206146,19672.464723731664,795.0201444810327,0.01930178730102988,0.032398233732467856
M2,2026-03-02 10:40:00,core-sw-01,port-id7429,server-uplink,264052272.10168675,151229265.37538284,43539.68692539715,20570.011187177184,806.0745278180668,0.018946677106834023,0.030668849648700126
M2,2026-03-02 10:45:00,core-sw-01,port-id7429,server-uplink,290640418.78863084,163936269.30266848,48413.009674017914,22291.674541337998,812.4779324329976,0.015954440017040376,0.029380977980469982
M2,2026-03-02 10:50:00,core-sw-01,port-id7429,server-uplink,282022413.4633466,161530662.3036659,46294.98967057279,22788.393023787543,792.9920503802651,0.01658797538521623,0.02799068539403746
M2,2026-03-02 10:55:00,core-sw-01,port-id7429,server-uplink,268238879.69916433,149334747.73525503,44200.44175811068,20453.670964760575,822.5260884240398,0.017862787377241736,0.031103261454431937
M2,2026-03-02 11:00:00,core-sw-01,port-id7429,server-uplink,273734060.7618229,154455387.9575277,46030.76258096802,21411.540291520618,762.2783880980444,0.01713270430274198,0.03024464530809269
M2,2026-03-02 11:05:00,core-sw-01,port-id7429,server-uplink,290864282.14353365,160912405.60969654,48124.884320793106,22278.991257075373,764.8306559009542,0.016153840114008958,0.0280718020252958
M2,2026-03-02 11:10:00,core-sw-01,port-id7429,server-uplink,290720039.57724273,166477494.43627644,48242.906574946675,22984.25352237082,810.4222789931032,0.016687650581488564,0.028878447668247244
M2,2026-03-02 11:15:00,core-sw-01,port-id7429,server-uplink,283914076.0042477,156708658.0457286,46227.84766410124,21162.579290512476,827.8551005137479,0.01752620317524974,0.02980160444543448
M2,2026-03-02 11:20:00,core-sw-01,port-id7429,server-uplink,295992867.68119967,164871628.91929477,51169.85475667343,23278.98649937048,767.1274743993132,0.015404950321171312,0.02850623497108435
M2,2026-03-02 11:25:00,core-sw-01,port-id7429,server-uplink,289732651.88147247,161496193.51148853,48822.75730735699,22063.632464740906,834.8731230658906,0.01592469935483963,0.029034165106002395
M2,2026-03-02 11:30:00,core-sw-01,port-id7429,server-uplink,286957049.29190725,159132495.831151,48217.25148445861,21628.05302174929,815.158479866371,0.016143124754602174,0.028889961399471253
M2,2026-03-02 11:35:00,core-sw-01,port-id7429,server-uplink,291205747.5430387,165168273.19421658,48124.14220895446,22664.523707043572,823.8411415996927,0.017128581634596136,0.02832017052652263
M2,2026-03-02 11:40:00,core-sw-01,port-id7429,server-uplink,287121317.10579234,158874773.7331889,47809.18388174013,21639.65752828356,815.7597952421813,0.01645559746699011,0.02938988105539422
M2,2026-03-02 11:45:00,core-sw-01,port-id7429,server-uplink,303713786.70580566,168693444.88547373,50161.27268738647,23530.86906834182,795.0133465772694,0.015687789268164214,0.02732991890284174
M2,2026-03-02 11:50:00,core-sw-01,port-id7429,server-uplink,282062002.8702308,153364706.62662533,47226.94658854629,21007.44922954134,818.3023338827562,0.016813251413276775,0.029767728621559793
M2,2026-03-02 11:55:00,core-sw-01,port-id7429,server-uplink,279524846.6717041,156597707.19226786,44638.52951996126,20713.53093741557,846.4166082390306,0.01809353664810585,0.030210623252360475
M2,2026-03-02 12:00:00,core-sw-01,port-id7429,server-uplink,294937223.43461674,165696148.6886712,48444.8769270641,22019.99307329179,826.8565509087028,0.016523414880358245,0.028328708451821262
M2,2026-03-02 12:05:00,core-sw-01,port-id7429,server-uplink,265392935.62782797,148675646.4088511,43563.6453836966,20441.408499309193,787.5276174405875,0.018262863038170832,0.0312896460362934
M2,2026-03-02 12:10:00,core-sw-01,port-id7429,server-uplink,268298549.5080286,152973021.2546891,44947.27513496179,21707.397728884083,832.8570856225514,0.016933887542662437,0.030657663224560067
M2,2026-03-02 12:15:00,core-sw-01,port-id7429,server-uplink,291123135.64157593,165103580.66819018,47283.41911593869,22306.990596063126,812.1649197991159,0.016567495236730567,0.027794290227380752
M2,2026-03-02 12:20:00,core-sw-01,port-id7429,server-uplink,282976200.3147317,159593011.23587507,45476.14374513556,21338.773539256566,849.216046680604,0.016742494774654695,0.030596783278893164
M2,2026-03-02 12:25:00,core-sw-01,port-id7429,server-uplink,286040363.57053065,161754590.3100329,47521.72164710193,22513.084680441978,786.7853369500876,0.016130716369173567,0.027118684847990494
M2,2026-03-02 12:30:00,core-sw-01,port-id7429,server-uplink,284936885.65328574,156588692.27563915,47843.77843679259,21159.63703435609,777.0605709201328,0.017258657518182126,0.028306432722398838
M2,2026-03-02 12:35:00,core-sw-01,port-id7429,server-uplink,282234952.86868244,152840235.56093135,46307.68396985579,20694.53120105998,835.9292695270897,0.01751809980104462,0.029461873699002286
M2,2026-03-02 12:40:00,core-sw-01,port-id7429,server-uplink,283074268.30153227,156006534.1849817,45899.43103143888,20979.890305130204,786.8892178186147,0.017446048984258014,0.029039971668931033
M2,2026-03-02 12:45:00,core-sw-01,port-id7429,server-uplink,260362060.50758085,148851220.32432675,41788.22335117847,19930.921451242342,809.8387422960011,0.019011467731516473,0.031191372510194822
M2,2026-03-02 12:50:00,core-sw-01,port-id7429,server-uplink,288814505.7489594,162416601.61479867,48415.34795195965,22595.431108950317,784.4689985665173,0.015934797949722267,0.028423944696330264
M2,2026-03-02 12:55:00,core-sw-01,port-id7429,server-uplink,286767818.44452184,161296310.33704343,48467.25253728393,22109.391874458554,795.2887156442596,0.01723502938341131,0.02816179174193618
M2,2026-03-02 13:00:00,core-sw-01,port-id7429,server-uplink,296199843.02542436,164020461.4724314,49095.0435204393,22333.326528203215,815.4546387402225,0.015777339051266163,0.027726147543057873
M2,2026-03-02 13:05:00,core-sw-01,port-id7429,server-uplink,283507322.864291,159119511.2711235,48524.139958341555,22131.46545428225,769.1115153537055,0.015735615344851732,0.027364622977019467
M2,2026-03-02 13:10:00,core-sw-01,port-id7429,server-uplink,269889086.71452814,148341195.35352638,45385.523958134785,20409.469700800237,830.122989482058,0.018034588401611113,0.030154881663451483
M2,2026-03-02 13:15:00,core-sw-01,port-id7429,server-uplink,280388035.11074996,161941885.53463727,46265.80725796133,22180.342437707743,831.7538141500414,0.016398384559729924,0.028753726753215136
M2,2026-03-02 13:20:00,core-sw-01,port-id7429,server-uplink,282494963.1360125,160871870.6249997,45710.600967459715,21422.483748831164,855.4781489737945,0.017042967484952324,0.029356024519779724
M2,2026-03-02 13:25:00,core-sw-01,port-id7429,server-uplink,299889100.19646543,172423265.46848622,49408.87535290309,23412.332083815265,806.7305988007548,0.01592512398450182,0.02793620414770392
M2,2026-03-02 13:30:00,core-sw-01,port-id7429,server-uplink,295032022.4427255,163308113.50995407,48587.50958355124,22085.23798003505,785.3784653536873,0.015968373920986732,0.028508339541570626
M2,2026-03-02 13:35:00,core-sw-01,port-id7429,server-uplink,291341509.4278154,160398791.52079588,48369.1104207698,22048.91851207406,796.3829548179954,0.01704724250631408,0.027837824242565572
M2,2026-03-02 13:40:00,core-sw-01,port-id7429,server-uplink,275829082.4983706,154510524.02728534,45222.63087809481,20836.650391218573,819.3077033308219,0.018357262541992204,0.029235152785441004
M2,2026-03-02 13:45:00,core-sw-01,port-id7429,server-uplink,267071318.21762624,151921337.08722976,44540.64016222431,21149.65680349193,788.4752854279548,0.01777076419541187,0.031223297363211826
M2,2026-03-02 13:50:00,core-sw-01,port-id7429,server-uplink,283464344.6889583,154881238.9657456,45607.58116713143,20730.619262361695,861.213690876456,0.018124692835497173,0.03081049194078926
M2,2026-03-02 13:55:00,core-sw-01,port-id7429,server-uplink,283075002.3926228,153816419.9632015,46970.24838526424,20849.32139329798,798.7356361707715,0.017321375980406603,0.02922477488137536
M2,2026-03-02 14:00:00,core-sw-01,port-id7429,server-uplink,279204592.3873111,156033220.5161422,45288.426247004136,20513.986701693055,837.6893790221918,0.01844266358129836,0.030552223067828083
M2,2026-03-02 14:05:00,core-sw-01,port-id7429,server-uplink,275733685.4319314,157319729.68718028,43572.64048949209,20810.634363128072,830.9271660353065,0.018587409448274885,0.030109251616609625
M2,2026-03-02 14:10:00,core-sw-01,port-id7429,server-uplink,273568016.49413127,153195814.0332115,46078.67833655547,21464.934312482448,775.001690484997,0.01682223379799078,0.02906347800835975
M2,2026-03-02 14:15:00,core-sw-01,port-id7429,server-uplink,282559069.8980345,155844625.3601728,46668.12180065929,21136.49174418441,789.2146042105238,0.016789698644759397,0.029641927384362915
M2,2026-03-02 14:20:00,core-sw-01,port-id7429,server-uplink,281119133.2244305,158881485.95650706,45933.64604725409,21404.00774523981,823.6503995910598,0.01719452497202524,0.03095676163027385
M2,2026-03-02 14:25:00,core-sw-01,port-id7429,server-uplink,277931337.899579,152996190.47697052,45456.63194144327,20762.600062429217,840.5325297798333,0.016799635860446003,0.029764974229467354
M2,2026-03-02 14:30:00,core-sw-01,port-id7429,server-uplink,281145819.38803035,151520435.91224018,46896.24003127242,20920.02553680627,814.5766336264157,0.017791913470132478,0.028607655151258626
M2,2026-03-02 14:35:00,core-sw-01,port-id7429,server-uplink,275770435.4750254,157931455.63922504,43958.558035796515,21256.71653274974,827.8377646234953,0.017874717977914036,0.029368095231710793
M2,2026-03-02 14:40:00,core-sw-01,port-id7429,server-uplink,287002130.4529582,161274405.6236769,46542.56047092641,21828.362035087895,814.804961027925,0.017493188406439382,0.029049206618761318
M2,2026-03-02 14:45:00,core-sw-01,port-id7429,server-uplink,291314095.2649925,161363929.8129834,46568.235678781704,21628.330440957292,815.4122180089028,0.017256199740840375,0.028088836615953416
M2,2026-03-02 14:50:00,core-sw-01,port-id7429,server-uplink,299808553.82222354,169384351.39761576,49178.83099432071,22824.412859729524,787.2051088930879,0.01662247833564776,0.02943138796913384
M2,2026-03-02 14:55:00,core-sw-01,port-id7429,server-uplink,276421578.0964726,158312378.11940482,45047.83972992005,21589.710634393927,837.8802784102622,0.018206983432502145,0.029660550037219974
M2,2026-03-02 15:00:00,core-sw-01,port-id7429,server-uplink,281663854.674853,157913346.84428886,46398.495200706384,21325.97180002422,805.2979042083758,0.017508391557362266,0.0282184483321083
M2,2026-03-02 15:05:00,core-sw-01,port-id7429,server-uplink,280420099.7011187,157071124.99706417,45218.063198471296,20998.685578575794,808.3371964430276,0.016855203615192084,0.029645757700787298
M2,2026-03-02 15:10:00,core-sw-01,port-id7429,server-uplink,276269024.6306734,152419509.4901698,45712.29982040374,20821.726300417864,805.744017314467,0.017926817339724826,0.028537049351898762
M2,2026-03-02 15:15:00,core-sw-01,port-id7429,server-uplink,290619843.6900659,161723170.31196424,47928.209236308394,22167.758120332044,803.3346686390081,0.01627809493774203,0.028874397849987056
M2,2026-03-02 15:20:00,core-sw-01,port-id7429,server-uplink,294933840.59886,164905078.40119934,48597.0927689285,22857.133084535362,836.0559541806829,0.01600530382249941,0.027957863676054663
M2,2026-03-02 15:25:00,core-sw-01,port-id7429,server-uplink,272569742.3554259,151895882.82979095,43592.3173740629,20143.988835842498,833.4487844637738,0.017867960581944287,0.030461344114711564
M2,2026-03-02 15:30:00,core-sw-01,port-id7429,server-uplink,282124573.2798459,156524927.3214034,46279.91794768245,21420.093751247878,795.1374219110587,0.016088389143901816,0.03006121989296304
M2,2026-03-02 15:35:00,core-sw-01,port-id7429,server-uplink,295507860.1770404,162607292.26233068,47899.107206882945,21823.43705758595,833.0870444425259,0.01665169428543954,0.030868689912669365
M2,2026-03-02 15:40:00,core-sw-01,port-id7429,server-uplink,264789101.0957226,149183700.1587725,44202.71943580334,20457.885993983033,810.8165441302878,0.01715581756982948,0.02934906985941719
M2,2026-03-02 15:45:00,core-sw-01,port-id7429,server-uplink,280947303.12575597,155507838.98541865,45848.75971780308,21038.134314394672,823.3116451753858,0.017653605739561273,0.030187823215931383
M2,2026-03-02 15:50:00,core-sw-01,port-id7429,server-uplink,294160379.68430257,160497377.31860104,48275.608138733536,21683.836482583258,806.6903270373097,0.016880846088437606,0.028494373103052147
M2,2026-03-02 15:55:00,core-sw-01,port-id7429,server-uplink,280793041.2885517,160421226.416074,46250.56404056275,21734.601542898246,819.9637236152514,0.017597893720611855,0.029102961397668447
M2,2026-03-02 16:00:00,core-sw-01,port-id7429,server-uplink,295725182.19565284,165048787.96129915,49323.958745296564,22393.570551478173,796.079077146427,0.016464334285928042,0.02756615767834041
M2,2026-03-02 16:05:00,core-sw-01,port-id7429,server-uplink,299380983.2490499,169166744.90721047,47769.338988293006,22367.063566508124,805.6163726179261,0.016830600057318363,0.028748671866469757
M2,2026-03-02 16:10:00,core-sw-01,port-id7429,server-uplink,284773954.549159,156335361.20282772,47905.768063346855,21298.04362464122,832.3199716489944,0.01603829689301095,0.027838199470269873
M2,2026-03-02 16:15:00,core-sw-01,port-id7429,server-uplink,283380851.9364069,161861801.9170761,47960.49823495496,22766.603526903527,802.1633146921733,0.016232107581375967,0.027372369968131412
M2,2026-03-02 16:20:00,core-sw-01,port-id7429,server-uplink,288380419.1074365,161230143.289135,47500.887769617315,21808.63324733308,765.1902843177976,0.0165849270424815,0.026949148361438607
M2,2026-03-02 16:25:00,core-sw-01,port-id7429,server-uplink,274227333.60625696,154015413.76793045,45585.705937026425,21231.515903429503,793.0956575368148,0.01771595220814669,0.030111764597448548
M2,2026-03-02 16:30:00,core-sw-01,port-id7429,server-uplink,298685231.8543584,167728644.20148373,49939.29269744895,22570.913226932877,769.3765674831247,0.015818114100601192,0.02710152248294552
M2,2026-03-02 16:35:00,core-sw-01,port-id7429,server-uplink,283493125.8974185,157822305.48277774,45908.13127392347,21223.002439729953,790.684142596755,0.01746646708113047,0.028188457471439447
M2,2026-03-02 16:40:00,core-sw-01,port-id7429,server-uplink,284303385.04312,159866671.24024448,46861.66091007111,21869.066251240092,804.1942422371075,0.01647360081491198,0.02866984844353655
M2,2026-03-02 16:45:00,core-sw-01,port-id7429,server-uplink,302816248.9497386,170600977.49205416,50292.00453729236,23493.849046819636,804.1457177481441,0.015532345071405202,0.026810503076534296
M2,2026-03-02 16:50:00,core-sw-01,port-id7429,server-uplink,290499854.3568413,160652223.4046331,48453.94081681986,21938.092475210793,791.4160743937671,0.016390286066676505,0.02932867019442868
M2,2026-03-02 16:55:00,core-sw-01,port-id7429,server-uplink,294360058.4970117,162035134.53016463,47846.59678850942,21756.12828915263,825.8380967546011,0.016842196569905175,0.02847163454775595
M2,2026-03-02 17:00:00,core-sw-01,port-id7429,server-uplink,280397789.4584714,158094259.98536703,46883.851389011674,22068.40500702817,759.4008196373678,0.01686345964421453,0.029121183264937886
M2,2026-03-02 17:05:00,core-sw-01,port-id7429,server-uplink,303916749.4251075,173236827.9098755,49144.8106651889,23314.31370593279,857.3773995862194,0.01596912657054705,0.02641161623222293
M2,2026-03-02 17:10:00,core-sw-01,port-id7429,server-uplink,276541126.9522004,153518694.26851657,44878.93243275056,20907.876583074536,781.2694000307065,0.017155432906150507,0.03104425807222237
M2,2026-03-02 17:15:00,core-sw-01,port-id7429,server-uplink,270134129.5443599,150486539.88310358,44621.4289618087,20612.19970310403,814.1846924573335,0.017345668985313777,0.02807301148647876
M2,2026-03-02 17:20:00,core-sw-01,port-id7429,server-uplink,287355314.4724994,160796777.56726688,46816.294278722744,21530.621616315646,797.8386484708653,0.01690457366710027,0.029167995799387173
M2,2026-03-02 17:25:00,core-sw-01,port-id7429,server-uplink,291682513.72120196,160959774.46117812,47192.390102621306,21522.53105176289,815.2934411012916,0.016848346099968298,0.028123713687425743
M2,2026-03-02 17:30:00,core-sw-01,port-id7429,server-uplink,265795387.15622273,144301588.68415052,42987.96144817982,19166.418403594715,848.6756439764491,0.018828502685561396,0.030861452437726655
M2,2026-03-02 17:35:00,core-sw-01,port-id7429,server-uplink,253307213.3451122,141817941.95878577,41609.9256722852,19182.01008280855,797.8102983568702,0.018747592484904253,0.0304208596256278
M2,2026-03-02 17:40:00,core-sw-01,port-id7429,server-uplink,269305310.27465713,152378574.36954814,43975.80393455513,20465.247829145665,837.1184773289386,0.016880581795606617,0.027848378367652055
M2,2026-03-02 17:45:00,core-sw-01,port-id7429,server-uplink,284017706.9909214,155640227.75801858,47015.22523099747,21473.491482164838,824.985277471341,0.01583694966590496,0.026987097754697473
M2,2026-03-02 17:50:00,core-sw-01,port-id7429,server-uplink,271059109.47656244,151343769.59457982,44591.43890383344,20201.440565720728,829.0948433006394,0.016973220573722185,0.02933769526860793
M2,2026-03-02 17:55:00,core-sw-01,port-id7429,server-uplink,263313435.43568063,146966495.23088506,43082.90723151999,20154.81335758527,837.616755614591,0.018178377106861494,0.02918929296447382
M2,2026-03-02 18:00:00,core-sw-01,port-id7429,server-uplink,274154753.86276156,153429587.3554311,45220.295397447044,20961.94999173602,782.2578958023163,0.017004064749615706,0.029353263317705706
M2,2026-03-02 18:05:00,core-sw-01,port-id7429,server-uplink,261658643.98077264,143940251.52972734,43293.47462002327,19520.93978467647,825.3018535796372,0.01728323106331444,0.028440939889581143
M2,2026-03-02 18:10:00,core-sw-01,port-id7429,server-uplink,271611325.87948805,152242557.65791455,44727.70385913404,20801.512686254773,783.1105878871477,0.016795094029810054,0.027969731890146787
M2,2026-03-02 18:15:00,core-sw-01,port-id7429,server-uplink,270948069.00275016,149392614.82696903,45091.90133159039,20592.10313890945,774.9694060422796,0.01707751122186978,0.028389097992614323
M2,2026-03-02 18:20:00,core-sw-01,port-id7429,server-uplink,252702282.35498056,139994154.1958163,41606.74140767276,18822.4445941886,812.8391270442031,0.017479294983987082,0.029704962029744396
M2,2026-03-02 18:25:00,core-sw-01,port-id7429,server-uplink,277366636.7360745,159458276.3066223,46119.2406147827,21827.263333407278,846.1867812731931,0.015745998731012553,0.026397622617899127
M2,2026-03-02 18:30:00,core-sw-01,port-id7429,server-uplink,241419131.54972625,135213812.81258962,39658.967625096106,18648.42887373105,798.6829249566092,0.017991966285227468,0.03116875840124381
M2,2026-03-02 18:35:00,core-sw-01,port-id7429,server-uplink,249022358.161797,142350114.4493126,40787.42486266674,19583.93493372048,778.4022279561723,0.017215599753142533,0.02991018361380344
M2,2026-03-02 18:40:00,core-sw-01,port-id7429,server-uplink,251054635.95355204,140779676.18280405,40945.92888340291,19381.47202031157,836.1846938548923,0.017203556783850205,0.028696739935345734
M2,2026-03-02 18:45:00,core-sw-01,port-id7429,server-uplink,256874998.53578156,142958415.72415373,42434.55780258082,19767.254885956398,780.5163442296462,0.01618232428146191,0.02722077003545467
M2,2026-03-02 18:50:00,core-sw-01,port-id7429,server-uplink,245829665.27905533,137751800.69965637,40508.07214459847,18458.844978440702,781.0859544185922,0.01772782223468776,0.02896484903469146
M2,2026-03-02 18:55:00,core-sw-01,port-id7429,server-uplink,221536939.66498554,125333024.84460793,36436.75198839504,16785.331847248406,816.8292935600413,0.0177098710745846,0.032591092347047886
M2,2026-03-02 19:00:00,core-sw-01,port-id7429,server-uplink,238374366.89288893,132689096.77742809,39283.2273601378,18006.146311847308,830.8917691153744,0.01667476208818664,0.029034575396063633
M2,2026-03-02 19:05:00,core-sw-01,port-id7429,server-uplink,241403151.56124493,139108377.7357024,39522.24856510758,18790.749247456763,831.6982583237984,0.016318155852271376,0.02736299750855212
M2,2026-03-02 19:10:00,core-sw-01,port-id7429,server-uplink,236026513.69719404,134132355.81554116,38534.15156280753,17922.784952650007,833.4983071257146,0.016742458610681597,0.02726123772719207
M2,2026-03-02 19:15:00,core-sw-01,port-id7429,server-uplink,225872959.08056632,125849024.90841496,35903.06859859234,16533.25638105035,831.8629433511331,0.018000609347668048,0.031280108532523596
M2,2026-03-02 19:20:00,core-sw-01,port-id7429,server-uplink,234373109.74974525,133319600.7651892,37502.25346634908,17671.784245791674,829.9813412463518,0.01706097202224233,0.028046836826341907
M2,2026-03-02 19:25:00,core-sw-01,port-id7429,server-uplink,222737395.41258293,123451010.07536961,35911.05590460732,16506.43665565022,808.9187671538697,0.017355222272981554,0.027680236772089924
M2,2026-03-02 19:30:00,core-sw-01,port-id7429,server-uplink,206218594.34782815,114691753.26392369,34291.42174721564,15827.835505033343,784.5216356462026,0.01709783088150431,0.030306415177359613
M2,2026-03-02 19:35:00,core-sw-01,port-id7429,server-uplink,214857899.23788393,119824230.05232893,35535.0485971691,16452.857703249087,793.057225203213,0.01637274425733652,0.027689854956241194
M2,2026-03-02 19:40:00,core-sw-01,port-id7429,server-uplink,182917259.09764877,102786836.82072587,29681.54241939505,13932.558686758048,830.4208184354655,0.018197760755782527,0.03377200283643174
M2,2026-03-02 19:45:00,core-sw-01,port-id7429,server-uplink,212260333.48672453,121576300.27300826,35503.57875742036,16659.161250191075,776.0794999069353,0.014965161428402249,0.02613207720520191
M2,2026-03-02 19:50:00,core-sw-01,port-id7429,server-uplink,165213222.86324605,92384258.01972742,27504.519430031014,12678.220561666572,760.0124788651482,0.019173863760123977,0.03403244962417375
M2,2026-03-02 19:55:00,core-sw-01,port-id7429,server-uplink,184083645.20783144,104846084.46633592,29968.101490057677,14375.995748054447,813.667962725316,0.017358264598925716,0.028189303682148812
M2,2026-03-02 20:00:00,core-sw-01,port-id7429,server-uplink,182437696.10223445,103046699.9787749,29453.872319435723,13585.22056085928,827.2089657803148,0.01736811467237072,0.028666446348401153
M2,2026-03-02 20:05:00,core-sw-01,port-id7429,server-uplink,172498946.35576743,95417940.9793064,27983.050036360644,12644.006915557511,801.672297737314,0.01725105181037476,0.028921077400720238
M2,2026-03-02 20:10:00,core-sw-01,port-id7429,server-uplink,183510745.4822944,100004057.08819817,30727.401777957948,13862.335913475998,830.125376950249,0.015761458129121345,0.025829542479978932
M2,2026-03-02 20:15:00,core-sw-01,port-id7429,server-uplink,166360402.02553755,90637030.53976525,27446.154830171272,12344.209283176626,806.7526085642962,0.016510075768829898,0.028450744020728606
M2,2026-03-02 20:20:00,core-sw-01,port-id7429,server-uplink,164125582.80635467,93420187.94312192,26764.9278664618,12495.376064525031,850.9887507063239,0.016641903154787873,0.02817817756186108
M2,2026-03-02 20:25:00,core-sw-01,port-id7429,server-uplink,136767834.57762706,76396594.66115482,22708.915567368364,10459.066629026473,786.835586716653,0.01866183041361762,0.034020941828247074
M2,2026-03-02 20:30:00,core-sw-01,port-id7429,server-uplink,141662867.9705562,77556727.49580477,23658.272693840085,10843.997053551213,831.5173055437547,0.0164788838366306,0.02967102904095657
M2,2026-03-02 20:35:00,core-sw-01,port-id7429,server-uplink,127559190.03091924,77321727.88889799,20670.925409713636,10157.128594004078,840.9154343214902,0.01820909379188756,0.03211601144521245
M2,2026-03-02 20:40:00,core-sw-01,port-id7429,server-uplink,137757105.67461723,73526754.3929477,23590.54171202656,10252.185990504273,769.0602509992217,0.016617513664947077,0.028804246755587473
M2,2026-03-02 20:45:00,core-sw-01,port-id7429,server-uplink,146213954.96948734,84158820.99000755,24184.047259611525,11759.186758363157,799.858078127721,0.015714947542958768,0.026765477033153396
M2,2026-03-02 20:50:00,core-sw-01,port-id7429,server-uplink,140995284.57831347,72880788.40514818,23283.743271106327,9933.756028400265,801.3881789687125,0.016189644332371998,0.027521795712846898
M2,2026-03-02 20:55:00,core-sw-01,port-id7429,server-uplink,140301904.28498077,80584403.76669103,23969.197869743584,11119.747016020416,801.794556887182,0.014335464584757205,0.025138646568679097
M2,2026-03-02 21:00:00,core-sw-01,port-id7429,server-uplink,115181670.30920675,65742272.36739199,18687.282879353894,8699.786309636693,829.9070745653673,0.018713711542352112,0.031151049150327646
M2,2026-03-02 21:05:00,core-sw-01,port-id7429,server-uplink,100323003.65231705,48213202.02438795,16523.84020691467,6637.599817986985,784.2270183201384,0.02127877552096744,0.03611786734729742
M2,2026-03-02 21:10:00,core-sw-01,port-id7429,server-uplink,117109528.47165899,67478019.23164465,19191.444871566313,9056.81999194996,836.5048586927225,0.016657503220330806,0.027864123834406035
M2,2026-03-02 21:15:00,core-sw-01,port-id7429,server-uplink,114449233.18684824,64025781.685659766,18602.227905495496,8501.85199148486,823.2614984818746,0.017126110304488452,0.028688432566009885
M2,2026-03-02 21:20:00,core-sw-01,port-id7429,server-uplink,113861179.66822687,62405405.47507168,18518.661122994574,8359.82031789214,851.375523289157,0.017134557756812736,0.027953907067169506
M2,2026-03-02 21:25:00,core-sw-01,port-id7429,server-uplink,93328309.17905575,50128146.88641565,15650.98718637793,6894.827946651293,803.7633472884835,0.020311997217132043,0.033525453424142884
M2,2026-03-02 21:30:00,core-sw-01,port-id7429,server-uplink,108419847.49378888,59946136.31606622,17634.77300205102,7952.25457707799,817.2239102919661,0.017041324808941098,0.02682659694409895
M2,2026-03-02 21:35:00,core-sw-01,port-id7429,server-uplink,101785139.08494367,58059159.30304167,16697.163567082574,7840.325557412738,794.9269835810344,0.016714949286943063,0.029040477897878194
M2,2026-03-02 21:40:00,core-sw-01,port-id7429,server-uplink,117199826.40503076,64114360.458557755,18645.21275390776,8555.438332674785,860.0443919603307,0.015471961853602991,0.025096833051342127
M2,2026-03-02 21:45:00,core-sw-01,port-id7429,server-uplink,85961678.39088547,52918935.61203629,13913.471604537655,7154.812890450978,820.6317362586219,0.019119983720297558,0.031012626854844523
M2,2026-03-02 21:50:00,core-sw-01,port-id7429,server-uplink,90168011.1084531,52800383.8952937,14573.455386925418,6992.090259605702,813.1887011986548,0.017632634159524697,0.031148080315478267
M2,2026-03-02 21:55:00,core-sw-01,port-id7429,server-uplink,103444131.2710124,60630998.538229175,16761.712838992215,8270.694625054399,831.5037112103439,0.014483931764144366,0.024716027709675487
M2,2026-03-02 22:00:00,core-sw-01,port-id7429,server-uplink,108281112.76060927,60747351.54517799,17862.25135851797,8205.102099813454,787.0040871349584,0.014202503037974868,0.024722129971909573
M2,2026-03-02 22:05:00,core-sw-01,port-id7429,server-uplink,83023040.08465587,44724594.060406774,13335.43676427237,6039.129413334766,831.9828439301687,0.01899845674176814,0.03293217419865644
M2,2026-03-02 22:10:00,core-sw-01,port-id7429,server-uplink,90007349.6957303,51612443.24286328,14683.097211790913,7050.526277194028,812.7129351068472,0.016286994630576593,0.02813792695298455
M2,2026-03-02 22:15:00,core-sw-01,port-id7429,server-uplink,59006256.055762246,36037085.37074088,9697.748009006042,4774.115708416423,820.7482487658502,0.025231322884919957,0.042234731845253
M2,2026-03-02 22:20:00,core-sw-01,port-id7429,server-uplink,80200341.14870581,46449639.129429944,13328.790153044225,6244.091418258124,841.2580853715522,0.017502383485428544,0.031064430624526886
M2,2026-03-02 22:25:00,core-sw-01,port-id7429,server-uplink,94506085.58862288,53733615.20586671,15304.339158694138,7278.959728059856,846.7495504967748,0.015291001699585532,0.025909484994320255
M2,2026-03-02 22:30:00,core-sw-01,port-id7429,server-uplink,77879920.11938068,45784869.87541421,13203.406009173597,6300.588679960513,791.8655698566218,0.016981334834452133,0.030786720508381035
M2,2026-03-02 22:35:00,core-sw-01,port-id7429,server-uplink,84231491.53123136,49574293.73189191,13840.329438726365,6934.693316868213,816.5145008961149,0.01569408681176161,0.027778057444209813
M2,2026-03-02 22:40:00,core-sw-01,port-id7429,server-uplink,87599168.50679997,45255469.223648876,14405.590137360627,5996.789920707635,821.9294459839448,0.016786761644095552,0.02782953172432727
M2,2026-03-02 22:45:00,core-sw-01,port-id7429,server-uplink,67073171.02249682,39467210.73923706,11044.950773984328,5247.666557741309,797.5877968766673,0.020640092090189525,0.035207214566421396
M2,2026-03-02 22:50:00,core-sw-01,port-id7429,server-uplink,84368719.05022457,51669868.16942761,13725.867867869485,6871.633288226427,815.6504811953223,0.016500253100731485,0.027999812037130558
M2,2026-03-02 22:55:00,core-sw-01,port-id7429,server-uplink,78877650.18874294,46555972.56081883,12990.347421145128,6287.229688587273,816.9146673708773,0.01711356853469483,0.028314839741309356
M2,2026-03-02 23:00:00,core-sw-01,port-id7429,server-uplink,79654080.74970971,44947122.8857824,13168.618726826659,6203.083308899928,816.3339960044829,0.01678421658975781,0.029412218605861472
M2,2026-03-02 23:05:00,core-sw-01,port-id7429,server-uplink,82880010.7425349,45985440.868684866,13524.004615922193,6043.907996032792,825.1199362481472,0.017046365689224935,0.02926543636076981
M2,2026-03-02 23:10:00,core-sw-01,port-id7429,server-uplink,76953677.55057725,45860049.93421437,13035.418660201933,6222.039088299315,793.6734046977145,0.016145897407569904,0.028483196025160765
M2,2026-03-02 23:15:00,core-sw-01,port-id7429,server-uplink,68717987.24980256,36090170.51414144,11536.804601804459,5010.283457623256,765.8954568649401,0.019691820740883364,0.03343867303075834
M2,2026-03-02 23:20:00,core-sw-01,port-id7429,server-uplink,82335518.94907054,42640518.45084145,13353.22893655154,5548.94155959066,854.1235540039543,0.016783077969471514,0.029065845849326095
M2,2026-03-02 23:25:00,core-sw-01,port-id7429,server-uplink,61462560.4210813,30900297.68183382,10016.169186028756,4051.4996537157717,849.108982381716,0.022518912681503484,0.03876439336590554
M2,2026-03-02 23:30:00,core-sw-01,port-id7429,server-uplink,92460889.99007328,52542274.432687454,15185.874625717579,7056.402743783394,843.8488242840931,0.013885830635695413,0.02574604309944995
M2,2026-03-02 23:35:00,core-sw-01,port-id7429,server-uplink,69309002.44613007,35389303.814892255,11174.132443923852,5070.452236390603,813.6305703335622,0.019069528230786028,0.032344460832400015
M2,2026-03-02 23:40:00,core-sw-01,port-id7429,server-uplink,66897745.460618824,39625637.47159887,10952.609199604483,5385.9587979331045,811.3657296904387,0.01864773961526636,0.03323123729803459
M2,2026-03-02 23:45:00,core-sw-01,port-id7429,server-uplink,57304321.94507641,34182626.32257222,9653.883909971151,4787.824481049519,753.2812551360055,0.0224819968541234,0.03602295638297451
M2,2026-03-02 23:50:00,core-sw-01,port-id7429,server-uplink,73986946.25053732,40175974.54288899,12124.014211420965,5575.485879825274,796.129744605421,0.017617905898842674,0.029901085080393713
M2,2026-03-02 23:55:00,core-sw-01,port-id7429,server-uplink,93561589.1713148,53628329.84698711,15877.027666938004,7276.925153583287,792.4067218103432,0.013245685379995919,0.02276374858367434
M2,2026-03-03 00:00:00,core-sw-01,port-id7429,server-uplink,48583183.97423983,26952631.52590613,7927.402749665525,3750.7157112051736,806.5990468870262,0.02700392701856767,0.04417233299000451
M2,2026-03-03 00:05:00,core-sw-01,port-id7429,server-uplink,86499715.01870494,42874281.443581454,14351.943814530921,5758.354239962016,818.9381316678862,0.015658198696444654,0.024847700454186775
M2,2026-03-03 00:10:00,core-sw-01,port-id7429,server-uplink,80058638.14642677,43571714.38624096,12944.54833514043,6068.858007226214,798.3778697410869,0.016635075155995122,0.027172562423208275
M2,2026-03-03 00:15:00,core-sw-01,port-id7429,server-uplink,52516643.06009369,27781076.636597816,9084.778750820766,3841.0009489831887,788.5275531370362,0.023028128793007672,0.03955565342092454
M2,2026-03-03 00:20:00,core-sw-01,port-id7429,server-uplink,70812824.44257534,41291256.91774034,11269.398011811674,5564.487072166509,845.1835982384671,0.018480484527678687,0.030551800943893495
M2,2026-03-03 00:25:00,core-sw-01,port-id7429,server-uplink,62929740.3597049,37323559.976336315,10541.733166023088,5314.948492493847,806.2963319504014,0.019741056505574915,0.032658565602097636
M2,2026-03-03 00:30:00,core-sw-01,port-id7429,server-uplink,78360196.11580625,44324300.29915454,12765.889956476934,6065.955895449786,860.3659373551664,0.015959940831583263,0.028951861967053467
M2,2026-03-03 00:35:00,core-sw-01,port-id7429,server-uplink,67719568.97957605,38361921.404887915,11165.766254764507,5011.316277942124,803.3817676268234,0.01856425266649273,0.03209922850712386
M2,2026-03-03 00:40:00,core-sw-01,port-id7429,server-uplink,67442599.91399083,40707544.29833066,10924.574201766553,5441.009539626366,806.2092326629764,0.018826028596896756,0.03248164975269893
M2,2026-03-03 00:45:00,core-sw-01,port-id7429,server-uplink,70044805.0414734,43932620.77767702,11404.393378000223,5606.284881110062,790.6672162102357,0.018219303116725042,0.031863564436707265
M2,2026-03-03 00:50:00,core-sw-01,port-id7429,server-uplink,59776784.564622805,29575933.82466164,10209.623758119613,4104.107994183559,777.4782242077835,0.02142371525950991,0.03778101954619486
M2,2026-03-03 00:55:00,core-sw-01,port-id7429,server-uplink,66508795.69397755,37519125.98308016,10910.009155140258,4938.745336311567,762.7514303478745,0.019426714142321982,0.033648473274048296
M2,2026-03-03 01:00:00,core-sw-01,port-id7429,server-uplink,59838574.80767386,34018232.902627386,9884.593183880956,4507.627122685651,837.7023660954288,0.02096151880212608,0.03811570087479304
M2,2026-03-03 01:05:00,core-sw-01,port-id7429,server-uplink,79165489.83877447,41607235.13976876,12723.24724885041,5245.660179706783,842.7122482326046,0.01763365788026861,0.030344847090810846
M2,2026-03-03 01:10:00,core-sw-01,port-id7429,server-uplink,67080257.228453234,36491153.46312466,10712.879460186952,4729.348147219931,830.8446510195064,0.019895888462359995,0.032177436168183256
M2,2026-03-03 01:15:00,core-sw-01,port-id7429,server-uplink,77515495.82305704,45896955.49643363,12906.758800130978,6169.222454967704,798.5994883792498,0.016664690781083114,0.02761908432534839
M2,2026-03-03 01:20:00,core-sw-01,port-id7429,server-uplink,55921619.19719615,30641502.702607512,8687.293903100637,4111.486473167309,814.3828542557735,0.02345489260864225,0.039585886344128726
M2,2026-03-03 01:25:00,core-sw-01,port-id7429,server-uplink,71929669.49219824,40764658.44269465,11950.968727339901,5699.229824284333,779.086334814865,0.01745499004487914,0.029398827356546784
M2,2026-03-03 01:30:00,core-sw-01,port-id7429,server-uplink,80944256.32194975,49915000.334629074,13180.086530420635,6678.1324918713835,817.874317790133,0.014742444335305412,0.026216754771808463
M2,2026-03-03 01:35:00,core-sw-01,port-id7429,server-uplink,75634458.50985205,46007367.56346737,12619.012383918433,6007.560493315698,800.6884694997428,0.01625528484394753,0.028570151008601035
M2,2026-03-03 01:40:00,core-sw-01,port-id7429,server-uplink,73595051.95890445,39531026.783859886,12555.002443434943,5516.893479627188,780.3032600781015,0.017150297862954935,0.028272536234382
M2,2026-03-03 01:45:00,core-sw-01,port-id7429,server-uplink,89810992.81448036,49419047.42265798,14369.07369813084,6562.3671314017265,807.854044386317,0.014631624738769958,0.024824282918785984
M2,2026-03-03 01:50:00,core-sw-01,port-id7429,server-uplink,57730108.20710312,34907119.84454069,9214.877565574558,4589.4004029011485,809.27976911032,0.021880479773283515,0.03867139120557303
M2,2026-03-03 01:55:00,core-sw-01,port-id7429,server-uplink,88973661.59694317,51717107.16894077,14647.931689686513,6839.021871446263,823.3769891436209,0.013913644490674504,0.023201176748297307
M2,2026-03-03 02:00:00,core-sw-01,port-id7429,server-uplink,60657011.307047315,34247146.30029996,10137.232295017457,4524.770565579122,799.9731216537554,0.020208873840815256,0.037026504320115124
M2,2026-03-03 02:05:00,core-sw-01,port-id7429,server-uplink,88442896.19367965,48930981.09110031,14543.174916612812,6458.078578525542,840.8603519535723,0.014602488178782774,0.024598857697143754
M2,2026-03-03 02:10:00,core-sw-01,port-id7429,server-uplink,70033260.48565993,44783740.14768379,11392.23629394339,6162.805314170141,816.6429766840032,0.017772827067485834,0.02967900417851164
M2,2026-03-03 02:15:00,core-sw-01,port-id7429,server-uplink,65057398.93121738,36771091.05875596,10588.491332772714,5010.485656598333,847.0841198694843,0.019234834308981767,0.03308195642610634
M2,2026-03-03 02:20:00,core-sw-01,port-id7429,server-uplink,83210652.67784435,44952062.90938292,13609.941506535604,6144.51577396677,808.5767712313185,0.015228736077405464,0.02589174627063585
M2,2026-03-03 02:25:00,core-sw-01,port-id7429,server-uplink,90603791.42755929,49269578.60749713,15338.714684371267,6931.197380532042,816.0016452187792,0.013660498638578126,0.023142279019258652
M2,2026-03-03 02:30:00,core-sw-01,port-id7429,server-uplink,78710520.75493744,49403733.43654275,13516.274474117337,6806.24137615957,784.8642730302221,0.014850420773609908,0.025293350933695804
M2,2026-03-03 02:35:00,core-sw-01,port-id7429,server-uplink,50604054.3030049,27629752.748978626,8171.127427875305,3807.2362307101334,814.5548206464783,0.026092254731176434,0.04409186878213118
M2,2026-03-03 02:40:00,core-sw-01,port-id7429,server-uplink,83296332.03227283,46266902.353022374,13756.536209192995,6521.683136017355,829.0772529646955,0.015549891003842705,0.026891943924146414
M2,2026-03-03 02:45:00,core-sw-01,port-id7429,server-uplink,73924807.01527186,41238117.37976041,12117.054493052876,5598.920445761822,786.6168786606074,0.017848604357266092,0.030743250699014207
M2,2026-03-03 02:50:00,core-sw-01,port-id7429,server-uplink,68122384.65458079,36220944.16268265,11291.641017532635,4995.468330382387,822.3143046091513,0.019531037663186316,0.03324230830012638
M2,2026-03-03 02:55:00,core-sw-01,port-id7429,server-uplink,69183284.64169578,43479979.94348133,11085.729001916712,5754.9310173470485,802.8211970108788,0.01748490792273395,0.03137023051963848
M2,2026-03-03 03:00:00,core-sw-01,port-id7429,server-uplink,62729699.510664575,35679881.65835234,10448.551310878052,4681.904782337225,812.0364765894531,0.020239674599529377,0.034833685623473026
M2,2026-03-03 03:05:00,core-sw-01,port-id7429,server-uplink,66647077.53661807,36243732.135157995,11006.196937857692,4890.136298857637,851.7944572666636,0.019898371060488394,0.032599978468163586
M2,2026-03-03 03:10:00,core-sw-01,port-id7429,server-uplink,70018538.48044394,37730338.09950261,11390.17995131786,5142.862480338289,812.6132470485798,0.019207864887179762,0.0321027343345805
M2,2026-03-03 03:15:00,core-sw-01,port-id7429,server-uplink,68503202.22893895,39267585.11145737,11375.035458091997,5342.752190006309,798.8325109708642,0.019034191838843507,0.03217163380329247
M2,2026-03-03 03:20:00,core-sw-01,port-id7429,server-uplink,77850104.49939552,44175828.09887916,13030.950346050991,6095.778067609364,780.4231544059106,0.016361709857325442,0.027282930978050523
M2,2026-03-03 03:25:00,core-sw-01,port-id7429,server-uplink,78360175.68182854,42514939.47549696,12880.892269272945,5650.184870994507,824.3362944590482,0.015367887756160943,0.027816504250068316
M2,2026-03-03 03:30:00,core-sw-01,port-id7429,server-uplink,65353733.43001238,37772657.53158038,10593.869530980064,4909.504757129541,850.8351338991573,0.020350337028748288,0.03303798350228897
M2,2026-03-03 03:35:00,core-sw-01,port-id7429,server-uplink,68136915.89772126,37771940.3141607,11020.657054207713,5083.120877109466,829.8544986582373,0.019737338628371702,0.03323404969118375
M2,2026-03-03 03:40:00,core-sw-01,port-id7429,server-uplink,66278241.6221113,37809695.75144364,11294.756570437406,5344.082455194981,830.3909987049311,0.01927366013710589,0.03166676630444636
M2,2026-03-03 03:45:00,core-sw-01,port-id7429,server-uplink,97987438.0421717,50673770.312205374,15884.095236036816,6821.151105292447,818.1980212277612,0.013865244309511186,0.023380492302707723
M2,2026-03-03 03:50:00,core-sw-01,port-id7429,server-uplink,84024002.58670165,49083533.5761005,14096.326952277557,6797.27653433195,790.7711998564774,0.014574853991518246,0.025885660300093528
M2,2026-03-03 03:55:00,core-sw-01,port-id7429,server-uplink,61429045.528637156,36289578.595099494,10066.16251382051,4849.552635849138,796.8411087417364,0.021602586357066317,0.03590162517136619
M2,2026-03-03 04:00:00,core-sw-01,port-id7429,server-uplink,84268328.32479052,45612433.98895008,13748.606358897929,6147.931024475948,789.8349869189603,0.016258602098909697,0.027050692347137358
M2,2026-03-03 04:05:00,core-sw-01,port-id7429,server-uplink,81737901.04867166,42474149.73029173,13021.834258152305,5701.148020565845,873.9140242334624,0.01627466048654756,0.02907728265222859
M2,2026-03-03 04:10:00,core-sw-01,port-id7429,server-uplink,77338288.46070914,39102689.0457976,12693.929758399127,5299.407272577484,793.1010095207756,0.017895238121184282,0.029989832379195752
M2,2026-03-03 04:15:00,core-sw-01,port-id7429,server-uplink,82779658.03881295,44311033.15523551,14133.012341083582,6099.3887382618395,780.5669608094516,0.01559438481177083,0.02702054609694942
M2,2026-03-03 04:20:00,core-sw-01,port-id7429,server-uplink,78736947.16538629,42335639.370539464,13141.242400170328,5875.93046923128,820.2832637340208,0.017179226475224865,0.02858625788686888
M2,2026-03-03 04:25:00,core-sw-01,port-id7429,server-uplink,107915751.73563176,57940698.68553898,17674.4313468591,7943.699015391661,814.2982793463766,0.01234438717873804,0.0223374935316212
M2,2026-03-03 04:30:00,core-sw-01,port-id7429,server-uplink,74576165.48327234,36657121.96897963,12410.456191494435,4893.899672839164,776.2755559144515,0.0189618653106736,0.03254297080904487
M2,2026-03-03 04:35:00,core-sw-01,port-id7429,server-uplink,66035430.356718205,38696831.255510844,11462.396407646185,5161.710431213663,786.3896664469667,0.019505292915394965,0.03521405158297998
M2,2026-03-03 04:40:00,core-sw-01,port-id7429,server-uplink,89859485.88766584,49297016.53155657,15068.148278400755,6572.562236503186,818.5159242866301,0.015372259353592486,0.026192816219606598
M2,2026-03-03 04:45:00,core-sw-01,port-id7429,server-uplink,84724637.90119116,48143584.831729956,13845.791379573739,6243.811615333324,828.5558179927637,0.01672214525559543,0.027845512157121707
M2,2026-03-03 04:50:00,core-sw-01,port-id7429,server-uplink,57112278.123336695,32290800.09924182,9368.003114416793,4190.324500702645,837.5496669557843,0.024880389737340983,0.042018054696098095
M2,2026-03-03 04:55:00,core-sw-01,port-id7429,server-uplink,77897377.94523679,40406972.559275575,12493.484512278046,5477.608940182145,811.3293208907041,0.01962366403175101,0.03202091057466445
M2,2026-03-03 05:00:00,core-sw-01,port-id7429,server-uplink,54770536.592298456,34936919.007548966,9332.276606182335,4753.291715671385,798.6494931329559,0.024783605560120194,0.042697850739150466
M2,2026-03-03 05:05:00,core-sw-01,port-id7429,server-uplink,78859757.63921551,43220924.22679869,12941.273899442112,6063.692461554765,772.1548660644086,0.017875676463119567,0.03261971578681895
M2,2026-03-03 05:10:00,core-sw-01,port-id7429,server-uplink,86073194.60327563,48445993.04443261,14168.805137653899,6525.613150790915,818.3987613553245,0.016896127610230207,0.02841881166897013
M2,2026-03-03 05:15:00,core-sw-01,port-id7429,server-uplink,70171686.11801143,39815296.44235931,11108.236336875538,5485.850493092052,863.3928989019952,0.021336571463519367,0.03834654661791643
M2,2026-03-03 05:20:00,core-sw-01,port-id7429,server-uplink,88913854.96162821,50327243.025677964,14320.5612496842,6645.797898224353,836.5711573880359,0.017064990473663947,0.029721646143927798
M2,2026-03-03 05:25:00,core-sw-01,port-id7429,server-uplink,98662526.12278955,54135390.2761393,16941.415093115458,7332.185390826946,805.7620481428896,0.015157204708910427,0.02716121431584599
M2,2026-03-03 05:30:00,core-sw-01,port-id7429,server-uplink,92166685.99349993,55561867.43528854,15272.809622462135,7559.807014741202,792.4338468375404,0.01618432899270353,0.028779927182830928
M2,2026-03-03 05:35:00,core-sw-01,port-id7429,server-uplink,108634886.18698464,62322805.839504145,17876.949322727338,8646.591644940621,810.9911658814073,0.014656156717463361,0.024870141825516275
M2,2026-03-03 05:40:00,core-sw-01,port-id7429,server-uplink,96578709.41339584,56194935.77294837,15843.51238203746,7527.041432276621,807.6471879107937,0.017461870847864852,0.0284945571517175
M2,2026-03-03 05:45:00,core-sw-01,port-id7429,server-uplink,89812441.03178923,48317007.4044174,14615.598536844393,6548.604415414925,844.096360694774,0.01903575743734966,0.032025632932677794
M2,2026-03-03 05:50:00,core-sw-01,port-id7429,server-uplink,104251225.89591102,58079120.62582566,16284.809380542965,7665.810224827887,836.194479479076,0.01697509868918027,0.03019606139540162
M2,2026-03-03 05:55:00,core-sw-01,port-id7429,server-uplink,92475880.48906915,50887810.16279391,15154.879985734206,6964.25230425613,800.0138446832066,0.01915451024828106,0.03368283542673351
M2,2026-03-03 06:00:00,core-sw-01,port-id7429,server-uplink,85211434.80596268,49216388.06738104,13685.654238114183,6737.611040340829,815.019713253382,0.020206619072229898,0.037233495749814965
M2,2026-03-03 06:05:00,core-sw-01,port-id7429,server-uplink,117539190.53575325,66244747.23800401,19516.958950655466,9074.816622574068,791.9014116106026,0.01605906555286776,0.02692273734648331
M2,2026-03-03 06:10:00,core-sw-01,port-id7429,server-uplink,105960425.4000547,65760636.71007048,17269.68996555976,8865.000254627395,813.7696803515627,0.017757563191416505,0.032274630980954566
M2,2026-03-03 06:15:00,core-sw-01,port-id7429,server-uplink,113516944.58181886,66009583.649148636,18338.9389708054,8909.84701371962,829.7233735104564,0.017918610083807032,0.02901954727880906
M2,2026-03-03 06:20:00,core-sw-01,port-id7429,server-uplink,126508242.60612048,70759113.28953934,21307.558992306556,9723.152588363704,800.4271588817523,0.01579043752852273,0.02789590388506366
M2,2026-03-03 06:25:00,core-sw-01,port-id7429,server-uplink,120243296.67704648,66001579.227047384,19595.621013937307,9012.625242282113,807.3415236809627,0.018410152887907174,0.030734704914875313
M2,2026-03-03 06:30:00,core-sw-01,port-id7429,server-uplink,142408314.35412693,83774589.13622153,23523.784013036624,11337.364943090468,806.807066426073,0.015167189767848185,0.025474542860748278
M2,2026-03-03 06:35:00,core-sw-01,port-id7429,server-uplink,166510897.21753263,91774215.5243509,27151.249091610625,12500.366400250354,822.1185703810747,0.014198788784383088,0.02451735923053387
M2,2026-03-03 06:40:00,core-sw-01,port-id7429,server-uplink,144041684.61296842,76100046.84404676,23407.52937899304,10280.874664765799,826.3934775301321,0.01666206030269767,0.02937976656616664
M2,2026-03-03 06:45:00,core-sw-01,port-id7429,server-uplink,130776000.12985092,76548097.70299794,21664.827672733918,10691.620655657183,801.50747626199,0.019097913800860587,0.031541527353476
M2,2026-03-03 06:50:00,core-sw-01,port-id7429,server-uplink,157315556.26171854,91661571.98699261,25769.056317588827,12227.09550652139,821.8002193824275,0.016630159473991418,0.02841333175343192
M2,2026-03-03 06:55:00,core-sw-01,port-id7429,server-uplink,152995893.59172052,85342890.73762348,25286.08950542111,11611.060770447453,815.6681850945538,0.01794193830643479,0.029331393991943497
M2,2026-03-03 07:00:00,core-sw-01,port-id7429,server-uplink,176737603.04891098,98200264.05099782,28901.905398948973,13400.604631707256,787.4438890805072,0.016068373075716694,0.026981068694235902
M2,2026-03-03 07:05:00,core-sw-01,port-id7429,server-uplink,158400165.64619038,89933285.02715388,26072.946757714533,12149.604933245824,840.7616772129526,0.018668424449963646,0.03141721411937317
M2,2026-03-03 07:10:00,core-sw-01,port-id7429,server-uplink,189811928.0576535,102811955.83979921,31256.218606993596,14378.695849868502,826.9730732065367,0.016275684290892024,0.02678918847570228
M2,2026-03-03 07:15:00,core-sw-01,port-id7429,server-uplink,180483003.30908298,102285976.70834681,29787.78298161524,13943.781963601565,829.8927236496462,0.017344889427159074,0.029365436876951853
M2,2026-03-03 07:20:00,core-sw-01,port-id7429,server-uplink,192093414.53159422,112335263.26065108,31101.546068354142,15113.662656103965,824.220644490665,0.016491718613092562,0.028105537789793928
M2,2026-03-03 07:25:00,core-sw-01,port-id7429,server-uplink,200126099.30722612,113561973.12703967,32509.216050396877,15476.232290604004,799.9361004757544,0.017292898054599035,0.029868707648621907
M2,2026-03-03 07:30:00,core-sw-01,port-id7429,server-uplink,198072924.39733288,112614687.11607344,32151.389834419857,15322.201514358872,808.8491435484967,0.017155062603399624,0.029796108948083034
M2,2026-03-03 07:35:00,core-sw-01,port-id7429,server-uplink,206547904.3814741,118199523.40969756,33815.48181800085,15807.388499299797,841.4887859800222,0.01780231878846507,0.029147801636780473
M2,2026-03-03 07:40:00,core-sw-01,port-id7429,server-uplink,208426441.08680674,119975837.75714552,33252.49496529512,16563.150660815856,817.4768728432723,0.01774157803786664,0.030236483089504315
M2,2026-03-03 07:45:00,core-sw-01,port-id7429,server-uplink,196801836.21270818,110651481.39464639,32253.78374529598,14851.377882549748,815.050393890584,0.019216074145910596,0.03149050058916627
M2,2026-03-03 07:50:00,core-sw-01,port-id7429,server-uplink,225686171.52317578,125379567.19418427,36053.815431000454,17094.509767593183,840.0184244266316,0.017767591623528763,0.029161290456454565
M2,2026-03-03 07:55:00,core-sw-01,port-id7429,server-uplink,234981694.1274794,131765281.02281028,38158.9634120278,17984.962849681746,814.9155111161756,0.017243610985094415,0.028130935126864272
M2,2026-03-03 08:00:00,core-sw-01,port-id7429,server-uplink,251330283.47065824,140887280.1882899,41607.15377062686,18912.63798699161,796.4772313411032,0.015639153290176032,0.026893210873431037
M2,2026-03-03 08:05:00,core-sw-01,port-id7429,server-uplink,241089779.19693306,133249724.64958495,39711.3251836126,18516.32929620434,809.7201418731329,0.01704521921365124,0.029713155064893842
M2,2026-03-03 08:10:00,core-sw-01,port-id7429,server-uplink,248407953.3982926,136606677.96224174,40365.29443132137,18714.565451209386,819.7098707450299,0.016403293950021276,0.02897830885976281
M2,2026-03-03 08:15:00,core-sw-01,port-id7429,server-uplink,251669326.81314754,139162102.8935222,41844.70512271061,19315.758960275445,796.5542358430536,0.01564385790723908,0.02873259532191795
M2,2026-03-03 08:20:00,core-sw-01,port-id7429,server-uplink,243297308.72931358,136802115.02841243,39129.1223588487,18420.987042889552,811.4764780214755,0.017239356298056025,0.031257370922878246
M2,2026-03-03 08:25:00,core-sw-01,port-id7429,server-uplink,250641617.36065647,135416155.447143,41355.493444170796,18323.4644236757,791.3443535274906,0.017660938365168008,0.030121569395118154
M2,2026-03-03 08:30:00,core-sw-01,port-id7429,server-uplink,257112701.0618079,142042616.4167798,41800.43231193155,19440.12957184041,821.4813969530996,0.016681596228035497,0.02866757901953201
M2,2026-03-03 08:35:00,core-sw-01,port-id7429,server-uplink,399047808.9003073,387309203.77267116,60358.933646318226,44074.84573146466,904.0438938763912,0.010113606134495922,0.017470458181977216
M2,2026-03-03 08:40:00,core-sw-01,port-id7429,server-uplink,389503103.8365122,381158398.7214563,57867.87630417888,43152.84400922111,950.05762722639,0.01046775151747142,0.01807120753155556
M2,2026-03-03 08:45:00,core-sw-01,port-id7429,server-uplink,402279955.8466412,394242498.56948376,62335.16526728962,46739.312070261694,912.4080418284718,0.009951419389332397,0.017231209973146606
M2,2026-03-03 08:50:00,core-sw-01,port-id7429,server-uplink,393121927.2730756,383849220.7851856,57645.48261603172,43365.03233335198,985.5764423483668,0.010340973761857193,0.018921569777979656
M2,2026-03-03 08:55:00,core-sw-01,port-id7429,server-uplink,413053867.29856175,395973537.3405435,61383.08846886867,45459.883553422645,913.2919901098245,0.010052655604907042,0.017261907931034395
M2,2026-03-03 09:00:00,core-sw-01,port-id7429,server-uplink,343378522.0482151,272103254.0162011,54063.48012854378,34117.61086540135,852.8458124381256,0.012739565987382058,0.02172868433403882
M2,2026-03-03 09:05:00,core-sw-01,port-id7429,server-uplink,353486817.17897105,281797036.2828265,55897.94835135761,35032.05069946009,870.2221268360285,0.012581862347753983,0.02050342215618268
M2,2026-03-03 09:10:00,core-sw-01,port-id7429,server-uplink,367941117.53938746,287915422.70614964,57753.2779930002,35630.2007200033,912.0932486041544,0.011934977324007816,0.02070165591258123
M2,2026-03-03 09:15:00,core-sw-01,port-id7429,server-uplink,355040174.4606502,280420247.22907835,53936.30570366139,33363.76398763568,949.8545026322357,0.012637320387165757,0.02299971010376101
M2,2026-03-03 09:20:00,core-sw-01,port-id7429,server-uplink,350660312.9342392,278709242.8198156,54640.66994577424,34620.43389335505,902.5706418699822,0.012472630360214778,0.021949683116748844
M2,2026-03-03 09:25:00,core-sw-01,port-id7429,server-uplink,348548797.56733143,276751171.3888475,53255.389548771585,34102.109088764635,866.3217773066204,0.01258198232695638,0.021783827980148184
M2,2026-03-03 09:30:00,core-sw-01,port-id7429,server-uplink,370352534.3429269,292810532.2600784,57837.49253637071,36363.391730824354,862.478563238981,0.01183957656472585,0.0199834339164161
M2,2026-03-03 09:35:00,core-sw-01,port-id7429,server-uplink,358920196.4752772,283604849.39331764,55439.28255550953,34288.640262865025,895.7493734576742,0.012459728363804547,0.021149794611417916
M2,2026-03-03 09:40:00,core-sw-01,port-id7429,server-uplink,356253845.46117026,282059470.3367128,55809.913539827554,35263.838612188134,874.8855466172064,0.012797966775552309,0.02139285787575143
M2,2026-03-03 09:45:00,core-sw-01,port-id7429,server-uplink,354371227.1785242,280813157.39729106,55377.99433458188,33926.09358353206,855.4736034792347,0.012874020727317578,0.02260513808061071
M2,2026-03-03 09:50:00,core-sw-01,port-id7429,server-uplink,346556550.284027,277420831.239144,54703.604360243706,34341.677632654224,879.594157802715,0.013194965894482364,0.022577738816174354
M2,2026-03-03 09:55:00,core-sw-01,port-id7429,server-uplink,340412235.5577913,277382498.7366547,53128.09648446355,34735.84258418674,916.7312536564914,0.013147910831999949,0.02279380902092682
M2,2026-03-03 10:00:00,core-sw-01,port-id7429,server-uplink,354694179.92271036,280632866.7703724,56059.539522584884,35118.72902606306,842.1260255627348,0.012486986185801277,0.020536149491889383
M2,2026-03-03 10:05:00,core-sw-01,port-id7429,server-uplink,363361164.61752564,284815939.7069082,56346.11784474243,34894.428523092756,876.7619044804766,0.011710997317769131,0.021499560364205143
M2,2026-03-03 10:10:00,core-sw-01,port-id7429,server-uplink,353842614.6942848,282382264.30797637,55582.643104548464,35309.98326584606,884.934230568898,0.013017596597720811,0.02149556113549948
M2,2026-03-03 10:15:00,core-sw-01,port-id7429,server-uplink,344423530.38080865,277249476.64862454,53830.622985223694,34535.8971702147,875.6215578260594,0.013763944133448437,0.02218918143340372
M2,2026-03-03 10:20:00,core-sw-01,port-id7429,server-uplink,346076240.985134,276702211.55960107,55591.45517155074,35149.440048043696,900.8219608727588,0.01245977004038878,0.02168815675400789
M2,2026-03-03 10:25:00,core-sw-01,port-id7429,server-uplink,344671038.5955452,276215664.89690334,53067.57969903469,34271.39327996602,881.2460637108603,0.013403645996808882,0.02299100202078344
M2,2026-03-03 10:30:00,core-sw-01,port-id7429,server-uplink,388744473.50049067,294782733.4354315,60841.06497199301,37420.75411546707,876.1619170561777,0.011937026407946806,0.02011965760626644
M2,2026-03-03 10:35:00,core-sw-01,port-id7429,server-uplink,345953287.8926822,276418940.31130576,54713.016403075075,34780.12775774186,877.2264128435515,0.012842302483925828,0.022633587185335414
M2,2026-03-03 10:40:00,core-sw-01,port-id7429,server-uplink,351300091.4742235,283601706.5328748,54791.30062900365,35207.99440006182,864.3402985437962,0.01238418526714174,0.02164027176334677
M2,2026-03-03 10:45:00,core-sw-01,port-id7429,server-uplink,362391749.48330927,284476509.73790294,58156.71819507179,35877.443451573374,866.0473379977811,0.01303365872757009,0.02177844117479952
M2,2026-03-03 10:50:00,core-sw-01,port-id7429,server-uplink,350827349.3344295,279870353.16434723,55849.9813905958,34804.61494629513,850.5100039099652,0.012734795105113963,0.021664040743692024
M2,2026-03-03 10:55:00,core-sw-01,port-id7429,server-uplink,373186900.3852948,291276223.52490586,56928.88538731337,35279.10591230112,885.9328872365575,0.012873222458508676,0.02134300629224181
M2,2026-03-03 11:00:00,core-sw-01,port-id7429,server-uplink,367880994.40755284,290605819.61639255,56749.82571585432,35931.071280245014,901.5259362571983,0.012741580878295347,0.021414467878564488
M2,2026-03-03 11:05:00,core-sw-01,port-id7429,server-uplink,351819462.8024098,278514112.1215774,56316.7396755604,34565.12077617106,839.9056781436541,0.01277245130533847,0.021077512424120745
M2,2026-03-03 11:10:00,core-sw-01,port-id7429,server-uplink,349102385.7058897,280450027.0763362,55580.99773341277,34905.83113985955,859.4911920565614,0.01237960538630684,0.02212990990433968
M2,2026-03-03 11:15:00,core-sw-01,port-id7429,server-uplink,354619371.5968466,276439751.7692355,55853.003139813365,34664.83165777257,877.7041364300293,0.013264096019057656,0.021773290605395058
M2,2026-03-03 11:20:00,core-sw-01,port-id7429,server-uplink,360448580.5622211,284105208.1551201,56565.333008734684,35234.23308282084,895.5456328829773,0.013117521135417332,0.021122900440477047
M2,2026-03-03 11:25:00,core-sw-01,port-id7429,server-uplink,351233500.8149618,280921064.0127375,54972.415177829964,34831.443698854644,870.1192061838367,0.012689845962274172,0.021970706984168278
M2,2026-03-03 11:30:00,core-sw-01,port-id7429,server-uplink,352715942.99949,277931478.44307905,54431.87281937346,33527.91965166008,875.4033804636057,0.012962713410777458,0.022584986853637492
M2,2026-03-03 11:35:00,core-sw-01,port-id7429,server-uplink,362554149.46976334,280365252.55982965,57634.65917845272,34621.75006919449,851.5487548371182,0.013043739450837909,0.02126536352203173
M2,2026-03-03 11:40:00,core-sw-01,port-id7429,server-uplink,363495015.189624,281548461.9496024,57496.154800933335,34962.73428980265,863.9424259249773,0.012845440940502918,0.022068513858543293
M2,2026-03-03 11:45:00,core-sw-01,port-id7429,server-uplink,352624300.6365554,284831285.1128448,56090.921833937406,34888.13383830764,866.9156558996757,0.012858430068567657,0.021280813821185917
M2,2026-03-03 11:50:00,core-sw-01,port-id7429,server-uplink,334998228.7486597,270749533.2577788,52730.70138084217,33553.09403044679,857.2435032373612,0.013922892149764703,0.022974155093333334
M2,2026-03-03 11:55:00,core-sw-01,port-id7429,server-uplink,371382663.0046923,289966027.73324823,59017.400973243864,35478.79966710469,889.2802155537079,0.012295235641632936,0.020674456674694607
M2,2026-03-03 12:00:00,core-sw-01,port-id7429,server-uplink,356789617.92445815,283927059.0967803,55247.58338027256,34551.06014573836,882.1439673297455,0.013074878758480428,0.021915512258878826
M2,2026-03-03 12:05:00,core-sw-01,port-id7429,server-uplink,346658195.7128961,275842405.26317126,53079.612350826465,34065.94314943825,905.9644332736459,0.013403804301862202,0.022185776929097047
M2,2026-03-03 12:10:00,core-sw-01,port-id7429,server-uplink,368670582.3857191,286392257.6637877,59706.17281403415,36119.42324863194,867.3990335234691,0.01186485346653963,0.020146664727123648
M2,2026-03-03 12:15:00,core-sw-01,port-id7429,server-uplink,355863012.34023046,281413351.9260209,58120.264888988066,35458.57706150177,857.6424194384666,0.01223277890218018,0.020982775008372156
M2,2026-03-03 12:20:00,core-sw-01,port-id7429,server-uplink,372773026.6593402,289992753.0278087,57049.419562011986,35817.372818806805,886.0792600888637,0.01264491028368406,0.021047146670685364
M2,2026-03-03 12:25:00,core-sw-01,port-id7429,server-uplink,356324476.0875268,277702657.5732284,56834.09212294021,35289.726424541645,857.6007229521844,0.012377131237140244,0.02108408313207839
M2,2026-03-03 12:30:00,core-sw-01,port-id7429,server-uplink,355850615.9199908,284313622.27581155,54131.11391915973,34120.07333653426,921.57017970816,0.013480329225693448,0.023010751892551435
M2,2026-03-03 12:35:00,core-sw-01,port-id7429,server-uplink,352117324.37622803,282143984.24401706,56143.140074147756,35127.66172218878,872.2842779621425,0.012700690449708526,0.02152979361299996
M2,2026-03-03 12:40:00,core-sw-01,port-id7429,server-uplink,362068333.5960472,287129774.3068374,56924.99503472826,35234.56352857967,866.78066791098,0.012476334739080622,0.021545678575687916
M2,2026-03-03 12:45:00,core-sw-01,port-id7429,server-uplink,340257355.8438339,273345885.0979676,53773.80430883353,34191.02481620824,859.5989938358763,0.012921957656237985,0.02268111646092169
M2,2026-03-03 12:50:00,core-sw-01,port-id7429,server-uplink,360705177.5597509,285110723.96981126,55686.83833232483,34451.42941415208,884.7185734837683,0.012720127295484034,0.022758518179907032
M2,2026-03-03 12:55:00,core-sw-01,port-id7429,server-uplink,339853942.89076257,273730536.98800236,52913.527883475595,33943.52861276147,900.0341020560002,0.013452152952014402,0.02301334697817408
M2,2026-03-03 13:00:00,core-sw-01,port-id7429,server-uplink,367527768.5032395,290422189.73500985,55983.67246142251,35095.52148269345,907.7034430504618,0.01249524562952906,0.022509183467851485
M2,2026-03-03 13:05:00,core-sw-01,port-id7429,server-uplink,346878857.37868106,276867990.17331624,56325.15376259108,35044.652247599755,854.8011927509394,0.013084536068267882,0.020867303866164526
M2,2026-03-03 13:10:00,core-sw-01,port-id7429,server-uplink,377684300.3903321,292740042.5005667,59296.70881749202,36270.798361241235,884.3481747139431,0.01236371889387936,0.02135339041071647
M2,2026-03-03 13:15:00,core-sw-01,port-id7429,server-uplink,363071727.88845557,287711691.63687897,56585.74028406873,34837.59583759631,849.2642708354947,0.01286565265179837,0.02211614446062857
M2,2026-03-03 13:20:00,core-sw-01,port-id7429,server-uplink,354764294.4429253,282247519.50969255,55596.322018865874,34780.15141785277,897.9672215621171,0.012477526729545123,0.022190053341826034
M2,2026-03-03 13:25:00,core-sw-01,port-id7429,server-uplink,356809229.90286416,282191820.19535583,56025.6821381973,35244.22047370965,892.8018625441312,0.01237960283109841,0.021779132135781882
M2,2026-03-03 13:30:00,core-sw-01,port-id7429,server-uplink,335918217.2570168,270211567.92431927,52491.45927067652,33833.68122917713,868.6250054454935,0.013778001220713142,0.023547417551553415
M2,2026-03-03 13:35:00,core-sw-01,port-id7429,server-uplink,352094708.17169356,278020171.9648372,55388.548743044914,34239.95214822968,850.8923997937119,0.01289124530348914,0.02283842911747286
M2,2026-03-03 13:40:00,core-sw-01,port-id7429,server-uplink,337956511.42527205,273271101.4102327,54407.142515968764,34893.42285635895,835.6715978880578,0.01357144789796432,0.021490596596272806
M2,2026-03-03 13:45:00,core-sw-01,port-id7429,server-uplink,360266354.56568563,285483725.80468583,55879.32788618401,34729.51319917475,899.4495160649977,0.012999525375855692,0.02242497430969113
M2,2026-03-03 13:50:00,core-sw-01,port-id7429,server-uplink,381869394.8605935,295801215.4031238,61491.57803284355,36889.4435142443,860.763712602961,0.011858073476656619,0.020270262144079516
M2,2026-03-03 13:55:00,core-sw-01,port-id7429,server-uplink,360849427.4721191,281454561.3671408,54733.46627035996,34024.817240162345,882.6347833664881,0.013126309107644115,0.022327793656354705
M2,2026-03-03 14:00:00,core-sw-01,port-id7429,server-uplink,360088863.9415089,285906901.3315263,56317.680527443845,35163.028964279096,882.3271836534624,0.013157405409738115,0.02158609434032599
M2,2026-03-03 14:05:00,core-sw-01,port-id7429,server-uplink,355614352.93025386,281936429.20867354,55107.76784955115,34796.039398129134,907.4025004316817,0.01305743090110374,0.022436463144232838
M2,2026-03-03 14:10:00,core-sw-01,port-id7429,server-uplink,342893720.7839233,272195838.24700916,54700.43710947986,34286.55706575251,836.6556272526318,0.012952665462102605,0.021962456758432246
M2,2026-03-03 14:15:00,core-sw-01,port-id7429,server-uplink,344891826.59142536,275503951.73103106,54322.960012171796,33159.678702335084,900.9664104432921,0.013467757494170852,0.023481035408711173
M2,2026-03-03 14:20:00,core-sw-01,port-id7429,server-uplink,349009273.2440883,275883627.55446315,54704.92226205598,33893.266569111576,881.2342422462074,0.012904706692035592,0.02261280836111357
M2,2026-03-03 14:25:00,core-sw-01,port-id7429,server-uplink,348482933.4689895,274640845.1574906,54847.62434125372,34287.15813780711,890.2777553009996,0.013142087304847025,0.02245748313500574
M2,2026-03-03 14:30:00,core-sw-01,port-id7429,server-uplink,344871832.79228705,273224792.22198945,55500.29094173728,35200.285871002874,847.4675908069078,0.013212721497857807,0.022116791152352586
M2,2026-03-03 14:35:00,core-sw-01,port-id7429,server-uplink,351808459.5144923,281685809.70872587,55444.33344426638,35564.328941893036,868.565138226837,0.012946940836462932,0.022326746888252497
M2,2026-03-03 14:40:00,core-sw-01,port-id7429,server-uplink,363879683.1491619,282985073.0930901,58784.82385229059,36352.7288167351,858.9477131200899,0.012067534800392913,0.0209006307670655
M2,2026-03-03 14:45:00,core-sw-01,port-id7429,server-uplink,350423749.11601704,281381852.62574935,58169.10717597893,36470.28131203814,811.153836524765,0.01217859994323011,0.021171708107296114
M2,2026-03-03 14:50:00,core-sw-01,port-id7429,server-uplink,358607782.3858701,279717132.3124426,56857.21426691559,34995.488258323625,839.106484963683,0.012961149150169384,0.020958978751902748
M2,2026-03-03 14:55:00,core-sw-01,port-id7429,server-uplink,371089968.44587165,290020143.991191,58895.34358979639,36806.28533820749,880.3734374912488,0.011617425979351136,0.01990063691333388
M2,2026-03-03 15:00:00,core-sw-01,port-id7429,server-uplink,307499828.1488572,171508622.36014417,49817.04970808552,22948.24332338046,802.2311860082629,0.017228657552548397,0.026401569868018036
M2,2026-03-03 15:05:00,core-sw-01,port-id7429,server-uplink,272835017.5259582,154224487.488411,45388.643658081004,20930.517817833534,813.6822693090706,0.017304993824180624,0.029022627861232764
M2,2026-03-03 15:10:00,core-sw-01,port-id7429,server-uplink,295340664.27972925,162575392.97797513,48520.25573133763,22092.887647428935,809.8991155086308,0.01581527149865076,0.02894866750033828
M2,2026-03-03 15:15:00,core-sw-01,port-id7429,server-uplink,279774079.3883494,155521487.4020021,44824.020227179964,20697.355990909917,793.5257409409633,0.01753198976551713,0.0296201787999613
M2,2026-03-03 15:20:00,core-sw-01,port-id7429,server-uplink,282805698.0865436,157643625.99098992,46545.38267851788,21071.793680998395,822.6612816693076,0.016839502980919577,0.030521622902855667
M2,2026-03-03 15:25:00,core-sw-01,port-id7429,server-uplink,280168217.4798974,158198074.90217313,45534.83003642138,21352.516334603948,791.411019306984,0.017184451321216116,0.030368826097235634
M2,2026-03-03 15:30:00,core-sw-01,port-id7429,server-uplink,291387050.8672234,160662501.24010772,48151.75737602289,21710.4856205309,779.312653116724,0.016395454023661216,0.028505444843808285
M2,2026-03-03 15:35:00,core-sw-01,port-id7429,server-uplink,291983727.77299154,163426196.28723094,47673.22674337107,22505.19929485168,809.762129237972,0.016809035006738107,0.027752796999303494
M2,2026-03-03 15:40:00,core-sw-01,port-id7429,server-uplink,290565222.89165556,161527109.6503923,48185.932630707255,22090.419874914478,819.3728164715584,0.016340683968637085,0.0295022845642776
M2,2026-03-03 15:45:00,core-sw-01,port-id7429,server-uplink,281788556.963165,158466765.48259667,46507.26374827287,21423.739522122472,788.1733262002313,0.01762687887608252,0.028348429456099368
M2,2026-03-03 15:50:00,core-sw-01,port-id7429,server-uplink,275242974.1150658,152079926.46455994,44628.698811043345,20290.55491947466,805.3990510595125,0.018246412356542688,0.03044362131325513
M2,2026-03-03 15:55:00,core-sw-01,port-id7429,server-uplink,286519034.88707703,160612568.37502462,48267.85882162282,22406.759322920545,819.5521896303119,0.016917415963259165,0.029320069020451582
M2,2026-03-03 16:00:00,core-sw-01,port-id7429,server-uplink,291651478.314323,159255781.978741,48679.69408335972,21242.785504216336,791.5407037813402,0.016944786807422788,0.028408044318249292
M2,2026-03-03 16:05:00,core-sw-01,port-id7429,server-uplink,296657737.66163135,167106038.87253237,48247.05420057081,22468.239237031004,772.4726611131344,0.016478768773300612,0.02818171878729838
M2,2026-03-03 16:10:00,core-sw-01,port-id7429,server-uplink,276456530.4802861,157400024.38244316,45710.051670784786,22265.01202589588,822.8185612069365,0.016869084174316,0.0291793372678354
M2,2026-03-03 16:15:00,core-sw-01,port-id7429,server-uplink,282931846.08669204,157858974.15351418,46481.03943417139,21268.28100907459,823.9501361885956,0.016987447502267904,0.027984069543863583
M2,2026-03-03 16:20:00,core-sw-01,port-id7429,server-uplink,271837291.95764494,150694520.3605028,44917.21023833655,20606.58750510816,801.8106598584533,0.017034324182009657,0.028553396629182205
M2,2026-03-03 16:25:00,core-sw-01,port-id7429,server-uplink,268159970.1735699,147553805.18217745,43520.03107323248,19749.58488490963,801.1282426806131,0.018177923990160147,0.03080725193190588
M2,2026-03-03 16:30:00,core-sw-01,port-id7429,server-uplink,282435238.4680344,163359190.32189742,45017.397137669686,21752.693920080776,790.290577543576,0.016387183930594497,0.02926726171792576
M2,2026-03-03 16:35:00,core-sw-01,port-id7429,server-uplink,274670144.7001584,154111892.97276095,44858.508926893635,20334.69850617607,859.3642095085189,0.01858887357815943,0.029080160037675096
M2,2026-03-03 16:40:00,core-sw-01,port-id7429,server-uplink,287847979.12194026,160814165.54900953,47485.3867307889,22015.510968813644,803.5325039487265,0.01688513942022355,0.028114138100232305
M2,2026-03-03 16:45:00,core-sw-01,port-id7429,server-uplink,276004604.2975759,154506874.67041698,46090.228295240995,20919.83607363433,802.3752780128044,0.017445055027736054,0.029360140171350673
M2,2026-03-03 16:50:00,core-sw-01,port-id7429,server-uplink,276421243.02870554,152604385.47461206,45226.288323384775,20655.243520534244,791.9883734425233,0.01696756039786883,0.029082016927144454
M2,2026-03-03 16:55:00,core-sw-01,port-id7429,server-uplink,297193852.66472536,165129759.17108744,48539.439545511384,22337.53640874917,793.495737170961,0.016045932890877947,0.027927198441198134
M2,2026-03-03 17:00:00,core-sw-01,port-id7429,server-uplink,265600309.53684878,152818207.69120482,43838.759058556556,20903.485514996024,795.8953794739075,0.017729485368760994,0.02905196881803399
M2,2026-03-03 17:05:00,core-sw-01,port-id7429,server-uplink,300147839.613594,169407082.9264477,47872.29367111653,22644.555468527786,822.4895123728598,0.01564275825248872,0.028115616672024002
M2,2026-03-03 17:10:00,core-sw-01,port-id7429,server-uplink,427563132.99509794,400124846.30689883,62928.43694720695,45308.67776730551,929.1119902782027,0.010608321469935424,0.017361420818736487
M2,2026-03-03 17:15:00,core-sw-01,port-id7429,server-uplink,432791574.8176616,407298548.38284224,65070.4264187076,46925.10861733284,926.5399000695427,0.009910031250502846,0.018084703540564094
M2,2026-03-03 17:20:00,core-sw-01,port-id7429,server-uplink,415546507.9616984,393885920.0733762,61869.374552888105,44768.70912369648,941.7863741430707,0.010621676500810378,0.018001194266649527
M2,2026-03-03 17:25:00,core-sw-01,port-id7429,server-uplink,437368725.08370626,411644495.2848486,64779.681060732015,45904.393638938556,980.5469131553871,0.010212436905854065,0.017854400764123916
M2,2026-03-03 17:30:00,core-sw-01,port-id7429,server-uplink,425055133.9673235,404940037.8946566,63172.98805284273,45414.95285279739,973.5099446133656,0.010519786138454059,0.01799949198601084
M2,2026-03-03 17:35:00,core-sw-01,port-id7429,server-uplink,433639971.53755474,405909147.59049016,62765.34127003658,45418.12611228657,964.1881300021528,0.010785063674403255,0.017651781080037104
M2,2026-03-03 17:40:00,core-sw-01,port-id7429,server-uplink,419692807.965036,401728599.34430325,63092.641762814485,45511.06232256373,986.0745839452896,0.010399862161427374,0.01755229106220831
M2,2026-03-03 17:45:00,core-sw-01,port-id7429,server-uplink,405937687.19707775,393042021.6469173,62013.82436598267,45471.447516676024,942.9296419369773,0.010174421108063821,0.017835279827955745
M2,2026-03-03 17:50:00,core-sw-01,port-id7429,server-uplink,409351574.423747,392893820.2446241,60741.28743360297,44372.10750057826,943.0644246475701,0.010653890559598877,0.0174360387094266
M2,2026-03-03 17:55:00,core-sw-01,port-id7429,server-uplink,407426133.412607,394539297.16060257,61361.55926643292,44841.80813044393,912.9167484796811,0.010052248845546084,0.017971365114497057
M2,2026-03-03 18:00:00,core-sw-01,port-id7429,server-uplink,411705648.6532503,393485355.835725,61680.14264857355,44808.95994857072,978.827582582908,0.009975177678191966,0.01807913690965707
M2,2026-03-03 18:05:00,core-sw-01,port-id7429,server-uplink,409486930.2834585,391036886.8031439,61481.543405897784,44870.63075010216,953.1274366890942,0.010542234481066783,0.018001290955096966
M2,2026-03-03 18:10:00,core-sw-01,port-id7429,server-uplink,407946934.93333584,390675458.1812652,62671.16554065234,45018.18985548551,942.3905767996664,0.010111718655168125,0.017427315629054443
M2,2026-03-03 18:15:00,core-sw-01,port-id7429,server-uplink,406565906.39237714,387675558.48894083,59912.457281241564,44401.39507003588,944.5187458547696,0.010669048688564681,0.01830096519152789
M2,2026-03-03 18:20:00,core-sw-01,port-id7429,server-uplink,404426621.1595945,390042872.8391249,60728.40988611182,44161.59877940335,993.1673393065657,0.010258679589043756,0.017244608609836398
M2,2026-03-03 18:25:00,core-sw-01,port-id7429,server-uplink,419727457.85020286,399363088.70961523,62327.42839568499,45556.43569546127,956.7013497814531,0.009706433528117488,0.016586135603709404
M2,2026-03-03 18:30:00,core-sw-01,port-id7429,server-uplink,412414453.5386178,395433108.4686793,62456.7540796437,45583.040150281544,920.1375329646586,0.009828917568604592,0.01653060399706226
M2,2026-03-03 18:35:00,core-sw-01,port-id7429,server-uplink,388920903.2876163,379391842.3635152,56524.80798940495,42696.12733316729,999.1330600606279,0.010570093069052386,0.017564783976115106
M2,2026-03-03 18:40:00,core-sw-01,port-id7429,server-uplink,399204191.09383553,386955895.8782144,59725.304239700534,43561.137120124506,969.958808382723,0.010386874773938027,0.016930362964876933
M2,2026-03-03 18:45:00,core-sw-01,port-id7429,server-uplink,388846683.42059755,382173807.9244117,58589.744893190604,43548.21328444481,945.9182141632394,0.010294647347206067,0.017336055054645517
M2,2026-03-03 18:50:00,core-sw-01,port-id7429,server-uplink,386369025.46207935,384240651.40088,55959.23207104067,42369.6129429857,983.8713624401623,0.01005206279980211,0.016962965339454746
M2,2026-03-03 18:55:00,core-sw-01,port-id7429,server-uplink,383835308.05172586,376744416.8485548,56659.37038108918,42542.73804138116,956.3282439736139,0.009878462454728641,0.01644041177896994
M2,2026-03-03 19:00:00,core-sw-01,port-id7429,server-uplink,388812153.6620001,378318306.4172095,58214.47930621529,43634.56378996046,951.5217852388815,0.009412129792378042,0.01729288015013591
M2,2026-03-03 19:05:00,core-sw-01,port-id7429,server-uplink,378044100.85833067,376978605.87574404,57353.56934892747,42925.69892687255,929.5516514811746,0.009591070562231492,0.01617034405949485
M2,2026-03-03 19:10:00,core-sw-01,port-id7429,server-uplink,377463001.96323115,372867720.2616277,56966.98301083684,42514.58722878769,919.7328739799369,0.009430322587187059,0.016022835858697102
M2,2026-03-03 19:15:00,core-sw-01,port-id7429,server-uplink,376819848.4122406,377885737.65073204,56244.9564629388,43090.2594927965,899.6638595963562,0.009264286260538284,0.015400994855678807
M2,2026-03-03 19:20:00,core-sw-01,port-id7429,server-uplink,360693675.03459936,367225356.2442786,54532.03854831823,42153.745579958784,959.6295561702818,0.009324159477002924,0.01568136575524923
M2,2026-03-03 19:25:00,core-sw-01,port-id7429,server-uplink,368240115.9762162,368992165.6010975,53311.52516782043,40958.37709960846,967.0849332952323,0.009565868039178187,0.015872951571236818
M2,2026-03-03 19:30:00,core-sw-01,port-id7429,server-uplink,363571236.5394703,368705532.0110381,53724.895506020315,40907.82292578365,981.2115753769705,0.009053156289154837,0.0159168958043152
M2,2026-03-03 19:35:00,core-sw-01,port-id7429,server-uplink,204141647.28706625,115289576.08946903,33958.24614581493,15979.622364183697,768.6694674605242,0.017324366046907888,0.02931749973157904
M2,2026-03-03 19:40:00,core-sw-01,port-id7429,server-uplink,202098409.6589215,112012178.58299354,34073.49159885935,15267.869890048425,803.8680343716696,0.01726623823671051,0.027891649533430218
M2,2026-03-03 19:45:00,core-sw-01,port-id7429,server-uplink,190269722.52276978,105276405.92002125,30992.586654903218,14045.987606016415,785.9722582258817,0.018073048220546083,0.030345576064562372
M2,2026-03-03 19:50:00,core-sw-01,port-id7429,server-uplink,189116487.1500403,101422552.15311751,31244.19651306776,13569.618928089052,811.1615508452406,0.01738934187222572,0.029532842226097027
M2,2026-03-03 19:55:00,core-sw-01,port-id7429,server-uplink,197694142.59914818,115512419.02159616,31979.463282911158,15515.675944110444,825.7364013338332,0.015635816438329404,0.027919429365243883
M2,2026-03-03 20:00:00,core-sw-01,port-id7429,server-uplink,184792313.72336674,103037515.60727687,30295.07258121298,13714.292227733951,846.2879937144359,0.01654508711797264,0.02975808230288963
M2,2026-03-03 20:05:00,core-sw-01,port-id7429,server-uplink,156354497.74498862,91194190.93196386,25653.149509567098,12125.949205395487,832.9459983509755,0.019137141444887977,0.03188509274720898
M2,2026-03-03 20:10:00,core-sw-01,port-id7429,server-uplink,164412069.2187013,91973054.25203642,27390.513515839,12818.837381960557,788.2066777625023,0.018014856414298255,0.02822134577355101
M2,2026-03-03 20:15:00,core-sw-01,port-id7429,server-uplink,155266673.5923918,90091077.48814464,25126.84849147208,12355.767502053377,847.1324504117009,0.018273675525448042,0.03116606187342543
M2,2026-03-03 20:20:00,core-sw-01,port-id7429,server-uplink,177439631.1378277,99364384.72596449,29641.63748466247,13557.606545578325,831.7926264492862,0.015144944664105995,0.024897862782381482
M2,2026-03-03 20:25:00,core-sw-01,port-id7429,server-uplink,153897895.6309313,86172530.87714435,25365.309803005617,11752.95836238679,831.9665850467868,0.017087229323422125,0.028539857027027583
M2,2026-03-03 20:30:00,core-sw-01,port-id7429,server-uplink,165547552.64310336,93234810.68643379,26543.708689858682,12523.504724134193,823.037514039146,0.015569050566658383,0.02681918080112942
M2,2026-03-03 20:35:00,core-sw-01,port-id7429,server-uplink,150246700.7651314,82986411.28090933,25607.77052476819,11312.780653641337,795.4296654019117,0.01528734562046222,0.026761222251986905
M2,2026-03-03 20:40:00,core-sw-01,port-id7429,server-uplink,133459261.79085532,75562367.32025468,22092.2091173837,10408.741422406272,790.3364629229861,0.01784232781724568,0.028426783110223078
M2,2026-03-03 20:45:00,core-sw-01,port-id7429,server-uplink,137369546.99376947,77175162.46239725,22094.57078447304,10386.19230969896,870.6653315432382,0.017446897293244203,0.028739083962853258
M2,2026-03-03 20:50:00,core-sw-01,port-id7429,server-uplink,131139935.47865021,73684842.19724557,21871.34780097102,10047.088848661875,810.2416692388973,0.016160368802129635,0.029155816390525353
M2,2026-03-03 20:55:00,core-sw-01,port-id7429,server-uplink,130716013.39116521,72927412.85560511,22121.227595089782,10239.015140760952,780.9603149944672,0.01545378261723378,0.026372517036721024
M2,2026-03-03 21:00:00,core-sw-01,port-id7429,server-uplink,128229130.62154353,73661947.11203614,20263.912803563835,9711.022468809793,855.295119199976,0.01682530127213762,0.027795116715401226
M2,2026-03-03 21:05:00,core-sw-01,port-id7429,server-uplink,127108779.0565321,69555266.88117433,20413.95549474179,9516.216307272507,836.9759180749464,0.016358636683386926,0.027056969446672054
M2,2026-03-03 21:10:00,core-sw-01,port-id7429,server-uplink,126563919.60476503,69609376.06151381,20981.504631499454,9649.699293779877,811.946861861636,0.015741743552183062,0.02573140024885567
M2,2026-03-03 21:15:00,core-sw-01,port-id7429,server-uplink,107206003.18169275,62240790.69843487,17936.532275237074,8555.46826226066,789.6112884397228,0.017254759674382704,0.02949814829890828
M2,2026-03-03 21:20:00,core-sw-01,port-id7429,server-uplink,116621620.10258646,65533051.41409129,19646.685150650308,9174.197740497555,757.1653541093365,0.015853382670575678,0.02634114924189418
M2,2026-03-03 21:25:00,core-sw-01,port-id7429,server-uplink,101764799.0919412,58769477.009956054,16640.123875051755,8147.314181093249,847.6318782859736,0.01758452843423832,0.02999921775169999
M2,2026-03-03 21:30:00,core-sw-01,port-id7429,server-uplink,109473270.8344365,61412371.522680335,17720.943156898753,8119.888108978574,816.4057445527778,0.015630939121376534,0.026728414246487434
M2,2026-03-03 21:35:00,core-sw-01,port-id7429,server-uplink,76905314.36770646,43169314.180674665,12391.843501629355,5905.249630115932,799.3696788488926,0.022728617541218993,0.03773032589778482
M2,2026-03-03 21:40:00,core-sw-01,port-id7429,server-uplink,89748837.54161085,46673443.3448679,14487.309212738457,6260.994338134914,829.0230373646522,0.0192019532586123,0.03367472895539553
M2,2026-03-03 21:45:00,core-sw-01,port-id7429,server-uplink,97812738.9692242,53903823.17168474,16022.566015340897,7129.035569910819,823.8393927888834,0.016814010981803,0.028334877558041958
M2,2026-03-03 21:50:00,core-sw-01,port-id7429,server-uplink,97651418.47676773,56598164.46611795,16165.863988548805,7792.253822279732,807.1604307766127,0.015517170723301419,0.027663026595607765
M2,2026-03-03 21:55:00,core-sw-01,port-id7429,server-uplink,93135428.41794625,47186534.96100891,15473.288840018646,6476.3761286727695,805.6220782185686,0.01684094893421438,0.029193072736299574
M2,2026-03-03 22:00:00,core-sw-01,port-id7429,server-uplink,89428207.48195496,49420761.949670576,14572.05489057278,6783.718086513347,836.6566653166861,0.017534775337707618,0.029832694385535805
M2,2026-03-03 22:05:00,core-sw-01,port-id7429,server-uplink,89842057.31031404,50080946.11531843,14831.656294826025,6641.442473149681,837.1919535571874,0.016565362129759086,0.029332364474192383
M2,2026-03-03 22:10:00,core-sw-01,port-id7429,server-uplink,99845176.46528028,57230082.56264306,15918.415387234729,7396.096569753196,857.2486607119899,0.01519935239476775,0.026809325025579395
M2,2026-03-03 22:15:00,core-sw-01,port-id7429,server-uplink,84647587.03948298,48378918.91909971,13971.65719471634,6671.217816312851,785.175510211429,0.018048037721287366,0.029110498795491147
M2,2026-03-03 22:20:00,core-sw-01,port-id7429,server-uplink,97306866.2669623,56709811.02192207,16459.23440578694,7928.362740957091,775.1967352560024,0.014572687379949463,0.024549841583485145
M2,2026-03-03 22:25:00,core-sw-01,port-id7429,server-uplink,90927393.01609658,52079935.01792874,14644.895683783054,6999.529093710902,823.9087880958276,0.01628624237952895,0.027038652789697568
M2,2026-03-03 22:30:00,core-sw-01,port-id7429,server-uplink,96508037.00236425,55664284.97187216,15124.906884586633,7307.695927846906,875.9567330212362,0.015404592256524925,0.026269556765798712
M2,2026-03-03 22:35:00,core-sw-01,port-id7429,server-uplink,71282958.92865041,38851758.00555794,11653.3292703441,5279.683481204499,842.1121461520518,0.0199558980241619,0.0330570310495343
M2,2026-03-03 22:40:00,core-sw-01,port-id7429,server-uplink,79720659.11618441,45869947.841622114,13156.512355205594,6242.5914995011735,806.4440371713562,0.01714638843014208,0.028325703149545144
M2,2026-03-03 22:45:00,core-sw-01,port-id7429,server-uplink,82000665.79137884,47951101.944658384,13644.224286288281,6656.671551519919,790.9588955760721,0.015989867033365284,0.028293071244411532
M2,2026-03-03 22:50:00,core-sw-01,port-id7429,server-uplink,85303864.66474327,47826216.396407716,13656.98259729416,6417.635837508395,848.4611690318955,0.017541959780001264,0.028155693479391505
M2,2026-03-03 22:55:00,core-sw-01,port-id7429,server-uplink,60968832.040750705,37114084.094092146,9896.17765370372,5054.700270409116,779.1751585224952,0.022257142595661528,0.038479512223243854
M2,2026-03-03 23:00:00,core-sw-01,port-id7429,server-uplink,69648362.35041286,42209039.995643355,11526.050038000756,5650.578623748725,849.6804900323817,0.018988962747137815,0.03420372919673587
M2,2026-03-03 23:05:00,core-sw-01,port-id7429,server-uplink,98009763.64805122,55663217.69863121,16070.412810634245,7611.709868257855,809.5997148168451,0.013658210159147146,0.023123537381503103
M2,2026-03-03 23:10:00,core-sw-01,port-id7429,server-uplink,85833095.88988902,47097390.04116501,13594.580403151713,6295.252560288179,878.3608718809181,0.017049589248518366,0.02768906199648328
M2,2026-03-03 23:15:00,core-sw-01,port-id7429,server-uplink,81118726.4275945,45659066.53468398,13283.869321761953,6110.472842625802,837.5661832191022,0.016346695300847806,0.02822117628001489
M2,2026-03-03 23:20:00,core-sw-01,port-id7429,server-uplink,81285141.45161477,45667273.86622376,13313.947260552764,6436.967541480642,787.0804041525618,0.015174213371654288,0.027889001943361455
M2,2026-03-03 23:25:00,core-sw-01,port-id7429,server-uplink,60664351.69417799,33188028.65564498,9797.965893949533,4352.518472216097,841.5546184171092,0.022169054355680114,0.038590438632099044
M2,2026-03-03 23:30:00,core-sw-01,port-id7429,server-uplink,75399125.94564147,44119887.68572114,12216.754112444569,6096.688579221662,808.576396769263,0.01688664759298419,0.028506603954352696
M2,2026-03-03 23:35:00,core-sw-01,port-id7429,server-uplink,80342822.60819027,46106310.74199024,13871.733838239466,6218.399300365672,795.0166356892443,0.015840213136614694,0.02807285386906553
M2,2026-03-03 23:40:00,core-sw-01,port-id7429,server-uplink,81736087.77663346,50328706.45910847,13768.320436795555,7281.647934587036,769.7409668249832,0.01464592100850962,0.025743822292280623
M2,2026-03-03 23:45:00,core-sw-01,port-id7429,server-uplink,76883920.69575678,46502600.853102006,12579.87262901105,6355.704746288547,854.5513012807394,0.016785982269840523,0.027797934040828805
M2,2026-03-03 23:50:00,core-sw-01,port-id7429,server-uplink,87806559.27080806,49696477.29634908,14355.392259318975,6628.777957108701,797.9178952831738,0.014636571364087575,0.026515252694029455
M2,2026-03-03 23:55:00,core-sw-01,port-id7429,server-uplink,70212528.4719682,38521893.868991144,11657.225180982206,5170.20030689987,784.8521006947603,0.018823110324791524,0.030115742247670208
M2,2026-03-04 00:00:00,core-sw-01,port-id7429,server-uplink,96656444.27236596,54502501.25206431,15840.68262992187,7329.327377592895,811.3290173972258,0.013451425989899042,0.02247336149240317
M2,2026-03-04 00:05:00,core-sw-01,port-id7429,server-uplink,63950627.921037175,35105864.0491729,10558.581449486432,4862.65676458356,801.8110504045086,0.020397902543407745,0.033882814839547325
M2,2026-03-04 00:10:00,core-sw-01,port-id7429,server-uplink,82728250.06989793,43717675.033858135,13810.118269740899,6060.713438648871,800.920462020574,0.015189529109310502,0.025787138969699863
M2,2026-03-04 00:15:00,core-sw-01,port-id7429,server-uplink,81029539.62544486,40691544.36189114,13142.99412581065,5363.1176538511345,812.121118766333,0.01698979460635177,0.029155389869029907
M2,2026-03-04 00:20:00,core-sw-01,port-id7429,server-uplink,67403593.08799934,39004290.65319945,10718.924609797974,5148.178665809727,826.8243593569754,0.019715248827888422,0.034185421960943325
M2,2026-03-04 00:25:00,core-sw-01,port-id7429,server-uplink,62261958.92170968,32490891.118436843,9895.152705105429,4326.638827229064,889.4323541533739,0.02092916853542836,0.035814427024630106
M2,2026-03-04 00:30:00,core-sw-01,port-id7429,server-uplink,90163091.60944885,47884047.96310246,14680.59707280214,6387.726124412508,823.7891813858006,0.015162064907135758,0.024718387617530306
M2,2026-03-04 00:35:00,core-sw-01,port-id7429,server-uplink,89514734.33168,48206452.78869369,14674.61722653597,6774.715263375228,807.5372898456421,0.014040848479378929,0.025345335745935466
M2,2026-03-04 00:40:00,core-sw-01,port-id7429,server-uplink,68144577.59622186,32334497.37926595,11074.761130789977,4528.415714998117,805.875459639602,0.01928815563630253,0.03197022527947493
M2,2026-03-04 00:45:00,core-sw-01,port-id7429,server-uplink,60407825.5944711,31146660.93241758,9713.333684089213,4261.198297011659,796.4707199745461,0.02209435045700597,0.038130950980050184
M2,2026-03-04 00:50:00,core-sw-01,port-id7429,server-uplink,60324492.67030296,34028973.40600607,9936.463065685406,4550.528069426169,843.2413951566921,0.021948260119172076,0.034479308194321455
M2,2026-03-04 00:55:00,core-sw-01,port-id7429,server-uplink,73583852.43074705,40820633.9866497,12550.649015198675,5654.585355249901,762.7728765362169,0.016935633467860426,0.02866076471851882
M2,2026-03-04 01:00:00,core-sw-01,port-id7429,server-uplink,210463956.20688725,282071834.01591635,31135.420023183247,31885.520819902245,988.1990909754724,0.004829847411373457,0.008193206305625346
M2,2026-03-04 01:05:00,core-sw-01,port-id7429,server-uplink,230963260.07132316,292166274.17154944,34073.16728467085,32746.221534060125,973.0865453188198,0.004564382113214948,0.007987560985343355
M2,2026-03-04 01:10:00,core-sw-01,port-id7429,server-uplink,221389851.38271987,290552106.0591839,33415.38338294398,33383.50268328994,953.3518154200117,0.004490163318880553,0.007847334381810414
M2,2026-03-04 01:15:00,core-sw-01,port-id7429,server-uplink,229241427.40107816,289807145.3692868,34752.35519211687,33124.76433021235,981.9743697868171,0.0044770854669125195,0.007472606515562644
M2,2026-03-04 01:20:00,core-sw-01,port-id7429,server-uplink,221983249.74752966,289100135.9340145,32522.12086353947,32423.341446003385,967.3378080680844,0.004728868143918081,0.007840614093521686
M2,2026-03-04 01:25:00,core-sw-01,port-id7429,server-uplink,212796345.19046822,283239186.89205533,31731.778668491424,32294.09625230645,1008.359669827199,0.004713903250936039,0.008249100872421469
M2,2026-03-04 01:30:00,core-sw-01,port-id7429,server-uplink,225288931.18315187,292658708.2179093,33631.51648645407,33350.454932689216,968.2693499258044,0.004481208652638638,0.007803043945466873
M2,2026-03-04 01:35:00,core-sw-01,port-id7429,server-uplink,223108336.41913307,289164500.9690984,34500.98630205461,33373.18558185821,923.2951885910663,0.004457806121463482,0.007777866941355494
M2,2026-03-04 01:40:00,core-sw-01,port-id7429,server-uplink,203988196.958195,279701786.48516774,30718.722041600773,31633.502558180327,985.445896939747,0.0050417550905699415,0.008479132526701598
M2,2026-03-04 01:45:00,core-sw-01,port-id7429,server-uplink,221014033.76778978,288026144.9375515,33587.04982134034,33079.24818300377,960.1553418580158,0.0046053109960200326,0.007949992251320898
M2,2026-03-04 01:50:00,core-sw-01,port-id7429,server-uplink,208972104.89804366,278774203.9385537,31370.530330023903,32587.921325597483,940.8619745883881,0.004877065203895346,0.007904622875675527
M2,2026-03-04 01:55:00,core-sw-01,port-id7429,server-uplink,238534723.25790024,301030031.393402,35498.99921979541,34109.27876013628,973.0448175485432,0.004478262192339732,0.00743998292849126
M2,2026-03-04 02:00:00,core-sw-01,port-id7429,server-uplink,230235209.55094823,290397693.8460363,34533.820408236585,32850.19624223163,976.3760947276979,0.004712993858268199,0.00761458940500758
M2,2026-03-04 02:05:00,core-sw-01,port-id7429,server-uplink,239831351.56633216,299239977.8192939,36253.743064752554,33824.75550227461,965.2762445882153,0.00444012949788482,0.007495280504617426
M2,2026-03-04 02:10:00,core-sw-01,port-id7429,server-uplink,223780967.89958617,286474304.207721,32983.723622653626,32425.614539840528,930.5256443928174,0.004767320415292982,0.007951959884106656
M2,2026-03-04 02:15:00,core-sw-01,port-id7429,server-uplink,202589717.71048486,277512958.6042092,30112.540985578766,31194.575982254057,970.2643300067151,0.004789612388945783,0.008420969009593274
M2,2026-03-04 02:20:00,core-sw-01,port-id7429,server-uplink,202116078.87499323,275948668.3125724,30197.751734797806,31002.700155103445,945.055102122383,0.004860381062481167,0.008748389596728174
M2,2026-03-04 02:25:00,core-sw-01,port-id7429,server-uplink,218815813.1524027,287886253.2421365,33258.61262193017,33125.918304602004,971.6734263707133,0.004573182690645998,0.00760141341870525
M2,2026-03-04 02:30:00,core-sw-01,port-id7429,server-uplink,236228266.6991024,297644981.8788263,34207.60290545752,33161.35306403363,1027.8681301228598,0.004500127501714376,0.0075568080741645885
M2,2026-03-04 02:35:00,core-sw-01,port-id7429,server-uplink,206373714.64867398,279935944.273485,31018.733815351115,32188.982856333412,991.1404973539808,0.004775806119036584,0.00837026422169703
M2,2026-03-04 02:40:00,core-sw-01,port-id7429,server-uplink,213385697.5079114,285593070.00466955,31202.413837202555,31847.518584316207,1010.0766844136634,0.004953187050322454,0.008265152780906226
M2,2026-03-04 02:45:00,core-sw-01,port-id7429,server-uplink,206649442.2746268,282129387.2067144,30587.979283492736,31637.287795897817,1027.15406523106,0.005088178535529491,0.008655890530872531
M2,2026-03-04 02:50:00,core-sw-01,port-id7429,server-uplink,226669796.55777022,292389773.9547127,34236.38482345937,33057.9533230818,957.3202854971125,0.004493002272148463,0.007793833561104881
M2,2026-03-04 02:55:00,core-sw-01,port-id7429,server-uplink,202203023.56898794,277025809.99761885,30712.314864038708,31836.718096131768,991.3791647800009,0.00494982326017941,0.008614725759268416
M2,2026-03-04 03:00:00,core-sw-01,port-id7429,server-uplink,221804704.85435694,288819258.6585725,33110.650363593944,33302.48978457818,969.4988236742912,0.004689294616160406,0.00773429446391327
M2,2026-03-04 03:05:00,core-sw-01,port-id7429,server-uplink,227751587.70439163,288050382.4107743,33291.23119504548,32844.27857929295,979.5377026405316,0.004683206129072746,0.008032850314362062
M2,2026-03-04 03:10:00,core-sw-01,port-id7429,server-uplink,220776616.16953266,289069502.6688079,32771.24793882991,33320.45146501488,971.4552811568337,0.004736758952057062,0.008255344167296865
M2,2026-03-04 03:15:00,core-sw-01,port-id7429,server-uplink,222327234.33440974,290309951.00734216,33314.78337062894,33562.775824565964,932.9785658745002,0.004611011113659855,0.00802981507647481
M2,2026-03-04 03:20:00,core-sw-01,port-id7429,server-uplink,209448146.22952288,279405143.6529846,30758.180416945288,31900.691110957425,983.6733133856046,0.004965330692724133,0.00864498537575365
M2,2026-03-04 03:25:00,core-sw-01,port-id7429,server-uplink,226548369.4971897,293732883.1978918,33877.69186894069,33179.606412918234,977.3629616138257,0.004752970533254354,0.00799802306880211
M2,2026-03-04 03:30:00,core-sw-01,port-id7429,server-uplink,220326140.73491913,284946354.890309,32705.593896113056,32771.303957206,988.7346228095893,0.004855622996112586,0.008056041029476688
M2,2026-03-04 03:35:00,core-sw-01,port-id7429,server-uplink,220710585.4315398,289650639.0471415,33477.83842155328,33073.33422827467,954.2935650059551,0.004683562587085864,0.007618051831807943
M2,2026-03-04 03:40:00,core-sw-01,port-id7429,server-uplink,212370817.61523643,284992553.3881811,31537.600926270494,32997.01757271762,944.0696802906826,0.0047056283612543935,0.008026576275507992
M2,2026-03-04 03:45:00,core-sw-01,port-id7429,server-uplink,240315627.36498985,298659448.8601433,35102.987018199296,33700.18276774731,1001.5097418090207,0.004580697447972679,0.007687663780957844
M2,2026-03-04 03:50:00,core-sw-01,port-id7429,server-uplink,218723007.67098218,282776925.62809867,34166.57895462066,33063.95654161627,944.7960012833012,0.004635763315064326,0.00765557981579403
M2,2026-03-04 03:55:00,core-sw-01,port-id7429,server-uplink,237047176.50256538,295980172.5246697,35475.449849520104,33485.01007941541,979.459101555563,0.004721945599070436,0.007789419512954456
M2,2026-03-04 04:00:00,core-sw-01,port-id7429,server-uplink,213579412.3807468,283286030.54450697,31601.863336749386,32146.651191088247,939.0658072386501,0.004879109282182219,0.008377822363332581
M2,2026-03-04 04:05:00,core-sw-01,port-id7429,server-uplink,207417743.45096293,285462012.3185297,31182.969786926333,33243.86866691449,956.9003724743499,0.005046920765436881,0.008225342261294082
M2,2026-03-04 04:10:00,core-sw-01,port-id7429,server-uplink,235286794.56376097,294429647.34743845,35859.55655820286,34227.44152439029,931.2231471480677,0.004460818901954039,0.007794662832000037
M2,2026-03-04 04:15:00,core-sw-01,port-id7429,server-uplink,212602853.92559737,283710514.51818585,31615.783910904192,31639.58891400746,958.2614206776557,0.005012582700923113,0.00886948801597095
M2,2026-03-04 04:20:00,core-sw-01,port-id7429,server-uplink,229833198.49395683,292644482.5052147,33766.31544672392,32970.08509145556,994.4171039927933,0.005001565022364666,0.007880074735171157
M2,2026-03-04 04:25:00,core-sw-01,port-id7429,server-uplink,223556382.58879492,288713429.14446044,33555.208560373685,32662.42421900849,1011.6284303524249,0.004949236917852169,0.008044294494807508
M2,2026-03-04 04:30:00,core-sw-01,port-id7429,server-uplink,230418321.71252367,291894744.8525494,34258.58097078419,33162.5799564217,926.8086757088062,0.004889201044380298,0.008278601303691886
M2,2026-03-04 04:35:00,core-sw-01,port-id7429,server-uplink,229768681.4825272,293652995.9478121,34155.50314845365,32654.367765712024,996.278649320234,0.004919051305588092,0.008650288100503872
M2,2026-03-04 04:40:00,core-sw-01,port-id7429,server-uplink,221203381.9634938,285078798.2073969,33218.19503001934,32849.3121969643,987.3766737480283,0.0049626554953823235,0.008414523072657247
M2,2026-03-04 04:45:00,core-sw-01,port-id7429,server-uplink,233020322.67939803,297122094.02056974,35104.662804080064,34239.84327756094,959.0351581254832,0.004616981051329345,0.008008071036713778
M2,2026-03-04 04:50:00,core-sw-01,port-id7429,server-uplink,243048630.5023587,302790922.8493028,36362.9961123546,35043.58094809912,958.5582345692436,0.004638503885380245,0.008293217479995922
M2,2026-03-04 04:55:00,core-sw-01,port-id7429,server-uplink,225361006.76850128,291355803.7119146,33137.44189677708,33065.37324009347,982.6627979687744,0.005160188716747835,0.008896182596602346
M2,2026-03-04 05:00:00,core-sw-01,port-id7429,server-uplink,230709136.57895818,294212755.34079504,34929.23285694059,33826.5129723721,978.3478705384147,0.0049924520609502185,0.008898703858759545
M2,2026-03-04 05:05:00,core-sw-01,port-id7429,server-uplink,243597180.02560362,297816929.7567293,35387.0361915834,33504.3873851414,988.1122180362953,0.005108675167698694,0.008442404808876916
M2,2026-03-04 05:10:00,core-sw-01,port-id7429,server-uplink,240571895.28817117,298926570.9664533,35608.922507300456,33571.668114761414,986.3282620129887,0.004937185915431029,0.00900524800555361
M2,2026-03-04 05:15:00,core-sw-01,port-id7429,server-uplink,223525625.98606062,289860171.59464896,32846.12007540218,32665.30847228612,969.7169351971419,0.005566920902471086,0.009346803029832939
M2,2026-03-04 05:20:00,core-sw-01,port-id7429,server-uplink,233533929.3844815,289060639.43849266,34155.79507088922,32460.926624084383,974.715938816752,0.005570504991038091,0.009117439983390391
M2,2026-03-04 05:25:00,core-sw-01,port-id7429,server-uplink,231530086.162077,299004806.2131023,33708.15556786836,34098.56232918356,993.027359915458,0.005536759213167243,0.009402740548496165
M2,2026-03-04 05:30:00,core-sw-01,port-id7429,server-uplink,225813102.35179928,289183455.1988368,32517.914091307186,31538.050336084772,996.2495806723019,0.005631153776256398,0.00952409302803246
M2,2026-03-04 05:35:00,core-sw-01,port-id7429,server-uplink,257918139.45909992,306122265.9716812,37905.02149984016,34939.86002294389,964.3288890174465,0.005622955373149055,0.008938446922071495
M2,2026-03-04 05:40:00,core-sw-01,port-id7429,server-uplink,240990027.68843585,299615684.8927652,36332.20270882459,33925.7900576915,965.041892457718,0.005613752586583699,0.009596670428160621
M2,2026-03-04 05:45:00,core-sw-01,port-id7429,server-uplink,241131238.92860115,303409720.1531259,35303.10477912131,33548.98291374988,970.6189251115234,0.005923031133887556,0.00976835774442219
M2,2026-03-04 05:50:00,core-sw-01,port-id7429,server-uplink,256839069.92265463,305212610.88821304,37858.37067518242,34744.84587362566,969.031771024838,0.005709712460634743,0.009634296737407693
M2,2026-03-04 05:55:00,core-sw-01,port-id7429,server-uplink,247364496.35433802,304762293.2364097,37094.2686433144,34844.787771745316,947.6546187683517,0.006215127006083332,0.010465247380198129
M2,2026-03-04 06:00:00,core-sw-01,port-id7429,server-uplink,257179981.55173495,303958341.9259787,38038.55396494749,34473.3775099655,976.0085758441072,0.0058194841329299125,0.010276639982639156
M2,2026-03-04 06:05:00,core-sw-01,port-id7429,server-uplink,256729636.70458075,304922178.3581729,38410.17194029771,34784.87494059467,985.8817814121874,0.00610114394253273,0.01114278628870901
M2,2026-03-04 06:10:00,core-sw-01,port-id7429,server-uplink,260311309.83900625,309534494.1430496,38713.27501832922,34884.1742772232,987.7969807534035,0.0061346880378130575,0.010642250733717096
M2,2026-03-04 06:15:00,core-sw-01,port-id7429,server-uplink,257929140.64447233,314108432.7329452,37964.88550904234,35115.717483547225,1051.3574666869852,0.0068238392599898655,0.011562217194929407
M2,2026-03-04 06:20:00,core-sw-01,port-id7429,server-uplink,277187640.85577005,319279411.5459137,41435.91485825106,35924.02429359582,952.7847143902782,0.006371127299692219,0.01106869057201414
M2,2026-03-04 06:25:00,core-sw-01,port-id7429,server-uplink,262103350.24221474,315223088.206037,39436.852483813665,36969.737683572464,961.6436246344808,0.006751734202059698,0.011128461138048605
M2,2026-03-04 06:30:00,core-sw-01,port-id7429,server-uplink,290584316.10469097,327435236.3786765,45238.457130053925,38238.6510451596,928.2876661926856,0.006623777881577136,0.011277546332142932
M2,2026-03-04 06:35:00,core-sw-01,port-id7429,server-uplink,284702681.5855751,321332435.49610084,41304.6370899978,35952.50183323618,985.5866875314765,0.007137456197498086,0.011929609773603005
M2,2026-03-04 06:40:00,core-sw-01,port-id7429,server-uplink,285633783.84968,321583545.8226179,42596.74953206246,36886.43684976323,955.9499282061531,0.007256436665251844,0.012367288441333845
M2,2026-03-04 06:45:00,core-sw-01,port-id7429,server-uplink,146647858.7633485,77968388.8635091,24492.917027215422,10693.147189277748,792.6145596454818,0.0171345438941966,0.029083494368439666
M2,2026-03-04 06:50:00,core-sw-01,port-id7429,server-uplink,151324253.5607375,88565376.47990367,24815.052737787373,12001.269591517805,824.5737146704204,0.01648394962203849,0.028418110789550918
M2,2026-03-04 06:55:00,core-sw-01,port-id7429,server-uplink,152778824.37683228,84635268.40308392,24850.641856581366,11741.655048551496,770.5809754084163,0.017611613559265396,0.03128182920617076
M2,2026-03-04 07:00:00,core-sw-01,port-id7429,server-uplink,164998423.63699937,93727469.27560873,27065.358934101754,12681.320325396802,841.5167550568681,0.016637168918391433,0.029639589462882882
M2,2026-03-04 07:05:00,core-sw-01,port-id7429,server-uplink,168237774.48630238,92778304.96996464,27447.97398734395,12693.43027282087,834.9867718325771,0.01697378033711347,0.03140877436465641
M2,2026-03-04 07:10:00,core-sw-01,port-id7429,server-uplink,159342680.3588916,91415986.51694533,26095.603790852623,12418.673223762424,817.395066357633,0.01933301464670726,0.03145748627399319
M2,2026-03-04 07:15:00,core-sw-01,port-id7429,server-uplink,186059111.79622707,101572339.38981543,30882.873891779556,13920.81892476353,802.6823943868689,0.016486904167593068,0.029213181191544257
M2,2026-03-04 07:20:00,core-sw-01,port-id7429,server-uplink,195549028.91967294,107325713.26202053,31897.825706478066,14576.69989012211,853.2263848926879,0.016835682947961613,0.028280829342290474
M2,2026-03-04 07:25:00,core-sw-01,port-id7429,server-uplink,204341768.98301756,115651918.58222495,34333.83224314141,15929.442603567077,799.7755404958625,0.01612751701159616,0.026183484321076454
M2,2026-03-04 07:30:00,core-sw-01,port-id7429,server-uplink,189761988.09002513,106525084.40839563,30683.54583272649,14472.990456667014,798.3798461898123,0.01798807658337358,0.03178823553705506
M2,2026-03-04 07:35:00,core-sw-01,port-id7429,server-uplink,196993178.51807892,112907935.78186564,32048.247910775837,15105.885175712818,833.9957899618594,0.017873426731108148,0.030905521030836217
M2,2026-03-04 07:40:00,core-sw-01,port-id7429,server-uplink,216355309.6504537,120046672.00321253,35689.16196516058,16491.033698277606,819.572758760714,0.016501506291583774,0.029089212471111986
M2,2026-03-04 07:45:00,core-sw-01,port-id7429,server-uplink,203538116.8209651,112482317.4615452,33316.472601528345,15352.122584785278,822.0836114248513,0.018958990363489112,0.032565456822433975
M2,2026-03-04 07:50:00,core-sw-01,port-id7429,server-uplink,231298970.5470693,131796249.5456037,37461.69262023061,17775.69021381842,820.612537380489,0.01686560304978642,0.028680520140545875
M2,2026-03-04 07:55:00,core-sw-01,port-id7429,server-uplink,225010274.02076668,125029778.23996086,37531.5775209482,17296.101409213014,792.5546989979216,0.016718092090691226,0.028592100080145875
M2,2026-03-04 08:00:00,core-sw-01,port-id7429,server-uplink,223033562.312574,125313051.0451848,36802.93351459886,17279.139442562555,777.1344357130805,0.01783316976818961,0.030994283035676164
M2,2026-03-04 08:05:00,core-sw-01,port-id7429,server-uplink,231862259.34942707,130694366.89862692,37839.303191082756,17732.462423881534,838.1325647296482,0.01689989695088727,0.028793237400548267
M2,2026-03-04 08:10:00,core-sw-01,port-id7429,server-uplink,238654364.96916333,136326838.53453043,38532.018076713495,18307.536018445822,804.4956742765281,0.01783532410409081,0.029748743279420026
M2,2026-03-04 08:15:00,core-sw-01,port-id7429,server-uplink,243858378.76668665,135137126.22135657,40161.56715435019,18433.604419506268,812.7376547994639,0.016890667688155246,0.029158649265489067
M2,2026-03-04 08:20:00,core-sw-01,port-id7429,server-uplink,255651913.39332038,139795245.58720225,41969.45709073025,18359.92177301878,828.4336049102166,0.01690021339503369,0.029832916879190118
M2,2026-03-04 08:25:00,core-sw-01,port-id7429,server-uplink,265168246.89403194,149757253.77081373,45318.314831349264,21011.475223201007,780.9554348550691,0.01521070517625806,0.027214475198854143
M2,2026-03-04 08:30:00,core-sw-01,port-id7429,server-uplink,245926746.24000666,140476924.686799,41045.7099265323,19606.490405553366,782.4204858016161,0.017074787512587904,0.028914531929846558
M2,2026-03-04 08:35:00,core-sw-01,port-id7429,server-uplink,243756104.85462263,139587218.33770433,39410.63421359212,18694.16617063433,820.9463863774129,0.01830590922037952,0.03252957329773635
M2,2026-03-04 08:40:00,core-sw-01,port-id7429,server-uplink,257923418.89141482,145038900.46747166,42652.50309766024,19814.274893238686,812.8063095678519,0.01699752146321645,0.030046127969484
M2,2026-03-04 08:45:00,core-sw-01,port-id7429,server-uplink,274358260.3148341,150468634.9402327,45688.538020648106,20856.39901950547,804.1589073189849,0.015642811199285837,0.026135649051874255
M2,2026-03-04 08:50:00,core-sw-01,port-id7429,server-uplink,280295247.9308865,155204872.70513457,45319.765390060646,21139.270888571045,827.259587855029,0.016353548198890483,0.028074618319382898
M2,2026-03-04 08:55:00,core-sw-01,port-id7429,server-uplink,264174770.63419318,145228944.06825373,42287.83775805173,19703.958739394155,849.5837009685126,0.01756883466830358,0.03105923970797256
M2,2026-03-04 09:00:00,core-sw-01,port-id7429,server-uplink,269633470.34470445,148004121.55018067,45487.42382585321,20218.31614965458,758.3465147574967,0.017156579666580494,0.027745367693479052
M2,2026-03-04 09:05:00,core-sw-01,port-id7429,server-uplink,261163186.09701955,143797095.9678007,42664.301389213215,19191.575624339388,822.5640845713007,0.017777216758622406,0.028795647947434982
M2,2026-03-04 09:10:00,core-sw-01,port-id7429,server-uplink,283837045.38438106,159406806.9006912,46874.881501486016,21707.442842939075,824.4663157186117,0.016187493382045674,0.027041519278474403
M2,2026-03-04 09:15:00,core-sw-01,port-id7429,server-uplink,274338429.90614223,153866680.6626416,44669.89617931171,20464.350446145378,794.7753856058994,0.01721375586023798,0.02962307723811241
M2,2026-03-04 09:20:00,core-sw-01,port-id7429,server-uplink,279031666.24048847,156158565.40546018,45312.0453058112,20851.228412199704,819.6020566780263,0.016896228996686205,0.028486310279736846
M2,2026-03-04 09:25:00,core-sw-01,port-id7429,server-uplink,259002870.4823671,149999086.0627721,42393.28583672046,20405.846539974224,834.2104508345737,0.017905393613507996,0.029746514870724532
M2,2026-03-04 09:30:00,core-sw-01,port-id7429,server-uplink,258699886.85972044,146955549.4027567,42713.00675937212,20154.76025745971,818.1943759648642,0.018303143524723793,0.031985851775999594
M2,2026-03-04 09:35:00,core-sw-01,port-id7429,server-uplink,271385613.7698809,150422343.54757196,43904.670649135835,20127.717682132894,821.3664221316565,0.01832639779413568,0.0310873093611847
M2,2026-03-04 09:40:00,core-sw-01,port-id7429,server-uplink,266200108.39819685,147846378.06492501,45827.89617541908,20426.891810661742,743.3795715905825,0.017252022190034133,0.0293121791200102
M2,2026-03-04 09:45:00,core-sw-01,port-id7429,server-uplink,278422127.84315854,157396236.75429794,44373.842062076714,20905.143914239343,853.7086462902708,0.018388919589640552,0.030674134968668592
M2,2026-03-04 09:50:00,core-sw-01,port-id7429,server-uplink,279416507.7950677,156908144.60802412,46270.89209021766,21074.94671533877,782.3998739847497,0.017610531476558278,0.02765273141984574
M2,2026-03-04 09:55:00,core-sw-01,port-id7429,server-uplink,297337257.12515336,164354348.46938506,49094.391068890545,22396.743630454916,802.6367034759809,0.017074026291802342,0.027043976355603634
M2,2026-03-04 10:00:00,core-sw-01,port-id7429,server-uplink,279380470.42518365,157956199.51777434,46082.11254341863,21559.02530270249,803.4552792688133,0.017215399106827636,0.02947709012442985
M2,2026-03-04 10:05:00,core-sw-01,port-id7429,server-uplink,278373746.6323103,157230027.06192502,47338.62308723012,21568.304211988892,794.0237690067306,0.016773544980454944,0.02861439853527398
M2,2026-03-04 10:10:00,core-sw-01,port-id7429,server-uplink,296336279.8322953,166699566.151071,48523.85280689112,22483.661906183028,825.651606888574,0.016534392735773444,0.027568334473775543
M2,2026-03-04 10:15:00,core-sw-01,port-id7429,server-uplink,284131159.766905,162660743.5037996,44954.242457944405,21629.270833071714,827.831993613365,0.017723615842211007,0.0292222982004066
M2,2026-03-04 10:20:00,core-sw-01,port-id7429,server-uplink,294011964.39741105,164585852.952723,47952.25557783837,22476.117058506057,802.6115133862752,0.01633543082739426,0.02823568021213347
M2,2026-03-04 10:25:00,core-sw-01,port-id7429,server-uplink,292444515.4286206,161640206.9738637,48291.687116034605,22288.611037804185,786.7918429289736,0.01609616574804118,0.028207224492705737
M2,2026-03-04 10:30:00,core-sw-01,port-id7429,server-uplink,276032434.492826,156550473.14931935,44814.77834211351,21040.015396548722,826.3163891818962,0.017826484701820067,0.03125182559388835
M2,2026-03-04 10:35:00,core-sw-01,port-id7429,server-uplink,281764520.06409395,155885393.45219088,46193.934122929364,21136.328395118166,799.456759630004,0.017481409716996285,0.029155105420237047
M2,2026-03-04 10:40:00,core-sw-01,port-id7429,server-uplink,273616888.65987056,150868268.58205006,45343.25385635206,20466.65916484785,821.4249088631174,0.017580687044914427,0.03123685096233354
M2,2026-03-04 10:45:00,core-sw-01,port-id7429,server-uplink,291525523.47492045,160373673.7062612,48186.63131074657,22072.146982039107,805.1085924082367,0.01682123655383778,0.028766640904162588
M2,2026-03-04 10:50:00,core-sw-01,port-id7429,server-uplink,273148195.0840541,156229036.21746844,45932.95857236511,21870.031245701368,782.7512274562827,0.01723135944477211,0.029421552122556635
M2,2026-03-04 10:55:00,core-sw-01,port-id7429,server-uplink,293930294.897457,165962361.80612168,48862.982204026965,23207.638218166077,789.7267280201387,0.016226225280426738,0.02683863457945632
M2,2026-03-04 11:00:00,core-sw-01,port-id7429,server-uplink,298741835.2420058,168976280.58187208,48747.364147426015,23146.84661208746,824.3201998084016,0.016264871108883538,0.02687126579819708
M2,2026-03-04 11:05:00,core-sw-01,port-id7429,server-uplink,278396178.69815844,154981977.5008046,46294.414827095046,21456.786363245617,781.1037269158894,0.01644090616397213,0.028157524721150653
M2,2026-03-04 11:10:00,core-sw-01,port-id7429,server-uplink,280774272.1262657,156548817.72522497,46119.244466034026,21187.258275706205,782.1893269831696,0.01806889092807483,0.028717349744638323
M2,2026-03-04 11:15:00,core-sw-01,port-id7429,server-uplink,284203455.2096489,164000065.32767045,46671.096974733984,21670.548278247505,843.7627595425977,0.017050342760408194,0.029419798622780515
M2,2026-03-04 11:20:00,core-sw-01,port-id7429,server-uplink,275545296.77057123,153555472.91375116,45028.351225227954,20545.938703370186,758.4048465092513,0.017712096415612732,0.030062312255472082
M2,2026-03-04 11:25:00,core-sw-01,port-id7429,server-uplink,285108315.232686,157700572.07604423,47788.25531930192,21265.385593496954,790.0376391028167,0.017131011566873938,0.02877019601353282
M2,2026-03-04 11:30:00,core-sw-01,port-id7429,server-uplink,297260844.150512,161283019.96842295,49792.1833195902,22207.072257466687,763.3792540813039,0.016130862266372295,0.027418178572145787
M2,2026-03-04 11:35:00,core-sw-01,port-id7429,server-uplink,279806406.31329256,159340998.2326897,47429.67213222568,22471.627216675737,773.1211518000347,0.01695854945731614,0.02701987150666865
M2,2026-03-04 11:40:00,core-sw-01,port-id7429,server-uplink,270213010.8746415,151528629.94614577,43603.991042255715,20157.21924129738,850.991952441045,0.018723610142494518,0.030851485903172843
M2,2026-03-04 11:45:00,core-sw-01,port-id7429,server-uplink,275925811.8621803,154664038.5603057,45895.48463867503,20732.25284209197,770.0612436027847,0.017259574159290948,0.029542771543240535
M2,2026-03-04 11:50:00,core-sw-01,port-id7429,server-uplink,296689422.64286715,166500880.63414934,49065.58204609428,22743.51317053935,772.4105264155048,0.016039347782965688,0.02876032720757749
M2,2026-03-04 11:55:00,core-sw-01,port-id7429,server-uplink,277936069.4256946,157473090.39904588,45910.090640910246,21595.642643202085,807.2361887962836,0.01705099864700511,0.030828153839830782
M2,2026-03-04 12:00:00,core-sw-01,port-id7429,server-uplink,277747713.4992032,154256140.80610073,47191.39806538647,21625.485152701545,774.2890757025938,0.016639088895675214,0.02798952928095405
M2,2026-03-04 12:05:00,core-sw-01,port-id7429,server-uplink,284365317.0717393,163172040.03783506,46363.79020505482,22415.423405765163,837.9176705660528,0.016698877956764144,0.02812807301740509
M2,2026-03-04 12:10:00,core-sw-01,port-id7429,server-uplink,281701899.55642664,158872056.12162045,46302.294104255285,21268.106021555133,834.319906484168,0.01634158876631454,0.028825177694702064
M2,2026-03-04 12:15:00,core-sw-01,port-id7429,server-uplink,278395879.6483966,156323989.28069258,44709.306035271286,21110.115555979493,830.1130200056929,0.018033219244574922,0.02971407386079691
M2,2026-03-04 12:20:00,core-sw-01,port-id7429,server-uplink,266420702.29359815,150655969.85758686,44451.075677711975,20572.688521253483,776.6792115834072,0.0180978841673999,0.030327857624893713
M2,2026-03-04 12:25:00,core-sw-01,port-id7429,server-uplink,270383579.11436826,153132151.7446492,43893.74794803485,20748.501291161756,816.9906406814032,0.018278908662581937,0.031409542554430896
M2,2026-03-04 12:30:00,core-sw-01,port-id7429,server-uplink,291091754.4793474,162706610.77740067,48131.03978500774,21771.485623092016,834.0782911616567,0.017294294288793984,0.0283022028349677
M2,2026-03-04 12:35:00,core-sw-01,port-id7429,server-uplink,296085156.4175696,163979433.01591614,49112.82598299647,22296.32677417889,797.0919757484688,0.015281111044173087,0.027769350856853465
M2,2026-03-04 12:40:00,core-sw-01,port-id7429,server-uplink,309910273.08250153,174029481.75687724,52777.35426895619,24455.608134447742,795.2386117827537,0.014944554551405715,0.026730184794825564
M2,2026-03-04 12:45:00,core-sw-01,port-id7429,server-uplink,296569809.9304233,165715166.02592477,48916.01618832189,22669.909397687108,806.5315004605915,0.0164716813424055,0.027556553385023195
M2,2026-03-04 12:50:00,core-sw-01,port-id7429,server-uplink,287967403.2271076,162583770.62452048,46038.024977076755,21592.666451933324,839.7859893761652,0.016562599187868763,0.0293844137692907
M2,2026-03-04 12:55:00,core-sw-01,port-id7429,server-uplink,287566944.4179752,163037233.1284732,47565.40463880847,22367.944588124916,795.9259047525284,0.016741543571000272,0.028200006238329557
M2,2026-03-04 13:00:00,core-sw-01,port-id7429,server-uplink,283798682.3072933,161401632.617169,46957.00670861091,21864.27763007952,777.8991598356073,0.016606870382008268,0.030637636855585113
M2,2026-03-04 13:05:00,core-sw-01,port-id7429,server-uplink,293092609.0084614,160121731.1890612,49252.387176490985,22078.55306545231,811.7595310007838,0.015933866786303118,0.0284697302451567
M2,2026-03-04 13:10:00,core-sw-01,port-id7429,server-uplink,307972276.6324395,170300554.66129288,49497.17067491803,22990.849565063734,826.0509977558713,0.016041900645642093,0.027515828017470552
M2,2026-03-04 13:15:00,core-sw-01,port-id7429,server-uplink,292823805.21897686,165646662.02006578,47464.466562479276,22384.532106168328,851.6437125643355,0.016774864708424528,0.028686334034479052
M2,2026-03-04 13:20:00,core-sw-01,port-id7429,server-uplink,278119171.9814381,159185957.98871747,46376.165052544326,21803.282033636,783.9126637613878,0.017408945675594163,0.02867523577745742
M2,2026-03-04 13:25:00,core-sw-01,port-id7429,server-uplink,298593837.3749028,162294969.39594847,49512.86473843973,22108.884017356762,813.0904686625285,0.017135429491803363,0.027687771254482997
M2,2026-03-04 13:30:00,core-sw-01,port-id7429,server-uplink,297586851.38259655,163429944.22256625,50231.13124858929,22769.978639647008,783.9040886912973,0.016616755048144388,0.02698812659787676
M2,2026-03-04 13:35:00,core-sw-01,port-id7429,server-uplink,274662474.8539957,155609155.99932435,45145.27291028807,20989.32031884137,827.6726812138603,0.017858410746790537,0.029576138875335972
M2,2026-03-04 13:40:00,core-sw-01,port-id7429,server-uplink,279790294.68744934,157580339.3783164,45730.04021968951,21218.786424987084,830.371115702765,0.01695548910126923,0.02996752166134141
M2,2026-03-04 13:45:00,core-sw-01,port-id7429,server-uplink,271370495.2537246,154385952.05591327,45805.55247051383,21198.13114038178,792.6535616787266,0.017486874051755686,0.03134737987805946
M2,2026-03-04 13:50:00,core-sw-01,port-id7429,server-uplink,275867966.8689612,153227116.8406495,44091.80800776318,20662.002416258594,818.7776705661682,0.017886939959956993,0.03106433767410359
M2,2026-03-04 13:55:00,core-sw-01,port-id7429,server-uplink,290719077.5481879,161164826.36025804,48678.09844760448,21658.71939009273,783.1313724676385,0.0158429174177466,0.02830638519120347
M2,2026-03-04 14:00:00,core-sw-01,port-id7429,server-uplink,271590055.5589041,154951937.14174658,42960.1610526615,20917.893740972486,796.6021015014036,0.01801361362600157,0.03194725531244585
M2,2026-03-04 14:05:00,core-sw-01,port-id7429,server-uplink,274259815.76588756,149326891.02020636,45358.22330925702,20143.729943298476,793.1551953894772,0.0175341313815377,0.03045472068943258
M2,2026-03-04 14:10:00,core-sw-01,port-id7429,server-uplink,266275078.81717703,148917549.56995538,44131.28197056978,20143.39541069323,777.6125418446477,0.01812321749588983,0.03164077311539426
M2,2026-03-04 14:15:00,core-sw-01,port-id7429,server-uplink,285355768.1894088,158070636.8411357,46454.02726799371,21344.57822350879,835.8953797862391,0.0173549166715363,0.03004327699137875
M2,2026-03-04 14:20:00,core-sw-01,port-id7429,server-uplink,274654993.4568454,157576202.24988294,45598.48482180118,21683.696788807305,790.2347844279509,0.01721403563739818,0.028019316896724312
M2,2026-03-04 14:25:00,core-sw-01,port-id7429,server-uplink,296606818.7350316,166789380.01087454,48547.05238110782,22812.129038800624,803.5803912163583,0.016468074135471585,0.02788759075653577
M2,2026-03-04 14:30:00,core-sw-01,port-id7429,server-uplink,278461254.108332,153865341.33848837,47674.109291422894,21348.965428206837,789.1839665491308,0.01697012228841056,0.02868920896921458
M2,2026-03-04 14:35:00,core-sw-01,port-id7429,server-uplink,288508950.1641688,164425056.2524799,45904.204162303206,21686.296425714685,860.9309826772898,0.017657765197993704,0.028833413112503852
M2,2026-03-04 14:40:00,core-sw-01,port-id7429,server-uplink,272406741.9889716,152285261.75305554,45531.92983469013,20603.153307376408,777.6445489818664,0.017337654975826008,0.030001053081487827
M2,2026-03-04 14:45:00,core-sw-01,port-id7429,server-uplink,289604407.7213751,167824757.08210748,49188.92115046625,23374.201254746884,771.4357338499004,0.015579327643418512,0.02681497001519049
M2,2026-03-04 14:50:00,core-sw-01,port-id7429,server-uplink,285311492.93005216,165380534.0522677,47598.52353294513,22350.12049916091,797.4121058541424,0.01604797646762552,0.02850113453902557
M2,2026-03-04 14:55:00,core-sw-01,port-id7429,server-uplink,288043731.6546062,161224010.90478238,47218.1039176278,22211.06694208801,851.6551535565022,0.016435435790376145,0.029463070468138834
M2,2026-03-04 15:00:00,core-sw-01,port-id7429,server-uplink,292303794.6955634,164079806.24386996,47319.80661682859,22314.270852179587,789.3654476273765,0.01734857559114465,0.028879106675791938
M2,2026-03-04 15:05:00,core-sw-01,port-id7429,server-uplink,286471710.78135157,162843770.11153153,47570.93527737915,21861.211121312368,787.3195305794445,0.01750253746525573,0.028393664408439732
M2,2026-03-04 15:10:00,core-sw-01,port-id7429,server-uplink,307955606.6200149,177163762.18878987,51840.10894448425,24376.01215371068,765.9852055989433,0.015631917877893073,0.026466661402477665
M2,2026-03-04 15:15:00,core-sw-01,port-id7429,server-uplink,300513934.63744134,168494981.24112645,49017.71048506248,22943.694947883025,798.7032282573206,0.016376013473679243,0.027500999460000952
M2,2026-03-04 15:20:00,core-sw-01,port-id7429,server-uplink,290798161.49000555,165197279.53914133,47623.87862642124,22841.64106217613,792.2507144820919,0.015731759753953713,0.029072265108786174
M2,2026-03-04 15:25:00,core-sw-01,port-id7429,server-uplink,288849148.49224,158683399.2226277,48028.36206245151,21419.862973237054,793.9561735507771,0.016079091075710154,0.02800192337767562
M2,2026-03-04 15:30:00,core-sw-01,port-id7429,server-uplink,275660079.04847413,155700327.70249748,46051.756674226635,21112.985053855293,826.8863993517544,0.01692821498339297,0.030173306900079216
M2,2026-03-04 15:35:00,core-sw-01,port-id7429,server-uplink,276266700.52238226,155960231.36997318,45940.01602083822,21328.589387434164,795.5710192412384,0.01763186621334673,0.02995870268479771
M2,2026-03-04 15:40:00,core-sw-01,port-id7429,server-uplink,280354524.3241178,160716812.96715346,45429.14730872508,21863.675630861948,826.9427361789777,0.01756902002099866,0.029998794952266046
M2,2026-03-04 15:45:00,core-sw-01,port-id7429,server-uplink,281518641.7168544,154857866.8000743,45947.179993087964,21381.916704359406,826.9120920563676,0.017128052398339543,0.028470830132077
M2,2026-03-04 15:50:00,core-sw-01,port-id7429,server-uplink,279138388.7635992,157421581.44972733,45638.28092464898,21336.043409200705,830.3166891063971,0.016994934829648572,0.029609560000736085
M2,2026-03-04 15:55:00,core-sw-01,port-id7429,server-uplink,299631127.83346266,168303821.7961888,49746.18237787942,22698.39417998721,786.1471730586575,0.016438640130170126,0.027784120139396896
M2,2026-03-04 16:00:00,core-sw-01,port-id7429,server-uplink,285308436.8051118,159781804.28564313,47177.93919811481,21694.463167624624,786.0631342564993,0.017875961914113968,0.02842362928383908
M2,2026-03-04 16:05:00,core-sw-01,port-id7429,server-uplink,290454550.57340145,162335976.04489207,47629.35069926568,22410.689851134255,809.1408713189164,0.016463884353366667,0.027389036520719473
M2,2026-03-04 16:10:00,core-sw-01,port-id7429,server-uplink,281743439.3311998,158884406.9898956,46700.07435145925,21692.530033820407,849.9176482458934,0.016505087160637897,0.02759749275168552
M2,2026-03-04 16:15:00,core-sw-01,port-id7429,server-uplink,282615885.0828082,161773352.14855257,46179.300852462366,21634.21640008954,801.4326089760928,0.016432511920590157,0.029020954458780068
M2,2026-03-04 16:20:00,core-sw-01,port-id7429,server-uplink,287764963.96389914,163770200.18045577,48132.513405776466,22323.541937444315,807.0551154985017,0.016534305494553703,0.02744490340347363
M2,2026-03-04 16:25:00,core-sw-01,port-id7429,server-uplink,268324310.01281345,148317817.32213774,44528.30867575986,20596.69125373823,781.7337638965248,0.016905754716968657,0.031038590018033968
M2,2026-03-04 16:30:00,core-sw-01,port-id7429,server-uplink,285678207.8170339,159842211.22534782,47180.45921933866,21624.02558929289,819.8121340954241,0.016942551933899153,0.02973708462397059
M2,2026-03-04 16:35:00,core-sw-01,port-id7429,server-uplink,279818665.9910617,158818098.89604956,44816.642213672545,20996.038124495837,804.6525498952449,0.017264149073949343,0.03072196240808544
M2,2026-03-04 16:40:00,core-sw-01,port-id7429,server-uplink,261455265.49290252,148238302.19226822,42804.142644058076,19851.469179518786,776.6597937465978,0.01835613422470679,0.031317062098935027
M2,2026-03-04 16:45:00,core-sw-01,port-id7429,server-uplink,275299674.229377,155289253.06528825,46107.27304931012,21425.18910932854,800.2114982595799,0.016770507148129436,0.028388810398950113
M2,2026-03-04 16:50:00,core-sw-01,port-id7429,server-uplink,277330761.448547,152245491.59748703,45317.912355338,20561.888746250046,802.4278696289012,0.017219716485775676,0.029371708525631243
M2,2026-03-04 16:55:00,core-sw-01,port-id7429,server-uplink,291166155.4273789,163185534.48626626,47128.82624066576,22096.836466734607,810.8826824870437,0.016226476862714948,0.028020636917896486
M2,2026-03-04 17:00:00,core-sw-01,port-id7429,server-uplink,270748048.20428145,153150472.7802273,44366.869394468005,20812.28517658644,824.0405912304824,0.018097893067028515,0.02947999982779293
M2,2026-03-04 17:05:00,core-sw-01,port-id7429,server-uplink,267595756.03230384,151856546.3262757,44781.83355876278,21204.989978393085,778.0348177983142,0.017307786368596787,0.029164017767758538
M2,2026-03-04 17:10:00,core-sw-01,port-id7429,server-uplink,286332469.0919448,158289166.52128735,47023.8719450152,21364.571086238087,832.6343846333242,0.016632536250519768,0.027801519128808218
M2,2026-03-04 17:15:00,core-sw-01,port-id7429,server-uplink,267166386.11232775,151335083.80349275,43237.093134207,20378.405573810625,826.1653363412685,0.017056159384772136,0.030120426546760563
M2,2026-03-04 17:20:00,core-sw-01,port-id7429,server-uplink,282882369.824284,161678672.2602588,47583.95422769559,22265.18083697256,781.8151446092124,0.016581694490989413,0.02773279921105999
M2,2026-03-04 17:25:00,core-sw-01,port-id7429,server-uplink,276484327.94085,155609701.25340766,45117.32637295757,21315.587261318047,812.7672184821347,0.0169515845029524,0.029666307764672068
M2,2026-03-04 17:30:00,core-sw-01,port-id7429,server-uplink,264870030.2000416,149516059.35184184,43009.89815829022,19937.796395824105,782.1950022325232,0.018178961113321665,0.030108975380279263
M2,2026-03-04 17:35:00,core-sw-01,port-id7429,server-uplink,279127445.060313,157383946.31599876,46120.68622187539,21324.647533195453,809.2333944401389,0.015931307471056883,0.03005938135797901
M2,2026-03-04 17:40:00,core-sw-01,port-id7429,server-uplink,276378066.8501337,151966947.7328752,44800.63806324912,20463.840389218458,775.3367824441896,0.01650047327985619,0.029929782795229686
M2,2026-03-04 17:45:00,core-sw-01,port-id7429,server-uplink,268104320.76983538,151896930.75038278,44746.74013230171,21273.886729148264,796.4460955385838,0.01713001497114724,0.029919927582826838
M2,2026-03-04 17:50:00,core-sw-01,port-id7429,server-uplink,279880798.915502,158277545.78565675,45764.20077445116,21840.540791443374,813.7793375791945,0.01702817159156836,0.027161238130062694
M2,2026-03-04 17:55:00,core-sw-01,port-id7429,server-uplink,260358958.4546632,144881102.3221794,42460.478423807304,19913.87343708645,836.4991202650684,0.017524734004615516,0.02993506452521309
M2,2026-03-04 18:00:00,core-sw-01,port-id7429,server-uplink,253987937.0291858,139934437.5573449,41683.71882383054,18925.776853914747,811.5605654816648,0.01816289902505594,0.03058717269463591
M2,2026-03-04 18:05:00,core-sw-01,port-id7429,server-uplink,260588235.47066134,146756232.35096353,44252.94350959895,20303.902827390226,813.9436198886763,0.016906655854817838,0.028005162614352493
M2,2026-03-04 18:10:00,core-sw-01,port-id7429,server-uplink,261401177.12419805,150050134.79827642,43057.69134627188,20286.022689308622,803.7606941692776,0.017068495260483662,0.02935272388545714
M2,2026-03-04 18:15:00,core-sw-01,port-id7429,server-uplink,261394055.84817427,145632144.0661183,43349.17379939969,19886.68947251262,823.0991331313758,0.016755027477063283,0.028873670057480174
M2,2026-03-04 18:20:00,core-sw-01,port-id7429,server-uplink,250197477.47176242,142042170.46953234,41415.620029627455,19425.242219630563,836.4623222522731,0.017204282054441758,0.03069433625427182
M2,2026-03-04 18:25:00,core-sw-01,port-id7429,server-uplink,264025537.21993467,149358559.92560953,44432.320553898746,20613.262453862895,850.2321384431435,0.017795027917467787,0.02674329110463832
M2,2026-03-04 18:30:00,core-sw-01,port-id7429,server-uplink,248377416.66986522,138553854.08091694,40306.18144615198,18808.773941883563,842.8848285930665,0.017601864281014273,0.02950452253831146
M2,2026-03-04 18:35:00,core-sw-01,port-id7429,server-uplink,258983234.93764275,140981243.06947,42397.15608591155,19184.032028184596,803.1933350667099,0.017249925543965476,0.028707999233194385
M2,2026-03-04 18:40:00,core-sw-01,port-id7429,server-uplink,246481885.9886553,135802641.58974457,41640.54907890047,18539.392988471398,800.2162814997669,0.017310644660051347,0.02981844086580249
M2,2026-03-04 18:45:00,core-sw-01,port-id7429,server-uplink,236570876.21822888,129579761.54286252,38961.66750904702,17808.43059899018,826.4522249753576,0.01718792117077919,0.03118990310725054
M2,2026-03-04 18:50:00,core-sw-01,port-id7429,server-uplink,235358998.92817438,132735716.37867573,39683.66691198733,18602.734208930382,773.5714851740026,0.01694505028070638,0.029693703303903234
M2,2026-03-04 18:55:00,core-sw-01,port-id7429,server-uplink,227570824.92227325,127950988.80827548,36607.54360611343,16823.381619549593,833.2252890404459,0.01832865826483364,0.03165629953676705
M2,2026-03-04 19:00:00,core-sw-01,port-id7429,server-uplink,258151237.40460324,146166282.31934202,42312.85412273633,20291.087614994052,814.4642746576673,0.015466178149011888,0.02676961832668137
M2,2026-03-04 19:05:00,core-sw-01,port-id7429,server-uplink,234039544.28993994,135674217.66762632,39773.14801877547,18507.81901128337,775.4323004874271,0.0161464262392326,0.027893747835445508
M2,2026-03-04 19:10:00,core-sw-01,port-id7429,server-uplink,235077896.30092096,127432646.17438702,38322.75115129084,16933.796020885344,797.082187485578,0.01690078862063658,0.030544065615761104
M2,2026-03-04 19:15:00,core-sw-01,port-id7429,server-uplink,244179612.83623856,134231160.38714567,39037.89619951418,18170.758263269552,812.7108096526765,0.01610117539705529,0.02875308399870336
M2,2026-03-04 19:20:00,core-sw-01,port-id7429,server-uplink,243603339.51610962,133005174.36008143,39077.81586049661,17864.490031496953,822.6962815295046,0.016509478264829344,0.027252968472618502
M2,2026-03-04 19:25:00,core-sw-01,port-id7429,server-uplink,218061494.90388253,123376539.83630885,35499.885728447596,17065.51782725897,787.1697896960744,0.016876422196569835,0.029010711490671522
M2,2026-03-04 19:30:00,core-sw-01,port-id7429,server-uplink,198175948.27207974,106916011.01406513,32270.56689101861,14112.37435826264,885.0227861448749,0.018332180629767294,0.030627874429980106
M2,2026-03-04 19:35:00,core-sw-01,port-id7429,server-uplink,191153241.78637084,109909462.71460915,31635.049541121003,14767.517666350834,770.057930258422,0.017655488053115273,0.030489053927655503
M2,2026-03-04 19:40:00,core-sw-01,port-id7429,server-uplink,178256027.8634566,98803435.79712324,29015.490968969647,13452.86631956352,816.8715419257801,0.01991667025332394,0.03395312904490238
M2,2026-03-04 19:45:00,core-sw-01,port-id7429,server-uplink,194631748.1126049,114037392.74340568,31283.4808764916,15215.708875014185,820.5690001902633,0.018307715462744383,0.028632451135353253
M2,2026-03-04 19:50:00,core-sw-01,port-id7429,server-uplink,191558981.35391736,106363964.26583098,30838.993111039446,14315.310125311657,848.9142253707575,0.017334095729802265,0.03158175973692265
M2,2026-03-04 19:55:00,core-sw-01,port-id7429,server-uplink,174049503.71095955,100204470.19662392,29619.267852226927,13794.604645859188,781.8920708428936,0.01799161782938096,0.02817603307679483
M2,2026-03-04 20:00:00,core-sw-01,port-id7429,server-uplink,176226267.6108253,101521978.41708602,29017.417230584495,13836.575343077708,777.3597747074456,0.016876529018012527,0.031077623672990547
M2,2026-03-04 20:05:00,core-sw-01,port-id7429,server-uplink,163154262.3284033,93233297.5315958,26606.297128758917,12332.841911511588,825.866614443766,0.01904397944814101,0.03054190158761841
M2,2026-03-04 20:10:00,core-sw-01,port-id7429,server-uplink,157461331.4371859,89851783.30083968,26023.24417300694,11982.693893820837,862.4881426897973,0.019003601184597676,0.03176865992202271
M2,2026-03-04 20:15:00,core-sw-01,port-id7429,server-uplink,166144548.92141774,93916268.213993,27206.5932321551,12589.58672969492,793.2713433835287,0.016856211939132372,0.028437373029591054
M2,2026-03-04 20:20:00,core-sw-01,port-id7429,server-uplink,146048391.78300518,85317962.79410109,23456.23403683254,11346.138507883843,819.9286833999905,0.01837071056663347,0.03228994171090596
M2,2026-03-04 20:25:00,core-sw-01,port-id7429,server-uplink,155213417.0770677,86897158.5425973,26088.20397180584,12101.613559646432,797.6262131985316,0.016467483453032495,0.027955158898087275
M2,2026-03-04 20:30:00,core-sw-01,port-id7429,server-uplink,156103505.15053472,89215856.80591558,25283.025486076738,11860.854572171143,815.7046508649379,0.01646903225304021,0.027874177181290052
M2,2026-03-04 20:35:00,core-sw-01,port-id7429,server-uplink,128748805.30836384,73310167.31610578,21317.747276356342,9791.831599323896,873.682580187717,0.018360740148160692,0.03117157609452695
M2,2026-03-04 20:40:00,core-sw-01,port-id7429,server-uplink,137148353.87829718,77133010.92775755,23035.251483274704,10437.732526652688,804.2768813101931,0.01658026422052596,0.029775101529661795
M2,2026-03-04 20:45:00,core-sw-01,port-id7429,server-uplink,128292091.7299474,72780059.86387166,20954.410332980402,9672.106439178428,816.9869221434702,0.018436620913736004,0.030044151556558756
M2,2026-03-04 20:50:00,core-sw-01,port-id7429,server-uplink,127617939.24260291,72472387.89619607,20790.99385251547,9696.236499638173,805.9117832000327,0.01692455265405917,0.029383736614684
M2,2026-03-04 20:55:00,core-sw-01,port-id7429,server-uplink,108827502.79301204,63716785.03954323,17635.907010997526,8702.161661354663,842.8126406747012,0.018803223334755332,0.033660829498248564
M2,2026-03-04 21:00:00,core-sw-01,port-id7429,server-uplink,128106759.0106328,71614282.13777368,21685.62286517524,9777.143880927992,822.4124119394719,0.014851139228298008,0.026292176210262832
M2,2026-03-04 21:05:00,core-sw-01,port-id7429,server-uplink,117076031.68347634,63664455.1089813,19239.64387616886,8844.590138029675,811.8368835189989,0.01670077270820168,0.029549568259922637
M2,2026-03-04 21:10:00,core-sw-01,port-id7429,server-uplink,118585440.55894311,61360053.5645447,19577.693049448415,8400.425592182162,823.4251699632924,0.016813663314096595,0.029648782554014402
M2,2026-03-04 21:15:00,core-sw-01,port-id7429,server-uplink,107733423.03974596,62002375.223937765,17748.38306361125,8326.800932402073,816.20956488285,0.01763962448061054,0.030120748691953372
M2,2026-03-04 21:20:00,core-sw-01,port-id7429,server-uplink,101639486.75932099,54406399.868134335,16605.275348540952,7175.016328067287,820.6195113432578,0.0180821846706057,0.03094929667033934
M2,2026-03-04 21:25:00,core-sw-01,port-id7429,server-uplink,96201935.34855327,49920196.71572297,15409.93663779356,6823.438187843843,844.2425837433392,0.01875091116664042,0.032927732235562876
M2,2026-03-04 21:30:00,core-sw-01,port-id7429,server-uplink,82117206.28519033,43928885.82369028,13248.472065043952,5713.7586999520245,825.76968801409,0.021886676464243804,0.038223734715237045
M2,2026-03-04 21:35:00,core-sw-01,port-id7429,server-uplink,87509169.32387528,49752731.168257356,14413.983768419808,6734.292873817211,805.7277701475899,0.018860082071108814,0.03397034527328342
M2,2026-03-04 21:40:00,core-sw-01,port-id7429,server-uplink,123583768.08876729,65530491.393429205,20051.126714689155,8957.185053726475,813.6985948972462,0.014572529378527346,0.024841024389700764
M2,2026-03-04 21:45:00,core-sw-01,port-id7429,server-uplink,86892970.38778657,45086514.97975653,13692.449472769302,5938.730712211532,861.4054965652283,0.02057818521623374,0.03199867781530504
M2,2026-03-04 21:50:00,core-sw-01,port-id7429,server-uplink,87245704.14828375,49352587.77336652,13866.578033754777,6719.685622266924,841.677762954891,0.018245457477519555,0.032607884692745503
M2,2026-03-04 21:55:00,core-sw-01,port-id7429,server-uplink,97685979.55005608,58554385.600229844,16490.268392040667,8083.798864480802,836.913359328222,0.015361887812233967,0.026394374239169162
M2,2026-03-04 22:00:00,core-sw-01,port-id7429,server-uplink,73012773.95754862,37436361.19564616,11943.761682604125,4920.288846558764,827.5707289581238,0.0218932608836585,0.03671391177024323
M2,2026-03-04 22:05:00,core-sw-01,port-id7429,server-uplink,91633072.12056385,51655896.07717157,14599.19549981559,7019.87460798701,811.5841024871223,0.017268903338606825,0.02998845478593898
M2,2026-03-04 22:10:00,core-sw-01,port-id7429,server-uplink,81031946.92612223,44803423.27542162,13519.787637628002,6224.70081196675,774.3546644593772,0.018889504687116147,0.03125660324017547
M2,2026-03-04 22:15:00,core-sw-01,port-id7429,server-uplink,75411047.74071643,41521394.899471596,12407.616413262747,5735.810902665044,797.6142275793056,0.01937267102373282,0.03249172277611827
M2,2026-03-04 22:20:00,core-sw-01,port-id7429,server-uplink,82561701.47919695,45062936.99574008,13994.007972596635,6037.039804084057,791.6755244048521,0.017179880404746193,0.029766405444624822
M2,2026-03-04 22:25:00,core-sw-01,port-id7429,server-uplink,87393265.58855651,44391515.311031595,14644.539494053979,6305.163863072336,786.8025409925657,0.0169627095446209,0.02788103594469298
M2,2026-03-04 22:30:00,core-sw-01,port-id7429,server-uplink,91003964.65415773,52707358.61233867,15113.975086380187,7043.274439662655,848.8525145738159,0.015397940735085327,0.026410517368498348
M2,2026-03-04 22:35:00,core-sw-01,port-id7429,server-uplink,86604880.76464026,49012098.60849137,14041.653908779477,6588.993409931191,806.741542898402,0.016012539701824716,0.028123560139101614
M2,2026-03-04 22:40:00,core-sw-01,port-id7429,server-uplink,86256781.42081098,48447871.57158691,13959.239702113811,6518.049163190881,819.6992054387207,0.016433318933983657,0.02837172671403554
M2,2026-03-04 22:45:00,core-sw-01,port-id7429,server-uplink,100813165.47732839,53841089.91137459,16929.5751115538,7331.016858883932,796.7218824291448,0.013711917917230981,0.022942300728890815
M2,2026-03-04 22:50:00,core-sw-01,port-id7429,server-uplink,98744458.790369,56107907.74222321,16638.303158440056,7757.519364243482,765.5314892678558,0.013609792134769613,0.02307273212036743
M2,2026-03-04 22:55:00,core-sw-01,port-id7429,server-uplink,78199227.63639776,47537401.09556164,13222.191458371355,6524.094821760505,818.9410746242534,0.01658938311801837,0.027846387599044176
M2,2026-03-04 23:00:00,core-sw-01,port-id7429,server-uplink,83518168.48999612,48734403.800963506,13814.8054865562,6660.154363325509,808.005739027955,0.015101087772226917,0.027615563398819695
M2,2026-03-04 23:05:00,core-sw-01,port-id7429,server-uplink,80712379.06024183,46831120.39505022,13090.73613211943,6554.866690322194,827.5022669989005,0.015817568215728765,0.028303288034929243
M2,2026-03-04 23:10:00,core-sw-01,port-id7429,server-uplink,102874002.50684328,58257758.66661902,16698.485440699864,7754.178160496899,814.865061329724,0.013190977392134888,0.02215945373995009
M2,2026-03-04 23:15:00,core-sw-01,port-id7429,server-uplink,87829656.98433863,47316783.92420911,14299.351013724705,6403.517413974096,786.4235525290793,0.0154264887230597,0.026837464920656313
M2,2026-03-04 23:20:00,core-sw-01,port-id7429,server-uplink,91372111.28964835,53258585.59856074,15509.222434361702,7271.780758148967,805.0238000044882,0.01391840585479967,0.02344693712714529
M2,2026-03-04 23:25:00,core-sw-01,port-id7429,server-uplink,86095448.30544968,47090870.06063312,14042.760575351838,6401.442605752365,805.1139977479689,0.01603192831341603,0.026819812538335795
M2,2026-03-04 23:30:00,core-sw-01,port-id7429,server-uplink,85217232.92047696,47459019.48506685,14295.77361476856,6821.809805901092,777.9716885242816,0.01519247033668691,0.024203665638867836
M2,2026-03-04 23:35:00,core-sw-01,port-id7429,server-uplink,67669893.36034901,39918770.897020064,10737.05148378745,5381.56328227415,862.2242021141454,0.018946363749547234,0.032319940903654816
M2,2026-03-04 23:40:00,core-sw-01,port-id7429,server-uplink,94277428.9728651,54309980.26698277,15440.749699029991,7187.506919846409,796.0417512843703,0.013908754270602751,0.024323476917244593
M2,2026-03-04 23:45:00,core-sw-01,port-id7429,server-uplink,65686380.36287514,38230489.220192894,10994.894290504693,5277.871226188832,807.3205388027013,0.01989887112333014,0.03282649829145742
M2,2026-03-04 23:50:00,core-sw-01,port-id7429,server-uplink,68725576.64217415,37988965.17921173,11231.39245006594,5109.946607625281,815.1677948833793,0.019752371393990272,0.03205003659618118
M2,2026-03-04 23:55:00,core-sw-01,port-id7429,server-uplink,85448205.2882371,45689289.59955197,13975.037564651115,6131.458600042718,829.7825208753746,0.01598270717326237,0.027104725111031406
M3,2026-03-02 00:00:00,core-sw-01,port-id7429,server-uplink,81328811.20233628,42367805.143035546,13557.012411002519,5911.13010165549,783.9945524972188,0.01583786367570826,0.026208904523062106
M3,2026-03-02 00:05:00,core-sw-01,port-id7429,server-uplink,89750594.04714395,49645101.01505677,15060.936212489665,6696.8794348353495,810.6266484421151,0.0144789469710885,0.023848971187130443
M3,2026-03-02 00:10:00,core-sw-01,port-id7429,server-uplink,84076511.27336662,48890037.56166733,13518.588359808607,6523.884352734496,832.6187499337256,0.01499417263552819,0.024549857610114596
M3,2026-03-02 00:15:00,core-sw-01,port-id7429,server-uplink,93668628.30173612,53533682.57464811,15584.54310924733,7224.472031874171,800.8301205635022,0.013251821193056164,0.02235572579162532
M3,2026-03-02 00:20:00,core-sw-01,port-id7429,server-uplink,65574946.677828364,39924866.843489185,10444.152286891329,5392.028965674271,858.5792187043179,0.019582689347103558,0.032635681596735924
M3,2026-03-02 00:25:00,core-sw-01,port-id7429,server-uplink,97752060.55123414,52886609.21288759,15788.676531531886,7151.036294429085,828.8116869269527,0.0138133689035139,0.02257637770539821
M3,2026-03-02 00:30:00,core-sw-01,port-id7429,server-uplink,61862964.9508483,34727165.88628927,10194.016860421441,4625.584642036298,812.4028743085859,0.019788501537447017,0.03265516041892096
M3,2026-03-02 00:35:00,core-sw-01,port-id7429,server-uplink,75985168.0420627,38880215.02374638,12367.07655619436,5222.120280603053,805.9531130982856,0.017244180401510927,0.030331974634900293
M3,2026-03-02 00:40:00,core-sw-01,port-id7429,server-uplink,78970355.550823,44206338.79711369,12858.75302717062,5996.88224572358,835.4300523114646,0.016452397008741553,0.028036845412710093
M3,2026-03-02 00:45:00,core-sw-01,port-id7429,server-uplink,101876908.57270716,56944670.32479426,16186.243179337767,7699.992644024463,841.4101227973172,0.012576101636968505,0.02165630025124022
M3,2026-03-02 00:50:00,core-sw-01,port-id7429,server-uplink,85264415.3700794,50429309.44010457,13886.845449915425,6972.462337634106,816.0720879617559,0.015078707532405877,0.02505031073934989
M3,2026-03-02 00:55:00,core-sw-01,port-id7429,server-uplink,49449754.28916876,29249877.00032922,7904.721796696259,3965.864808449272,808.0602779395718,0.02726248512410645,0.04271413557322827
M3,2026-03-02 01:00:00,core-sw-01,port-id7429,server-uplink,76224478.04130533,45203325.16574065,12567.300654804623,6091.487128268235,803.3959487371984,0.016443560365298853,0.027335720523216266
M3,2026-03-02 01:05:00,core-sw-01,port-id7429,server-uplink,75860657.83147264,39318845.57767359,12275.39590073947,5350.900271465624,829.8672085685232,0.01775424094490855,0.031322835175111224
M3,2026-03-02 01:10:00,core-sw-01,port-id7429,server-uplink,56345198.30221387,31431949.312997177,9449.481977065103,4182.266391612809,765.6632947782801,0.022934301527868628,0.038381426670709984
M3,2026-03-02 01:15:00,core-sw-01,port-id7429,server-uplink,68503417.79539025,38084167.59556431,11093.829147895394,5181.21514092884,831.4869368525367,0.018227700445038426,0.033596839092308935
M3,2026-03-02 01:20:00,core-sw-01,port-id7429,server-uplink,69753915.68171816,40838180.686882205,11301.411227392184,5596.847359013569,814.9465779087484,0.018609448430655196,0.030769351621485322
M3,2026-03-02 01:25:00,core-sw-01,port-id7429,server-uplink,61329150.130600706,34735283.24358224,9673.929674149933,4545.252748700952,839.0915196659494,0.021285280598194452,0.0371734694010027
M3,2026-03-02 01:30:00,core-sw-01,port-id7429,server-uplink,74417266.33906926,39972405.22495883,11915.049025826056,5470.194303770731,823.114107712082,0.017924292604848034,0.029327691540220312
M3,2026-03-02 01:35:00,core-sw-01,port-id7429,server-uplink,73420286.21085443,39382530.98913811,12042.081736824104,5624.845199121772,826.476737151038,0.01759641284789695,0.030049658787942697
M3,2026-03-02 01:40:00,core-sw-01,port-id7429,server-uplink,76293303.848486,41924313.69745439,12456.831920963501,5459.543707093666,883.6274796254845,0.017567832399174685,0.028782919456312242
M3,2026-03-02 01:45:00,core-sw-01,port-id7429,server-uplink,78440349.97729002,41996725.641117096,12857.741366257924,5814.530698743327,843.7610798342597,0.01682219452201713,0.028220889032510577
M3,2026-03-02 01:50:00,core-sw-01,port-id7429,server-uplink,76012625.88355874,39782477.9320552,12690.617965475862,5486.157633232592,794.7040211794783,0.01642003654867664,0.028056101130980327
M3,2026-03-02 01:55:00,core-sw-01,port-id7429,server-uplink,80352805.52149363,44581894.57962941,12813.032410221778,5960.7238928151355,840.1391576686659,0.017030831527823736,0.027805512783754198
M3,2026-03-02 02:00:00,core-sw-01,port-id7429,server-uplink,70098154.58227193,40086271.85485527,11628.632154286724,5445.829646486187,818.6455248455119,0.01842375663857163,0.03052373803777563
M3,2026-03-02 02:05:00,core-sw-01,port-id7429,server-uplink,67820511.70393239,39354708.53115294,11213.50358854924,5122.775828202321,837.8875563367949,0.01961485959606133,0.03224170933483088
M3,2026-03-02 02:10:00,core-sw-01,port-id7429,server-uplink,79073326.30151837,44020094.79216445,13205.248926796112,6084.264633812653,779.687915804628,0.015026815959987281,0.027590856591605588
M3,2026-03-02 02:15:00,core-sw-01,port-id7429,server-uplink,77848644.56237863,45788896.477138154,12998.48612968736,6415.635244270422,761.553062463074,0.016047485617284134,0.026256079767469926
M3,2026-03-02 02:20:00,core-sw-01,port-id7429,server-uplink,63148063.38138051,37307007.35133326,9847.91857586881,5068.951331877621,866.5905762178221,0.020744835712997584,0.03463790480765321
M3,2026-03-02 02:25:00,core-sw-01,port-id7429,server-uplink,80286577.0392333,42987899.42687333,13549.336917211567,5702.599012072468,775.7322532162466,0.016569288011088965,0.027431774604015254
M3,2026-03-02 02:30:00,core-sw-01,port-id7429,server-uplink,59171193.938069604,35159602.81390023,9506.903370220742,4542.437515691408,832.1515883072522,0.021602388221327512,0.037412116456897584
M3,2026-03-02 02:35:00,core-sw-01,port-id7429,server-uplink,62770637.98274459,34015734.98620113,10153.689320088426,4694.294507272318,814.0683237086945,0.021008221556209017,0.03486936424963904
M3,2026-03-02 02:40:00,core-sw-01,port-id7429,server-uplink,65073953.46964951,36286885.5031937,10674.825916786753,5005.843763928871,780.7027481251719,0.019733168055016445,0.0327327441289465
M3,2026-03-02 02:45:00,core-sw-01,port-id7429,server-uplink,64434708.16991126,36548133.24427038,10490.304952369599,5216.737506151175,779.2381917398227,0.01912160108289072,0.033295501585325134
M3,2026-03-02 02:50:00,core-sw-01,port-id7429,server-uplink,59543330.77155708,33185604.507357217,10102.733562992886,4581.913056680949,763.3544499698043,0.020422602790752708,0.03588134799385562
M3,2026-03-02 02:55:00,core-sw-01,port-id7429,server-uplink,88631877.47578004,47565073.285656914,14882.94570124824,6625.390527081246,804.2780771289256,0.014209490591974211,0.02431055688078181
M3,2026-03-02 03:00:00,core-sw-01,port-id7429,server-uplink,96393340.40577416,51899209.43558098,15956.708584675906,6967.5590686177375,772.8470005784785,0.013645668225972378,0.02332346362555509
M3,2026-03-02 03:05:00,core-sw-01,port-id7429,server-uplink,86478944.84430322,51488897.39439374,14265.79454301197,6933.12873753493,834.3331330273021,0.014669823068387896,0.025373252087622675
M3,2026-03-02 03:10:00,core-sw-01,port-id7429,server-uplink,88323685.27557236,47118937.182204664,14396.403857579187,6380.918547061089,827.8515581251918,0.015221262209508382,0.025492340094805045
M3,2026-03-02 03:15:00,core-sw-01,port-id7429,server-uplink,76664823.3373791,43457906.69117701,12208.940408735585,5928.007729395868,831.5748065018828,0.01618868973221178,0.029545732912042332
M3,2026-03-02 03:20:00,core-sw-01,port-id7429,server-uplink,80998866.5683891,43689167.11869344,13624.991902913916,6040.91918157612,788.9547748908325,0.015458871483053815,0.027054813615885052
M3,2026-03-02 03:25:00,core-sw-01,port-id7429,server-uplink,90750144.24330762,52208181.18776946,14538.225143973992,7031.4313914789345,846.6736556649273,0.014469155752041005,0.024631302960878423
M3,2026-03-02 03:30:00,core-sw-01,port-id7429,server-uplink,74953327.56224288,46376797.2134155,12555.94427224535,6073.391878529014,832.9056644979023,0.01702683796693455,0.029052138700380897
M3,2026-03-02 03:35:00,core-sw-01,port-id7429,server-uplink,238756992.12445566,300027363.6857364,35090.166113907566,34317.85678022951,962.474261680278,0.004579410166328386,0.00750189119080013
M3,2026-03-02 03:40:00,core-sw-01,port-id7429,server-uplink,232513861.06182984,296773469.2529088,33967.49377377538,33438.888740963965,1016.7005026115334,0.004582398283461484,0.008079947839701875
M3,2026-03-02 03:45:00,core-sw-01,port-id7429,server-uplink,228496762.78264797,294045649.4040151,33962.126729125914,33239.26988157705,942.9748358517006,0.00472585853506715,0.007769017294268223
M3,2026-03-02 03:50:00,core-sw-01,port-id7429,server-uplink,214988123.06252137,284504590.8135364,32360.20659826263,32976.433113823005,948.5926358314307,0.004754437116310874,0.008594249331635483
M3,2026-03-02 03:55:00,core-sw-01,port-id7429,server-uplink,219351747.4112861,292054973.2897276,32142.061455980394,32757.523761099743,979.8217050298723,0.004553744311705719,0.008089202204181408
M3,2026-03-02 04:00:00,core-sw-01,port-id7429,server-uplink,221350635.629096,286747476.60370356,33798.87589707342,32816.5319494327,974.922153549953,0.0046417870212057235,0.00813719731235317
M3,2026-03-02 04:05:00,core-sw-01,port-id7429,server-uplink,223669336.33765414,290784829.5788373,33428.848915920506,33461.053560075474,985.2023007938262,0.00475809803730838,0.008288334392036379
M3,2026-03-02 04:10:00,core-sw-01,port-id7429,server-uplink,230363209.6747944,293687611.2845506,33938.231428986146,32884.17517535701,988.4971242691779,0.004563368359676529,0.008291291722257794
M3,2026-03-02 04:15:00,core-sw-01,port-id7429,server-uplink,217058229.1814663,284692727.9380656,32637.30262436756,32826.909139080184,962.0651157640148,0.004816338974859806,0.008220446948456177
M3,2026-03-02 04:20:00,core-sw-01,port-id7429,server-uplink,230436328.04318506,291162154.8110073,34484.314990382496,33182.36652907631,968.2043615315503,0.004697425374923689,0.008439956047073363
M3,2026-03-02 04:25:00,core-sw-01,port-id7429,server-uplink,221058301.0328345,288665988.5631398,33325.17954446465,32994.69995409038,956.1732512871422,0.00481793614160734,0.008300926682168907
M3,2026-03-02 04:30:00,core-sw-01,port-id7429,server-uplink,231812818.56573787,293414719.6797398,34079.726940795255,33489.73690803664,988.4698835934338,0.004730988943227456,0.00833356038198684
M3,2026-03-02 04:35:00,core-sw-01,port-id7429,server-uplink,223314213.82056963,291085637.2240066,34358.39478729277,33220.82477605674,972.7721451103828,0.004939611047626343,0.008280131880804977
M3,2026-03-02 04:40:00,core-sw-01,port-id7429,server-uplink,216918911.48982978,285590962.5897257,32279.5686795316,31928.799688061008,1002.2018226888715,0.005079720130025348,0.00858542257768339
M3,2026-03-02 04:45:00,core-sw-01,port-id7429,server-uplink,226341698.9547077,290277687.9148754,33592.05209303706,32894.078082078835,980.5083562646339,0.005256046269052542,0.008699837762499328
M3,2026-03-02 04:50:00,core-sw-01,port-id7429,server-uplink,235818707.84042445,294439590.8132165,35487.37002279758,33227.263589399816,953.1468771541158,0.004994330785235924,0.00800933370715393
M3,2026-03-02 04:55:00,core-sw-01,port-id7429,server-uplink,227027197.39017782,292725115.3507246,34109.368132216616,33442.69811312609,945.6534467407121,0.005132999767829225,0.008442430700373336
M3,2026-03-02 05:00:00,core-sw-01,port-id7429,server-uplink,227627245.45335662,287121743.32583034,34315.868984808665,33050.633927674455,968.9007207567732,0.005220076908774048,0.008376746111561953
M3,2026-03-02 05:05:00,core-sw-01,port-id7429,server-uplink,222188989.16067922,293067957.3566348,33271.831109404324,32958.34885990696,963.3658035517996,0.005234416159479252,0.00914602166470479
M3,2026-03-02 05:10:00,core-sw-01,port-id7429,server-uplink,229458706.68651384,291921819.6302719,33459.41287001938,32435.532142322518,948.6451669535525,0.005231214686657746,0.008978519221865303
M3,2026-03-02 05:15:00,core-sw-01,port-id7429,server-uplink,263472378.9967362,308606618.15127987,38711.69219249249,35113.60128140294,947.624434292833,0.004767036976454347,0.008065914904806048
M3,2026-03-02 05:20:00,core-sw-01,port-id7429,server-uplink,226093718.764193,288368354.7490857,33754.21222390071,32648.998159640836,966.2207286908196,0.005621907353298767,0.009373611253297148
M3,2026-03-02 05:25:00,core-sw-01,port-id7429,server-uplink,230491452.7745028,294490203.52541876,34087.49292334271,33443.96617750684,985.0556737960567,0.0054337723294748475,0.00928286818645434
M3,2026-03-02 05:30:00,core-sw-01,port-id7429,server-uplink,249279914.87288892,302631346.43429863,36779.43449546152,33853.052848536994,989.4340038029627,0.005338870429675709,0.009194819279342983
M3,2026-03-02 05:35:00,core-sw-01,port-id7429,server-uplink,249144511.18695638,305187614.3520467,37107.022495474106,34740.82128774298,983.2779301934023,0.005206562172202325,0.008962807011900656
M3,2026-03-02 05:40:00,core-sw-01,port-id7429,server-uplink,88216884.54411118,53852961.42580212,14198.311236592095,7143.598350099,849.2880305413282,0.017924749096537317,0.03234853689727329
M3,2026-03-02 05:45:00,core-sw-01,port-id7429,server-uplink,91758026.70356753,56157750.61612269,15416.61443880352,7762.855084938053,778.0024564130694,0.0170671143463152,0.029888066861807647
M3,2026-03-02 05:50:00,core-sw-01,port-id7429,server-uplink,123168004.52587514,68078155.55155052,20155.41473172631,9333.444530185308,862.2335616163422,0.013502124399935929,0.023383402136796825
M3,2026-03-02 05:55:00,core-sw-01,port-id7429,server-uplink,92887166.2628553,53578654.718542114,15181.272138681996,6972.380688853588,870.1158853917515,0.019265398644529825,0.034106877433422875
M3,2026-03-02 06:00:00,core-sw-01,port-id7429,server-uplink,108463788.20297384,64036637.46129246,17490.937752025082,8512.45562341692,811.4769985907528,0.017012419767101803,0.028647092941056423
M3,2026-03-02 06:05:00,core-sw-01,port-id7429,server-uplink,103191668.86572182,57935658.543487996,16726.410301438267,7969.8993237778095,853.6385363678949,0.017982821568363394,0.030779737358044176
M3,2026-03-02 06:10:00,core-sw-01,port-id7429,server-uplink,96064306.75981638,54296613.12016698,15495.380251400362,7200.684836565081,802.3626759730835,0.020330035088275692,0.034056328325646146
M3,2026-03-02 06:15:00,core-sw-01,port-id7429,server-uplink,102610220.76391612,57941244.61577971,17099.62940920556,7743.08389569338,838.3136826890803,0.018623864396390036,0.03507441618935982
M3,2026-03-02 06:20:00,core-sw-01,port-id7429,server-uplink,128283930.54038534,73052270.33985725,20360.78232556843,9689.139568850786,861.3209082370486,0.01637581533733093,0.029302370131995083
M3,2026-03-02 06:25:00,core-sw-01,port-id7429,server-uplink,142046869.34925538,78328810.01431625,23620.62405254842,10855.165077864855,798.0837930015038,0.014814013292917635,0.025794778650922848
M3,2026-03-02 06:30:00,core-sw-01,port-id7429,server-uplink,137048679.09486663,78159239.29474781,21988.10021926753,10674.926706674423,799.1688051841649,0.016346763512317602,0.028312419281120046
M3,2026-03-02 06:35:00,core-sw-01,port-id7429,server-uplink,124872699.6706814,70499875.66416663,20070.100767757947,9379.87096389623,783.5667892623129,0.018648644555840605,0.033576611720310734
M3,2026-03-02 06:40:00,core-sw-01,port-id7429,server-uplink,138475209.94437075,76079287.81341173,22884.427498325647,10506.105526500813,816.5232090642857,0.016333300469507515,0.03080758318660715
M3,2026-03-02 06:45:00,core-sw-01,port-id7429,server-uplink,153075889.01150867,88681435.5214299,24942.020285372604,11785.446126891755,811.9113075308813,0.01651691612708097,0.02840288491202135
M3,2026-03-02 06:50:00,core-sw-01,port-id7429,server-uplink,145680860.49604467,86697809.89884083,23985.104171933268,11812.372416840462,797.4823490877554,0.018306667814093968,0.03062054686171408
M3,2026-03-02 06:55:00,core-sw-01,port-id7429,server-uplink,171701007.17523623,96171986.41146459,27519.12628902328,12967.731303325842,841.6937609194861,0.015759341171248855,0.02638299033206477
M3,2026-03-02 07:00:00,core-sw-01,port-id7429,server-uplink,129390556.45785584,72798599.10254271,21265.35063240183,9716.305567414254,807.5011470257905,0.02163741718609138,0.03746641193266929
M3,2026-03-02 07:05:00,core-sw-01,port-id7429,server-uplink,184993884.0714819,104913238.8674784,30048.820365977008,14194.943225517876,808.9708953915402,0.015680003350516288,0.02596971341680195
M3,2026-03-02 07:10:00,core-sw-01,port-id7429,server-uplink,159954261.707162,89347656.72715288,25670.02600242956,11886.466332705206,811.7118913413495,0.019767133254258693,0.034542446941379576
M3,2026-03-02 07:15:00,core-sw-01,port-id7429,server-uplink,179493297.44100404,99974689.06728734,29359.8896422528,13490.631870500223,781.1889355537651,0.01770747407178054,0.029982401081187937
M3,2026-03-02 07:20:00,core-sw-01,port-id7429,server-uplink,184008298.85672483,102591559.41182315,31213.239152806087,14166.117247583716,814.0958602526146,0.01709702836863802,0.029222937311673657
M3,2026-03-02 07:25:00,core-sw-01,port-id7429,server-uplink,195987785.7081001,109617036.94523758,32225.68004107822,14912.117543925495,806.4969091723999,0.017416185888276568,0.030133988713906032
M3,2026-03-02 07:30:00,core-sw-01,port-id7429,server-uplink,203542818.05922827,114833333.18796232,33488.005989179626,15928.690123237115,798.7657087582571,0.01661642453310114,0.02730690812744694
M3,2026-03-02 07:35:00,core-sw-01,port-id7429,server-uplink,222764595.92875358,128539361.03863853,36196.860720158045,17032.84862537073,817.2169691902141,0.01586710610910848,0.02832245660494398
M3,2026-03-02 07:40:00,core-sw-01,port-id7429,server-uplink,218105605.73539996,123055532.29808298,34411.85603211744,16227.498828016518,856.6487585260195,0.016436460890185873,0.030241730328703396
M3,2026-03-02 07:45:00,core-sw-01,port-id7429,server-uplink,208471114.3986718,116717888.22265875,34315.50803001758,16015.01794915897,821.5741820667558,0.01775212477397932,0.030750999335443546
M3,2026-03-02 07:50:00,core-sw-01,port-id7429,server-uplink,226924990.67270887,124658330.04869965,36642.144036453166,16914.595449425422,826.7166287568753,0.01688244705153547,0.029239313636387963
M3,2026-03-02 07:55:00,core-sw-01,port-id7429,server-uplink,215790531.5527028,123594365.09557274,35669.27339382378,16855.289867658623,827.4836162857222,0.017423398476299274,0.03128345571231147
M3,2026-03-02 08:00:00,core-sw-01,port-id7429,server-uplink,226431004.47203425,128179192.09677166,36957.33842845,17080.37296960865,849.6178853699814,0.01716380392880394,0.02999245154119755
M3,2026-03-02 08:05:00,core-sw-01,port-id7429,server-uplink,235887967.54279807,132408040.5558184,37124.24484415631,17327.295287732977,846.77110831223,0.018251138063246963,0.03034465697656839
M3,2026-03-02 08:10:00,core-sw-01,port-id7429,server-uplink,250516830.37701645,140348876.23324054,40604.0966724064,18749.92263024567,793.2248329820455,0.016207263250505033,0.02860782283929122
M3,2026-03-02 08:15:00,core-sw-01,port-id7429,server-uplink,240023031.54265597,133202031.02187164,38704.1732585643,17934.922444919423,802.6047928124113,0.018407702341781896,0.029923542720716855
M3,2026-03-02 08:20:00,core-sw-01,port-id7429,server-uplink,254083735.19683063,139524906.13031712,41188.957085204136,19006.588815962707,796.3484737954867,0.017063331254720683,0.028903185084786988
M3,2026-03-02 08:25:00,core-sw-01,port-id7429,server-uplink,249851911.32733625,140745599.53171808,42181.70314273465,19544.745115942493,794.0484911700319,0.01722732947557107,0.028137858991652862
M3,2026-03-02 08:30:00,core-sw-01,port-id7429,server-uplink,262069612.36194354,149460102.09734407,41973.878053208464,19690.81168953894,813.6499120913522,0.0167828361576552,0.029098118023643347
M3,2026-03-02 08:35:00,core-sw-01,port-id7429,server-uplink,273493115.53380734,150776984.01751524,44616.768595944865,20675.4486032988,829.9969674352617,0.015907341729919578,0.0266822221446674
M3,2026-03-02 08:40:00,core-sw-01,port-id7429,server-uplink,267191528.83021638,151046256.24361882,44786.27586064126,20684.193501037807,775.0351813771264,0.016576861467319164,0.027363883236034486
M3,2026-03-02 08:45:00,core-sw-01,port-id7429,server-uplink,266383218.7468625,147828104.73705345,44637.30792699865,20398.623694865437,807.9270798431726,0.01616816575837877,0.02768766596338956
M3,2026-03-02 08:50:00,core-sw-01,port-id7429,server-uplink,262091442.59372708,148276082.88272944,42590.58488148337,20186.78022377317,838.0244871232676,0.017247030572449883,0.02909591230822656
M3,2026-03-02 08:55:00,core-sw-01,port-id7429,server-uplink,275992936.11356294,154916596.8321138,44956.53568694091,20642.805966175336,836.0618098141672,0.016945687044421436,0.029245991225986333
M3,2026-03-02 09:00:00,core-sw-01,port-id7429,server-uplink,258027062.0431176,142753850.69872284,41729.28276328537,19329.361573223476,846.1665201881074,0.01936994908597159,0.03165023342076627
M3,2026-03-02 09:05:00,core-sw-01,port-id7429,server-uplink,281884996.6277916,157929916.24841246,45271.72899333962,21299.893703206984,817.1036055723645,0.01629199184898124,0.029117285734001127
M3,2026-03-02 09:10:00,core-sw-01,port-id7429,server-uplink,277692394.14211214,153840839.64602286,45570.94590792406,20990.291979583522,817.2176763738806,0.017305298264172667,0.02803911658126467
M3,2026-03-02 09:15:00,core-sw-01,port-id7429,server-uplink,270398499.4804428,151940246.22717157,43936.50511824732,20861.60303415344,802.848798508139,0.017532004547403567,0.029260007934160226
M3,2026-03-02 09:20:00,core-sw-01,port-id7429,server-uplink,269536757.40832,148928993.17680693,43821.85224807847,20097.188632134472,817.4463275125061,0.017617790532999663,0.03163700489977835
M3,2026-03-02 09:25:00,core-sw-01,port-id7429,server-uplink,287148352.66999066,159357262.54419512,47209.951654604694,21672.661418341366,811.5526789960314,0.016358096878001112,0.02819581147328753
M3,2026-03-02 09:30:00,core-sw-01,port-id7429,server-uplink,266884049.06551796,148548517.37368253,44869.895833329065,20562.349085339076,769.1026040720533,0.01708558601922748,0.0299216293934587
M3,2026-03-02 09:35:00,core-sw-01,port-id7429,server-uplink,266566735.17249408,153025408.20301193,44972.48496669225,20774.582228694268,788.0206925296213,0.01739688413095417,0.02776793750294536
M3,2026-03-02 09:40:00,core-sw-01,port-id7429,server-uplink,276139905.9793951,153061288.28558004,46048.74543934906,20783.8308884226,811.2840606427889,0.01664389443299193,0.028524456413725044
M3,2026-03-02 09:45:00,core-sw-01,port-id7429,server-uplink,261700530.1846203,146841270.23530367,43182.960100220764,19827.56865038075,821.4133416876572,0.01794955753191528,0.03211200815916286
M3,2026-03-02 09:50:00,core-sw-01,port-id7429,server-uplink,285596885.66725415,161596673.20391667,46566.38168550837,22399.32661495472,794.6178772292186,0.01676873899055466,0.028978626692672937
M3,2026-03-02 09:55:00,core-sw-01,port-id7429,server-uplink,285130870.7663123,159694073.65510145,47057.75192340859,21761.488884198156,807.940062823142,0.016608644107840128,0.028384340026431795
M3,2026-03-02 10:00:00,core-sw-01,port-id7429,server-uplink,277015087.9498938,150309740.22369316,46484.899020541634,20872.07738411302,793.2269979747496,0.016750080395312505,0.028260008477839854
M3,2026-03-02 10:05:00,core-sw-01,port-id7429,server-uplink,272043848.7250034,155866561.332128,43582.6350404148,20557.822130494293,812.0748019862897,0.017777468631413877,0.031010209246082155
M3,2026-03-02 10:10:00,core-sw-01,port-id7429,server-uplink,271224701.93259406,150116292.35647455,43676.12634963814,20087.856358358316,810.6052978738452,0.01855444034472337,0.03109677454232107
M3,2026-03-02 10:15:00,core-sw-01,port-id7429,server-uplink,282179536.6072815,158770585.27360803,44860.628720337845,21345.763496265285,826.4908488079433,0.017218095595396728,0.030526230004328893
M3,2026-03-02 10:20:00,core-sw-01,port-id7429,server-uplink,280255783.338415,154452530.33702832,46114.134888579145,21155.76821431025,828.2131539681576,0.016716540303514146,0.028978923494166774
M3,2026-03-02 10:25:00,core-sw-01,port-id7429,server-uplink,277957205.15452504,154692671.8403736,45585.46903681259,20664.24695601025,862.7470552845238,0.01732878542759603,0.030668657426367252
M3,2026-03-02 10:30:00,core-sw-01,port-id7429,server-uplink,288006673.721988,160405445.6782551,46444.62074788191,21693.91733096756,824.0976621436188,0.01649287076127917,0.029852628227186793
M3,2026-03-02 10:35:00,core-sw-01,port-id7429,server-uplink,261429637.16048992,145107553.137238,42514.57174206146,19672.464723731664,795.0201444810327,0.01930178730102988,0.032398233732467856
M3,2026-03-02 10:40:00,core-sw-01,port-id7429,server-uplink,264052272.10168675,151229265.37538284,43539.68692539715,20570.011187177184,806.0745278180668,0.018946677106834023,0.030668849648700126
M3,2026-03-02 10:45:00,core-sw-01,port-id7429,server-uplink,290640418.78863084,163936269.30266848,48413.009674017914,22291.674541337998,812.4779324329976,0.015954440017040376,0.029380977980469982
M3,2026-03-02 10:50:00,core-sw-01,port-id7429,server-uplink,282022413.4633466,161530662.3036659,46294.98967057279,22788.393023787543,792.9920503802651,0.01658797538521623,0.02799068539403746
M3,2026-03-02 10:55:00,core-sw-01,port-id7429,server-uplink,268238879.69916433,149334747.73525503,44200.44175811068,20453.670964760575,822.5260884240398,0.017862787377241736,0.031103261454431937
M3,2026-03-02 11:00:00,core-sw-01,port-id7429,server-uplink,273734060.7618229,154455387.9575277,46030.76258096802,21411.540291520618,762.2783880980444,0.01713270430274198,0.03024464530809269
M3,2026-03-02 11:05:00,core-sw-01,port-id7429,server-uplink,290864282.14353365,160912405.60969654,48124.884320793106,22278.991257075373,764.8306559009542,0.016153840114008958,0.0280718020252958
M3,2026-03-02 11:10:00,core-sw-01,port-id7429,server-uplink,290720039.57724273,166477494.43627644,48242.906574946675,22984.25352237082,810.4222789931032,0.016687650581488564,0.028878447668247244
M3,2026-03-02 11:15:00,core-sw-01,port-id7429,server-uplink,283914076.0042477,156708658.0457286,46227.84766410124,21162.579290512476,827.8551005137479,0.01752620317524974,0.02980160444543448
M3,2026-03-02 11:20:00,core-sw-01,port-id7429,server-uplink,295992867.68119967,164871628.91929477,51169.85475667343,23278.98649937048,767.1274743993132,0.015404950321171312,0.02850623497108435
M3,2026-03-02 11:25:00,core-sw-01,port-id7429,server-uplink,289732651.88147247,161496193.51148853,48822.75730735699,22063.632464740906,834.8731230658906,0.01592469935483963,0.029034165106002395
M3,2026-03-02 11:30:00,core-sw-01,port-id7429,server-uplink,286957049.29190725,159132495.831151,48217.25148445861,21628.05302174929,815.158479866371,0.016143124754602174,0.028889961399471253
M3,2026-03-02 11:35:00,core-sw-01,port-id7429,server-uplink,291205747.5430387,165168273.19421658,48124.14220895446,22664.523707043572,823.8411415996927,0.017128581634596136,0.02832017052652263
M3,2026-03-02 11:40:00,core-sw-01,port-id7429,server-uplink,287121317.10579234,158874773.7331889,47809.18388174013,21639.65752828356,815.7597952421813,0.01645559746699011,0.02938988105539422
M3,2026-03-02 11:45:00,core-sw-01,port-id7429,server-uplink,303713786.70580566,168693444.88547373,50161.27268738647,23530.86906834182,795.0133465772694,0.015687789268164214,0.02732991890284174
M3,2026-03-02 11:50:00,core-sw-01,port-id7429,server-uplink,282062002.8702308,153364706.62662533,47226.94658854629,21007.44922954134,818.3023338827562,0.016813251413276775,0.029767728621559793
M3,2026-03-02 11:55:00,core-sw-01,port-id7429,server-uplink,279524846.6717041,156597707.19226786,44638.52951996126,20713.53093741557,846.4166082390306,0.01809353664810585,0.030210623252360475
M3,2026-03-02 12:00:00,core-sw-01,port-id7429,server-uplink,294937223.43461674,165696148.6886712,48444.8769270641,22019.99307329179,826.8565509087028,0.016523414880358245,0.028328708451821262
M3,2026-03-02 12:05:00,core-sw-01,port-id7429,server-uplink,265392935.62782797,148675646.4088511,43563.6453836966,20441.408499309193,787.5276174405875,0.018262863038170832,0.0312896460362934
M3,2026-03-02 12:10:00,core-sw-01,port-id7429,server-uplink,268298549.5080286,152973021.2546891,44947.27513496179,21707.397728884083,832.8570856225514,0.016933887542662437,0.030657663224560067
M3,2026-03-02 12:15:00,core-sw-01,port-id7429,server-uplink,291123135.64157593,165103580.66819018,47283.41911593869,22306.990596063126,812.1649197991159,0.016567495236730567,0.027794290227380752
M3,2026-03-02 12:20:00,core-sw-01,port-id7429,server-uplink,282976200.3147317,159593011.23587507,45476.14374513556,21338.773539256566,849.216046680604,0.016742494774654695,0.030596783278893164
M3,2026-03-02 12:25:00,core-sw-01,port-id7429,server-uplink,286040363.57053065,161754590.3100329,47521.72164710193,22513.084680441978,786.7853369500876,0.016130716369173567,0.027118684847990494
M3,2026-03-02 12:30:00,core-sw-01,port-id7429,server-uplink,284936885.65328574,156588692.27563915,47843.77843679259,21159.63703435609,777.0605709201328,0.017258657518182126,0.028306432722398838
M3,2026-03-02 12:35:00,core-sw-01,port-id7429,server-uplink,282234952.86868244,152840235.56093135,46307.68396985579,20694.53120105998,835.9292695270897,0.01751809980104462,0.029461873699002286
M3,2026-03-02 12:40:00,core-sw-01,port-id7429,server-uplink,283074268.30153227,156006534.1849817,45899.43103143888,20979.890305130204,786.8892178186147,0.017446048984258014,0.029039971668931033
M3,2026-03-02 12:45:00,core-sw-01,port-id7429,server-uplink,260362060.50758085,148851220.32432675,41788.22335117847,19930.921451242342,809.8387422960011,0.019011467731516473,0.031191372510194822
M3,2026-03-02 12:50:00,core-sw-01,port-id7429,server-uplink,288814505.7489594,162416601.61479867,48415.34795195965,22595.431108950317,784.4689985665173,0.015934797949722267,0.028423944696330264
M3,2026-03-02 12:55:00,core-sw-01,port-id7429,server-uplink,286767818.44452184,161296310.33704343,48467.25253728393,22109.391874458554,795.2887156442596,0.01723502938341131,0.02816179174193618
M3,2026-03-02 13:00:00,core-sw-01,port-id7429,server-uplink,296199843.02542436,164020461.4724314,49095.0435204393,22333.326528203215,815.4546387402225,0.015777339051266163,0.027726147543057873
M3,2026-03-02 13:05:00,core-sw-01,port-id7429,server-uplink,283507322.864291,159119511.2711235,48524.139958341555,22131.46545428225,769.1115153537055,0.015735615344851732,0.027364622977019467
M3,2026-03-02 13:10:00,core-sw-01,port-id7429,server-uplink,269889086.71452814,148341195.35352638,45385.523958134785,20409.469700800237,830.122989482058,0.018034588401611113,0.030154881663451483
M3,2026-03-02 13:15:00,core-sw-01,port-id7429,server-uplink,280388035.11074996,161941885.53463727,46265.80725796133,22180.342437707743,831.7538141500414,0.016398384559729924,0.028753726753215136
M3,2026-03-02 13:20:00,core-sw-01,port-id7429,server-uplink,282494963.1360125,160871870.6249997,45710.600967459715,21422.483748831164,855.4781489737945,0.017042967484952324,0.029356024519779724
M3,2026-03-02 13:25:00,core-sw-01,port-id7429,server-uplink,299889100.19646543,172423265.46848622,49408.87535290309,23412.332083815265,806.7305988007548,0.01592512398450182,0.02793620414770392
M3,2026-03-02 13:30:00,core-sw-01,port-id7429,server-uplink,295032022.4427255,163308113.50995407,48587.50958355124,22085.23798003505,785.3784653536873,0.015968373920986732,0.028508339541570626
M3,2026-03-02 13:35:00,core-sw-01,port-id7429,server-uplink,291341509.4278154,160398791.52079588,48369.1104207698,22048.91851207406,796.3829548179954,0.01704724250631408,0.027837824242565572
M3,2026-03-02 13:40:00,core-sw-01,port-id7429,server-uplink,275829082.4983706,154510524.02728534,45222.63087809481,20836.650391218573,819.3077033308219,0.018357262541992204,0.029235152785441004
M3,2026-03-02 13:45:00,core-sw-01,port-id7429,server-uplink,267071318.21762624,151921337.08722976,44540.64016222431,21149.65680349193,788.4752854279548,0.01777076419541187,0.031223297363211826
M3,2026-03-02 13:50:00,core-sw-01,port-id7429,server-uplink,283464344.6889583,154881238.9657456,45607.58116713143,20730.619262361695,861.213690876456,0.018124692835497173,0.03081049194078926
M3,2026-03-02 13:55:00,core-sw-01,port-id7429,server-uplink,283075002.3926228,153816419.9632015,46970.24838526424,20849.32139329798,798.7356361707715,0.017321375980406603,0.02922477488137536
M3,2026-03-02 14:00:00,core-sw-01,port-id7429,server-uplink,279204592.3873111,156033220.5161422,45288.426247004136,20513.986701693055,837.6893790221918,0.01844266358129836,0.030552223067828083
M3,2026-03-02 14:05:00,core-sw-01,port-id7429,server-uplink,275733685.4319314,157319729.68718028,43572.64048949209,20810.634363128072,830.9271660353065,0.018587409448274885,0.030109251616609625
M3,2026-03-02 14:10:00,core-sw-01,port-id7429,server-uplink,273568016.49413127,153195814.0332115,46078.67833655547,21464.934312482448,775.001690484997,0.01682223379799078,0.02906347800835975
M3,2026-03-02 14:15:00,core-sw-01,port-id7429,server-uplink,282559069.8980345,155844625.3601728,46668.12180065929,21136.49174418441,789.2146042105238,0.016789698644759397,0.029641927384362915
M3,2026-03-02 14:20:00,core-sw-01,port-id7429,server-uplink,281119133.2244305,158881485.95650706,45933.64604725409,21404.00774523981,823.6503995910598,0.01719452497202524,0.03095676163027385
M3,2026-03-02 14:25:00,core-sw-01,port-id7429,server-uplink,277931337.899579,152996190.47697052,45456.63194144327,20762.600062429217,840.5325297798333,0.016799635860446003,0.029764974229467354
M3,2026-03-02 14:30:00,core-sw-01,port-id7429,server-uplink,281145819.38803035,151520435.91224018,46896.24003127242,20920.02553680627,814.5766336264157,0.017791913470132478,0.028607655151258626
M3,2026-03-02 14:35:00,core-sw-01,port-id7429,server-uplink,275770435.4750254,157931455.63922504,43958.558035796515,21256.71653274974,827.8377646234953,0.017874717977914036,0.029368095231710793
M3,2026-03-02 14:40:00,core-sw-01,port-id7429,server-uplink,287002130.4529582,161274405.6236769,46542.56047092641,21828.362035087895,814.804961027925,0.017493188406439382,0.029049206618761318
M3,2026-03-02 14:45:00,core-sw-01,port-id7429,server-uplink,291314095.2649925,161363929.8129834,46568.235678781704,21628.330440957292,815.4122180089028,0.017256199740840375,0.028088836615953416
M3,2026-03-02 14:50:00,core-sw-01,port-id7429,server-uplink,299808553.82222354,169384351.39761576,49178.83099432071,22824.412859729524,787.2051088930879,0.01662247833564776,0.02943138796913384
M3,2026-03-02 14:55:00,core-sw-01,port-id7429,server-uplink,276421578.0964726,158312378.11940482,45047.83972992005,21589.710634393927,837.8802784102622,0.018206983432502145,0.029660550037219974
M3,2026-03-02 15:00:00,core-sw-01,port-id7429,server-uplink,281663854.674853,157913346.84428886,46398.495200706384,21325.97180002422,805.2979042083758,0.017508391557362266,0.0282184483321083
M3,2026-03-02 15:05:00,core-sw-01,port-id7429,server-uplink,280420099.7011187,157071124.99706417,45218.063198471296,20998.685578575794,808.3371964430276,0.016855203615192084,0.029645757700787298
M3,2026-03-02 15:10:00,core-sw-01,port-id7429,server-uplink,276269024.6306734,152419509.4901698,45712.29982040374,20821.726300417864,805.744017314467,0.017926817339724826,0.028537049351898762
M3,2026-03-02 15:15:00,core-sw-01,port-id7429,server-uplink,290619843.6900659,161723170.31196424,47928.209236308394,22167.758120332044,803.3346686390081,0.01627809493774203,0.028874397849987056
M3,2026-03-02 15:20:00,core-sw-01,port-id7429,server-uplink,294933840.59886,164905078.40119934,48597.0927689285,22857.133084535362,836.0559541806829,0.01600530382249941,0.027957863676054663
M3,2026-03-02 15:25:00,core-sw-01,port-id7429,server-uplink,272569742.3554259,151895882.82979095,43592.3173740629,20143.988835842498,833.4487844637738,0.017867960581944287,0.030461344114711564
M3,2026-03-02 15:30:00,core-sw-01,port-id7429,server-uplink,282124573.2798459,156524927.3214034,46279.91794768245,21420.093751247878,795.1374219110587,0.016088389143901816,0.03006121989296304
M3,2026-03-02 15:35:00,core-sw-01,port-id7429,server-uplink,295507860.1770404,162607292.26233068,47899.107206882945,21823.43705758595,833.0870444425259,0.01665169428543954,0.030868689912669365
M3,2026-03-02 15:40:00,core-sw-01,port-id7429,server-uplink,264789101.0957226,149183700.1587725,44202.71943580334,20457.885993983033,810.8165441302878,0.01715581756982948,0.02934906985941719
M3,2026-03-02 15:45:00,core-sw-01,port-id7429,server-uplink,280947303.12575597,155507838.98541865,45848.75971780308,21038.134314394672,823.3116451753858,0.017653605739561273,0.030187823215931383
M3,2026-03-02 15:50:00,core-sw-01,port-id7429,server-uplink,294160379.68430257,160497377.31860104,48275.608138733536,21683.836482583258,806.6903270373097,0.016880846088437606,0.028494373103052147
M3,2026-03-02 15:55:00,core-sw-01,port-id7429,server-uplink,280793041.2885517,160421226.416074,46250.56404056275,21734.601542898246,819.9637236152514,0.017597893720611855,0.029102961397668447
M3,2026-03-02 16:00:00,core-sw-01,port-id7429,server-uplink,295725182.19565284,165048787.96129915,49323.958745296564,22393.570551478173,796.079077146427,0.016464334285928042,0.02756615767834041
M3,2026-03-02 16:05:00,core-sw-01,port-id7429,server-uplink,299380983.2490499,169166744.90721047,47769.338988293006,22367.063566508124,805.6163726179261,0.016830600057318363,0.028748671866469757
M3,2026-03-02 16:10:00,core-sw-01,port-id7429,server-uplink,284773954.549159,156335361.20282772,47905.768063346855,21298.04362464122,832.3199716489944,0.01603829689301095,0.027838199470269873
M3,2026-03-02 16:15:00,core-sw-01,port-id7429,server-uplink,283380851.9364069,161861801.9170761,47960.49823495496,22766.603526903527,802.1633146921733,0.016232107581375967,0.027372369968131412
M3,2026-03-02 16:20:00,core-sw-01,port-id7429,server-uplink,288380419.1074365,161230143.289135,47500.887769617315,21808.63324733308,765.1902843177976,0.0165849270424815,0.026949148361438607
M3,2026-03-02 16:25:00,core-sw-01,port-id7429,server-uplink,274227333.60625696,154015413.76793045,45585.705937026425,21231.515903429503,793.0956575368148,0.01771595220814669,0.030111764597448548
M3,2026-03-02 16:30:00,core-sw-01,port-id7429,server-uplink,298685231.8543584,167728644.20148373,49939.29269744895,22570.913226932877,769.3765674831247,0.015818114100601192,0.02710152248294552
M3,2026-03-02 16:35:00,core-sw-01,port-id7429,server-uplink,283493125.8974185,157822305.48277774,45908.13127392347,21223.002439729953,790.684142596755,0.01746646708113047,0.028188457471439447
M3,2026-03-02 16:40:00,core-sw-01,port-id7429,server-uplink,284303385.04312,159866671.24024448,46861.66091007111,21869.066251240092,804.1942422371075,0.01647360081491198,0.02866984844353655
M3,2026-03-02 16:45:00,core-sw-01,port-id7429,server-uplink,302816248.9497386,170600977.49205416,50292.00453729236,23493.849046819636,804.1457177481441,0.015532345071405202,0.026810503076534296
M3,2026-03-02 16:50:00,core-sw-01,port-id7429,server-uplink,290499854.3568413,160652223.4046331,48453.94081681986,21938.092475210793,791.4160743937671,0.016390286066676505,0.02932867019442868
M3,2026-03-02 16:55:00,core-sw-01,port-id7429,server-uplink,294360058.4970117,162035134.53016463,47846.59678850942,21756.12828915263,825.8380967546011,0.016842196569905175,0.02847163454775595
M3,2026-03-02 17:00:00,core-sw-01,port-id7429,server-uplink,280397789.4584714,158094259.98536703,46883.851389011674,22068.40500702817,759.4008196373678,0.01686345964421453,0.029121183264937886
M3,2026-03-02 17:05:00,core-sw-01,port-id7429,server-uplink,303916749.4251075,173236827.9098755,49144.8106651889,23314.31370593279,857.3773995862194,0.01596912657054705,0.02641161623222293
M3,2026-03-02 17:10:00,core-sw-01,port-id7429,server-uplink,276541126.9522004,153518694.26851657,44878.93243275056,20907.876583074536,781.2694000307065,0.017155432906150507,0.03104425807222237
M3,2026-03-02 17:15:00,core-sw-01,port-id7429,server-uplink,270134129.5443599,150486539.88310358,44621.4289618087,20612.19970310403,814.1846924573335,0.017345668985313777,0.02807301148647876
M3,2026-03-02 17:20:00,core-sw-01,port-id7429,server-uplink,287355314.4724994,160796777.56726688,46816.294278722744,21530.621616315646,797.8386484708653,0.01690457366710027,0.029167995799387173
M3,2026-03-02 17:25:00,core-sw-01,port-id7429,server-uplink,291682513.72120196,160959774.46117812,47192.390102621306,21522.53105176289,815.2934411012916,0.016848346099968298,0.028123713687425743
M3,2026-03-02 17:30:00,core-sw-01,port-id7429,server-uplink,265795387.15622273,144301588.68415052,42987.96144817982,19166.418403594715,848.6756439764491,0.018828502685561396,0.030861452437726655
M3,2026-03-02 17:35:00,core-sw-01,port-id7429,server-uplink,253307213.3451122,141817941.95878577,41609.9256722852,19182.01008280855,797.8102983568702,0.018747592484904253,0.0304208596256278
M3,2026-03-02 17:40:00,core-sw-01,port-id7429,server-uplink,269305310.27465713,152378574.36954814,43975.80393455513,20465.247829145665,837.1184773289386,0.016880581795606617,0.027848378367652055
M3,2026-03-02 17:45:00,core-sw-01,port-id7429,server-uplink,284017706.9909214,155640227.75801858,47015.22523099747,21473.491482164838,824.985277471341,0.01583694966590496,0.026987097754697473
M3,2026-03-02 17:50:00,core-sw-01,port-id7429,server-uplink,271059109.47656244,151343769.59457982,44591.43890383344,20201.440565720728,829.0948433006394,0.016973220573722185,0.02933769526860793
M3,2026-03-02 17:55:00,core-sw-01,port-id7429,server-uplink,263313435.43568063,146966495.23088506,43082.90723151999,20154.81335758527,837.616755614591,0.018178377106861494,0.02918929296447382
M3,2026-03-02 18:00:00,core-sw-01,port-id7429,server-uplink,274154753.86276156,153429587.3554311,45220.295397447044,20961.94999173602,782.2578958023163,0.017004064749615706,0.029353263317705706
M3,2026-03-02 18:05:00,core-sw-01,port-id7429,server-uplink,261658643.98077264,143940251.52972734,43293.47462002327,19520.93978467647,825.3018535796372,0.01728323106331444,0.028440939889581143
M3,2026-03-02 18:10:00,core-sw-01,port-id7429,server-uplink,271611325.87948805,152242557.65791455,44727.70385913404,20801.512686254773,783.1105878871477,0.016795094029810054,0.027969731890146787
M3,2026-03-02 18:15:00,core-sw-01,port-id7429,server-uplink,270948069.00275016,149392614.82696903,45091.90133159039,20592.10313890945,774.9694060422796,0.01707751122186978,0.028389097992614323
M3,2026-03-02 18:20:00,core-sw-01,port-id7429,server-uplink,252702282.35498056,139994154.1958163,41606.74140767276,18822.4445941886,812.8391270442031,0.017479294983987082,0.029704962029744396
M3,2026-03-02 18:25:00,core-sw-01,port-id7429,server-uplink,277366636.7360745,159458276.3066223,46119.2406147827,21827.263333407278,846.1867812731931,0.015745998731012553,0.026397622617899127
M3,2026-03-02 18:30:00,core-sw-01,port-id7429,server-uplink,241419131.54972625,135213812.81258962,39658.967625096106,18648.42887373105,798.6829249566092,0.017991966285227468,0.03116875840124381
M3,2026-03-02 18:35:00,core-sw-01,port-id7429,server-uplink,249022358.161797,142350114.4493126,40787.42486266674,19583.93493372048,778.4022279561723,0.017215599753142533,0.02991018361380344
M3,2026-03-02 18:40:00,core-sw-01,port-id7429,server-uplink,251054635.95355204,140779676.18280405,40945.92888340291,19381.47202031157,836.1846938548923,0.017203556783850205,0.028696739935345734
M3,2026-03-02 18:45:00,core-sw-01,port-id7429,server-uplink,256874998.53578156,142958415.72415373,42434.55780258082,19767.254885956398,780.5163442296462,0.01618232428146191,0.02722077003545467
M3,2026-03-02 18:50:00,core-sw-01,port-id7429,server-uplink,245829665.27905533,137751800.69965637,40508.07214459847,18458.844978440702,781.0859544185922,0.01772782223468776,0.02896484903469146
M3,2026-03-02 18:55:00,core-sw-01,port-id7429,server-uplink,221536939.66498554,125333024.84460793,36436.75198839504,16785.331847248406,816.8292935600413,0.0177098710745846,0.032591092347047886
M3,2026-03-02 19:00:00,core-sw-01,port-id7429,server-uplink,238374366.89288893,132689096.77742809,39283.2273601378,18006.146311847308,830.8917691153744,0.01667476208818664,0.029034575396063633
M3,2026-03-02 19:05:00,core-sw-01,port-id7429,server-uplink,241403151.56124493,139108377.7357024,39522.24856510758,18790.749247456763,831.6982583237984,0.016318155852271376,0.02736299750855212
M3,2026-03-02 19:10:00,core-sw-01,port-id7429,server-uplink,236026513.69719404,134132355.81554116,38534.15156280753,17922.784952650007,833.4983071257146,0.016742458610681597,0.02726123772719207
M3,2026-03-02 19:15:00,core-sw-01,port-id7429,server-uplink,225872959.08056632,125849024.90841496,35903.06859859234,16533.25638105035,831.8629433511331,0.018000609347668048,0.031280108532523596
M3,2026-03-02 19:20:00,core-sw-01,port-id7429,server-uplink,234373109.74974525,133319600.7651892,37502.25346634908,17671.784245791674,829.9813412463518,0.01706097202224233,0.028046836826341907
M3,2026-03-02 19:25:00,core-sw-01,port-id7429,server-uplink,222737395.41258293,123451010.07536961,35911.05590460732,16506.43665565022,808.9187671538697,0.017355222272981554,0.027680236772089924
M3,2026-03-02 19:30:00,core-sw-01,port-id7429,server-uplink,206218594.34782815,114691753.26392369,34291.42174721564,15827.835505033343,784.5216356462026,0.01709783088150431,0.030306415177359613
M3,2026-03-02 19:35:00,core-sw-01,port-id7429,server-uplink,214857899.23788393,119824230.05232893,35535.0485971691,16452.857703249087,793.057225203213,0.01637274425733652,0.027689854956241194
M3,2026-03-02 19:40:00,core-sw-01,port-id7429,server-uplink,182917259.09764877,102786836.82072587,29681.54241939505,13932.558686758048,830.4208184354655,0.018197760755782527,0.03377200283643174
M3,2026-03-02 19:45:00,core-sw-01,port-id7429,server-uplink,212260333.48672453,121576300.27300826,35503.57875742036,16659.161250191075,776.0794999069353,0.014965161428402249,0.02613207720520191
M3,2026-03-02 19:50:00,core-sw-01,port-id7429,server-uplink,165213222.86324605,92384258.01972742,27504.519430031014,12678.220561666572,760.0124788651482,0.019173863760123977,0.03403244962417375
M3,2026-03-02 19:55:00,core-sw-01,port-id7429,server-uplink,184083645.20783144,104846084.46633592,29968.101490057677,14375.995748054447,813.667962725316,0.017358264598925716,0.028189303682148812
M3,2026-03-02 20:00:00,core-sw-01,port-id7429,server-uplink,182437696.10223445,103046699.9787749,29453.872319435723,13585.22056085928,827.2089657803148,0.01736811467237072,0.028666446348401153
M3,2026-03-02 20:05:00,core-sw-01,port-id7429,server-uplink,172498946.35576743,95417940.9793064,27983.050036360644,12644.006915557511,801.672297737314,0.01725105181037476,0.028921077400720238
M3,2026-03-02 20:10:00,core-sw-01,port-id7429,server-uplink,183510745.4822944,100004057.08819817,30727.401777957948,13862.335913475998,830.125376950249,0.015761458129121345,0.025829542479978932
M3,2026-03-02 20:15:00,core-sw-01,port-id7429,server-uplink,166360402.02553755,90637030.53976525,27446.154830171272,12344.209283176626,806.7526085642962,0.016510075768829898,0.028450744020728606
M3,2026-03-02 20:20:00,core-sw-01,port-id7429,server-uplink,164125582.80635467,93420187.94312192,26764.9278664618,12495.376064525031,850.9887507063239,0.016641903154787873,0.02817817756186108
M3,2026-03-02 20:25:00,core-sw-01,port-id7429,server-uplink,136767834.57762706,76396594.66115482,22708.915567368364,10459.066629026473,786.835586716653,0.01866183041361762,0.034020941828247074
M3,2026-03-02 20:30:00,core-sw-01,port-id7429,server-uplink,141662867.9705562,77556727.49580477,23658.272693840085,10843.997053551213,831.5173055437547,0.0164788838366306,0.02967102904095657
M3,2026-03-02 20:35:00,core-sw-01,port-id7429,server-uplink,127559190.03091924,77321727.88889799,20670.925409713636,10157.128594004078,840.9154343214902,0.01820909379188756,0.03211601144521245
M3,2026-03-02 20:40:00,core-sw-01,port-id7429,server-uplink,137757105.67461723,73526754.3929477,23590.54171202656,10252.185990504273,769.0602509992217,0.016617513664947077,0.028804246755587473
M3,2026-03-02 20:45:00,core-sw-01,port-id7429,server-uplink,146213954.96948734,84158820.99000755,24184.047259611525,11759.186758363157,799.858078127721,0.015714947542958768,0.026765477033153396
M3,2026-03-02 20:50:00,core-sw-01,port-id7429,server-uplink,140995284.57831347,72880788.40514818,23283.743271106327,9933.756028400265,801.3881789687125,0.016189644332371998,0.027521795712846898
M3,2026-03-02 20:55:00,core-sw-01,port-id7429,server-uplink,140301904.28498077,80584403.76669103,23969.197869743584,11119.747016020416,801.794556887182,0.014335464584757205,0.025138646568679097
M3,2026-03-02 21:00:00,core-sw-01,port-id7429,server-uplink,115181670.30920675,65742272.36739199,18687.282879353894,8699.786309636693,829.9070745653673,0.018713711542352112,0.031151049150327646
M3,2026-03-02 21:05:00,core-sw-01,port-id7429,server-uplink,100323003.65231705,48213202.02438795,16523.84020691467,6637.599817986985,784.2270183201384,0.02127877552096744,0.03611786734729742
M3,2026-03-02 21:10:00,core-sw-01,port-id7429,server-uplink,117109528.47165899,67478019.23164465,19191.444871566313,9056.81999194996,836.5048586927225,0.016657503220330806,0.027864123834406035
M3,2026-03-02 21:15:00,core-sw-01,port-id7429,server-uplink,114449233.18684824,64025781.685659766,18602.227905495496,8501.85199148486,823.2614984818746,0.017126110304488452,0.028688432566009885
M3,2026-03-02 21:20:00,core-sw-01,port-id7429,server-uplink,113861179.66822687,62405405.47507168,18518.661122994574,8359.82031789214,851.375523289157,0.017134557756812736,0.027953907067169506
M3,2026-03-02 21:25:00,core-sw-01,port-id7429,server-uplink,93328309.17905575,50128146.88641565,15650.98718637793,6894.827946651293,803.7633472884835,0.020311997217132043,0.033525453424142884
M3,2026-03-02 21:30:00,core-sw-01,port-id7429,server-uplink,108419847.49378888,59946136.31606622,17634.77300205102,7952.25457707799,817.2239102919661,0.017041324808941098,0.02682659694409895
M3,2026-03-02 21:35:00,core-sw-01,port-id7429,server-uplink,101785139.08494367,58059159.30304167,16697.163567082574,7840.325557412738,794.9269835810344,0.016714949286943063,0.029040477897878194
M3,2026-03-02 21:40:00,core-sw-01,port-id7429,server-uplink,117199826.40503076,64114360.458557755,18645.21275390776,8555.438332674785,860.0443919603307,0.015471961853602991,0.025096833051342127
M3,2026-03-02 21:45:00,core-sw-01,port-id7429,server-uplink,85961678.39088547,52918935.61203629,13913.471604537655,7154.812890450978,820.6317362586219,0.019119983720297558,0.031012626854844523
M3,2026-03-02 21:50:00,core-sw-01,port-id7429,server-uplink,90168011.1084531,52800383.8952937,14573.455386925418,6992.090259605702,813.1887011986548,0.017632634159524697,0.031148080315478267
M3,2026-03-02 21:55:00,core-sw-01,port-id7429,server-uplink,103444131.2710124,60630998.538229175,16761.712838992215,8270.694625054399,831.5037112103439,0.014483931764144366,0.024716027709675487
M3,2026-03-02 22:00:00,core-sw-01,port-id7429,server-uplink,108281112.76060927,60747351.54517799,17862.25135851797,8205.102099813454,787.0040871349584,0.014202503037974868,0.024722129971909573
M3,2026-03-02 22:05:00,core-sw-01,port-id7429,server-uplink,83023040.08465587,44724594.060406774,13335.43676427237,6039.129413334766,831.9828439301687,0.01899845674176814,0.03293217419865644
M3,2026-03-02 22:10:00,core-sw-01,port-id7429,server-uplink,90007349.6957303,51612443.24286328,14683.097211790913,7050.526277194028,812.7129351068472,0.016286994630576593,0.02813792695298455
M3,2026-03-02 22:15:00,core-sw-01,port-id7429,server-uplink,59006256.055762246,36037085.37074088,9697.748009006042,4774.115708416423,820.7482487658502,0.025231322884919957,0.042234731845253
M3,2026-03-02 22:20:00,core-sw-01,port-id7429,server-uplink,80200341.14870581,46449639.129429944,13328.790153044225,6244.091418258124,841.2580853715522,0.017502383485428544,0.031064430624526886
M3,2026-03-02 22:25:00,core-sw-01,port-id7429,server-uplink,94506085.58862288,53733615.20586671,15304.339158694138,7278.959728059856,846.7495504967748,0.015291001699585532,0.025909484994320255
M3,2026-03-02 22:30:00,core-sw-01,port-id7429,server-uplink,77879920.11938068,45784869.87541421,13203.406009173597,6300.588679960513,791.8655698566218,0.016981334834452133,0.030786720508381035
M3,2026-03-02 22:35:00,core-sw-01,port-id7429,server-uplink,84231491.53123136,49574293.73189191,13840.329438726365,6934.693316868213,816.5145008961149,0.01569408681176161,0.027778057444209813
M3,2026-03-02 22:40:00,core-sw-01,port-id7429,server-uplink,87599168.50679997,45255469.223648876,14405.590137360627,5996.789920707635,821.9294459839448,0.016786761644095552,0.02782953172432727
M3,2026-03-02 22:45:00,core-sw-01,port-id7429,server-uplink,67073171.02249682,39467210.73923706,11044.950773984328,5247.666557741309,797.5877968766673,0.020640092090189525,0.035207214566421396
M3,2026-03-02 22:50:00,core-sw-01,port-id7429,server-uplink,84368719.05022457,51669868.16942761,13725.867867869485,6871.633288226427,815.6504811953223,0.016500253100731485,0.027999812037130558
M3,2026-03-02 22:55:00,core-sw-01,port-id7429,server-uplink,78877650.18874294,46555972.56081883,12990.347421145128,6287.229688587273,816.9146673708773,0.01711356853469483,0.028314839741309356
M3,2026-03-02 23:00:00,core-sw-01,port-id7429,server-uplink,79654080.74970971,44947122.8857824,13168.618726826659,6203.083308899928,816.3339960044829,0.01678421658975781,0.029412218605861472
M3,2026-03-02 23:05:00,core-sw-01,port-id7429,server-uplink,82880010.7425349,45985440.868684866,13524.004615922193,6043.907996032792,825.1199362481472,0.017046365689224935,0.02926543636076981
M3,2026-03-02 23:10:00,core-sw-01,port-id7429,server-uplink,76953677.55057725,45860049.93421437,13035.418660201933,6222.039088299315,793.6734046977145,0.016145897407569904,0.028483196025160765
M3,2026-03-02 23:15:00,core-sw-01,port-id7429,server-uplink,68717987.24980256,36090170.51414144,11536.804601804459,5010.283457623256,765.8954568649401,0.019691820740883364,0.03343867303075834
M3,2026-03-02 23:20:00,core-sw-01,port-id7429,server-uplink,82335518.94907054,42640518.45084145,13353.22893655154,5548.94155959066,854.1235540039543,0.016783077969471514,0.029065845849326095
M3,2026-03-02 23:25:00,core-sw-01,port-id7429,server-uplink,61462560.4210813,30900297.68183382,10016.169186028756,4051.4996537157717,849.108982381716,0.022518912681503484,0.03876439336590554
M3,2026-03-02 23:30:00,core-sw-01,port-id7429,server-uplink,92460889.99007328,52542274.432687454,15185.874625717579,7056.402743783394,843.8488242840931,0.013885830635695413,0.02574604309944995
M3,2026-03-02 23:35:00,core-sw-01,port-id7429,server-uplink,69309002.44613007,35389303.814892255,11174.132443923852,5070.452236390603,813.6305703335622,0.019069528230786028,0.032344460832400015
M3,2026-03-02 23:40:00,core-sw-01,port-id7429,server-uplink,66897745.460618824,39625637.47159887,10952.609199604483,5385.9587979331045,811.3657296904387,0.01864773961526636,0.03323123729803459
M3,2026-03-02 23:45:00,core-sw-01,port-id7429,server-uplink,57304321.94507641,34182626.32257222,9653.883909971151,4787.824481049519,753.2812551360055,0.0224819968541234,0.03602295638297451
M3,2026-03-02 23:50:00,core-sw-01,port-id7429,server-uplink,73986946.25053732,40175974.54288899,12124.014211420965,5575.485879825274,796.129744605421,0.017617905898842674,0.029901085080393713
M3,2026-03-02 23:55:00,core-sw-01,port-id7429,server-uplink,93561589.1713148,53628329.84698711,15877.027666938004,7276.925153583287,792.4067218103432,0.013245685379995919,0.02276374858367434
M3,2026-03-03 00:00:00,core-sw-01,port-id7429,server-uplink,48583183.97423983,26952631.52590613,7927.402749665525,3750.7157112051736,806.5990468870262,0.02700392701856767,0.04417233299000451
M3,2026-03-03 00:05:00,core-sw-01,port-id7429,server-uplink,86499715.01870494,42874281.443581454,14351.943814530921,5758.354239962016,818.9381316678862,0.015658198696444654,0.024847700454186775
M3,2026-03-03 00:10:00,core-sw-01,port-id7429,server-uplink,80058638.14642677,43571714.38624096,12944.54833514043,6068.858007226214,798.3778697410869,0.016635075155995122,0.027172562423208275
M3,2026-03-03 00:15:00,core-sw-01,port-id7429,server-uplink,52516643.06009369,27781076.636597816,9084.778750820766,3841.0009489831887,788.5275531370362,0.023028128793007672,0.03955565342092454
M3,2026-03-03 00:20:00,core-sw-01,port-id7429,server-uplink,70812824.44257534,41291256.91774034,11269.398011811674,5564.487072166509,845.1835982384671,0.018480484527678687,0.030551800943893495
M3,2026-03-03 00:25:00,core-sw-01,port-id7429,server-uplink,62929740.3597049,37323559.976336315,10541.733166023088,5314.948492493847,806.2963319504014,0.019741056505574915,0.032658565602097636
M3,2026-03-03 00:30:00,core-sw-01,port-id7429,server-uplink,78360196.11580625,44324300.29915454,12765.889956476934,6065.955895449786,860.3659373551664,0.015959940831583263,0.028951861967053467
M3,2026-03-03 00:35:00,core-sw-01,port-id7429,server-uplink,67719568.97957605,38361921.404887915,11165.766254764507,5011.316277942124,803.3817676268234,0.01856425266649273,0.03209922850712386
M3,2026-03-03 00:40:00,core-sw-01,port-id7429,server-uplink,67442599.91399083,40707544.29833066,10924.574201766553,5441.009539626366,806.2092326629764,0.018826028596896756,0.03248164975269893
M3,2026-03-03 00:45:00,core-sw-01,port-id7429,server-uplink,70044805.0414734,43932620.77767702,11404.393378000223,5606.284881110062,790.6672162102357,0.018219303116725042,0.031863564436707265
M3,2026-03-03 00:50:00,core-sw-01,port-id7429,server-uplink,59776784.564622805,29575933.82466164,10209.623758119613,4104.107994183559,777.4782242077835,0.02142371525950991,0.03778101954619486
M3,2026-03-03 00:55:00,core-sw-01,port-id7429,server-uplink,66508795.69397755,37519125.98308016,10910.009155140258,4938.745336311567,762.7514303478745,0.019426714142321982,0.033648473274048296
M3,2026-03-03 01:00:00,core-sw-01,port-id7429,server-uplink,59838574.80767386,34018232.902627386,9884.593183880956,4507.627122685651,837.7023660954288,0.02096151880212608,0.03811570087479304
M3,2026-03-03 01:05:00,core-sw-01,port-id7429,server-uplink,79165489.83877447,41607235.13976876,12723.24724885041,5245.660179706783,842.7122482326046,0.01763365788026861,0.030344847090810846
M3,2026-03-03 01:10:00,core-sw-01,port-id7429,server-uplink,67080257.228453234,36491153.46312466,10712.879460186952,4729.348147219931,830.8446510195064,0.019895888462359995,0.032177436168183256
M3,2026-03-03 01:15:00,core-sw-01,port-id7429,server-uplink,77515495.82305704,45896955.49643363,12906.758800130978,6169.222454967704,798.5994883792498,0.016664690781083114,0.02761908432534839
M3,2026-03-03 01:20:00,core-sw-01,port-id7429,server-uplink,55921619.19719615,30641502.702607512,8687.293903100637,4111.486473167309,814.3828542557735,0.02345489260864225,0.039585886344128726
M3,2026-03-03 01:25:00,core-sw-01,port-id7429,server-uplink,71929669.49219824,40764658.44269465,11950.968727339901,5699.229824284333,779.086334814865,0.01745499004487914,0.029398827356546784
M3,2026-03-03 01:30:00,core-sw-01,port-id7429,server-uplink,80944256.32194975,49915000.334629074,13180.086530420635,6678.1324918713835,817.874317790133,0.014742444335305412,0.026216754771808463
M3,2026-03-03 01:35:00,core-sw-01,port-id7429,server-uplink,75634458.50985205,46007367.56346737,12619.012383918433,6007.560493315698,800.6884694997428,0.01625528484394753,0.028570151008601035
M3,2026-03-03 01:40:00,core-sw-01,port-id7429,server-uplink,73595051.95890445,39531026.783859886,12555.002443434943,5516.893479627188,780.3032600781015,0.017150297862954935,0.028272536234382
M3,2026-03-03 01:45:00,core-sw-01,port-id7429,server-uplink,89810992.81448036,49419047.42265798,14369.07369813084,6562.3671314017265,807.854044386317,0.014631624738769958,0.024824282918785984
M3,2026-03-03 01:50:00,core-sw-01,port-id7429,server-uplink,57730108.20710312,34907119.84454069,9214.877565574558,4589.4004029011485,809.27976911032,0.021880479773283515,0.03867139120557303
M3,2026-03-03 01:55:00,core-sw-01,port-id7429,server-uplink,88973661.59694317,51717107.16894077,14647.931689686513,6839.021871446263,823.3769891436209,0.013913644490674504,0.023201176748297307
M3,2026-03-03 02:00:00,core-sw-01,port-id7429,server-uplink,60657011.307047315,34247146.30029996,10137.232295017457,4524.770565579122,799.9731216537554,0.020208873840815256,0.037026504320115124
M3,2026-03-03 02:05:00,core-sw-01,port-id7429,server-uplink,88442896.19367965,48930981.09110031,14543.174916612812,6458.078578525542,840.8603519535723,0.014602488178782774,0.024598857697143754
M3,2026-03-03 02:10:00,core-sw-01,port-id7429,server-uplink,70033260.48565993,44783740.14768379,11392.23629394339,6162.805314170141,816.6429766840032,0.017772827067485834,0.02967900417851164
M3,2026-03-03 02:15:00,core-sw-01,port-id7429,server-uplink,65057398.93121738,36771091.05875596,10588.491332772714,5010.485656598333,847.0841198694843,0.019234834308981767,0.03308195642610634
M3,2026-03-03 02:20:00,core-sw-01,port-id7429,server-uplink,83210652.67784435,44952062.90938292,13609.941506535604,6144.51577396677,808.5767712313185,0.015228736077405464,0.02589174627063585
M3,2026-03-03 02:25:00,core-sw-01,port-id7429,server-uplink,90603791.42755929,49269578.60749713,15338.714684371267,6931.197380532042,816.0016452187792,0.013660498638578126,0.023142279019258652
M3,2026-03-03 02:30:00,core-sw-01,port-id7429,server-uplink,78710520.75493744,49403733.43654275,13516.274474117337,6806.24137615957,784.8642730302221,0.014850420773609908,0.025293350933695804
M3,2026-03-03 02:35:00,core-sw-01,port-id7429,server-uplink,50604054.3030049,27629752.748978626,8171.127427875305,3807.2362307101334,814.5548206464783,0.026092254731176434,0.04409186878213118
M3,2026-03-03 02:40:00,core-sw-01,port-id7429,server-uplink,83296332.03227283,46266902.353022374,13756.536209192995,6521.683136017355,829.0772529646955,0.015549891003842705,0.026891943924146414
M3,2026-03-03 02:45:00,core-sw-01,port-id7429,server-uplink,73924807.01527186,41238117.37976041,12117.054493052876,5598.920445761822,786.6168786606074,0.017848604357266092,0.030743250699014207
M3,2026-03-03 02:50:00,core-sw-01,port-id7429,server-uplink,68122384.65458079,36220944.16268265,11291.641017532635,4995.468330382387,822.3143046091513,0.019531037663186316,0.03324230830012638
M3,2026-03-03 02:55:00,core-sw-01,port-id7429,server-uplink,69183284.64169578,43479979.94348133,11085.729001916712,5754.9310173470485,802.8211970108788,0.01748490792273395,0.03137023051963848
M3,2026-03-03 03:00:00,core-sw-01,port-id7429,server-uplink,62729699.510664575,35679881.65835234,10448.551310878052,4681.904782337225,812.0364765894531,0.020239674599529377,0.034833685623473026
M3,2026-03-03 03:05:00,core-sw-01,port-id7429,server-uplink,66647077.53661807,36243732.135157995,11006.196937857692,4890.136298857637,851.7944572666636,0.019898371060488394,0.032599978468163586
M3,2026-03-03 03:10:00,core-sw-01,port-id7429,server-uplink,70018538.48044394,37730338.09950261,11390.17995131786,5142.862480338289,812.6132470485798,0.019207864887179762,0.0321027343345805
M3,2026-03-03 03:15:00,core-sw-01,port-id7429,server-uplink,68503202.22893895,39267585.11145737,11375.035458091997,5342.752190006309,798.8325109708642,0.019034191838843507,0.03217163380329247
M3,2026-03-03 03:20:00,core-sw-01,port-id7429,server-uplink,77850104.49939552,44175828.09887916,13030.950346050991,6095.778067609364,780.4231544059106,0.016361709857325442,0.027282930978050523
M3,2026-03-03 03:25:00,core-sw-01,port-id7429,server-uplink,78360175.68182854,42514939.47549696,12880.892269272945,5650.184870994507,824.3362944590482,0.015367887756160943,0.027816504250068316
M3,2026-03-03 03:30:00,core-sw-01,port-id7429,server-uplink,65353733.43001238,37772657.53158038,10593.869530980064,4909.504757129541,850.8351338991573,0.020350337028748288,0.03303798350228897
M3,2026-03-03 03:35:00,core-sw-01,port-id7429,server-uplink,68136915.89772126,37771940.3141607,11020.657054207713,5083.120877109466,829.8544986582373,0.019737338628371702,0.03323404969118375
M3,2026-03-03 03:40:00,core-sw-01,port-id7429,server-uplink,66278241.6221113,37809695.75144364,11294.756570437406,5344.082455194981,830.3909987049311,0.01927366013710589,0.03166676630444636
M3,2026-03-03 03:45:00,core-sw-01,port-id7429,server-uplink,97987438.0421717,50673770.312205374,15884.095236036816,6821.151105292447,818.1980212277612,0.013865244309511186,0.023380492302707723
M3,2026-03-03 03:50:00,core-sw-01,port-id7429,server-uplink,84024002.58670165,49083533.5761005,14096.326952277557,6797.27653433195,790.7711998564774,0.014574853991518246,0.025885660300093528
M3,2026-03-03 03:55:00,core-sw-01,port-id7429,server-uplink,61429045.528637156,36289578.595099494,10066.16251382051,4849.552635849138,796.8411087417364,0.021602586357066317,0.03590162517136619
M3,2026-03-03 04:00:00,core-sw-01,port-id7429,server-uplink,84268328.32479052,45612433.98895008,13748.606358897929,6147.931024475948,789.8349869189603,0.016258602098909697,0.027050692347137358
M3,2026-03-03 04:05:00,core-sw-01,port-id7429,server-uplink,81737901.04867166,42474149.73029173,13021.834258152305,5701.148020565845,873.9140242334624,0.01627466048654756,0.02907728265222859
M3,2026-03-03 04:10:00,core-sw-01,port-id7429,server-uplink,77338288.46070914,39102689.0457976,12693.929758399127,5299.407272577484,793.1010095207756,0.017895238121184282,0.029989832379195752
M3,2026-03-03 04:15:00,core-sw-01,port-id7429,server-uplink,82779658.03881295,44311033.15523551,14133.012341083582,6099.3887382618395,780.5669608094516,0.01559438481177083,0.02702054609694942
M3,2026-03-03 04:20:00,core-sw-01,port-id7429,server-uplink,78736947.16538629,42335639.370539464,13141.242400170328,5875.93046923128,820.2832637340208,0.017179226475224865,0.02858625788686888
M3,2026-03-03 04:25:00,core-sw-01,port-id7429,server-uplink,107915751.73563176,57940698.68553898,17674.4313468591,7943.699015391661,814.2982793463766,0.01234438717873804,0.0223374935316212
M3,2026-03-03 04:30:00,core-sw-01,port-id7429,server-uplink,74576165.48327234,36657121.96897963,12410.456191494435,4893.899672839164,776.2755559144515,0.0189618653106736,0.03254297080904487
M3,2026-03-03 04:35:00,core-sw-01,port-id7429,server-uplink,66035430.356718205,38696831.255510844,11462.396407646185,5161.710431213663,786.3896664469667,0.019505292915394965,0.03521405158297998
M3,2026-03-03 04:40:00,core-sw-01,port-id7429,server-uplink,89859485.88766584,49297016.53155657,15068.148278400755,6572.562236503186,818.5159242866301,0.015372259353592486,0.026192816219606598
M3,2026-03-03 04:45:00,core-sw-01,port-id7429,server-uplink,84724637.90119116,48143584.831729956,13845.791379573739,6243.811615333324,828.5558179927637,0.01672214525559543,0.027845512157121707
M3,2026-03-03 04:50:00,core-sw-01,port-id7429,server-uplink,57112278.123336695,32290800.09924182,9368.003114416793,4190.324500702645,837.5496669557843,0.024880389737340983,0.042018054696098095
M3,2026-03-03 04:55:00,core-sw-01,port-id7429,server-uplink,77897377.94523679,40406972.559275575,12493.484512278046,5477.608940182145,811.3293208907041,0.01962366403175101,0.03202091057466445
M3,2026-03-03 05:00:00,core-sw-01,port-id7429,server-uplink,54770536.592298456,34936919.007548966,9332.276606182335,4753.291715671385,798.6494931329559,0.024783605560120194,0.042697850739150466
M3,2026-03-03 05:05:00,core-sw-01,port-id7429,server-uplink,78859757.63921551,43220924.22679869,12941.273899442112,6063.692461554765,772.1548660644086,0.017875676463119567,0.03261971578681895
M3,2026-03-03 05:10:00,core-sw-01,port-id7429,server-uplink,86073194.60327563,48445993.04443261,14168.805137653899,6525.613150790915,818.3987613553245,0.016896127610230207,0.02841881166897013
M3,2026-03-03 05:15:00,core-sw-01,port-id7429,server-uplink,70171686.11801143,39815296.44235931,11108.236336875538,5485.850493092052,863.3928989019952,0.021336571463519367,0.03834654661791643
M3,2026-03-03 05:20:00,core-sw-01,port-id7429,server-uplink,88913854.96162821,50327243.025677964,14320.5612496842,6645.797898224353,836.5711573880359,0.017064990473663947,0.029721646143927798
M3,2026-03-03 05:25:00,core-sw-01,port-id7429,server-uplink,98662526.12278955,54135390.2761393,16941.415093115458,7332.185390826946,805.7620481428896,0.015157204708910427,0.02716121431584599
M3,2026-03-03 05:30:00,core-sw-01,port-id7429,server-uplink,92166685.99349993,55561867.43528854,15272.809622462135,7559.807014741202,792.4338468375404,0.01618432899270353,0.028779927182830928
M3,2026-03-03 05:35:00,core-sw-01,port-id7429,server-uplink,108634886.18698464,62322805.839504145,17876.949322727338,8646.591644940621,810.9911658814073,0.014656156717463361,0.024870141825516275
M3,2026-03-03 05:40:00,core-sw-01,port-id7429,server-uplink,96578709.41339584,56194935.77294837,15843.51238203746,7527.041432276621,807.6471879107937,0.017461870847864852,0.0284945571517175
M3,2026-03-03 05:45:00,core-sw-01,port-id7429,server-uplink,89812441.03178923,48317007.4044174,14615.598536844393,6548.604415414925,844.096360694774,0.01903575743734966,0.032025632932677794
M3,2026-03-03 05:50:00,core-sw-01,port-id7429,server-uplink,104251225.89591102,58079120.62582566,16284.809380542965,7665.810224827887,836.194479479076,0.01697509868918027,0.03019606139540162
M3,2026-03-03 05:55:00,core-sw-01,port-id7429,server-uplink,92475880.48906915,50887810.16279391,15154.879985734206,6964.25230425613,800.0138446832066,0.01915451024828106,0.03368283542673351
M3,2026-03-03 06:00:00,core-sw-01,port-id7429,server-uplink,85211434.80596268,49216388.06738104,13685.654238114183,6737.611040340829,815.019713253382,0.020206619072229898,0.037233495749814965
M3,2026-03-03 06:05:00,core-sw-01,port-id7429,server-uplink,117539190.53575325,66244747.23800401,19516.958950655466,9074.816622574068,791.9014116106026,0.01605906555286776,0.02692273734648331
M3,2026-03-03 06:10:00,core-sw-01,port-id7429,server-uplink,105960425.4000547,65760636.71007048,17269.68996555976,8865.000254627395,813.7696803515627,0.017757563191416505,0.032274630980954566
M3,2026-03-03 06:15:00,core-sw-01,port-id7429,server-uplink,113516944.58181886,66009583.649148636,18338.9389708054,8909.84701371962,829.7233735104564,0.017918610083807032,0.02901954727880906
M3,2026-03-03 06:20:00,core-sw-01,port-id7429,server-uplink,126508242.60612048,70759113.28953934,21307.558992306556,9723.152588363704,800.4271588817523,0.01579043752852273,0.02789590388506366
M3,2026-03-03 06:25:00,core-sw-01,port-id7429,server-uplink,120243296.67704648,66001579.227047384,19595.621013937307,9012.625242282113,807.3415236809627,0.018410152887907174,0.030734704914875313
M3,2026-03-03 06:30:00,core-sw-01,port-id7429,server-uplink,142408314.35412693,83774589.13622153,23523.784013036624,11337.364943090468,806.807066426073,0.015167189767848185,0.025474542860748278
M3,2026-03-03 06:35:00,core-sw-01,port-id7429,server-uplink,166510897.21753263,91774215.5243509,27151.249091610625,12500.366400250354,822.1185703810747,0.014198788784383088,0.02451735923053387
M3,2026-03-03 06:40:00,core-sw-01,port-id7429,server-uplink,144041684.61296842,76100046.84404676,23407.52937899304,10280.874664765799,826.3934775301321,0.01666206030269767,0.02937976656616664
M3,2026-03-03 06:45:00,core-sw-01,port-id7429,server-uplink,130776000.12985092,76548097.70299794,21664.827672733918,10691.620655657183,801.50747626199,0.019097913800860587,0.031541527353476
M3,2026-03-03 06:50:00,core-sw-01,port-id7429,server-uplink,157315556.26171854,91661571.98699261,25769.056317588827,12227.09550652139,821.8002193824275,0.016630159473991418,0.02841333175343192
M3,2026-03-03 06:55:00,core-sw-01,port-id7429,server-uplink,152995893.59172052,85342890.73762348,25286.08950542111,11611.060770447453,815.6681850945538,0.01794193830643479,0.029331393991943497
M3,2026-03-03 07:00:00,core-sw-01,port-id7429,server-uplink,176737603.04891098,98200264.05099782,28901.905398948973,13400.604631707256,787.4438890805072,0.016068373075716694,0.026981068694235902
M3,2026-03-03 07:05:00,core-sw-01,port-id7429,server-uplink,158400165.64619038,89933285.02715388,26072.946757714533,12149.604933245824,840.7616772129526,0.018668424449963646,0.03141721411937317
M3,2026-03-03 07:10:00,core-sw-01,port-id7429,server-uplink,189811928.0576535,102811955.83979921,31256.218606993596,14378.695849868502,826.9730732065367,0.016275684290892024,0.02678918847570228
M3,2026-03-03 07:15:00,core-sw-01,port-id7429,server-uplink,180483003.30908298,102285976.70834681,29787.78298161524,13943.781963601565,829.8927236496462,0.017344889427159074,0.029365436876951853
M3,2026-03-03 07:20:00,core-sw-01,port-id7429,server-uplink,192093414.53159422,112335263.26065108,31101.546068354142,15113.662656103965,824.220644490665,0.016491718613092562,0.028105537789793928
M3,2026-03-03 07:25:00,core-sw-01,port-id7429,server-uplink,200126099.30722612,113561973.12703967,32509.216050396877,15476.232290604004,799.9361004757544,0.017292898054599035,0.029868707648621907
M3,2026-03-03 07:30:00,core-sw-01,port-id7429,server-uplink,198072924.39733288,112614687.11607344,32151.389834419857,15322.201514358872,808.8491435484967,0.017155062603399624,0.029796108948083034
M3,2026-03-03 07:35:00,core-sw-01,port-id7429,server-uplink,206547904.3814741,118199523.40969756,33815.48181800085,15807.388499299797,841.4887859800222,0.01780231878846507,0.029147801636780473
M3,2026-03-03 07:40:00,core-sw-01,port-id7429,server-uplink,208426441.08680674,119975837.75714552,33252.49496529512,16563.150660815856,817.4768728432723,0.01774157803786664,0.030236483089504315
M3,2026-03-03 07:45:00,core-sw-01,port-id7429,server-uplink,196801836.21270818,110651481.39464639,32253.78374529598,14851.377882549748,815.050393890584,0.019216074145910596,0.03149050058916627
M3,2026-03-03 07:50:00,core-sw-01,port-id7429,server-uplink,225686171.52317578,125379567.19418427,36053.815431000454,17094.509767593183,840.0184244266316,0.017767591623528763,0.029161290456454565
M3,2026-03-03 07:55:00,core-sw-01,port-id7429,server-uplink,234981694.1274794,131765281.02281028,38158.9634120278,17984.962849681746,814.9155111161756,0.017243610985094415,0.028130935126864272
M3,2026-03-03 08:00:00,core-sw-01,port-id7429,server-uplink,251330283.47065824,140887280.1882899,41607.15377062686,18912.63798699161,796.4772313411032,0.015639153290176032,0.026893210873431037
M3,2026-03-03 08:05:00,core-sw-01,port-id7429,server-uplink,241089779.19693306,133249724.64958495,39711.3251836126,18516.32929620434,809.7201418731329,0.01704521921365124,0.029713155064893842
M3,2026-03-03 08:10:00,core-sw-01,port-id7429,server-uplink,248407953.3982926,136606677.96224174,40365.29443132137,18714.565451209386,819.7098707450299,0.016403293950021276,0.02897830885976281
M3,2026-03-03 08:15:00,core-sw-01,port-id7429,server-uplink,251669326.81314754,139162102.8935222,41844.70512271061,19315.758960275445,796.5542358430536,0.01564385790723908,0.02873259532191795
M3,2026-03-03 08:20:00,core-sw-01,port-id7429,server-uplink,243297308.72931358,136802115.02841243,39129.1223588487,18420.987042889552,811.4764780214755,0.017239356298056025,0.031257370922878246
M3,2026-03-03 08:25:00,core-sw-01,port-id7429,server-uplink,250641617.36065647,135416155.447143,41355.493444170796,18323.4644236757,791.3443535274906,0.017660938365168008,0.030121569395118154
M3,2026-03-03 08:30:00,core-sw-01,port-id7429,server-uplink,257112701.0618079,142042616.4167798,41800.43231193155,19440.12957184041,821.4813969530996,0.016681596228035497,0.02866757901953201
M3,2026-03-03 08:35:00,core-sw-01,port-id7429,server-uplink,399047808.9003073,387309203.77267116,60358.933646318226,44074.84573146466,904.0438938763912,0.010113606134495922,0.017470458181977216
M3,2026-03-03 08:40:00,core-sw-01,port-id7429,server-uplink,389503103.8365122,381158398.7214563,57867.87630417888,43152.84400922111,950.05762722639,0.01046775151747142,0.01807120753155556
M3,2026-03-03 08:45:00,core-sw-01,port-id7429,server-uplink,402279955.8466412,394242498.56948376,62335.16526728962,46739.312070261694,912.4080418284718,0.009951419389332397,0.017231209973146606
M3,2026-03-03 08:50:00,core-sw-01,port-id7429,server-uplink,393121927.2730756,383849220.7851856,57645.48261603172,43365.03233335198,985.5764423483668,0.010340973761857193,0.018921569777979656
M3,2026-03-03 08:55:00,core-sw-01,port-id7429,server-uplink,413053867.29856175,395973537.3405435,61383.08846886867,45459.883553422645,913.2919901098245,0.010052655604907042,0.017261907931034395
M3,2026-03-03 09:00:00,core-sw-01,port-id7429,server-uplink,270878522.0482151,149603254.01620105,44923.4230184498,20649.418717225006,781.9320756258444,0.026897117961939398,0.01636337639553371
M3,2026-03-03 09:05:00,core-sw-01,port-id7429,server-uplink,280986817.17897105,159297036.28282645,46816.4719880957,21782.33590111843,799.1881201583141,0.026183952221191804,0.015219661684474731
M3,2026-03-03 09:10:00,core-sw-01,port-id7429,server-uplink,295441117.53938746,165415422.70614964,48834.548226482606,22453.992953765228,842.2687593192246,0.024545482365140443,0.015186001324324615
M3,2026-03-03 09:15:00,core-sw-01,port-id7429,server-uplink,282540174.4606502,157920247.22907838,45110.03839606391,20553.53630396628,878.4542695698939,0.026378173290361406,0.017123812255148876
M3,2026-03-03 09:20:00,core-sw-01,port-id7429,server-uplink,278160312.9342392,156209242.81981558,45625.34803096245,21286.838378205288,832.664823856856,0.02612249990858081,0.01639733668073549
M3,2026-03-03 09:25:00,core-sw-01,port-id7429,server-uplink,276048797.56733143,154251171.38884747,44310.046807995226,20834.129161414967,797.2474724878564,0.026489473012386015,0.016358625910537786
M3,2026-03-03 09:30:00,core-sw-01,port-id7429,server-uplink,297852534.3429269,170310532.2600784,48972.608460408104,23255.69368588725,792.7073941647583,0.024242834474983665,0.014595054434656732
M3,2026-03-03 09:35:00,core-sw-01,port-id7429,server-uplink,286420196.4752772,161104849.39331764,46534.58080945491,21329.8438026115,824.9472987851622,0.02586387957503646,0.01565956248277102
M3,2026-03-03 09:40:00,core-sw-01,port-id7429,server-uplink,283753845.46117026,159559470.33671278,46788.11458981662,21936.62318064181,805.1120768251955,0.02662690990765513,0.015875849418354678
M3,2026-03-03 09:45:00,core-sw-01,port-id7429,server-uplink,281871227.1785242,158313157.3972911,46350.44821658079,20869.47613306082,784.9510859622917,0.02685265155122193,0.01681777396399476
M3,2026-03-03 09:50:00,core-sw-01,port-id7429,server-uplink,274056550.284027,154920831.23914403,45566.69245032449,21064.48789733812,808.428051174289,0.02768479623118742,0.01689669943003659
M3,2026-03-03 09:55:00,core-sw-01,port-id7429,server-uplink,267912235.5577913,154882498.73665473,44030.84294721016,21287.580906278916,846.9261330374014,0.027767154408657044,0.017170379934636226
M3,2026-03-03 10:00:00,core-sw-01,port-id7429,server-uplink,282194179.92271036,158132866.7703724,46962.885342728136,21780.557902843844,771.8013057475616,0.026002633995502785,0.015253415603828922
M3,2026-03-03 10:05:00,core-sw-01,port-id7429,server-uplink,290861164.61752564,162315939.70690823,47444.34110819808,21818.507263601106,806.6135357822401,0.024220386190849787,0.015860071322945077
M3,2026-03-03 10:10:00,core-sw-01,port-id7429,server-uplink,281342614.6942848,159882264.30797637,46504.529610996295,21942.626697715845,815.7430541252107,0.02713961636891395,0.01598490489415492
M3,2026-03-03 10:15:00,core-sw-01,port-id7429,server-uplink,271923530.38080865,154749476.6486245,44742.150402349806,21152.243756902204,805.6139019095009,0.028978896060310844,0.01666359078182155
M3,2026-03-03 10:20:00,core-sw-01,port-id7429,server-uplink,273576240.985134,154202211.5596011,46348.109150426586,21559.65742855516,830.3398214697326,0.026139260192232616,0.01622909426788874
M3,2026-03-03 10:25:00,core-sw-01,port-id7429,server-uplink,272171038.5955452,153715664.8969033,44072.85905076435,20978.753086494966,810.9928143875178,0.02825352362847658,0.01728605710814986
M3,2026-03-03 10:30:00,core-sw-01,port-id7429,server-uplink,316244473.50049067,172282733.4354315,52091.26998633854,24068.166483646928,808.4556335126938,0.024180032763102172,0.014536829296119182
M3,2026-03-03 10:35:00,core-sw-01,port-id7429,server-uplink,273453287.8926822,153918940.3113058,45541.216380613776,21366.454687657006,806.3613945220551,0.026968475728494333,0.01695333995590164
M3,2026-03-03 10:40:00,core-sw-01,port-id7429,server-uplink,278800091.4742235,161101706.5328748,45773.67768542859,21932.423427469184,794.6785100221418,0.025845110597329104,0.016108757345619028
M3,2026-03-03 10:45:00,core-sw-01,port-id7429,server-uplink,289891749.48330927,161976509.7379029,49064.2505065413,22470.608366385553,795.7572034526675,0.02689886343224512,0.01603181713728299
M3,2026-03-03 10:50:00,core-sw-01,port-id7429,server-uplink,278327349.3344295,157370353.16434726,46680.3825317926,21494.778167223692,779.7232710379948,0.0265861390809297,0.016132109043305417
M3,2026-03-03 10:55:00,core-sw-01,port-id7429,server-uplink,300686900.3852948,168776223.52490583,48214.08198058183,22397.53682443182,816.2318051055648,0.02639242644664569,0.01560759591993992
M3,2026-03-03 11:00:00,core-sw-01,port-id7429,server-uplink,295380994.40755284,168105819.61639252,47940.40454778486,22821.385764871466,832.1605720463599,0.026200789852513767,0.01570676443359768
M3,2026-03-03 11:05:00,core-sw-01,port-id7429,server-uplink,279319462.8024098,156014112.1215774,47127.21183667443,21249.26967439783,768.7767083479756,0.0266528937298921,0.015688370624825112
M3,2026-03-03 11:10:00,core-sw-01,port-id7429,server-uplink,276602385.7058897,157950027.0763362,46404.12315511452,21615.48887114145,788.3963529160395,0.02585578166592408,0.01648613648434653
M3,2026-03-03 11:15:00,core-sw-01,port-id7429,server-uplink,282119371.5968466,153939751.7692355,46791.671824064455,21195.60245165255,807.9765595693525,0.027725784068023725,0.01623374138893567
M3,2026-03-03 11:20:00,core-sw-01,port-id7429,server-uplink,287948580.5622211,161605208.1551201,47578.22552550235,22043.88915140845,825.0129089826298,0.027154689624202526,0.015596781830837328
M3,2026-03-03 11:25:00,core-sw-01,port-id7429,server-uplink,278733500.8149618,158421064.01273754,45905.64264356342,21614.855072140443,799.5088571692277,0.026498138550386987,0.016364073551878952
M3,2026-03-03 11:30:00,core-sw-01,port-id7429,server-uplink,280215942.99949,155431478.44307908,45492.612146688785,20550.138299888655,803.7436204238813,0.027105324820797423,0.01684484089740933
M3,2026-03-03 11:35:00,core-sw-01,port-id7429,server-uplink,290054149.46976334,157865252.55982965,48567.91844508759,21370.28173657601,781.0076306909114,0.027013686969061312,0.015708797222174293
M3,2026-03-03 11:40:00,core-sw-01,port-id7429,server-uplink,290995015.189624,159048461.94960243,48511.63712770785,21728.542202111057,792.7755355653096,0.026546772525316027,0.01626762580960261
M3,2026-03-03 11:45:00,core-sw-01,port-id7429,server-uplink,280124300.6365554,162331285.1128448,46938.705733326206,21791.786004556237,795.7813113784256,0.02672265305998273,0.01577495877015361
M3,2026-03-03 11:50:00,core-sw-01,port-id7429,server-uplink,262498228.7486597,148249533.25777882,43507.67065202329,20203.486109098794,785.5708429090867,0.029603486437894844,0.017423737744106074
M3,2026-03-03 11:55:00,core-sw-01,port-id7429,server-uplink,298882663.0046923,167466027.73324823,50061.14466060667,22452.954114708427,818.3383244710407,0.02515523637145399,0.015087386837485268
M3,2026-03-03 12:00:00,core-sw-01,port-id7429,server-uplink,284289617.92445815,161427059.09678027,46293.63088396048,21470.279961909953,812.4509727581795,0.027202488589171063,0.01626338591054254
M3,2026-03-03 12:05:00,core-sw-01,port-id7429,server-uplink,274158195.7128961,153342405.26317123,44157.76889361243,20870.30986252872,834.8224469625312,0.028201489735692413,0.016649722079091538
M3,2026-03-03 12:10:00,core-sw-01,port-id7429,server-uplink,296170582.3857191,163892257.66378775,50577.52202188386,22718.71445707925,797.495175571529,0.024353528026602872,0.014749966701974244
M3,2026-03-03 12:15:00,core-sw-01,port-id7429,server-uplink,283363012.34023046,158913351.92602092,48848.32279753056,22017.31552512419,786.5183810200236,0.025361021471589973,0.015516469565413058
M3,2026-03-03 12:20:00,core-sw-01,port-id7429,server-uplink,300273026.6593402,167492753.02780873,48346.12512263995,22733.71141539828,816.5935768144951,0.025937578571330284,0.015399097878571315
M3,2026-03-03 12:25:00,core-sw-01,port-id7429,server-uplink,283824476.0875268,155202657.57322845,47715.43256148058,21719.213610844592,787.6689970131282,0.025781925716970588,0.015665290445525698
M3,2026-03-03 12:30:00,core-sw-01,port-id7429,server-uplink,283350615.9199908,161813622.27581155,45298.24715538072,21257.38891384791,850.9095614558225,0.028063114599617075,0.017086556822158375
M3,2026-03-03 12:35:00,core-sw-01,port-id7429,server-uplink,279617324.37622803,159643984.24401706,47005.562075880596,21817.611639237817,801.4389747517986,0.02644381763984253,0.01598913846770822
M3,2026-03-03 12:40:00,core-sw-01,port-id7429,server-uplink,289568333.5960472,164629774.30683735,47938.96733049699,22167.12448581578,796.0858198442047,0.02574964816089596,0.01586108279639346
M3,2026-03-03 12:45:00,core-sw-01,port-id7429,server-uplink,267757355.84383392,150845885.0979676,44579.969342961806,20771.98975351708,788.3257882370898,0.027307278408545705,0.017096330613542106
M3,2026-03-03 12:50:00,core-sw-01,port-id7429,server-uplink,288205177.5597509,162610723.96981126,46775.09445540975,21536.397666537734,814.0548507052281,0.026351573077572042,0.016816958190121023
M3,2026-03-03 12:55:00,core-sw-01,port-id7429,server-uplink,267353942.89076254,151230536.98800236,43817.75715403404,20565.775725508855,829.674026971557,0.0284919223908107,0.017385937583429795
M3,2026-03-03 13:00:00,core-sw-01,port-id7429,server-uplink,295027768.5032395,167922189.73500985,47247.2151819463,22200.483031004078,837.9827506881421,0.025727984930948612,0.016531379297427998
M3,2026-03-03 13:05:00,core-sw-01,port-id7429,server-uplink,274378857.37868106,154367990.17331624,47011.49296727869,21502.20113977854,783.7022061347664,0.027395756636095652,0.015584026775838792
M3,2026-03-03 13:10:00,core-sw-01,port-id7429,server-uplink,305184300.3903321,170240042.50056675,50456.54762641857,23152.50047377248,814.7962472763737,0.025201583564635647,0.0155250827535459
M3,2026-03-03 13:15:00,core-sw-01,port-id7429,server-uplink,290571727.88845557,165211691.63687897,47660.38884644026,21889.853555736994,778.6325331015594,0.02655155077121367,0.016280054788976376
M3,2026-03-03 13:20:00,core-sw-01,port-id7429,server-uplink,282264294.4429253,159747519.50969258,46554.84403534361,21512.191843078315,828.6355741667002,0.026010380973799454,0.016499277435759362
M3,2026-03-03 13:25:00,core-sw-01,port-id7429,server-uplink,284309229.90286416,159691820.19535586,47042.52789813509,21867.25419689129,823.051635963015,0.025742639482449967,0.016153822531430637
M3,2026-03-03 13:30:00,core-sw-01,port-id7429,server-uplink,263418217.2570168,147711567.92431924,43324.84456954536,20406.00007837023,797.3198062681947,0.029300396055897317,0.01786154127212417
M3,2026-03-03 13:35:00,core-sw-01,port-id7429,server-uplink,279594708.17169356,155520171.96483716,46318.813101184875,20987.10895573566,780.1971605624227,0.02695177542636075,0.01703127298600231
M3,2026-03-03 13:40:00,core-sw-01,port-id7429,server-uplink,265456511.42527202,150771101.41023278,45050.66938181447,21245.929093057042,764.8783729255201,0.02870045608674484,0.016210613868815414
M3,2026-03-03 13:45:00,core-sw-01,port-id7429,server-uplink,287766354.56568563,162983725.80468583,46953.56881851989,21728.71367722121,828.9545411779133,0.02692483215873447,0.01656707496390775
M3,2026-03-03 13:50:00,core-sw-01,port-id7429,server-uplink,309369394.8605935,173301215.40312383,52508.32633946662,23739.990392402167,791.016353544371,0.024021208710962996,0.01464631800481244
M3,2026-03-03 13:55:00,core-sw-01,port-id7429,server-uplink,288349427.4721191,158954561.36714083,45956.00989421796,21086.978993861645,812.052966211168,0.02728335706293938,0.016553482124449567
M3,2026-03-03 14:00:00,core-sw-01,port-id7429,server-uplink,287588863.9415089,163406901.33152628,47353.5079047344,22049.57607661993,811.9093750342499,0.02722830858890968,0.01593356120206031
M3,2026-03-03 14:05:00,core-sw-01,port-id7429,server-uplink,283114352.93025386,159436429.20867357,46160.918505252856,21562.860335110865,837.7983688931919,0.027214119625992145,0.016679357763723642
M3,2026-03-03 14:10:00,core-sw-01,port-id7429,server-uplink,270393720.7839233,149695838.24700913,45460.13258987418,20742.314507892122,765.830681968797,0.02733451015782669,0.016531849417894297
M3,2026-03-03 14:15:00,core-sw-01,port-id7429,server-uplink,272391826.59142536,153003951.7310311,45196.22516264931,20124.559144292813,828.5621858394957,0.02831818557879935,0.017610664922272302
M3,2026-03-03 14:20:00,core-sw-01,port-id7429,server-uplink,276509273.2440883,153383627.55446312,45631.98042431298,20599.925332671628,810.9355845372621,0.027102252226831464,0.016939481835505144
M3,2026-03-03 14:25:00,core-sw-01,port-id7429,server-uplink,275982933.4689895,152140845.15749064,45762.64179846436,20887.706233762514,819.355902116807,0.027593626900417372,0.0168187570310495
M3,2026-03-03 14:30:00,core-sw-01,port-id7429,server-uplink,272371832.79228705,150724792.22198942,46174.626653055115,21425.192854338853,777.9862275268267,0.02783277096997905,0.01661784319033114
M3,2026-03-03 14:35:00,core-sw-01,port-id7429,server-uplink,279308459.5144923,159185809.70872587,46359.72169916338,22126.212993270383,798.7998879337343,0.02701146627133023,0.016614788600919354
M3,2026-03-03 14:40:00,core-sw-01,port-id7429,server-uplink,291379683.1491619,160485073.09309015,49628.08226665341,22754.401649394626,789.3825073623101,0.024902141994921634,0.015383881038475232
M3,2026-03-03 14:45:00,core-sw-01,port-id7429,server-uplink,277923749.11601704,158881852.62574932,48735.606778787514,22706.650573891075,740.926391714501,0.02532875095977248,0.015705822385102132
M3,2026-03-03 14:50:00,core-sw-01,port-id7429,server-uplink,286107782.3858701,157217132.31244257,47779.57532899308,21609.631038524414,769.0464816482431,0.02693662493303743,0.015536677923473359
M3,2026-03-03 14:55:00,core-sw-01,port-id7429,server-uplink,298589968.44587165,167520143.99119106,49920.77783414602,23408.361879712367,811.4204901847014,0.023804129618664325,0.014544464737699547
M3,2026-03-03 15:00:00,core-sw-01,port-id7429,server-uplink,307499828.1488572,171508622.36014417,49817.04970808552,22948.24332338046,802.2311860082629,0.017228657552548397,0.026401569868018036
M3,2026-03-03 15:05:00,core-sw-01,port-id7429,server-uplink,272835017.5259582,154224487.488411,45388.643658081004,20930.517817833534,813.6822693090706,0.017304993824180624,0.029022627861232764
M3,2026-03-03 15:10:00,core-sw-01,port-id7429,server-uplink,295340664.27972925,162575392.97797513,48520.25573133763,22092.887647428935,809.8991155086308,0.01581527149865076,0.02894866750033828
M3,2026-03-03 15:15:00,core-sw-01,port-id7429,server-uplink,279774079.3883494,155521487.4020021,44824.020227179964,20697.355990909917,793.5257409409633,0.01753198976551713,0.0296201787999613
M3,2026-03-03 15:20:00,core-sw-01,port-id7429,server-uplink,282805698.0865436,157643625.99098992,46545.38267851788,21071.793680998395,822.6612816693076,0.016839502980919577,0.030521622902855667
M3,2026-03-03 15:25:00,core-sw-01,port-id7429,server-uplink,280168217.4798974,158198074.90217313,45534.83003642138,21352.516334603948,791.411019306984,0.017184451321216116,0.030368826097235634
M3,2026-03-03 15:30:00,core-sw-01,port-id7429,server-uplink,291387050.8672234,160662501.24010772,48151.75737602289,21710.4856205309,779.312653116724,0.016395454023661216,0.028505444843808285
M3,2026-03-03 15:35:00,core-sw-01,port-id7429,server-uplink,291983727.77299154,163426196.28723094,47673.22674337107,22505.19929485168,809.762129237972,0.016809035006738107,0.027752796999303494
M3,2026-03-03 15:40:00,core-sw-01,port-id7429,server-uplink,290565222.89165556,161527109.6503923,48185.932630707255,22090.419874914478,819.3728164715584,0.016340683968637085,0.0295022845642776
M3,2026-03-03 15:45:00,core-sw-01,port-id7429,server-uplink,281788556.963165,158466765.48259667,46507.26374827287,21423.739522122472,788.1733262002313,0.01762687887608252,0.028348429456099368
M3,2026-03-03 15:50:00,core-sw-01,port-id7429,server-uplink,275242974.1150658,152079926.46455994,44628.698811043345,20290.55491947466,805.3990510595125,0.018246412356542688,0.03044362131325513
M3,2026-03-03 15:55:00,core-sw-01,port-id7429,server-uplink,286519034.88707703,160612568.37502462,48267.85882162282,22406.759322920545,819.5521896303119,0.016917415963259165,0.029320069020451582
M3,2026-03-03 16:00:00,core-sw-01,port-id7429,server-uplink,291651478.314323,159255781.978741,48679.69408335972,21242.785504216336,791.5407037813402,0.016944786807422788,0.028408044318249292
M3,2026-03-03 16:05:00,core-sw-01,port-id7429,server-uplink,296657737.66163135,167106038.87253237,48247.05420057081,22468.239237031004,772.4726611131344,0.016478768773300612,0.02818171878729838
M3,2026-03-03 16:10:00,core-sw-01,port-id7429,server-uplink,276456530.4802861,157400024.38244316,45710.051670784786,22265.01202589588,822.8185612069365,0.016869084174316,0.0291793372678354
M3,2026-03-03 16:15:00,core-sw-01,port-id7429,server-uplink,282931846.08669204,157858974.15351418,46481.03943417139,21268.28100907459,823.9501361885956,0.016987447502267904,0.027984069543863583
M3,2026-03-03 16:20:00,core-sw-01,port-id7429,server-uplink,271837291.95764494,150694520.3605028,44917.21023833655,20606.58750510816,801.8106598584533,0.017034324182009657,0.028553396629182205
M3,2026-03-03 16:25:00,core-sw-01,port-id7429,server-uplink,268159970.1735699,147553805.18217745,43520.03107323248,19749.58488490963,801.1282426806131,0.018177923990160147,0.03080725193190588
M3,2026-03-03 16:30:00,core-sw-01,port-id7429,server-uplink,282435238.4680344,163359190.32189742,45017.397137669686,21752.693920080776,790.290577543576,0.016387183930594497,0.02926726171792576
M3,2026-03-03 16:35:00,core-sw-01,port-id7429,server-uplink,274670144.7001584,154111892.97276095,44858.508926893635,20334.69850617607,859.3642095085189,0.01858887357815943,0.029080160037675096
M3,2026-03-03 16:40:00,core-sw-01,port-id7429,server-uplink,287847979.12194026,160814165.54900953,47485.3867307889,22015.510968813644,803.5325039487265,0.01688513942022355,0.028114138100232305
M3,2026-03-03 16:45:00,core-sw-01,port-id7429,server-uplink,276004604.2975759,154506874.67041698,46090.228295240995,20919.83607363433,802.3752780128044,0.017445055027736054,0.029360140171350673
M3,2026-03-03 16:50:00,core-sw-01,port-id7429,server-uplink,276421243.02870554,152604385.47461206,45226.288323384775,20655.243520534244,791.9883734425233,0.01696756039786883,0.029082016927144454
M3,2026-03-03 16:55:00,core-sw-01,port-id7429,server-uplink,297193852.66472536,165129759.17108744,48539.439545511384,22337.53640874917,793.495737170961,0.016045932890877947,0.027927198441198134
M3,2026-03-03 17:00:00,core-sw-01,port-id7429,server-uplink,265600309.53684878,152818207.69120482,43838.759058556556,20903.485514996024,795.8953794739075,0.017729485368760994,0.02905196881803399
M3,2026-03-03 17:05:00,core-sw-01,port-id7429,server-uplink,300147839.613594,169407082.9264477,47872.29367111653,22644.555468527786,822.4895123728598,0.01564275825248872,0.028115616672024002
M3,2026-03-03 17:10:00,core-sw-01,port-id7429,server-uplink,427563132.99509794,400124846.30689883,62928.43694720695,45308.67776730551,929.1119902782027,0.010608321469935424,0.017361420818736487
M3,2026-03-03 17:15:00,core-sw-01,port-id7429,server-uplink,432791574.8176616,407298548.38284224,65070.4264187076,46925.10861733284,926.5399000695427,0.009910031250502846,0.018084703540564094
M3,2026-03-03 17:20:00,core-sw-01,port-id7429,server-uplink,415546507.9616984,393885920.0733762,61869.374552888105,44768.70912369648,941.7863741430707,0.010621676500810378,0.018001194266649527
M3,2026-03-03 17:25:00,core-sw-01,port-id7429,server-uplink,437368725.08370626,411644495.2848486,64779.681060732015,45904.393638938556,980.5469131553871,0.010212436905854065,0.017854400764123916
M3,2026-03-03 17:30:00,core-sw-01,port-id7429,server-uplink,425055133.9673235,404940037.8946566,63172.98805284273,45414.95285279739,973.5099446133656,0.010519786138454059,0.01799949198601084
M3,2026-03-03 17:35:00,core-sw-01,port-id7429,server-uplink,433639971.53755474,405909147.59049016,62765.34127003658,45418.12611228657,964.1881300021528,0.010785063674403255,0.017651781080037104
M3,2026-03-03 17:40:00,core-sw-01,port-id7429,server-uplink,419692807.965036,401728599.34430325,63092.641762814485,45511.06232256373,986.0745839452896,0.010399862161427374,0.01755229106220831
M3,2026-03-03 17:45:00,core-sw-01,port-id7429,server-uplink,405937687.19707775,393042021.6469173,62013.82436598267,45471.447516676024,942.9296419369773,0.010174421108063821,0.017835279827955745
M3,2026-03-03 17:50:00,core-sw-01,port-id7429,server-uplink,409351574.423747,392893820.2446241,60741.28743360297,44372.10750057826,943.0644246475701,0.010653890559598877,0.0174360387094266
M3,2026-03-03 17:55:00,core-sw-01,port-id7429,server-uplink,407426133.412607,394539297.16060257,61361.55926643292,44841.80813044393,912.9167484796811,0.010052248845546084,0.017971365114497057
M3,2026-03-03 18:00:00,core-sw-01,port-id7429,server-uplink,411705648.6532503,393485355.835725,61680.14264857355,44808.95994857072,978.827582582908,0.009975177678191966,0.01807913690965707
M3,2026-03-03 18:05:00,core-sw-01,port-id7429,server-uplink,409486930.2834585,391036886.8031439,61481.543405897784,44870.63075010216,953.1274366890942,0.010542234481066783,0.018001290955096966
M3,2026-03-03 18:10:00,core-sw-01,port-id7429,server-uplink,407946934.93333584,390675458.1812652,62671.16554065234,45018.18985548551,942.3905767996664,0.010111718655168125,0.017427315629054443
M3,2026-03-03 18:15:00,core-sw-01,port-id7429,server-uplink,406565906.39237714,387675558.48894083,59912.457281241564,44401.39507003588,944.5187458547696,0.010669048688564681,0.01830096519152789
M3,2026-03-03 18:20:00,core-sw-01,port-id7429,server-uplink,404426621.1595945,390042872.8391249,60728.40988611182,44161.59877940335,993.1673393065657,0.010258679589043756,0.017244608609836398
M3,2026-03-03 18:25:00,core-sw-01,port-id7429,server-uplink,419727457.85020286,399363088.70961523,62327.42839568499,45556.43569546127,956.7013497814531,0.009706433528117488,0.016586135603709404
M3,2026-03-03 18:30:00,core-sw-01,port-id7429,server-uplink,412414453.5386178,395433108.4686793,62456.7540796437,45583.040150281544,920.1375329646586,0.009828917568604592,0.01653060399706226
M3,2026-03-03 18:35:00,core-sw-01,port-id7429,server-uplink,388920903.2876163,379391842.3635152,56524.80798940495,42696.12733316729,999.1330600606279,0.010570093069052386,0.017564783976115106
M3,2026-03-03 18:40:00,core-sw-01,port-id7429,server-uplink,399204191.09383553,386955895.8782144,59725.304239700534,43561.137120124506,969.958808382723,0.010386874773938027,0.016930362964876933
M3,2026-03-03 18:45:00,core-sw-01,port-id7429,server-uplink,388846683.42059755,382173807.9244117,58589.744893190604,43548.21328444481,945.9182141632394,0.010294647347206067,0.017336055054645517
M3,2026-03-03 18:50:00,core-sw-01,port-id7429,server-uplink,386369025.46207935,384240651.40088,55959.23207104067,42369.6129429857,983.8713624401623,0.01005206279980211,0.016962965339454746
M3,2026-03-03 18:55:00,core-sw-01,port-id7429,server-uplink,383835308.05172586,376744416.8485548,56659.37038108918,42542.73804138116,956.3282439736139,0.009878462454728641,0.01644041177896994
M3,2026-03-03 19:00:00,core-sw-01,port-id7429,server-uplink,388812153.6620001,378318306.4172095,58214.47930621529,43634.56378996046,951.5217852388815,0.009412129792378042,0.01729288015013591
M3,2026-03-03 19:05:00,core-sw-01,port-id7429,server-uplink,378044100.85833067,376978605.87574404,57353.56934892747,42925.69892687255,929.5516514811746,0.009591070562231492,0.01617034405949485
M3,2026-03-03 19:10:00,core-sw-01,port-id7429,server-uplink,377463001.96323115,372867720.2616277,56966.98301083684,42514.58722878769,919.7328739799369,0.009430322587187059,0.016022835858697102
M3,2026-03-03 19:15:00,core-sw-01,port-id7429,server-uplink,376819848.4122406,377885737.65073204,56244.9564629388,43090.2594927965,899.6638595963562,0.009264286260538284,0.015400994855678807
M3,2026-03-03 19:20:00,core-sw-01,port-id7429,server-uplink,360693675.03459936,367225356.2442786,54532.03854831823,42153.745579958784,959.6295561702818,0.009324159477002924,0.01568136575524923
M3,2026-03-03 19:25:00,core-sw-01,port-id7429,server-uplink,368240115.9762162,368992165.6010975,53311.52516782043,40958.37709960846,967.0849332952323,0.009565868039178187,0.015872951571236818
M3,2026-03-03 19:30:00,core-sw-01,port-id7429,server-uplink,363571236.5394703,368705532.0110381,53724.895506020315,40907.82292578365,981.2115753769705,0.009053156289154837,0.0159168958043152
M3,2026-03-03 19:35:00,core-sw-01,port-id7429,server-uplink,204141647.28706625,115289576.08946903,33958.24614581493,15979.622364183697,768.6694674605242,0.017324366046907888,0.02931749973157904
M3,2026-03-03 19:40:00,core-sw-01,port-id7429,server-uplink,202098409.6589215,112012178.58299354,34073.49159885935,15267.869890048425,803.8680343716696,0.01726623823671051,0.027891649533430218
M3,2026-03-03 19:45:00,core-sw-01,port-id7429,server-uplink,190269722.52276978,105276405.92002125,30992.586654903218,14045.987606016415,785.9722582258817,0.018073048220546083,0.030345576064562372
M3,2026-03-03 19:50:00,core-sw-01,port-id7429,server-uplink,189116487.1500403,101422552.15311751,31244.19651306776,13569.618928089052,811.1615508452406,0.01738934187222572,0.029532842226097027
M3,2026-03-03 19:55:00,core-sw-01,port-id7429,server-uplink,197694142.59914818,115512419.02159616,31979.463282911158,15515.675944110444,825.7364013338332,0.015635816438329404,0.027919429365243883
M3,2026-03-03 20:00:00,core-sw-01,port-id7429,server-uplink,184792313.72336674,103037515.60727687,30295.07258121298,13714.292227733951,846.2879937144359,0.01654508711797264,0.02975808230288963
M3,2026-03-03 20:05:00,core-sw-01,port-id7429,server-uplink,156354497.74498862,91194190.93196386,25653.149509567098,12125.949205395487,832.9459983509755,0.019137141444887977,0.03188509274720898
M3,2026-03-03 20:10:00,core-sw-01,port-id7429,server-uplink,164412069.2187013,91973054.25203642,27390.513515839,12818.837381960557,788.2066777625023,0.018014856414298255,0.02822134577355101
M3,2026-03-03 20:15:00,core-sw-01,port-id7429,server-uplink,155266673.5923918,90091077.48814464,25126.84849147208,12355.767502053377,847.1324504117009,0.018273675525448042,0.03116606187342543
M3,2026-03-03 20:20:00,core-sw-01,port-id7429,server-uplink,177439631.1378277,99364384.72596449,29641.63748466247,13557.606545578325,831.7926264492862,0.015144944664105995,0.024897862782381482
M3,2026-03-03 20:25:00,core-sw-01,port-id7429,server-uplink,153897895.6309313,86172530.87714435,25365.309803005617,11752.95836238679,831.9665850467868,0.017087229323422125,0.028539857027027583
M3,2026-03-03 20:30:00,core-sw-01,port-id7429,server-uplink,165547552.64310336,93234810.68643379,26543.708689858682,12523.504724134193,823.037514039146,0.015569050566658383,0.02681918080112942
M3,2026-03-03 20:35:00,core-sw-01,port-id7429,server-uplink,150246700.7651314,82986411.28090933,25607.77052476819,11312.780653641337,795.4296654019117,0.01528734562046222,0.026761222251986905
M3,2026-03-03 20:40:00,core-sw-01,port-id7429,server-uplink,133459261.79085532,75562367.32025468,22092.2091173837,10408.741422406272,790.3364629229861,0.01784232781724568,0.028426783110223078
M3,2026-03-03 20:45:00,core-sw-01,port-id7429,server-uplink,137369546.99376947,77175162.46239725,22094.57078447304,10386.19230969896,870.6653315432382,0.017446897293244203,0.028739083962853258
M3,2026-03-03 20:50:00,core-sw-01,port-id7429,server-uplink,131139935.47865021,73684842.19724557,21871.34780097102,10047.088848661875,810.2416692388973,0.016160368802129635,0.029155816390525353
M3,2026-03-03 20:55:00,core-sw-01,port-id7429,server-uplink,130716013.39116521,72927412.85560511,22121.227595089782,10239.015140760952,780.9603149944672,0.01545378261723378,0.026372517036721024
M3,2026-03-03 21:00:00,core-sw-01,port-id7429,server-uplink,128229130.62154353,73661947.11203614,20263.912803563835,9711.022468809793,855.295119199976,0.01682530127213762,0.027795116715401226
M3,2026-03-03 21:05:00,core-sw-01,port-id7429,server-uplink,127108779.0565321,69555266.88117433,20413.95549474179,9516.216307272507,836.9759180749464,0.016358636683386926,0.027056969446672054
M3,2026-03-03 21:10:00,core-sw-01,port-id7429,server-uplink,126563919.60476503,69609376.06151381,20981.504631499454,9649.699293779877,811.946861861636,0.015741743552183062,0.02573140024885567
M3,2026-03-03 21:15:00,core-sw-01,port-id7429,server-uplink,107206003.18169275,62240790.69843487,17936.532275237074,8555.46826226066,789.6112884397228,0.017254759674382704,0.02949814829890828
M3,2026-03-03 21:20:00,core-sw-01,port-id7429,server-uplink,116621620.10258646,65533051.41409129,19646.685150650308,9174.197740497555,757.1653541093365,0.015853382670575678,0.02634114924189418
M3,2026-03-03 21:25:00,core-sw-01,port-id7429,server-uplink,101764799.0919412,58769477.009956054,16640.123875051755,8147.314181093249,847.6318782859736,0.01758452843423832,0.02999921775169999
M3,2026-03-03 21:30:00,core-sw-01,port-id7429,server-uplink,109473270.8344365,61412371.522680335,17720.943156898753,8119.888108978574,816.4057445527778,0.015630939121376534,0.026728414246487434
M3,2026-03-03 21:35:00,core-sw-01,port-id7429,server-uplink,76905314.36770646,43169314.180674665,12391.843501629355,5905.249630115932,799.3696788488926,0.022728617541218993,0.03773032589778482
M3,2026-03-03 21:40:00,core-sw-01,port-id7429,server-uplink,89748837.54161085,46673443.3448679,14487.309212738457,6260.994338134914,829.0230373646522,0.0192019532586123,0.03367472895539553
M3,2026-03-03 21:45:00,core-sw-01,port-id7429,server-uplink,97812738.9692242,53903823.17168474,16022.566015340897,7129.035569910819,823.8393927888834,0.016814010981803,0.028334877558041958
M3,2026-03-03 21:50:00,core-sw-01,port-id7429,server-uplink,97651418.47676773,56598164.46611795,16165.863988548805,7792.253822279732,807.1604307766127,0.015517170723301419,0.027663026595607765
M3,2026-03-03 21:55:00,core-sw-01,port-id7429,server-uplink,93135428.41794625,47186534.96100891,15473.288840018646,6476.3761286727695,805.6220782185686,0.01684094893421438,0.029193072736299574
M3,2026-03-03 22:00:00,core-sw-01,port-id7429,server-uplink,89428207.48195496,49420761.949670576,14572.05489057278,6783.718086513347,836.6566653166861,0.017534775337707618,0.029832694385535805
M3,2026-03-03 22:05:00,core-sw-01,port-id7429,server-uplink,89842057.31031404,50080946.11531843,14831.656294826025,6641.442473149681,837.1919535571874,0.016565362129759086,0.029332364474192383
M3,2026-03-03 22:10:00,core-sw-01,port-id7429,server-uplink,99845176.46528028,57230082.56264306,15918.415387234729,7396.096569753196,857.2486607119899,0.01519935239476775,0.026809325025579395
M3,2026-03-03 22:15:00,core-sw-01,port-id7429,server-uplink,84647587.03948298,48378918.91909971,13971.65719471634,6671.217816312851,785.175510211429,0.018048037721287366,0.029110498795491147
M3,2026-03-03 22:20:00,core-sw-01,port-id7429,server-uplink,97306866.2669623,56709811.02192207,16459.23440578694,7928.362740957091,775.1967352560024,0.014572687379949463,0.024549841583485145
M3,2026-03-03 22:25:00,core-sw-01,port-id7429,server-uplink,90927393.01609658,52079935.01792874,14644.895683783054,6999.529093710902,823.9087880958276,0.01628624237952895,0.027038652789697568
M3,2026-03-03 22:30:00,core-sw-01,port-id7429,server-uplink,96508037.00236425,55664284.97187216,15124.906884586633,7307.695927846906,875.9567330212362,0.015404592256524925,0.026269556765798712
M3,2026-03-03 22:35:00,core-sw-01,port-id7429,server-uplink,71282958.92865041,38851758.00555794,11653.3292703441,5279.683481204499,842.1121461520518,0.0199558980241619,0.0330570310495343
M3,2026-03-03 22:40:00,core-sw-01,port-id7429,server-uplink,79720659.11618441,45869947.841622114,13156.512355205594,6242.5914995011735,806.4440371713562,0.01714638843014208,0.028325703149545144
M3,2026-03-03 22:45:00,core-sw-01,port-id7429,server-uplink,82000665.79137884,47951101.944658384,13644.224286288281,6656.671551519919,790.9588955760721,0.015989867033365284,0.028293071244411532
M3,2026-03-03 22:50:00,core-sw-01,port-id7429,server-uplink,85303864.66474327,47826216.396407716,13656.98259729416,6417.635837508395,848.4611690318955,0.017541959780001264,0.028155693479391505
M3,2026-03-03 22:55:00,core-sw-01,port-id7429,server-uplink,60968832.040750705,37114084.094092146,9896.17765370372,5054.700270409116,779.1751585224952,0.022257142595661528,0.038479512223243854
M3,2026-03-03 23:00:00,core-sw-01,port-id7429,server-uplink,69648362.35041286,42209039.995643355,11526.050038000756,5650.578623748725,849.6804900323817,0.018988962747137815,0.03420372919673587
M3,2026-03-03 23:05:00,core-sw-01,port-id7429,server-uplink,98009763.64805122,55663217.69863121,16070.412810634245,7611.709868257855,809.5997148168451,0.013658210159147146,0.023123537381503103
M3,2026-03-03 23:10:00,core-sw-01,port-id7429,server-uplink,85833095.88988902,47097390.04116501,13594.580403151713,6295.252560288179,878.3608718809181,0.017049589248518366,0.02768906199648328
M3,2026-03-03 23:15:00,core-sw-01,port-id7429,server-uplink,81118726.4275945,45659066.53468398,13283.869321761953,6110.472842625802,837.5661832191022,0.016346695300847806,0.02822117628001489
M3,2026-03-03 23:20:00,core-sw-01,port-id7429,server-uplink,81285141.45161477,45667273.86622376,13313.947260552764,6436.967541480642,787.0804041525618,0.015174213371654288,0.027889001943361455
M3,2026-03-03 23:25:00,core-sw-01,port-id7429,server-uplink,60664351.69417799,33188028.65564498,9797.965893949533,4352.518472216097,841.5546184171092,0.022169054355680114,0.038590438632099044
M3,2026-03-03 23:30:00,core-sw-01,port-id7429,server-uplink,75399125.94564147,44119887.68572114,12216.754112444569,6096.688579221662,808.576396769263,0.01688664759298419,0.028506603954352696
M3,2026-03-03 23:35:00,core-sw-01,port-id7429,server-uplink,80342822.60819027,46106310.74199024,13871.733838239466,6218.399300365672,795.0166356892443,0.015840213136614694,0.02807285386906553
M3,2026-03-03 23:40:00,core-sw-01,port-id7429,server-uplink,81736087.77663346,50328706.45910847,13768.320436795555,7281.647934587036,769.7409668249832,0.01464592100850962,0.025743822292280623
M3,2026-03-03 23:45:00,core-sw-01,port-id7429,server-uplink,76883920.69575678,46502600.853102006,12579.87262901105,6355.704746288547,854.5513012807394,0.016785982269840523,0.027797934040828805
M3,2026-03-03 23:50:00,core-sw-01,port-id7429,server-uplink,87806559.27080806,49696477.29634908,14355.392259318975,6628.777957108701,797.9178952831738,0.014636571364087575,0.026515252694029455
M3,2026-03-03 23:55:00,core-sw-01,port-id7429,server-uplink,70212528.4719682,38521893.868991144,11657.225180982206,5170.20030689987,784.8521006947603,0.018823110324791524,0.030115742247670208
M3,2026-03-04 00:00:00,core-sw-01,port-id7429,server-uplink,96656444.27236596,54502501.25206431,15840.68262992187,7329.327377592895,811.3290173972258,0.013451425989899042,0.02247336149240317
M3,2026-03-04 00:05:00,core-sw-01,port-id7429,server-uplink,63950627.921037175,35105864.0491729,10558.581449486432,4862.65676458356,801.8110504045086,0.020397902543407745,0.033882814839547325
M3,2026-03-04 00:10:00,core-sw-01,port-id7429,server-uplink,82728250.06989793,43717675.033858135,13810.118269740899,6060.713438648871,800.920462020574,0.015189529109310502,0.025787138969699863
M3,2026-03-04 00:15:00,core-sw-01,port-id7429,server-uplink,81029539.62544486,40691544.36189114,13142.99412581065,5363.1176538511345,812.121118766333,0.01698979460635177,0.029155389869029907
M3,2026-03-04 00:20:00,core-sw-01,port-id7429,server-uplink,67403593.08799934,39004290.65319945,10718.924609797974,5148.178665809727,826.8243593569754,0.019715248827888422,0.034185421960943325
M3,2026-03-04 00:25:00,core-sw-01,port-id7429,server-uplink,62261958.92170968,32490891.118436843,9895.152705105429,4326.638827229064,889.4323541533739,0.02092916853542836,0.035814427024630106
M3,2026-03-04 00:30:00,core-sw-01,port-id7429,server-uplink,90163091.60944885,47884047.96310246,14680.59707280214,6387.726124412508,823.7891813858006,0.015162064907135758,0.024718387617530306
M3,2026-03-04 00:35:00,core-sw-01,port-id7429,server-uplink,89514734.33168,48206452.78869369,14674.61722653597,6774.715263375228,807.5372898456421,0.014040848479378929,0.025345335745935466
M3,2026-03-04 00:40:00,core-sw-01,port-id7429,server-uplink,68144577.59622186,32334497.37926595,11074.761130789977,4528.415714998117,805.875459639602,0.01928815563630253,0.03197022527947493
M3,2026-03-04 00:45:00,core-sw-01,port-id7429,server-uplink,60407825.5944711,31146660.93241758,9713.333684089213,4261.198297011659,796.4707199745461,0.02209435045700597,0.038130950980050184
M3,2026-03-04 00:50:00,core-sw-01,port-id7429,server-uplink,60324492.67030296,34028973.40600607,9936.463065685406,4550.528069426169,843.2413951566921,0.021948260119172076,0.034479308194321455
M3,2026-03-04 00:55:00,core-sw-01,port-id7429,server-uplink,73583852.43074705,40820633.9866497,12550.649015198675,5654.585355249901,762.7728765362169,0.016935633467860426,0.02866076471851882
M3,2026-03-04 01:00:00,core-sw-01,port-id7429,server-uplink,210463956.20688725,282071834.01591635,31135.420023183247,31885.520819902245,988.1990909754724,0.004829847411373457,0.008193206305625346
M3,2026-03-04 01:05:00,core-sw-01,port-id7429,server-uplink,230963260.07132316,292166274.17154944,34073.16728467085,32746.221534060125,973.0865453188198,0.004564382113214948,0.007987560985343355
M3,2026-03-04 01:10:00,core-sw-01,port-id7429,server-uplink,221389851.38271987,290552106.0591839,33415.38338294398,33383.50268328994,953.3518154200117,0.004490163318880553,0.007847334381810414
M3,2026-03-04 01:15:00,core-sw-01,port-id7429,server-uplink,229241427.40107816,289807145.3692868,34752.35519211687,33124.76433021235,981.9743697868171,0.0044770854669125195,0.007472606515562644
M3,2026-03-04 01:20:00,core-sw-01,port-id7429,server-uplink,221983249.74752966,289100135.9340145,32522.12086353947,32423.341446003385,967.3378080680844,0.004728868143918081,0.007840614093521686
M3,2026-03-04 01:25:00,core-sw-01,port-id7429,server-uplink,212796345.19046822,283239186.89205533,31731.778668491424,32294.09625230645,1008.359669827199,0.004713903250936039,0.008249100872421469
M3,2026-03-04 01:30:00,core-sw-01,port-id7429,server-uplink,225288931.18315187,292658708.2179093,33631.51648645407,33350.454932689216,968.2693499258044,0.004481208652638638,0.007803043945466873
M3,2026-03-04 01:35:00,core-sw-01,port-id7429,server-uplink,223108336.41913307,289164500.9690984,34500.98630205461,33373.18558185821,923.2951885910663,0.004457806121463482,0.007777866941355494
M3,2026-03-04 01:40:00,core-sw-01,port-id7429,server-uplink,203988196.958195,279701786.48516774,30718.722041600773,31633.502558180327,985.445896939747,0.0050417550905699415,0.008479132526701598
M3,2026-03-04 01:45:00,core-sw-01,port-id7429,server-uplink,221014033.76778978,288026144.9375515,33587.04982134034,33079.24818300377,960.1553418580158,0.0046053109960200326,0.007949992251320898
M3,2026-03-04 01:50:00,core-sw-01,port-id7429,server-uplink,208972104.89804366,278774203.9385537,31370.530330023903,32587.921325597483,940.8619745883881,0.004877065203895346,0.007904622875675527
M3,2026-03-04 01:55:00,core-sw-01,port-id7429,server-uplink,238534723.25790024,301030031.393402,35498.99921979541,34109.27876013628,973.0448175485432,0.004478262192339732,0.00743998292849126
M3,2026-03-04 02:00:00,core-sw-01,port-id7429,server-uplink,230235209.55094823,290397693.8460363,34533.820408236585,32850.19624223163,976.3760947276979,0.004712993858268199,0.00761458940500758
M3,2026-03-04 02:05:00,core-sw-01,port-id7429,server-uplink,239831351.56633216,299239977.8192939,36253.743064752554,33824.75550227461,965.2762445882153,0.00444012949788482,0.007495280504617426
M3,2026-03-04 02:10:00,core-sw-01,port-id7429,server-uplink,223780967.89958617,286474304.207721,32983.723622653626,32425.614539840528,930.5256443928174,0.004767320415292982,0.007951959884106656
M3,2026-03-04 02:15:00,core-sw-01,port-id7429,server-uplink,202589717.71048486,277512958.6042092,30112.540985578766,31194.575982254057,970.2643300067151,0.004789612388945783,0.008420969009593274
M3,2026-03-04 02:20:00,core-sw-01,port-id7429,server-uplink,202116078.87499323,275948668.3125724,30197.751734797806,31002.700155103445,945.055102122383,0.004860381062481167,0.008748389596728174
M3,2026-03-04 02:25:00,core-sw-01,port-id7429,server-uplink,218815813.1524027,287886253.2421365,33258.61262193017,33125.918304602004,971.6734263707133,0.004573182690645998,0.00760141341870525
M3,2026-03-04 02:30:00,core-sw-01,port-id7429,server-uplink,236228266.6991024,297644981.8788263,34207.60290545752,33161.35306403363,1027.8681301228598,0.004500127501714376,0.0075568080741645885
M3,2026-03-04 02:35:00,core-sw-01,port-id7429,server-uplink,206373714.64867398,279935944.273485,31018.733815351115,32188.982856333412,991.1404973539808,0.004775806119036584,0.00837026422169703
M3,2026-03-04 02:40:00,core-sw-01,port-id7429,server-uplink,213385697.5079114,285593070.00466955,31202.413837202555,31847.518584316207,1010.0766844136634,0.004953187050322454,0.008265152780906226
M3,2026-03-04 02:45:00,core-sw-01,port-id7429,server-uplink,206649442.2746268,282129387.2067144,30587.979283492736,31637.287795897817,1027.15406523106,0.005088178535529491,0.008655890530872531
M3,2026-03-04 02:50:00,core-sw-01,port-id7429,server-uplink,226669796.55777022,292389773.9547127,34236.38482345937,33057.9533230818,957.3202854971125,0.004493002272148463,0.007793833561104881
M3,2026-03-04 02:55:00,core-sw-01,port-id7429,server-uplink,202203023.56898794,277025809.99761885,30712.314864038708,31836.718096131768,991.3791647800009,0.00494982326017941,0.008614725759268416
M3,2026-03-04 03:00:00,core-sw-01,port-id7429,server-uplink,221804704.85435694,288819258.6585725,33110.650363593944,33302.48978457818,969.4988236742912,0.004689294616160406,0.00773429446391327
M3,2026-03-04 03:05:00,core-sw-01,port-id7429,server-uplink,227751587.70439163,288050382.4107743,33291.23119504548,32844.27857929295,979.5377026405316,0.004683206129072746,0.008032850314362062
M3,2026-03-04 03:10:00,core-sw-01,port-id7429,server-uplink,220776616.16953266,289069502.6688079,32771.24793882991,33320.45146501488,971.4552811568337,0.004736758952057062,0.008255344167296865
M3,2026-03-04 03:15:00,core-sw-01,port-id7429,server-uplink,222327234.33440974,290309951.00734216,33314.78337062894,33562.775824565964,932.9785658745002,0.004611011113659855,0.00802981507647481
M3,2026-03-04 03:20:00,core-sw-01,port-id7429,server-uplink,209448146.22952288,279405143.6529846,30758.180416945288,31900.691110957425,983.6733133856046,0.004965330692724133,0.00864498537575365
M3,2026-03-04 03:25:00,core-sw-01,port-id7429,server-uplink,226548369.4971897,293732883.1978918,33877.69186894069,33179.606412918234,977.3629616138257,0.004752970533254354,0.00799802306880211
M3,2026-03-04 03:30:00,core-sw-01,port-id7429,server-uplink,220326140.73491913,284946354.890309,32705.593896113056,32771.303957206,988.7346228095893,0.004855622996112586,0.008056041029476688
M3,2026-03-04 03:35:00,core-sw-01,port-id7429,server-uplink,220710585.4315398,289650639.0471415,33477.83842155328,33073.33422827467,954.2935650059551,0.004683562587085864,0.007618051831807943
M3,2026-03-04 03:40:00,core-sw-01,port-id7429,server-uplink,212370817.61523643,284992553.3881811,31537.600926270494,32997.01757271762,944.0696802906826,0.0047056283612543935,0.008026576275507992
M3,2026-03-04 03:45:00,core-sw-01,port-id7429,server-uplink,240315627.36498985,298659448.8601433,35102.987018199296,33700.18276774731,1001.5097418090207,0.004580697447972679,0.007687663780957844
M3,2026-03-04 03:50:00,core-sw-01,port-id7429,server-uplink,218723007.67098218,282776925.62809867,34166.57895462066,33063.95654161627,944.7960012833012,0.004635763315064326,0.00765557981579403
M3,2026-03-04 03:55:00,core-sw-01,port-id7429,server-uplink,237047176.50256538,295980172.5246697,35475.449849520104,33485.01007941541,979.459101555563,0.004721945599070436,0.007789419512954456
M3,2026-03-04 04:00:00,core-sw-01,port-id7429,server-uplink,213579412.3807468,283286030.54450697,31601.863336749386,32146.651191088247,939.0658072386501,0.004879109282182219,0.008377822363332581
M3,2026-03-04 04:05:00,core-sw-01,port-id7429,server-uplink,207417743.45096293,285462012.3185297,31182.969786926333,33243.86866691449,956.9003724743499,0.005046920765436881,0.008225342261294082
M3,2026-03-04 04:10:00,core-sw-01,port-id7429,server-uplink,235286794.56376097,294429647.34743845,35859.55655820286,34227.44152439029,931.2231471480677,0.004460818901954039,0.007794662832000037
M3,2026-03-04 04:15:00,core-sw-01,port-id7429,server-uplink,212602853.92559737,283710514.51818585,31615.783910904192,31639.58891400746,958.2614206776557,0.005012582700923113,0.00886948801597095
M3,2026-03-04 04:20:00,core-sw-01,port-id7429,server-uplink,229833198.49395683,292644482.5052147,33766.31544672392,32970.08509145556,994.4171039927933,0.005001565022364666,0.007880074735171157
M3,2026-03-04 04:25:00,core-sw-01,port-id7429,server-uplink,223556382.58879492,288713429.14446044,33555.208560373685,32662.42421900849,1011.6284303524249,0.004949236917852169,0.008044294494807508
M3,2026-03-04 04:30:00,core-sw-01,port-id7429,server-uplink,230418321.71252367,291894744.8525494,34258.58097078419,33162.5799564217,926.8086757088062,0.004889201044380298,0.008278601303691886
M3,2026-03-04 04:35:00,core-sw-01,port-id7429,server-uplink,229768681.4825272,293652995.9478121,34155.50314845365,32654.367765712024,996.278649320234,0.004919051305588092,0.008650288100503872
M3,2026-03-04 04:40:00,core-sw-01,port-id7429,server-uplink,221203381.9634938,285078798.2073969,33218.19503001934,32849.3121969643,987.3766737480283,0.0049626554953823235,0.008414523072657247
M3,2026-03-04 04:45:00,core-sw-01,port-id7429,server-uplink,233020322.67939803,297122094.02056974,35104.662804080064,34239.84327756094,959.0351581254832,0.004616981051329345,0.008008071036713778
M3,2026-03-04 04:50:00,core-sw-01,port-id7429,server-uplink,243048630.5023587,302790922.8493028,36362.9961123546,35043.58094809912,958.5582345692436,0.004638503885380245,0.008293217479995922
M3,2026-03-04 04:55:00,core-sw-01,port-id7429,server-uplink,225361006.76850128,291355803.7119146,33137.44189677708,33065.37324009347,982.6627979687744,0.005160188716747835,0.008896182596602346
M3,2026-03-04 05:00:00,core-sw-01,port-id7429,server-uplink,230709136.57895818,294212755.34079504,34929.23285694059,33826.5129723721,978.3478705384147,0.0049924520609502185,0.008898703858759545
M3,2026-03-04 05:05:00,core-sw-01,port-id7429,server-uplink,243597180.02560362,297816929.7567293,35387.0361915834,33504.3873851414,988.1122180362953,0.005108675167698694,0.008442404808876916
M3,2026-03-04 05:10:00,core-sw-01,port-id7429,server-uplink,240571895.28817117,298926570.9664533,35608.922507300456,33571.668114761414,986.3282620129887,0.004937185915431029,0.00900524800555361
M3,2026-03-04 05:15:00,core-sw-01,port-id7429,server-uplink,223525625.98606062,289860171.59464896,32846.12007540218,32665.30847228612,969.7169351971419,0.005566920902471086,0.009346803029832939
M3,2026-03-04 05:20:00,core-sw-01,port-id7429,server-uplink,233533929.3844815,289060639.43849266,34155.79507088922,32460.926624084383,974.715938816752,0.005570504991038091,0.009117439983390391
M3,2026-03-04 05:25:00,core-sw-01,port-id7429,server-uplink,231530086.162077,299004806.2131023,33708.15556786836,34098.56232918356,993.027359915458,0.005536759213167243,0.009402740548496165
M3,2026-03-04 05:30:00,core-sw-01,port-id7429,server-uplink,225813102.35179928,289183455.1988368,32517.914091307186,31538.050336084772,996.2495806723019,0.005631153776256398,0.00952409302803246
M3,2026-03-04 05:35:00,core-sw-01,port-id7429,server-uplink,257918139.45909992,306122265.9716812,37905.02149984016,34939.86002294389,964.3288890174465,0.005622955373149055,0.008938446922071495
M3,2026-03-04 05:40:00,core-sw-01,port-id7429,server-uplink,240990027.68843585,299615684.8927652,36332.20270882459,33925.7900576915,965.041892457718,0.005613752586583699,0.009596670428160621
M3,2026-03-04 05:45:00,core-sw-01,port-id7429,server-uplink,241131238.92860115,303409720.1531259,35303.10477912131,33548.98291374988,970.6189251115234,0.005923031133887556,0.00976835774442219
M3,2026-03-04 05:50:00,core-sw-01,port-id7429,server-uplink,256839069.92265463,305212610.88821304,37858.37067518242,34744.84587362566,969.031771024838,0.005709712460634743,0.009634296737407693
M3,2026-03-04 05:55:00,core-sw-01,port-id7429,server-uplink,247364496.35433802,304762293.2364097,37094.2686433144,34844.787771745316,947.6546187683517,0.006215127006083332,0.010465247380198129
M3,2026-03-04 06:00:00,core-sw-01,port-id7429,server-uplink,257179981.55173495,303958341.9259787,38038.55396494749,34473.3775099655,976.0085758441072,0.0058194841329299125,0.010276639982639156
M3,2026-03-04 06:05:00,core-sw-01,port-id7429,server-uplink,256729636.70458075,304922178.3581729,38410.17194029771,34784.87494059467,985.8817814121874,0.00610114394253273,0.01114278628870901
M3,2026-03-04 06:10:00,core-sw-01,port-id7429,server-uplink,260311309.83900625,309534494.1430496,38713.27501832922,34884.1742772232,987.7969807534035,0.0061346880378130575,0.010642250733717096
M3,2026-03-04 06:15:00,core-sw-01,port-id7429,server-uplink,257929140.64447233,314108432.7329452,37964.88550904234,35115.717483547225,1051.3574666869852,0.0068238392599898655,0.011562217194929407
M3,2026-03-04 06:20:00,core-sw-01,port-id7429,server-uplink,277187640.85577005,319279411.5459137,41435.91485825106,35924.02429359582,952.7847143902782,0.006371127299692219,0.01106869057201414
M3,2026-03-04 06:25:00,core-sw-01,port-id7429,server-uplink,262103350.24221474,315223088.206037,39436.852483813665,36969.737683572464,961.6436246344808,0.006751734202059698,0.011128461138048605
M3,2026-03-04 06:30:00,core-sw-01,port-id7429,server-uplink,290584316.10469097,327435236.3786765,45238.457130053925,38238.6510451596,928.2876661926856,0.006623777881577136,0.011277546332142932
M3,2026-03-04 06:35:00,core-sw-01,port-id7429,server-uplink,284702681.5855751,321332435.49610084,41304.6370899978,35952.50183323618,985.5866875314765,0.007137456197498086,0.011929609773603005
M3,2026-03-04 06:40:00,core-sw-01,port-id7429,server-uplink,285633783.84968,321583545.8226179,42596.74953206246,36886.43684976323,955.9499282061531,0.007256436665251844,0.012367288441333845
M3,2026-03-04 06:45:00,core-sw-01,port-id7429,server-uplink,146647858.7633485,77968388.8635091,24492.917027215422,10693.147189277748,792.6145596454818,0.0171345438941966,0.029083494368439666
M3,2026-03-04 06:50:00,core-sw-01,port-id7429,server-uplink,151324253.5607375,88565376.47990367,24815.052737787373,12001.269591517805,824.5737146704204,0.01648394962203849,0.028418110789550918
M3,2026-03-04 06:55:00,core-sw-01,port-id7429,server-uplink,152778824.37683228,84635268.40308392,24850.641856581366,11741.655048551496,770.5809754084163,0.017611613559265396,0.03128182920617076
M3,2026-03-04 07:00:00,core-sw-01,port-id7429,server-uplink,164998423.63699937,93727469.27560873,27065.358934101754,12681.320325396802,841.5167550568681,0.016637168918391433,0.029639589462882882
M3,2026-03-04 07:05:00,core-sw-01,port-id7429,server-uplink,168237774.48630238,92778304.96996464,27447.97398734395,12693.43027282087,834.9867718325771,0.01697378033711347,0.03140877436465641
M3,2026-03-04 07:10:00,core-sw-01,port-id7429,server-uplink,159342680.3588916,91415986.51694533,26095.603790852623,12418.673223762424,817.395066357633,0.01933301464670726,0.03145748627399319
M3,2026-03-04 07:15:00,core-sw-01,port-id7429,server-uplink,186059111.79622707,101572339.38981543,30882.873891779556,13920.81892476353,802.6823943868689,0.016486904167593068,0.029213181191544257
M3,2026-03-04 07:20:00,core-sw-01,port-id7429,server-uplink,195549028.91967294,107325713.26202053,31897.825706478066,14576.69989012211,853.2263848926879,0.016835682947961613,0.028280829342290474
M3,2026-03-04 07:25:00,core-sw-01,port-id7429,server-uplink,204341768.98301756,115651918.58222495,34333.83224314141,15929.442603567077,799.7755404958625,0.01612751701159616,0.026183484321076454
M3,2026-03-04 07:30:00,core-sw-01,port-id7429,server-uplink,189761988.09002513,106525084.40839563,30683.54583272649,14472.990456667014,798.3798461898123,0.01798807658337358,0.03178823553705506
M3,2026-03-04 07:35:00,core-sw-01,port-id7429,server-uplink,196993178.51807892,112907935.78186564,32048.247910775837,15105.885175712818,833.9957899618594,0.017873426731108148,0.030905521030836217
M3,2026-03-04 07:40:00,core-sw-01,port-id7429,server-uplink,216355309.6504537,120046672.00321253,35689.16196516058,16491.033698277606,819.572758760714,0.016501506291583774,0.029089212471111986
M3,2026-03-04 07:45:00,core-sw-01,port-id7429,server-uplink,203538116.8209651,112482317.4615452,33316.472601528345,15352.122584785278,822.0836114248513,0.018958990363489112,0.032565456822433975
M3,2026-03-04 07:50:00,core-sw-01,port-id7429,server-uplink,231298970.5470693,131796249.5456037,37461.69262023061,17775.69021381842,820.612537380489,0.01686560304978642,0.028680520140545875
M3,2026-03-04 07:55:00,core-sw-01,port-id7429,server-uplink,225010274.02076668,125029778.23996086,37531.5775209482,17296.101409213014,792.5546989979216,0.016718092090691226,0.028592100080145875
M3,2026-03-04 08:00:00,core-sw-01,port-id7429,server-uplink,223033562.312574,125313051.0451848,36802.93351459886,17279.139442562555,777.1344357130805,0.01783316976818961,0.030994283035676164
M3,2026-03-04 08:05:00,core-sw-01,port-id7429,server-uplink,231862259.34942707,130694366.89862692,37839.303191082756,17732.462423881534,838.1325647296482,0.01689989695088727,0.028793237400548267
M3,2026-03-04 08:10:00,core-sw-01,port-id7429,server-uplink,238654364.96916333,136326838.53453043,38532.018076713495,18307.536018445822,804.4956742765281,0.01783532410409081,0.029748743279420026
M3,2026-03-04 08:15:00,core-sw-01,port-id7429,server-uplink,243858378.76668665,135137126.22135657,40161.56715435019,18433.604419506268,812.7376547994639,0.016890667688155246,0.029158649265489067
M3,2026-03-04 08:20:00,core-sw-01,port-id7429,server-uplink,255651913.39332038,139795245.58720225,41969.45709073025,18359.92177301878,828.4336049102166,0.01690021339503369,0.029832916879190118
M3,2026-03-04 08:25:00,core-sw-01,port-id7429,server-uplink,265168246.89403194,149757253.77081373,45318.314831349264,21011.475223201007,780.9554348550691,0.01521070517625806,0.027214475198854143
M3,2026-03-04 08:30:00,core-sw-01,port-id7429,server-uplink,245926746.24000666,140476924.686799,41045.7099265323,19606.490405553366,782.4204858016161,0.017074787512587904,0.028914531929846558
M3,2026-03-04 08:35:00,core-sw-01,port-id7429,server-uplink,243756104.85462263,139587218.33770433,39410.63421359212,18694.16617063433,820.9463863774129,0.01830590922037952,0.03252957329773635
M3,2026-03-04 08:40:00,core-sw-01,port-id7429,server-uplink,257923418.89141482,145038900.46747166,42652.50309766024,19814.274893238686,812.8063095678519,0.01699752146321645,0.030046127969484
M3,2026-03-04 08:45:00,core-sw-01,port-id7429,server-uplink,274358260.3148341,150468634.9402327,45688.538020648106,20856.39901950547,804.1589073189849,0.015642811199285837,0.026135649051874255
M3,2026-03-04 08:50:00,core-sw-01,port-id7429,server-uplink,280295247.9308865,155204872.70513457,45319.765390060646,21139.270888571045,827.259587855029,0.016353548198890483,0.028074618319382898
M3,2026-03-04 08:55:00,core-sw-01,port-id7429,server-uplink,264174770.63419318,145228944.06825373,42287.83775805173,19703.958739394155,849.5837009685126,0.01756883466830358,0.03105923970797256
M3,2026-03-04 09:00:00,core-sw-01,port-id7429,server-uplink,269633470.34470445,148004121.55018067,45487.42382585321,20218.31614965458,758.3465147574967,0.017156579666580494,0.027745367693479052
M3,2026-03-04 09:05:00,core-sw-01,port-id7429,server-uplink,261163186.09701955,143797095.9678007,42664.301389213215,19191.575624339388,822.5640845713007,0.017777216758622406,0.028795647947434982
M3,2026-03-04 09:10:00,core-sw-01,port-id7429,server-uplink,283837045.38438106,159406806.9006912,46874.881501486016,21707.442842939075,824.4663157186117,0.016187493382045674,0.027041519278474403
M3,2026-03-04 09:15:00,core-sw-01,port-id7429,server-uplink,274338429.90614223,153866680.6626416,44669.89617931171,20464.350446145378,794.7753856058994,0.01721375586023798,0.02962307723811241
M3,2026-03-04 09:20:00,core-sw-01,port-id7429,server-uplink,279031666.24048847,156158565.40546018,45312.0453058112,20851.228412199704,819.6020566780263,0.016896228996686205,0.028486310279736846
M3,2026-03-04 09:25:00,core-sw-01,port-id7429,server-uplink,259002870.4823671,149999086.0627721,42393.28583672046,20405.846539974224,834.2104508345737,0.017905393613507996,0.029746514870724532
M3,2026-03-04 09:30:00,core-sw-01,port-id7429,server-uplink,258699886.85972044,146955549.4027567,42713.00675937212,20154.76025745971,818.1943759648642,0.018303143524723793,0.031985851775999594
M3,2026-03-04 09:35:00,core-sw-01,port-id7429,server-uplink,271385613.7698809,150422343.54757196,43904.670649135835,20127.717682132894,821.3664221316565,0.01832639779413568,0.0310873093611847
M3,2026-03-04 09:40:00,core-sw-01,port-id7429,server-uplink,266200108.39819685,147846378.06492501,45827.89617541908,20426.891810661742,743.3795715905825,0.017252022190034133,0.0293121791200102
M3,2026-03-04 09:45:00,core-sw-01,port-id7429,server-uplink,278422127.84315854,157396236.75429794,44373.842062076714,20905.143914239343,853.7086462902708,0.018388919589640552,0.030674134968668592
M3,2026-03-04 09:50:00,core-sw-01,port-id7429,server-uplink,279416507.7950677,156908144.60802412,46270.89209021766,21074.94671533877,782.3998739847497,0.017610531476558278,0.02765273141984574
M3,2026-03-04 09:55:00,core-sw-01,port-id7429,server-uplink,297337257.12515336,164354348.46938506,49094.391068890545,22396.743630454916,802.6367034759809,0.017074026291802342,0.027043976355603634
M3,2026-03-04 10:00:00,core-sw-01,port-id7429,server-uplink,279380470.42518365,157956199.51777434,46082.11254341863,21559.02530270249,803.4552792688133,0.017215399106827636,0.02947709012442985
M3,2026-03-04 10:05:00,core-sw-01,port-id7429,server-uplink,278373746.6323103,157230027.06192502,47338.62308723012,21568.304211988892,794.0237690067306,0.016773544980454944,0.02861439853527398
M3,2026-03-04 10:10:00,core-sw-01,port-id7429,server-uplink,296336279.8322953,166699566.151071,48523.85280689112,22483.661906183028,825.651606888574,0.016534392735773444,0.027568334473775543
M3,2026-03-04 10:15:00,core-sw-01,port-id7429,server-uplink,284131159.766905,162660743.5037996,44954.242457944405,21629.270833071714,827.831993613365,0.017723615842211007,0.0292222982004066
M3,2026-03-04 10:20:00,core-sw-01,port-id7429,server-uplink,294011964.39741105,164585852.952723,47952.25557783837,22476.117058506057,802.6115133862752,0.01633543082739426,0.02823568021213347
M3,2026-03-04 10:25:00,core-sw-01,port-id7429,server-uplink,292444515.4286206,161640206.9738637,48291.687116034605,22288.611037804185,786.7918429289736,0.01609616574804118,0.028207224492705737
M3,2026-03-04 10:30:00,core-sw-01,port-id7429,server-uplink,276032434.492826,156550473.14931935,44814.77834211351,21040.015396548722,826.3163891818962,0.017826484701820067,0.03125182559388835
M3,2026-03-04 10:35:00,core-sw-01,port-id7429,server-uplink,281764520.06409395,155885393.45219088,46193.934122929364,21136.328395118166,799.456759630004,0.017481409716996285,0.029155105420237047
M3,2026-03-04 10:40:00,core-sw-01,port-id7429,server-uplink,273616888.65987056,150868268.58205006,45343.25385635206,20466.65916484785,821.4249088631174,0.017580687044914427,0.03123685096233354
M3,2026-03-04 10:45:00,core-sw-01,port-id7429,server-uplink,291525523.47492045,160373673.7062612,48186.63131074657,22072.146982039107,805.1085924082367,0.01682123655383778,0.028766640904162588
M3,2026-03-04 10:50:00,core-sw-01,port-id7429,server-uplink,273148195.0840541,156229036.21746844,45932.95857236511,21870.031245701368,782.7512274562827,0.01723135944477211,0.029421552122556635
M3,2026-03-04 10:55:00,core-sw-01,port-id7429,server-uplink,293930294.897457,165962361.80612168,48862.982204026965,23207.638218166077,789.7267280201387,0.016226225280426738,0.02683863457945632
M3,2026-03-04 11:00:00,core-sw-01,port-id7429,server-uplink,298741835.2420058,168976280.58187208,48747.364147426015,23146.84661208746,824.3201998084016,0.016264871108883538,0.02687126579819708
M3,2026-03-04 11:05:00,core-sw-01,port-id7429,server-uplink,278396178.69815844,154981977.5008046,46294.414827095046,21456.786363245617,781.1037269158894,0.01644090616397213,0.028157524721150653
M3,2026-03-04 11:10:00,core-sw-01,port-id7429,server-uplink,280774272.1262657,156548817.72522497,46119.244466034026,21187.258275706205,782.1893269831696,0.01806889092807483,0.028717349744638323
M3,2026-03-04 11:15:00,core-sw-01,port-id7429,server-uplink,284203455.2096489,164000065.32767045,46671.096974733984,21670.548278247505,843.7627595425977,0.017050342760408194,0.029419798622780515
M3,2026-03-04 11:20:00,core-sw-01,port-id7429,server-uplink,275545296.77057123,153555472.91375116,45028.351225227954,20545.938703370186,758.4048465092513,0.017712096415612732,0.030062312255472082
M3,2026-03-04 11:25:00,core-sw-01,port-id7429,server-uplink,285108315.232686,157700572.07604423,47788.25531930192,21265.385593496954,790.0376391028167,0.017131011566873938,0.02877019601353282
M3,2026-03-04 11:30:00,core-sw-01,port-id7429,server-uplink,297260844.150512,161283019.96842295,49792.1833195902,22207.072257466687,763.3792540813039,0.016130862266372295,0.027418178572145787
M3,2026-03-04 11:35:00,core-sw-01,port-id7429,server-uplink,279806406.31329256,159340998.2326897,47429.67213222568,22471.627216675737,773.1211518000347,0.01695854945731614,0.02701987150666865
M3,2026-03-04 11:40:00,core-sw-01,port-id7429,server-uplink,270213010.8746415,151528629.94614577,43603.991042255715,20157.21924129738,850.991952441045,0.018723610142494518,0.030851485903172843
M3,2026-03-04 11:45:00,core-sw-01,port-id7429,server-uplink,275925811.8621803,154664038.5603057,45895.48463867503,20732.25284209197,770.0612436027847,0.017259574159290948,0.029542771543240535
M3,2026-03-04 11:50:00,core-sw-01,port-id7429,server-uplink,296689422.64286715,166500880.63414934,49065.58204609428,22743.51317053935,772.4105264155048,0.016039347782965688,0.02876032720757749
M3,2026-03-04 11:55:00,core-sw-01,port-id7429,server-uplink,277936069.4256946,157473090.39904588,45910.090640910246,21595.642643202085,807.2361887962836,0.01705099864700511,0.030828153839830782
M3,2026-03-04 12:00:00,core-sw-01,port-id7429,server-uplink,277747713.4992032,154256140.80610073,47191.39806538647,21625.485152701545,774.2890757025938,0.016639088895675214,0.02798952928095405
M3,2026-03-04 12:05:00,core-sw-01,port-id7429,server-uplink,284365317.0717393,163172040.03783506,46363.79020505482,22415.423405765163,837.9176705660528,0.016698877956764144,0.02812807301740509
M3,2026-03-04 12:10:00,core-sw-01,port-id7429,server-uplink,281701899.55642664,158872056.12162045,46302.294104255285,21268.106021555133,834.319906484168,0.01634158876631454,0.028825177694702064
M3,2026-03-04 12:15:00,core-sw-01,port-id7429,server-uplink,278395879.6483966,156323989.28069258,44709.306035271286,21110.115555979493,830.1130200056929,0.018033219244574922,0.02971407386079691
M3,2026-03-04 12:20:00,core-sw-01,port-id7429,server-uplink,266420702.29359815,150655969.85758686,44451.075677711975,20572.688521253483,776.6792115834072,0.0180978841673999,0.030327857624893713
M3,2026-03-04 12:25:00,core-sw-01,port-id7429,server-uplink,270383579.11436826,153132151.7446492,43893.74794803485,20748.501291161756,816.9906406814032,0.018278908662581937,0.031409542554430896
M3,2026-03-04 12:30:00,core-sw-01,port-id7429,server-uplink,291091754.4793474,162706610.77740067,48131.03978500774,21771.485623092016,834.0782911616567,0.017294294288793984,0.0283022028349677
M3,2026-03-04 12:35:00,core-sw-01,port-id7429,server-uplink,296085156.4175696,163979433.01591614,49112.82598299647,22296.32677417889,797.0919757484688,0.015281111044173087,0.027769350856853465
M3,2026-03-04 12:40:00,core-sw-01,port-id7429,server-uplink,309910273.08250153,174029481.75687724,52777.35426895619,24455.608134447742,795.2386117827537,0.014944554551405715,0.026730184794825564
M3,2026-03-04 12:45:00,core-sw-01,port-id7429,server-uplink,296569809.9304233,165715166.02592477,48916.01618832189,22669.909397687108,806.5315004605915,0.0164716813424055,0.027556553385023195
M3,2026-03-04 12:50:00,core-sw-01,port-id7429,server-uplink,287967403.2271076,162583770.62452048,46038.024977076755,21592.666451933324,839.7859893761652,0.016562599187868763,0.0293844137692907
M3,2026-03-04 12:55:00,core-sw-01,port-id7429,server-uplink,287566944.4179752,163037233.1284732,47565.40463880847,22367.944588124916,795.9259047525284,0.016741543571000272,0.028200006238329557
M3,2026-03-04 13:00:00,core-sw-01,port-id7429,server-uplink,283798682.3072933,161401632.617169,46957.00670861091,21864.27763007952,777.8991598356073,0.016606870382008268,0.030637636855585113
M3,2026-03-04 13:05:00,core-sw-01,port-id7429,server-uplink,293092609.0084614,160121731.1890612,49252.387176490985,22078.55306545231,811.7595310007838,0.015933866786303118,0.0284697302451567
M3,2026-03-04 13:10:00,core-sw-01,port-id7429,server-uplink,307972276.6324395,170300554.66129288,49497.17067491803,22990.849565063734,826.0509977558713,0.016041900645642093,0.027515828017470552
M3,2026-03-04 13:15:00,core-sw-01,port-id7429,server-uplink,292823805.21897686,165646662.02006578,47464.466562479276,22384.532106168328,851.6437125643355,0.016774864708424528,0.028686334034479052
M3,2026-03-04 13:20:00,core-sw-01,port-id7429,server-uplink,278119171.9814381,159185957.98871747,46376.165052544326,21803.282033636,783.9126637613878,0.017408945675594163,0.02867523577745742
M3,2026-03-04 13:25:00,core-sw-01,port-id7429,server-uplink,298593837.3749028,162294969.39594847,49512.86473843973,22108.884017356762,813.0904686625285,0.017135429491803363,0.027687771254482997
M3,2026-03-04 13:30:00,core-sw-01,port-id7429,server-uplink,297586851.38259655,163429944.22256625,50231.13124858929,22769.978639647008,783.9040886912973,0.016616755048144388,0.02698812659787676
M3,2026-03-04 13:35:00,core-sw-01,port-id7429,server-uplink,274662474.8539957,155609155.99932435,45145.27291028807,20989.32031884137,827.6726812138603,0.017858410746790537,0.029576138875335972
M3,2026-03-04 13:40:00,core-sw-01,port-id7429,server-uplink,279790294.68744934,157580339.3783164,45730.04021968951,21218.786424987084,830.371115702765,0.01695548910126923,0.02996752166134141
M3,2026-03-04 13:45:00,core-sw-01,port-id7429,server-uplink,271370495.2537246,154385952.05591327,45805.55247051383,21198.13114038178,792.6535616787266,0.017486874051755686,0.03134737987805946
M3,2026-03-04 13:50:00,core-sw-01,port-id7429,server-uplink,275867966.8689612,153227116.8406495,44091.80800776318,20662.002416258594,818.7776705661682,0.017886939959956993,0.03106433767410359
M3,2026-03-04 13:55:00,core-sw-01,port-id7429,server-uplink,290719077.5481879,161164826.36025804,48678.09844760448,21658.71939009273,783.1313724676385,0.0158429174177466,0.02830638519120347
M3,2026-03-04 14:00:00,core-sw-01,port-id7429,server-uplink,271590055.5589041,154951937.14174658,42960.1610526615,20917.893740972486,796.6021015014036,0.01801361362600157,0.03194725531244585
M3,2026-03-04 14:05:00,core-sw-01,port-id7429,server-uplink,274259815.76588756,149326891.02020636,45358.22330925702,20143.729943298476,793.1551953894772,0.0175341313815377,0.03045472068943258
M3,2026-03-04 14:10:00,core-sw-01,port-id7429,server-uplink,266275078.81717703,148917549.56995538,44131.28197056978,20143.39541069323,777.6125418446477,0.01812321749588983,0.03164077311539426
M3,2026-03-04 14:15:00,core-sw-01,port-id7429,server-uplink,285355768.1894088,158070636.8411357,46454.02726799371,21344.57822350879,835.8953797862391,0.0173549166715363,0.03004327699137875
M3,2026-03-04 14:20:00,core-sw-01,port-id7429,server-uplink,274654993.4568454,157576202.24988294,45598.48482180118,21683.696788807305,790.2347844279509,0.01721403563739818,0.028019316896724312
M3,2026-03-04 14:25:00,core-sw-01,port-id7429,server-uplink,296606818.7350316,166789380.01087454,48547.05238110782,22812.129038800624,803.5803912163583,0.016468074135471585,0.02788759075653577
M3,2026-03-04 14:30:00,core-sw-01,port-id7429,server-uplink,278461254.108332,153865341.33848837,47674.109291422894,21348.965428206837,789.1839665491308,0.01697012228841056,0.02868920896921458
M3,2026-03-04 14:35:00,core-sw-01,port-id7429,server-uplink,288508950.1641688,164425056.2524799,45904.204162303206,21686.296425714685,860.9309826772898,0.017657765197993704,0.028833413112503852
M3,2026-03-04 14:40:00,core-sw-01,port-id7429,server-uplink,272406741.9889716,152285261.75305554,45531.92983469013,20603.153307376408,777.6445489818664,0.017337654975826008,0.030001053081487827
M3,2026-03-04 14:45:00,core-sw-01,port-id7429,server-uplink,289604407.7213751,167824757.08210748,49188.92115046625,23374.201254746884,771.4357338499004,0.015579327643418512,0.02681497001519049
M3,2026-03-04 14:50:00,core-sw-01,port-id7429,server-uplink,285311492.93005216,165380534.0522677,47598.52353294513,22350.12049916091,797.4121058541424,0.01604797646762552,0.02850113453902557
M3,2026-03-04 14:55:00,core-sw-01,port-id7429,server-uplink,288043731.6546062,161224010.90478238,47218.1039176278,22211.06694208801,851.6551535565022,0.016435435790376145,0.029463070468138834
M3,2026-03-04 15:00:00,core-sw-01,port-id7429,server-uplink,292303794.6955634,164079806.24386996,47319.80661682859,22314.270852179587,789.3654476273765,0.01734857559114465,0.028879106675791938
M3,2026-03-04 15:05:00,core-sw-01,port-id7429,server-uplink,286471710.78135157,162843770.11153153,47570.93527737915,21861.211121312368,787.3195305794445,0.01750253746525573,0.028393664408439732
M3,2026-03-04 15:10:00,core-sw-01,port-id7429,server-uplink,307955606.6200149,177163762.18878987,51840.10894448425,24376.01215371068,765.9852055989433,0.015631917877893073,0.026466661402477665
M3,2026-03-04 15:15:00,core-sw-01,port-id7429,server-uplink,300513934.63744134,168494981.24112645,49017.71048506248,22943.694947883025,798.7032282573206,0.016376013473679243,0.027500999460000952
M3,2026-03-04 15:20:00,core-sw-01,port-id7429,server-uplink,290798161.49000555,165197279.53914133,47623.87862642124,22841.64106217613,792.2507144820919,0.015731759753953713,0.029072265108786174
M3,2026-03-04 15:25:00,core-sw-01,port-id7429,server-uplink,288849148.49224,158683399.2226277,48028.36206245151,21419.862973237054,793.9561735507771,0.016079091075710154,0.02800192337767562
M3,2026-03-04 15:30:00,core-sw-01,port-id7429,server-uplink,275660079.04847413,155700327.70249748,46051.756674226635,21112.985053855293,826.8863993517544,0.01692821498339297,0.030173306900079216
M3,2026-03-04 15:35:00,core-sw-01,port-id7429,server-uplink,276266700.52238226,155960231.36997318,45940.01602083822,21328.589387434164,795.5710192412384,0.01763186621334673,0.02995870268479771
M3,2026-03-04 15:40:00,core-sw-01,port-id7429,server-uplink,280354524.3241178,160716812.96715346,45429.14730872508,21863.675630861948,826.9427361789777,0.01756902002099866,0.029998794952266046
M3,2026-03-04 15:45:00,core-sw-01,port-id7429,server-uplink,281518641.7168544,154857866.8000743,45947.179993087964,21381.916704359406,826.9120920563676,0.017128052398339543,0.028470830132077
M3,2026-03-04 15:50:00,core-sw-01,port-id7429,server-uplink,279138388.7635992,157421581.44972733,45638.28092464898,21336.043409200705,830.3166891063971,0.016994934829648572,0.029609560000736085
M3,2026-03-04 15:55:00,core-sw-01,port-id7429,server-uplink,299631127.83346266,168303821.7961888,49746.18237787942,22698.39417998721,786.1471730586575,0.016438640130170126,0.027784120139396896
M3,2026-03-04 16:00:00,core-sw-01,port-id7429,server-uplink,285308436.8051118,159781804.28564313,47177.93919811481,21694.463167624624,786.0631342564993,0.017875961914113968,0.02842362928383908
M3,2026-03-04 16:05:00,core-sw-01,port-id7429,server-uplink,290454550.57340145,162335976.04489207,47629.35069926568,22410.689851134255,809.1408713189164,0.016463884353366667,0.027389036520719473
M3,2026-03-04 16:10:00,core-sw-01,port-id7429,server-uplink,281743439.3311998,158884406.9898956,46700.07435145925,21692.530033820407,849.9176482458934,0.016505087160637897,0.02759749275168552
M3,2026-03-04 16:15:00,core-sw-01,port-id7429,server-uplink,282615885.0828082,161773352.14855257,46179.300852462366,21634.21640008954,801.4326089760928,0.016432511920590157,0.029020954458780068
M3,2026-03-04 16:20:00,core-sw-01,port-id7429,server-uplink,287764963.96389914,163770200.18045577,48132.513405776466,22323.541937444315,807.0551154985017,0.016534305494553703,0.02744490340347363
M3,2026-03-04 16:25:00,core-sw-01,port-id7429,server-uplink,268324310.01281345,148317817.32213774,44528.30867575986,20596.69125373823,781.7337638965248,0.016905754716968657,0.031038590018033968
M3,2026-03-04 16:30:00,core-sw-01,port-id7429,server-uplink,285678207.8170339,159842211.22534782,47180.45921933866,21624.02558929289,819.8121340954241,0.016942551933899153,0.02973708462397059
M3,2026-03-04 16:35:00,core-sw-01,port-id7429,server-uplink,279818665.9910617,158818098.89604956,44816.642213672545,20996.038124495837,804.6525498952449,0.017264149073949343,0.03072196240808544
M3,2026-03-04 16:40:00,core-sw-01,port-id7429,server-uplink,261455265.49290252,148238302.19226822,42804.142644058076,19851.469179518786,776.6597937465978,0.01835613422470679,0.031317062098935027
M3,2026-03-04 16:45:00,core-sw-01,port-id7429,server-uplink,275299674.229377,155289253.06528825,46107.27304931012,21425.18910932854,800.2114982595799,0.016770507148129436,0.028388810398950113
M3,2026-03-04 16:50:00,core-sw-01,port-id7429,server-uplink,277330761.448547,152245491.59748703,45317.912355338,20561.888746250046,802.4278696289012,0.017219716485775676,0.029371708525631243
M3,2026-03-04 16:55:00,core-sw-01,port-id7429,server-uplink,291166155.4273789,163185534.48626626,47128.82624066576,22096.836466734607,810.8826824870437,0.016226476862714948,0.028020636917896486
M3,2026-03-04 17:00:00,core-sw-01,port-id7429,server-uplink,270748048.20428145,153150472.7802273,44366.869394468005,20812.28517658644,824.0405912304824,0.018097893067028515,0.02947999982779293
M3,2026-03-04 17:05:00,core-sw-01,port-id7429,server-uplink,267595756.03230384,151856546.3262757,44781.83355876278,21204.989978393085,778.0348177983142,0.017307786368596787,0.029164017767758538
M3,2026-03-04 17:10:00,core-sw-01,port-id7429,server-uplink,286332469.0919448,158289166.52128735,47023.8719450152,21364.571086238087,832.6343846333242,0.016632536250519768,0.027801519128808218
M3,2026-03-04 17:15:00,core-sw-01,port-id7429,server-uplink,267166386.11232775,151335083.80349275,43237.093134207,20378.405573810625,826.1653363412685,0.017056159384772136,0.030120426546760563
M3,2026-03-04 17:20:00,core-sw-01,port-id7429,server-uplink,282882369.824284,161678672.2602588,47583.95422769559,22265.18083697256,781.8151446092124,0.016581694490989413,0.02773279921105999
M3,2026-03-04 17:25:00,core-sw-01,port-id7429,server-uplink,276484327.94085,155609701.25340766,45117.32637295757,21315.587261318047,812.7672184821347,0.0169515845029524,0.029666307764672068
M3,2026-03-04 17:30:00,core-sw-01,port-id7429,server-uplink,264870030.2000416,149516059.35184184,43009.89815829022,19937.796395824105,782.1950022325232,0.018178961113321665,0.030108975380279263
M3,2026-03-04 17:35:00,core-sw-01,port-id7429,server-uplink,279127445.060313,157383946.31599876,46120.68622187539,21324.647533195453,809.2333944401389,0.015931307471056883,0.03005938135797901
M3,2026-03-04 17:40:00,core-sw-01,port-id7429,server-uplink,276378066.8501337,151966947.7328752,44800.63806324912,20463.840389218458,775.3367824441896,0.01650047327985619,0.029929782795229686
M3,2026-03-04 17:45:00,core-sw-01,port-id7429,server-uplink,268104320.76983538,151896930.75038278,44746.74013230171,21273.886729148264,796.4460955385838,0.01713001497114724,0.029919927582826838
M3,2026-03-04 17:50:00,core-sw-01,port-id7429,server-uplink,279880798.915502,158277545.78565675,45764.20077445116,21840.540791443374,813.7793375791945,0.01702817159156836,0.027161238130062694
M3,2026-03-04 17:55:00,core-sw-01,port-id7429,server-uplink,260358958.4546632,144881102.3221794,42460.478423807304,19913.87343708645,836.4991202650684,0.017524734004615516,0.02993506452521309
M3,2026-03-04 18:00:00,core-sw-01,port-id7429,server-uplink,253987937.0291858,139934437.5573449,41683.71882383054,18925.776853914747,811.5605654816648,0.01816289902505594,0.03058717269463591
M3,2026-03-04 18:05:00,core-sw-01,port-id7429,server-uplink,260588235.47066134,146756232.35096353,44252.94350959895,20303.902827390226,813.9436198886763,0.016906655854817838,0.028005162614352493
M3,2026-03-04 18:10:00,core-sw-01,port-id7429,server-uplink,261401177.12419805,150050134.79827642,43057.69134627188,20286.022689308622,803.7606941692776,0.017068495260483662,0.02935272388545714
M3,2026-03-04 18:15:00,core-sw-01,port-id7429,server-uplink,261394055.84817427,145632144.0661183,43349.17379939969,19886.68947251262,823.0991331313758,0.016755027477063283,0.028873670057480174
M3,2026-03-04 18:20:00,core-sw-01,port-id7429,server-uplink,250197477.47176242,142042170.46953234,41415.620029627455,19425.242219630563,836.4623222522731,0.017204282054441758,0.03069433625427182
M3,2026-03-04 18:25:00,core-sw-01,port-id7429,server-uplink,264025537.21993467,149358559.92560953,44432.320553898746,20613.262453862895,850.2321384431435,0.017795027917467787,0.02674329110463832
M3,2026-03-04 18:30:00,core-sw-01,port-id7429,server-uplink,248377416.66986522,138553854.08091694,40306.18144615198,18808.773941883563,842.8848285930665,0.017601864281014273,0.02950452253831146
M3,2026-03-04 18:35:00,core-sw-01,port-id7429,server-uplink,258983234.93764275,140981243.06947,42397.15608591155,19184.032028184596,803.1933350667099,0.017249925543965476,0.028707999233194385
M3,2026-03-04 18:40:00,core-sw-01,port-id7429,server-uplink,246481885.9886553,135802641.58974457,41640.54907890047,18539.392988471398,800.2162814997669,0.017310644660051347,0.02981844086580249
M3,2026-03-04 18:45:00,core-sw-01,port-id7429,server-uplink,236570876.21822888,129579761.54286252,38961.66750904702,17808.43059899018,826.4522249753576,0.01718792117077919,0.03118990310725054
M3,2026-03-04 18:50:00,core-sw-01,port-id7429,server-uplink,235358998.92817438,132735716.37867573,39683.66691198733,18602.734208930382,773.5714851740026,0.01694505028070638,0.029693703303903234
M3,2026-03-04 18:55:00,core-sw-01,port-id7429,server-uplink,227570824.92227325,127950988.80827548,36607.54360611343,16823.381619549593,833.2252890404459,0.01832865826483364,0.03165629953676705
M3,2026-03-04 19:00:00,core-sw-01,port-id7429,server-uplink,258151237.40460324,146166282.31934202,42312.85412273633,20291.087614994052,814.4642746576673,0.015466178149011888,0.02676961832668137
M3,2026-03-04 19:05:00,core-sw-01,port-id7429,server-uplink,234039544.28993994,135674217.66762632,39773.14801877547,18507.81901128337,775.4323004874271,0.0161464262392326,0.027893747835445508
M3,2026-03-04 19:10:00,core-sw-01,port-id7429,server-uplink,235077896.30092096,127432646.17438702,38322.75115129084,16933.796020885344,797.082187485578,0.01690078862063658,0.030544065615761104
M3,2026-03-04 19:15:00,core-sw-01,port-id7429,server-uplink,244179612.83623856,134231160.38714567,39037.89619951418,18170.758263269552,812.7108096526765,0.01610117539705529,0.02875308399870336
M3,2026-03-04 19:20:00,core-sw-01,port-id7429,server-uplink,243603339.51610962,133005174.36008143,39077.81586049661,17864.490031496953,822.6962815295046,0.016509478264829344,0.027252968472618502
M3,2026-03-04 19:25:00,core-sw-01,port-id7429,server-uplink,218061494.90388253,123376539.83630885,35499.885728447596,17065.51782725897,787.1697896960744,0.016876422196569835,0.029010711490671522
M3,2026-03-04 19:30:00,core-sw-01,port-id7429,server-uplink,198175948.27207974,106916011.01406513,32270.56689101861,14112.37435826264,885.0227861448749,0.018332180629767294,0.030627874429980106
M3,2026-03-04 19:35:00,core-sw-01,port-id7429,server-uplink,191153241.78637084,109909462.71460915,31635.049541121003,14767.517666350834,770.057930258422,0.017655488053115273,0.030489053927655503
M3,2026-03-04 19:40:00,core-sw-01,port-id7429,server-uplink,178256027.8634566,98803435.79712324,29015.490968969647,13452.86631956352,816.8715419257801,0.01991667025332394,0.03395312904490238
M3,2026-03-04 19:45:00,core-sw-01,port-id7429,server-uplink,194631748.1126049,114037392.74340568,31283.4808764916,15215.708875014185,820.5690001902633,0.018307715462744383,0.028632451135353253
M3,2026-03-04 19:50:00,core-sw-01,port-id7429,server-uplink,191558981.35391736,106363964.26583098,30838.993111039446,14315.310125311657,848.9142253707575,0.017334095729802265,0.03158175973692265
M3,2026-03-04 19:55:00,core-sw-01,port-id7429,server-uplink,174049503.71095955,100204470.19662392,29619.267852226927,13794.604645859188,781.8920708428936,0.01799161782938096,0.02817603307679483
M3,2026-03-04 20:00:00,core-sw-01,port-id7429,server-uplink,176226267.6108253,101521978.41708602,29017.417230584495,13836.575343077708,777.3597747074456,0.016876529018012527,0.031077623672990547
M3,2026-03-04 20:05:00,core-sw-01,port-id7429,server-uplink,163154262.3284033,93233297.5315958,26606.297128758917,12332.841911511588,825.866614443766,0.01904397944814101,0.03054190158761841
M3,2026-03-04 20:10:00,core-sw-01,port-id7429,server-uplink,157461331.4371859,89851783.30083968,26023.24417300694,11982.693893820837,862.4881426897973,0.019003601184597676,0.03176865992202271
M3,2026-03-04 20:15:00,core-sw-01,port-id7429,server-uplink,166144548.92141774,93916268.213993,27206.5932321551,12589.58672969492,793.2713433835287,0.016856211939132372,0.028437373029591054
M3,2026-03-04 20:20:00,core-sw-01,port-id7429,server-uplink,146048391.78300518,85317962.79410109,23456.23403683254,11346.138507883843,819.9286833999905,0.01837071056663347,0.03228994171090596
M3,2026-03-04 20:25:00,core-sw-01,port-id7429,server-uplink,155213417.0770677,86897158.5425973,26088.20397180584,12101.613559646432,797.6262131985316,0.016467483453032495,0.027955158898087275
M3,2026-03-04 20:30:00,core-sw-01,port-id7429,server-uplink,156103505.15053472,89215856.80591558,25283.025486076738,11860.854572171143,815.7046508649379,0.01646903225304021,0.027874177181290052
M3,2026-03-04 20:35:00,core-sw-01,port-id7429,server-uplink,128748805.30836384,73310167.31610578,21317.747276356342,9791.831599323896,873.682580187717,0.018360740148160692,0.03117157609452695
M3,2026-03-04 20:40:00,core-sw-01,port-id7429,server-uplink,137148353.87829718,77133010.92775755,23035.251483274704,10437.732526652688,804.2768813101931,0.01658026422052596,0.029775101529661795
M3,2026-03-04 20:45:00,core-sw-01,port-id7429,server-uplink,128292091.7299474,72780059.86387166,20954.410332980402,9672.106439178428,816.9869221434702,0.018436620913736004,0.030044151556558756
M3,2026-03-04 20:50:00,core-sw-01,port-id7429,server-uplink,127617939.24260291,72472387.89619607,20790.99385251547,9696.236499638173,805.9117832000327,0.01692455265405917,0.029383736614684
M3,2026-03-04 20:55:00,core-sw-01,port-id7429,server-uplink,108827502.79301204,63716785.03954323,17635.907010997526,8702.161661354663,842.8126406747012,0.018803223334755332,0.033660829498248564
M3,2026-03-04 21:00:00,core-sw-01,port-id7429,server-uplink,128106759.0106328,71614282.13777368,21685.62286517524,9777.143880927992,822.4124119394719,0.014851139228298008,0.026292176210262832
M3,2026-03-04 21:05:00,core-sw-01,port-id7429,server-uplink,117076031.68347634,63664455.1089813,19239.64387616886,8844.590138029675,811.8368835189989,0.01670077270820168,0.029549568259922637
M3,2026-03-04 21:10:00,core-sw-01,port-id7429,server-uplink,118585440.55894311,61360053.5645447,19577.693049448415,8400.425592182162,823.4251699632924,0.016813663314096595,0.029648782554014402
M3,2026-03-04 21:15:00,core-sw-01,port-id7429,server-uplink,107733423.03974596,62002375.223937765,17748.38306361125,8326.800932402073,816.20956488285,0.01763962448061054,0.030120748691953372
M3,2026-03-04 21:20:00,core-sw-01,port-id7429,server-uplink,101639486.75932099,54406399.868134335,16605.275348540952,7175.016328067287,820.6195113432578,0.0180821846706057,0.03094929667033934
M3,2026-03-04 21:25:00,core-sw-01,port-id7429,server-uplink,96201935.34855327,49920196.71572297,15409.93663779356,6823.438187843843,844.2425837433392,0.01875091116664042,0.032927732235562876
M3,2026-03-04 21:30:00,core-sw-01,port-id7429,server-uplink,82117206.28519033,43928885.82369028,13248.472065043952,5713.7586999520245,825.76968801409,0.021886676464243804,0.038223734715237045
M3,2026-03-04 21:35:00,core-sw-01,port-id7429,server-uplink,87509169.32387528,49752731.168257356,14413.983768419808,6734.292873817211,805.7277701475899,0.018860082071108814,0.03397034527328342
M3,2026-03-04 21:40:00,core-sw-01,port-id7429,server-uplink,123583768.08876729,65530491.393429205,20051.126714689155,8957.185053726475,813.6985948972462,0.014572529378527346,0.024841024389700764
M3,2026-03-04 21:45:00,core-sw-01,port-id7429,server-uplink,86892970.38778657,45086514.97975653,13692.449472769302,5938.730712211532,861.4054965652283,0.02057818521623374,0.03199867781530504
M3,2026-03-04 21:50:00,core-sw-01,port-id7429,server-uplink,87245704.14828375,49352587.77336652,13866.578033754777,6719.685622266924,841.677762954891,0.018245457477519555,0.032607884692745503
M3,2026-03-04 21:55:00,core-sw-01,port-id7429,server-uplink,97685979.55005608,58554385.600229844,16490.268392040667,8083.798864480802,836.913359328222,0.015361887812233967,0.026394374239169162
M3,2026-03-04 22:00:00,core-sw-01,port-id7429,server-uplink,73012773.95754862,37436361.19564616,11943.761682604125,4920.288846558764,827.5707289581238,0.0218932608836585,0.03671391177024323
M3,2026-03-04 22:05:00,core-sw-01,port-id7429,server-uplink,91633072.12056385,51655896.07717157,14599.19549981559,7019.87460798701,811.5841024871223,0.017268903338606825,0.02998845478593898
M3,2026-03-04 22:10:00,core-sw-01,port-id7429,server-uplink,81031946.92612223,44803423.27542162,13519.787637628002,6224.70081196675,774.3546644593772,0.018889504687116147,0.03125660324017547
M3,2026-03-04 22:15:00,core-sw-01,port-id7429,server-uplink,75411047.74071643,41521394.899471596,12407.616413262747,5735.810902665044,797.6142275793056,0.01937267102373282,0.03249172277611827
M3,2026-03-04 22:20:00,core-sw-01,port-id7429,server-uplink,82561701.47919695,45062936.99574008,13994.007972596635,6037.039804084057,791.6755244048521,0.017179880404746193,0.029766405444624822
M3,2026-03-04 22:25:00,core-sw-01,port-id7429,server-uplink,87393265.58855651,44391515.311031595,14644.539494053979,6305.163863072336,786.8025409925657,0.0169627095446209,0.02788103594469298
M3,2026-03-04 22:30:00,core-sw-01,port-id7429,server-uplink,91003964.65415773,52707358.61233867,15113.975086380187,7043.274439662655,848.8525145738159,0.015397940735085327,0.026410517368498348
M3,2026-03-04 22:35:00,core-sw-01,port-id7429,server-uplink,86604880.76464026,49012098.60849137,14041.653908779477,6588.993409931191,806.741542898402,0.016012539701824716,0.028123560139101614
M3,2026-03-04 22:40:00,core-sw-01,port-id7429,server-uplink,86256781.42081098,48447871.57158691,13959.239702113811,6518.049163190881,819.6992054387207,0.016433318933983657,0.02837172671403554
M3,2026-03-04 22:45:00,core-sw-01,port-id7429,server-uplink,100813165.47732839,53841089.91137459,16929.5751115538,7331.016858883932,796.7218824291448,0.013711917917230981,0.022942300728890815
M3,2026-03-04 22:50:00,core-sw-01,port-id7429,server-uplink,98744458.790369,56107907.74222321,16638.303158440056,7757.519364243482,765.5314892678558,0.013609792134769613,0.02307273212036743
M3,2026-03-04 22:55:00,core-sw-01,port-id7429,server-uplink,78199227.63639776,47537401.09556164,13222.191458371355,6524.094821760505,818.9410746242534,0.01658938311801837,0.027846387599044176
M3,2026-03-04 23:00:00,core-sw-01,port-id7429,server-uplink,83518168.48999612,48734403.800963506,13814.8054865562,6660.154363325509,808.005739027955,0.015101087772226917,0.027615563398819695
M3,2026-03-04 23:05:00,core-sw-01,port-id7429,server-uplink,80712379.06024183,46831120.39505022,13090.73613211943,6554.866690322194,827.5022669989005,0.015817568215728765,0.028303288034929243
M3,2026-03-04 23:10:00,core-sw-01,port-id7429,server-uplink,102874002.50684328,58257758.66661902,16698.485440699864,7754.178160496899,814.865061329724,0.013190977392134888,0.02215945373995009
M3,2026-03-04 23:15:00,core-sw-01,port-id7429,server-uplink,87829656.98433863,47316783.92420911,14299.351013724705,6403.517413974096,786.4235525290793,0.0154264887230597,0.026837464920656313
M3,2026-03-04 23:20:00,core-sw-01,port-id7429,server-uplink,91372111.28964835,53258585.59856074,15509.222434361702,7271.780758148967,805.0238000044882,0.01391840585479967,0.02344693712714529
M3,2026-03-04 23:25:00,core-sw-01,port-id7429,server-uplink,86095448.30544968,47090870.06063312,14042.760575351838,6401.442605752365,805.1139977479689,0.01603192831341603,0.026819812538335795
M3,2026-03-04 23:30:00,core-sw-01,port-id7429,server-uplink,85217232.92047696,47459019.48506685,14295.77361476856,6821.809805901092,777.9716885242816,0.01519247033668691,0.024203665638867836
M3,2026-03-04 23:35:00,core-sw-01,port-id7429,server-uplink,67669893.36034901,39918770.897020064,10737.05148378745,5381.56328227415,862.2242021141454,0.018946363749547234,0.032319940903654816
M3,2026-03-04 23:40:00,core-sw-01,port-id7429,server-uplink,94277428.9728651,54309980.26698277,15440.749699029991,7187.506919846409,796.0417512843703,0.013908754270602751,0.024323476917244593
M3,2026-03-04 23:45:00,core-sw-01,port-id7429,server-uplink,65686380.36287514,38230489.220192894,10994.894290504693,5277.871226188832,807.3205388027013,0.01989887112333014,0.03282649829145742
M3,2026-03-04 23:50:00,core-sw-01,port-id7429,server-uplink,68725576.64217415,37988965.17921173,11231.39245006594,5109.946607625281,815.1677948833793,0.019752371393990272,0.03205003659618118
M3,2026-03-04 23:55:00,core-sw-01,port-id7429,server-uplink,85448205.2882371,45689289.59955197,13975.037564651115,6131.458600042718,829.7825208753746,0.01598270717326237,0.027104725111031406
M4,2026-03-02 00:00:00,core-sw-01,port-id7429,server-uplink,81328811.20233628,42367805.143035546,13557.012411002519,5911.13010165549,783.9945524972188,0.01583786367570826,0.026208904523062106
M4,2026-03-02 00:05:00,core-sw-01,port-id7429,server-uplink,89750594.04714395,49645101.01505677,15060.936212489665,6696.8794348353495,810.6266484421151,0.0144789469710885,0.023848971187130443
M4,2026-03-02 00:10:00,core-sw-01,port-id7429,server-uplink,84076511.27336662,48890037.56166733,13518.588359808607,6523.884352734496,832.6187499337256,0.01499417263552819,0.024549857610114596
M4,2026-03-02 00:15:00,core-sw-01,port-id7429,server-uplink,93668628.30173612,53533682.57464811,15584.54310924733,7224.472031874171,800.8301205635022,0.013251821193056164,0.02235572579162532
M4,2026-03-02 00:20:00,core-sw-01,port-id7429,server-uplink,65574946.677828364,39924866.843489185,10444.152286891329,5392.028965674271,858.5792187043179,0.019582689347103558,0.032635681596735924
M4,2026-03-02 00:25:00,core-sw-01,port-id7429,server-uplink,97752060.55123414,52886609.21288759,15788.676531531886,7151.036294429085,828.8116869269527,0.0138133689035139,0.02257637770539821
M4,2026-03-02 00:30:00,core-sw-01,port-id7429,server-uplink,61862964.9508483,34727165.88628927,10194.016860421441,4625.584642036298,812.4028743085859,0.019788501537447017,0.03265516041892096
M4,2026-03-02 00:35:00,core-sw-01,port-id7429,server-uplink,75985168.0420627,38880215.02374638,12367.07655619436,5222.120280603053,805.9531130982856,0.017244180401510927,0.030331974634900293
M4,2026-03-02 00:40:00,core-sw-01,port-id7429,server-uplink,78970355.550823,44206338.79711369,12858.75302717062,5996.88224572358,835.4300523114646,0.016452397008741553,0.028036845412710093
M4,2026-03-02 00:45:00,core-sw-01,port-id7429,server-uplink,101876908.57270716,56944670.32479426,16186.243179337767,7699.992644024463,841.4101227973172,0.012576101636968505,0.02165630025124022
M4,2026-03-02 00:50:00,core-sw-01,port-id7429,server-uplink,85264415.3700794,50429309.44010457,13886.845449915425,6972.462337634106,816.0720879617559,0.015078707532405877,0.02505031073934989
M4,2026-03-02 00:55:00,core-sw-01,port-id7429,server-uplink,49449754.28916876,29249877.00032922,7904.721796696259,3965.864808449272,808.0602779395718,0.02726248512410645,0.04271413557322827
M4,2026-03-02 01:00:00,core-sw-01,port-id7429,server-uplink,76224478.04130533,45203325.16574065,12567.300654804623,6091.487128268235,803.3959487371984,0.016443560365298853,0.027335720523216266
M4,2026-03-02 01:05:00,core-sw-01,port-id7429,server-uplink,75860657.83147264,39318845.57767359,12275.39590073947,5350.900271465624,829.8672085685232,0.01775424094490855,0.031322835175111224
M4,2026-03-02 01:10:00,core-sw-01,port-id7429,server-uplink,56345198.30221387,31431949.312997177,9449.481977065103,4182.266391612809,765.6632947782801,0.022934301527868628,0.038381426670709984
M4,2026-03-02 01:15:00,core-sw-01,port-id7429,server-uplink,68503417.79539025,38084167.59556431,11093.829147895394,5181.21514092884,831.4869368525367,0.018227700445038426,0.033596839092308935
M4,2026-03-02 01:20:00,core-sw-01,port-id7429,server-uplink,69753915.68171816,40838180.686882205,11301.411227392184,5596.847359013569,814.9465779087484,0.018609448430655196,0.030769351621485322
M4,2026-03-02 01:25:00,core-sw-01,port-id7429,server-uplink,61329150.130600706,34735283.24358224,9673.929674149933,4545.252748700952,839.0915196659494,0.021285280598194452,0.0371734694010027
M4,2026-03-02 01:30:00,core-sw-01,port-id7429,server-uplink,74417266.33906926,39972405.22495883,11915.049025826056,5470.194303770731,823.114107712082,0.017924292604848034,0.029327691540220312
M4,2026-03-02 01:35:00,core-sw-01,port-id7429,server-uplink,73420286.21085443,39382530.98913811,12042.081736824104,5624.845199121772,826.476737151038,0.01759641284789695,0.030049658787942697
M4,2026-03-02 01:40:00,core-sw-01,port-id7429,server-uplink,76293303.848486,41924313.69745439,12456.831920963501,5459.543707093666,883.6274796254845,0.017567832399174685,0.028782919456312242
M4,2026-03-02 01:45:00,core-sw-01,port-id7429,server-uplink,78440349.97729002,41996725.641117096,12857.741366257924,5814.530698743327,843.7610798342597,0.01682219452201713,0.028220889032510577
M4,2026-03-02 01:50:00,core-sw-01,port-id7429,server-uplink,76012625.88355874,39782477.9320552,12690.617965475862,5486.157633232592,794.7040211794783,0.01642003654867664,0.028056101130980327
M4,2026-03-02 01:55:00,core-sw-01,port-id7429,server-uplink,80352805.52149363,44581894.57962941,12813.032410221778,5960.7238928151355,840.1391576686659,0.017030831527823736,0.027805512783754198
M4,2026-03-02 02:00:00,core-sw-01,port-id7429,server-uplink,70098154.58227193,40086271.85485527,11628.632154286724,5445.829646486187,818.6455248455119,0.01842375663857163,0.03052373803777563
M4,2026-03-02 02:05:00,core-sw-01,port-id7429,server-uplink,67820511.70393239,39354708.53115294,11213.50358854924,5122.775828202321,837.8875563367949,0.01961485959606133,0.03224170933483088
M4,2026-03-02 02:10:00,core-sw-01,port-id7429,server-uplink,79073326.30151837,44020094.79216445,13205.248926796112,6084.264633812653,779.687915804628,0.015026815959987281,0.027590856591605588
M4,2026-03-02 02:15:00,core-sw-01,port-id7429,server-uplink,77848644.56237863,45788896.477138154,12998.48612968736,6415.635244270422,761.553062463074,0.016047485617284134,0.026256079767469926
M4,2026-03-02 02:20:00,core-sw-01,port-id7429,server-uplink,63148063.38138051,37307007.35133326,9847.91857586881,5068.951331877621,866.5905762178221,0.020744835712997584,0.03463790480765321
M4,2026-03-02 02:25:00,core-sw-01,port-id7429,server-uplink,80286577.0392333,42987899.42687333,13549.336917211567,5702.599012072468,775.7322532162466,0.016569288011088965,0.027431774604015254
M4,2026-03-02 02:30:00,core-sw-01,port-id7429,server-uplink,59171193.938069604,35159602.81390023,9506.903370220742,4542.437515691408,832.1515883072522,0.021602388221327512,0.037412116456897584
M4,2026-03-02 02:35:00,core-sw-01,port-id7429,server-uplink,62770637.98274459,34015734.98620113,10153.689320088426,4694.294507272318,814.0683237086945,0.021008221556209017,0.03486936424963904
M4,2026-03-02 02:40:00,core-sw-01,port-id7429,server-uplink,65073953.46964951,36286885.5031937,10674.825916786753,5005.843763928871,780.7027481251719,0.019733168055016445,0.0327327441289465
M4,2026-03-02 02:45:00,core-sw-01,port-id7429,server-uplink,64434708.16991126,36548133.24427038,10490.304952369599,5216.737506151175,779.2381917398227,0.01912160108289072,0.033295501585325134
M4,2026-03-02 02:50:00,core-sw-01,port-id7429,server-uplink,59543330.77155708,33185604.507357217,10102.733562992886,4581.913056680949,763.3544499698043,0.020422602790752708,0.03588134799385562
M4,2026-03-02 02:55:00,core-sw-01,port-id7429,server-uplink,88631877.47578004,47565073.285656914,14882.94570124824,6625.390527081246,804.2780771289256,0.014209490591974211,0.02431055688078181
M4,2026-03-02 03:00:00,core-sw-01,port-id7429,server-uplink,96393340.40577416,51899209.43558098,15956.708584675906,6967.5590686177375,772.8470005784785,0.013645668225972378,0.02332346362555509
M4,2026-03-02 03:05:00,core-sw-01,port-id7429,server-uplink,86478944.84430322,51488897.39439374,14265.79454301197,6933.12873753493,834.3331330273021,0.014669823068387896,0.025373252087622675
M4,2026-03-02 03:10:00,core-sw-01,port-id7429,server-uplink,88323685.27557236,47118937.182204664,14396.403857579187,6380.918547061089,827.8515581251918,0.015221262209508382,0.025492340094805045
M4,2026-03-02 03:15:00,core-sw-01,port-id7429,server-uplink,76664823.3373791,43457906.69117701,12208.940408735585,5928.007729395868,831.5748065018828,0.01618868973221178,0.029545732912042332
M4,2026-03-02 03:20:00,core-sw-01,port-id7429,server-uplink,80998866.5683891,43689167.11869344,13624.991902913916,6040.91918157612,788.9547748908325,0.015458871483053815,0.027054813615885052
M4,2026-03-02 03:25:00,core-sw-01,port-id7429,server-uplink,90750144.24330762,52208181.18776946,14538.225143973992,7031.4313914789345,846.6736556649273,0.014469155752041005,0.024631302960878423
M4,2026-03-02 03:30:00,core-sw-01,port-id7429,server-uplink,74953327.56224288,46376797.2134155,12555.94427224535,6073.391878529014,832.9056644979023,0.01702683796693455,0.029052138700380897
M4,2026-03-02 03:35:00,core-sw-01,port-id7429,server-uplink,238756992.12445566,300027363.6857364,35090.166113907566,34317.85678022951,962.474261680278,0.004579410166328386,0.00750189119080013
M4,2026-03-02 03:40:00,core-sw-01,port-id7429,server-uplink,232513861.06182984,296773469.2529088,33967.49377377538,33438.888740963965,1016.7005026115334,0.004582398283461484,0.008079947839701875
M4,2026-03-02 03:45:00,core-sw-01,port-id7429,server-uplink,228496762.78264797,294045649.4040151,33962.126729125914,33239.26988157705,942.9748358517006,0.00472585853506715,0.007769017294268223
M4,2026-03-02 03:50:00,core-sw-01,port-id7429,server-uplink,214988123.06252137,284504590.8135364,32360.20659826263,32976.433113823005,948.5926358314307,0.004754437116310874,0.008594249331635483
M4,2026-03-02 03:55:00,core-sw-01,port-id7429,server-uplink,219351747.4112861,292054973.2897276,32142.061455980394,32757.523761099743,979.8217050298723,0.004553744311705719,0.008089202204181408
M4,2026-03-02 04:00:00,core-sw-01,port-id7429,server-uplink,221350635.629096,286747476.60370356,33798.87589707342,32816.5319494327,974.922153549953,0.0046417870212057235,0.00813719731235317
M4,2026-03-02 04:05:00,core-sw-01,port-id7429,server-uplink,223669336.33765414,290784829.5788373,33428.848915920506,33461.053560075474,985.2023007938262,0.00475809803730838,0.008288334392036379
M4,2026-03-02 04:10:00,core-sw-01,port-id7429,server-uplink,230363209.6747944,293687611.2845506,33938.231428986146,32884.17517535701,988.4971242691779,0.004563368359676529,0.008291291722257794
M4,2026-03-02 04:15:00,core-sw-01,port-id7429,server-uplink,217058229.1814663,284692727.9380656,32637.30262436756,32826.909139080184,962.0651157640148,0.004816338974859806,0.008220446948456177
M4,2026-03-02 04:20:00,core-sw-01,port-id7429,server-uplink,230436328.04318506,291162154.8110073,34484.314990382496,33182.36652907631,968.2043615315503,0.004697425374923689,0.008439956047073363
M4,2026-03-02 04:25:00,core-sw-01,port-id7429,server-uplink,221058301.0328345,288665988.5631398,33325.17954446465,32994.69995409038,956.1732512871422,0.00481793614160734,0.008300926682168907
M4,2026-03-02 04:30:00,core-sw-01,port-id7429,server-uplink,231812818.56573787,293414719.6797398,34079.726940795255,33489.73690803664,988.4698835934338,0.004730988943227456,0.00833356038198684
M4,2026-03-02 04:35:00,core-sw-01,port-id7429,server-uplink,223314213.82056963,291085637.2240066,34358.39478729277,33220.82477605674,972.7721451103828,0.004939611047626343,0.008280131880804977
M4,2026-03-02 04:40:00,core-sw-01,port-id7429,server-uplink,216918911.48982978,285590962.5897257,32279.5686795316,31928.799688061008,1002.2018226888715,0.005079720130025348,0.00858542257768339
M4,2026-03-02 04:45:00,core-sw-01,port-id7429,server-uplink,226341698.9547077,290277687.9148754,33592.05209303706,32894.078082078835,980.5083562646339,0.005256046269052542,0.008699837762499328
M4,2026-03-02 04:50:00,core-sw-01,port-id7429,server-uplink,235818707.84042445,294439590.8132165,35487.37002279758,33227.263589399816,953.1468771541158,0.004994330785235924,0.00800933370715393
M4,2026-03-02 04:55:00,core-sw-01,port-id7429,server-uplink,227027197.39017782,292725115.3507246,34109.368132216616,33442.69811312609,945.6534467407121,0.005132999767829225,0.008442430700373336
M4,2026-03-02 05:00:00,core-sw-01,port-id7429,server-uplink,227627245.45335662,287121743.32583034,34315.868984808665,33050.633927674455,968.9007207567732,0.005220076908774048,0.008376746111561953
M4,2026-03-02 05:05:00,core-sw-01,port-id7429,server-uplink,222188989.16067922,293067957.3566348,33271.831109404324,32958.34885990696,963.3658035517996,0.005234416159479252,0.00914602166470479
M4,2026-03-02 05:10:00,core-sw-01,port-id7429,server-uplink,229458706.68651384,291921819.6302719,33459.41287001938,32435.532142322518,948.6451669535525,0.005231214686657746,0.008978519221865303
M4,2026-03-02 05:15:00,core-sw-01,port-id7429,server-uplink,263472378.9967362,308606618.15127987,38711.69219249249,35113.60128140294,947.624434292833,0.004767036976454347,0.008065914904806048
M4,2026-03-02 05:20:00,core-sw-01,port-id7429,server-uplink,226093718.764193,288368354.7490857,33754.21222390071,32648.998159640836,966.2207286908196,0.005621907353298767,0.009373611253297148
M4,2026-03-02 05:25:00,core-sw-01,port-id7429,server-uplink,230491452.7745028,294490203.52541876,34087.49292334271,33443.96617750684,985.0556737960567,0.0054337723294748475,0.00928286818645434
M4,2026-03-02 05:30:00,core-sw-01,port-id7429,server-uplink,249279914.87288892,302631346.43429863,36779.43449546152,33853.052848536994,989.4340038029627,0.005338870429675709,0.009194819279342983
M4,2026-03-02 05:35:00,core-sw-01,port-id7429,server-uplink,249144511.18695638,305187614.3520467,37107.022495474106,34740.82128774298,983.2779301934023,0.005206562172202325,0.008962807011900656
M4,2026-03-02 05:40:00,core-sw-01,port-id7429,server-uplink,88216884.54411118,53852961.42580212,14198.311236592095,7143.598350099,849.2880305413282,0.017924749096537317,0.03234853689727329
M4,2026-03-02 05:45:00,core-sw-01,port-id7429,server-uplink,91758026.70356753,56157750.61612269,15416.61443880352,7762.855084938053,778.0024564130694,0.0170671143463152,0.029888066861807647
M4,2026-03-02 05:50:00,core-sw-01,port-id7429,server-uplink,123168004.52587514,68078155.55155052,20155.41473172631,9333.444530185308,862.2335616163422,0.013502124399935929,0.023383402136796825
M4,2026-03-02 05:55:00,core-sw-01,port-id7429,server-uplink,92887166.2628553,53578654.718542114,15181.272138681996,6972.380688853588,870.1158853917515,0.019265398644529825,0.034106877433422875
M4,2026-03-02 06:00:00,core-sw-01,port-id7429,server-uplink,108463788.20297384,64036637.46129246,17490.937752025082,8512.45562341692,811.4769985907528,0.017012419767101803,0.028647092941056423
M4,2026-03-02 06:05:00,core-sw-01,port-id7429,server-uplink,103191668.86572182,57935658.543487996,16726.410301438267,7969.8993237778095,853.6385363678949,0.017982821568363394,0.030779737358044176
M4,2026-03-02 06:10:00,core-sw-01,port-id7429,server-uplink,96064306.75981638,54296613.12016698,15495.380251400362,7200.684836565081,802.3626759730835,0.020330035088275692,0.034056328325646146
M4,2026-03-02 06:15:00,core-sw-01,port-id7429,server-uplink,102610220.76391612,57941244.61577971,17099.62940920556,7743.08389569338,838.3136826890803,0.018623864396390036,0.03507441618935982
M4,2026-03-02 06:20:00,core-sw-01,port-id7429,server-uplink,128283930.54038534,73052270.33985725,20360.78232556843,9689.139568850786,861.3209082370486,0.01637581533733093,0.029302370131995083
M4,2026-03-02 06:25:00,core-sw-01,port-id7429,server-uplink,142046869.34925538,78328810.01431625,23620.62405254842,10855.165077864855,798.0837930015038,0.014814013292917635,0.025794778650922848
M4,2026-03-02 06:30:00,core-sw-01,port-id7429,server-uplink,137048679.09486663,78159239.29474781,21988.10021926753,10674.926706674423,799.1688051841649,0.016346763512317602,0.028312419281120046
M4,2026-03-02 06:35:00,core-sw-01,port-id7429,server-uplink,124872699.6706814,70499875.66416663,20070.100767757947,9379.87096389623,783.5667892623129,0.018648644555840605,0.033576611720310734
M4,2026-03-02 06:40:00,core-sw-01,port-id7429,server-uplink,138475209.94437075,76079287.81341173,22884.427498325647,10506.105526500813,816.5232090642857,0.016333300469507515,0.03080758318660715
M4,2026-03-02 06:45:00,core-sw-01,port-id7429,server-uplink,153075889.01150867,88681435.5214299,24942.020285372604,11785.446126891755,811.9113075308813,0.01651691612708097,0.02840288491202135
M4,2026-03-02 06:50:00,core-sw-01,port-id7429,server-uplink,145680860.49604467,86697809.89884083,23985.104171933268,11812.372416840462,797.4823490877554,0.018306667814093968,0.03062054686171408
M4,2026-03-02 06:55:00,core-sw-01,port-id7429,server-uplink,171701007.17523623,96171986.41146459,27519.12628902328,12967.731303325842,841.6937609194861,0.015759341171248855,0.02638299033206477
M4,2026-03-02 07:00:00,core-sw-01,port-id7429,server-uplink,129390556.45785584,72798599.10254271,21265.35063240183,9716.305567414254,807.5011470257905,0.02163741718609138,0.03746641193266929
M4,2026-03-02 07:05:00,core-sw-01,port-id7429,server-uplink,184993884.0714819,104913238.8674784,30048.820365977008,14194.943225517876,808.9708953915402,0.015680003350516288,0.02596971341680195
M4,2026-03-02 07:10:00,core-sw-01,port-id7429,server-uplink,159954261.707162,89347656.72715288,25670.02600242956,11886.466332705206,811.7118913413495,0.019767133254258693,0.034542446941379576
M4,2026-03-02 07:15:00,core-sw-01,port-id7429,server-uplink,179493297.44100404,99974689.06728734,29359.8896422528,13490.631870500223,781.1889355537651,0.01770747407178054,0.029982401081187937
M4,2026-03-02 07:20:00,core-sw-01,port-id7429,server-uplink,184008298.85672483,102591559.41182315,31213.239152806087,14166.117247583716,814.0958602526146,0.01709702836863802,0.029222937311673657
M4,2026-03-02 07:25:00,core-sw-01,port-id7429,server-uplink,195987785.7081001,109617036.94523758,32225.68004107822,14912.117543925495,806.4969091723999,0.017416185888276568,0.030133988713906032
M4,2026-03-02 07:30:00,core-sw-01,port-id7429,server-uplink,203542818.05922827,114833333.18796232,33488.005989179626,15928.690123237115,798.7657087582571,0.01661642453310114,0.02730690812744694
M4,2026-03-02 07:35:00,core-sw-01,port-id7429,server-uplink,222764595.92875358,128539361.03863853,36196.860720158045,17032.84862537073,817.2169691902141,0.01586710610910848,0.02832245660494398
M4,2026-03-02 07:40:00,core-sw-01,port-id7429,server-uplink,218105605.73539996,123055532.29808298,34411.85603211744,16227.498828016518,856.6487585260195,0.016436460890185873,0.030241730328703396
M4,2026-03-02 07:45:00,core-sw-01,port-id7429,server-uplink,208471114.3986718,116717888.22265875,34315.50803001758,16015.01794915897,821.5741820667558,0.01775212477397932,0.030750999335443546
M4,2026-03-02 07:50:00,core-sw-01,port-id7429,server-uplink,226924990.67270887,124658330.04869965,36642.144036453166,16914.595449425422,826.7166287568753,0.01688244705153547,0.029239313636387963
M4,2026-03-02 07:55:00,core-sw-01,port-id7429,server-uplink,215790531.5527028,123594365.09557274,35669.27339382378,16855.289867658623,827.4836162857222,0.017423398476299274,0.03128345571231147
M4,2026-03-02 08:00:00,core-sw-01,port-id7429,server-uplink,226431004.47203425,128179192.09677166,36957.33842845,17080.37296960865,849.6178853699814,0.01716380392880394,0.02999245154119755
M4,2026-03-02 08:05:00,core-sw-01,port-id7429,server-uplink,235887967.54279807,132408040.5558184,37124.24484415631,17327.295287732977,846.77110831223,0.018251138063246963,0.03034465697656839
M4,2026-03-02 08:10:00,core-sw-01,port-id7429,server-uplink,250516830.37701645,140348876.23324054,40604.0966724064,18749.92263024567,793.2248329820455,0.016207263250505033,0.02860782283929122
M4,2026-03-02 08:15:00,core-sw-01,port-id7429,server-uplink,240023031.54265597,133202031.02187164,38704.1732585643,17934.922444919423,802.6047928124113,0.018407702341781896,0.029923542720716855
M4,2026-03-02 08:20:00,core-sw-01,port-id7429,server-uplink,254083735.19683063,139524906.13031712,41188.957085204136,19006.588815962707,796.3484737954867,0.017063331254720683,0.028903185084786988
M4,2026-03-02 08:25:00,core-sw-01,port-id7429,server-uplink,249851911.32733625,140745599.53171808,42181.70314273465,19544.745115942493,794.0484911700319,0.01722732947557107,0.028137858991652862
M4,2026-03-02 08:30:00,core-sw-01,port-id7429,server-uplink,262069612.36194354,149460102.09734407,41973.878053208464,19690.81168953894,813.6499120913522,0.0167828361576552,0.029098118023643347
M4,2026-03-02 08:35:00,core-sw-01,port-id7429,server-uplink,273493115.53380734,150776984.01751524,44616.768595944865,20675.4486032988,829.9969674352617,0.015907341729919578,0.0266822221446674
M4,2026-03-02 08:40:00,core-sw-01,port-id7429,server-uplink,267191528.83021638,151046256.24361882,44786.27586064126,20684.193501037807,775.0351813771264,0.016576861467319164,0.027363883236034486
M4,2026-03-02 08:45:00,core-sw-01,port-id7429,server-uplink,266383218.7468625,147828104.73705345,44637.30792699865,20398.623694865437,807.9270798431726,0.01616816575837877,0.02768766596338956
M4,2026-03-02 08:50:00,core-sw-01,port-id7429,server-uplink,262091442.59372708,148276082.88272944,42590.58488148337,20186.78022377317,838.0244871232676,0.017247030572449883,0.02909591230822656
M4,2026-03-02 08:55:00,core-sw-01,port-id7429,server-uplink,275992936.11356294,154916596.8321138,44956.53568694091,20642.805966175336,836.0618098141672,0.016945687044421436,0.029245991225986333
M4,2026-03-02 09:00:00,core-sw-01,port-id7429,server-uplink,258027062.0431176,142753850.69872284,41729.28276328537,19329.361573223476,846.1665201881074,0.01936994908597159,0.03165023342076627
M4,2026-03-02 09:05:00,core-sw-01,port-id7429,server-uplink,281884996.6277916,157929916.24841246,45271.72899333962,21299.893703206984,817.1036055723645,0.01629199184898124,0.029117285734001127
M4,2026-03-02 09:10:00,core-sw-01,port-id7429,server-uplink,277692394.14211214,153840839.64602286,45570.94590792406,20990.291979583522,817.2176763738806,0.017305298264172667,0.02803911658126467
M4,2026-03-02 09:15:00,core-sw-01,port-id7429,server-uplink,270398499.4804428,151940246.22717157,43936.50511824732,20861.60303415344,802.848798508139,0.017532004547403567,0.029260007934160226
M4,2026-03-02 09:20:00,core-sw-01,port-id7429,server-uplink,269536757.40832,148928993.17680693,43821.85224807847,20097.188632134472,817.4463275125061,0.017617790532999663,0.03163700489977835
M4,2026-03-02 09:25:00,core-sw-01,port-id7429,server-uplink,287148352.66999066,159357262.54419512,47209.951654604694,21672.661418341366,811.5526789960314,0.016358096878001112,0.02819581147328753
M4,2026-03-02 09:30:00,core-sw-01,port-id7429,server-uplink,266884049.06551796,148548517.37368253,44869.895833329065,20562.349085339076,769.1026040720533,0.01708558601922748,0.0299216293934587
M4,2026-03-02 09:35:00,core-sw-01,port-id7429,server-uplink,266566735.17249408,153025408.20301193,44972.48496669225,20774.582228694268,788.0206925296213,0.01739688413095417,0.02776793750294536
M4,2026-03-02 09:40:00,core-sw-01,port-id7429,server-uplink,276139905.9793951,153061288.28558004,46048.74543934906,20783.8308884226,811.2840606427889,0.01664389443299193,0.028524456413725044
M4,2026-03-02 09:45:00,core-sw-01,port-id7429,server-uplink,261700530.1846203,146841270.23530367,43182.960100220764,19827.56865038075,821.4133416876572,0.01794955753191528,0.03211200815916286
M4,2026-03-02 09:50:00,core-sw-01,port-id7429,server-uplink,285596885.66725415,161596673.20391667,46566.38168550837,22399.32661495472,794.6178772292186,0.01676873899055466,0.028978626692672937
M4,2026-03-02 09:55:00,core-sw-01,port-id7429,server-uplink,285130870.7663123,159694073.65510145,47057.75192340859,21761.488884198156,807.940062823142,0.016608644107840128,0.028384340026431795
M4,2026-03-02 10:00:00,core-sw-01,port-id7429,server-uplink,277015087.9498938,150309740.22369316,46484.899020541634,20872.07738411302,793.2269979747496,0.016750080395312505,0.028260008477839854
M4,2026-03-02 10:05:00,core-sw-01,port-id7429,server-uplink,272043848.7250034,155866561.332128,43582.6350404148,20557.822130494293,812.0748019862897,0.017777468631413877,0.031010209246082155
M4,2026-03-02 10:10:00,core-sw-01,port-id7429,server-uplink,271224701.93259406,150116292.35647455,43676.12634963814,20087.856358358316,810.6052978738452,0.01855444034472337,0.03109677454232107
M4,2026-03-02 10:15:00,core-sw-01,port-id7429,server-uplink,282179536.6072815,158770585.27360803,44860.628720337845,21345.763496265285,826.4908488079433,0.017218095595396728,0.030526230004328893
M4,2026-03-02 10:20:00,core-sw-01,port-id7429,server-uplink,280255783.338415,154452530.33702832,46114.134888579145,21155.76821431025,828.2131539681576,0.016716540303514146,0.028978923494166774
M4,2026-03-02 10:25:00,core-sw-01,port-id7429,server-uplink,277957205.15452504,154692671.8403736,45585.46903681259,20664.24695601025,862.7470552845238,0.01732878542759603,0.030668657426367252
M4,2026-03-02 10:30:00,core-sw-01,port-id7429,server-uplink,288006673.721988,160405445.6782551,46444.62074788191,21693.91733096756,824.0976621436188,0.01649287076127917,0.029852628227186793
M4,2026-03-02 10:35:00,core-sw-01,port-id7429,server-uplink,261429637.16048992,145107553.137238,42514.57174206146,19672.464723731664,795.0201444810327,0.01930178730102988,0.032398233732467856
M4,2026-03-02 10:40:00,core-sw-01,port-id7429,server-uplink,264052272.10168675,151229265.37538284,43539.68692539715,20570.011187177184,806.0745278180668,0.018946677106834023,0.030668849648700126
M4,2026-03-02 10:45:00,core-sw-01,port-id7429,server-uplink,290640418.78863084,163936269.30266848,48413.009674017914,22291.674541337998,812.4779324329976,0.015954440017040376,0.029380977980469982
M4,2026-03-02 10:50:00,core-sw-01,port-id7429,server-uplink,282022413.4633466,161530662.3036659,46294.98967057279,22788.393023787543,792.9920503802651,0.01658797538521623,0.02799068539403746
M4,2026-03-02 10:55:00,core-sw-01,port-id7429,server-uplink,268238879.69916433,149334747.73525503,44200.44175811068,20453.670964760575,822.5260884240398,0.017862787377241736,0.031103261454431937
M4,2026-03-02 11:00:00,core-sw-01,port-id7429,server-uplink,273734060.7618229,154455387.9575277,46030.76258096802,21411.540291520618,762.2783880980444,0.01713270430274198,0.03024464530809269
M4,2026-03-02 11:05:00,core-sw-01,port-id7429,server-uplink,290864282.14353365,160912405.60969654,48124.884320793106,22278.991257075373,764.8306559009542,0.016153840114008958,0.0280718020252958
M4,2026-03-02 11:10:00,core-sw-01,port-id7429,server-uplink,290720039.57724273,166477494.43627644,48242.906574946675,22984.25352237082,810.4222789931032,0.016687650581488564,0.028878447668247244
M4,2026-03-02 11:15:00,core-sw-01,port-id7429,server-uplink,283914076.0042477,156708658.0457286,46227.84766410124,21162.579290512476,827.8551005137479,0.01752620317524974,0.02980160444543448
M4,2026-03-02 11:20:00,core-sw-01,port-id7429,server-uplink,295992867.68119967,164871628.91929477,51169.85475667343,23278.98649937048,767.1274743993132,0.015404950321171312,0.02850623497108435
M4,2026-03-02 11:25:00,core-sw-01,port-id7429,server-uplink,289732651.88147247,161496193.51148853,48822.75730735699,22063.632464740906,834.8731230658906,0.01592469935483963,0.029034165106002395
M4,2026-03-02 11:30:00,core-sw-01,port-id7429,server-uplink,286957049.29190725,159132495.831151,48217.25148445861,21628.05302174929,815.158479866371,0.016143124754602174,0.028889961399471253
M4,2026-03-02 11:35:00,core-sw-01,port-id7429,server-uplink,291205747.5430387,165168273.19421658,48124.14220895446,22664.523707043572,823.8411415996927,0.017128581634596136,0.02832017052652263
M4,2026-03-02 11:40:00,core-sw-01,port-id7429,server-uplink,287121317.10579234,158874773.7331889,47809.18388174013,21639.65752828356,815.7597952421813,0.01645559746699011,0.02938988105539422
M4,2026-03-02 11:45:00,core-sw-01,port-id7429,server-uplink,303713786.70580566,168693444.88547373,50161.27268738647,23530.86906834182,795.0133465772694,0.015687789268164214,0.02732991890284174
M4,2026-03-02 11:50:00,core-sw-01,port-id7429,server-uplink,282062002.8702308,153364706.62662533,47226.94658854629,21007.44922954134,818.3023338827562,0.016813251413276775,0.029767728621559793
M4,2026-03-02 11:55:00,core-sw-01,port-id7429,server-uplink,279524846.6717041,156597707.19226786,44638.52951996126,20713.53093741557,846.4166082390306,0.01809353664810585,0.030210623252360475
M4,2026-03-02 12:00:00,core-sw-01,port-id7429,server-uplink,294937223.43461674,165696148.6886712,48444.8769270641,22019.99307329179,826.8565509087028,0.016523414880358245,0.028328708451821262
M4,2026-03-02 12:05:00,core-sw-01,port-id7429,server-uplink,265392935.62782797,148675646.4088511,43563.6453836966,20441.408499309193,787.5276174405875,0.018262863038170832,0.0312896460362934
M4,2026-03-02 12:10:00,core-sw-01,port-id7429,server-uplink,268298549.5080286,152973021.2546891,44947.27513496179,21707.397728884083,832.8570856225514,0.016933887542662437,0.030657663224560067
M4,2026-03-02 12:15:00,core-sw-01,port-id7429,server-uplink,291123135.64157593,165103580.66819018,47283.41911593869,22306.990596063126,812.1649197991159,0.016567495236730567,0.027794290227380752
M4,2026-03-02 12:20:00,core-sw-01,port-id7429,server-uplink,282976200.3147317,159593011.23587507,45476.14374513556,21338.773539256566,849.216046680604,0.016742494774654695,0.030596783278893164
M4,2026-03-02 12:25:00,core-sw-01,port-id7429,server-uplink,286040363.57053065,161754590.3100329,47521.72164710193,22513.084680441978,786.7853369500876,0.016130716369173567,0.027118684847990494
M4,2026-03-02 12:30:00,core-sw-01,port-id7429,server-uplink,284936885.65328574,156588692.27563915,47843.77843679259,21159.63703435609,777.0605709201328,0.017258657518182126,0.028306432722398838
M4,2026-03-02 12:35:00,core-sw-01,port-id7429,server-uplink,282234952.86868244,152840235.56093135,46307.68396985579,20694.53120105998,835.9292695270897,0.01751809980104462,0.029461873699002286
M4,2026-03-02 12:40:00,core-sw-01,port-id7429,server-uplink,283074268.30153227,156006534.1849817,45899.43103143888,20979.890305130204,786.8892178186147,0.017446048984258014,0.029039971668931033
M4,2026-03-02 12:45:00,core-sw-01,port-id7429,server-uplink,260362060.50758085,148851220.32432675,41788.22335117847,19930.921451242342,809.8387422960011,0.019011467731516473,0.031191372510194822
M4,2026-03-02 12:50:00,core-sw-01,port-id7429,server-uplink,288814505.7489594,162416601.61479867,48415.34795195965,22595.431108950317,784.4689985665173,0.015934797949722267,0.028423944696330264
M4,2026-03-02 12:55:00,core-sw-01,port-id7429,server-uplink,286767818.44452184,161296310.33704343,48467.25253728393,22109.391874458554,795.2887156442596,0.01723502938341131,0.02816179174193618
M4,2026-03-02 13:00:00,core-sw-01,port-id7429,server-uplink,296199843.02542436,164020461.4724314,49095.0435204393,22333.326528203215,815.4546387402225,0.015777339051266163,0.027726147543057873
M4,2026-03-02 13:05:00,core-sw-01,port-id7429,server-uplink,283507322.864291,159119511.2711235,48524.139958341555,22131.46545428225,769.1115153537055,0.015735615344851732,0.027364622977019467
M4,2026-03-02 13:10:00,core-sw-01,port-id7429,server-uplink,269889086.71452814,148341195.35352638,45385.523958134785,20409.469700800237,830.122989482058,0.018034588401611113,0.030154881663451483
M4,2026-03-02 13:15:00,core-sw-01,port-id7429,server-uplink,280388035.11074996,161941885.53463727,46265.80725796133,22180.342437707743,831.7538141500414,0.016398384559729924,0.028753726753215136
M4,2026-03-02 13:20:00,core-sw-01,port-id7429,server-uplink,282494963.1360125,160871870.6249997,45710.600967459715,21422.483748831164,855.4781489737945,0.017042967484952324,0.029356024519779724
M4,2026-03-02 13:25:00,core-sw-01,port-id7429,server-uplink,299889100.19646543,172423265.46848622,49408.87535290309,23412.332083815265,806.7305988007548,0.01592512398450182,0.02793620414770392
M4,2026-03-02 13:30:00,core-sw-01,port-id7429,server-uplink,295032022.4427255,163308113.50995407,48587.50958355124,22085.23798003505,785.3784653536873,0.015968373920986732,0.028508339541570626
M4,2026-03-02 13:35:00,core-sw-01,port-id7429,server-uplink,291341509.4278154,160398791.52079588,48369.1104207698,22048.91851207406,796.3829548179954,0.01704724250631408,0.027837824242565572
M4,2026-03-02 13:40:00,core-sw-01,port-id7429,server-uplink,275829082.4983706,154510524.02728534,45222.63087809481,20836.650391218573,819.3077033308219,0.018357262541992204,0.029235152785441004
M4,2026-03-02 13:45:00,core-sw-01,port-id7429,server-uplink,267071318.21762624,151921337.08722976,44540.64016222431,21149.65680349193,788.4752854279548,0.01777076419541187,0.031223297363211826
M4,2026-03-02 13:50:00,core-sw-01,port-id7429,server-uplink,283464344.6889583,154881238.9657456,45607.58116713143,20730.619262361695,861.213690876456,0.018124692835497173,0.03081049194078926
M4,2026-03-02 13:55:00,core-sw-01,port-id7429,server-uplink,283075002.3926228,153816419.9632015,46970.24838526424,20849.32139329798,798.7356361707715,0.017321375980406603,0.02922477488137536
M4,2026-03-02 14:00:00,core-sw-01,port-id7429,server-uplink,279204592.3873111,156033220.5161422,45288.426247004136,20513.986701693055,837.6893790221918,0.01844266358129836,0.030552223067828083
M4,2026-03-02 14:05:00,core-sw-01,port-id7429,server-uplink,275733685.4319314,157319729.68718028,43572.64048949209,20810.634363128072,830.9271660353065,0.018587409448274885,0.030109251616609625
M4,2026-03-02 14:10:00,core-sw-01,port-id7429,server-uplink,273568016.49413127,153195814.0332115,46078.67833655547,21464.934312482448,775.001690484997,0.01682223379799078,0.02906347800835975
M4,2026-03-02 14:15:00,core-sw-01,port-id7429,server-uplink,282559069.8980345,155844625.3601728,46668.12180065929,21136.49174418441,789.2146042105238,0.016789698644759397,0.029641927384362915
M4,2026-03-02 14:20:00,core-sw-01,port-id7429,server-uplink,281119133.2244305,158881485.95650706,45933.64604725409,21404.00774523981,823.6503995910598,0.01719452497202524,0.03095676163027385
M4,2026-03-02 14:25:00,core-sw-01,port-id7429,server-uplink,277931337.899579,152996190.47697052,45456.63194144327,20762.600062429217,840.5325297798333,0.016799635860446003,0.029764974229467354
M4,2026-03-02 14:30:00,core-sw-01,port-id7429,server-uplink,281145819.38803035,151520435.91224018,46896.24003127242,20920.02553680627,814.5766336264157,0.017791913470132478,0.028607655151258626
M4,2026-03-02 14:35:00,core-sw-01,port-id7429,server-uplink,275770435.4750254,157931455.63922504,43958.558035796515,21256.71653274974,827.8377646234953,0.017874717977914036,0.029368095231710793
M4,2026-03-02 14:40:00,core-sw-01,port-id7429,server-uplink,287002130.4529582,161274405.6236769,46542.56047092641,21828.362035087895,814.804961027925,0.017493188406439382,0.029049206618761318
M4,2026-03-02 14:45:00,core-sw-01,port-id7429,server-uplink,291314095.2649925,161363929.8129834,46568.235678781704,21628.330440957292,815.4122180089028,0.017256199740840375,0.028088836615953416
M4,2026-03-02 14:50:00,core-sw-01,port-id7429,server-uplink,299808553.82222354,169384351.39761576,49178.83099432071,22824.412859729524,787.2051088930879,0.01662247833564776,0.02943138796913384
M4,2026-03-02 14:55:00,core-sw-01,port-id7429,server-uplink,276421578.0964726,158312378.11940482,45047.83972992005,21589.710634393927,837.8802784102622,0.018206983432502145,0.029660550037219974
M4,2026-03-02 15:00:00,core-sw-01,port-id7429,server-uplink,281663854.674853,157913346.84428886,46398.495200706384,21325.97180002422,805.2979042083758,0.017508391557362266,0.0282184483321083
M4,2026-03-02 15:05:00,core-sw-01,port-id7429,server-uplink,280420099.7011187,157071124.99706417,45218.063198471296,20998.685578575794,808.3371964430276,0.016855203615192084,0.029645757700787298
M4,2026-03-02 15:10:00,core-sw-01,port-id7429,server-uplink,276269024.6306734,152419509.4901698,45712.29982040374,20821.726300417864,805.744017314467,0.017926817339724826,0.028537049351898762
M4,2026-03-02 15:15:00,core-sw-01,port-id7429,server-uplink,290619843.6900659,161723170.31196424,47928.209236308394,22167.758120332044,803.3346686390081,0.01627809493774203,0.028874397849987056
M4,2026-03-02 15:20:00,core-sw-01,port-id7429,server-uplink,294933840.59886,164905078.40119934,48597.0927689285,22857.133084535362,836.0559541806829,0.01600530382249941,0.027957863676054663
M4,2026-03-02 15:25:00,core-sw-01,port-id7429,server-uplink,272569742.3554259,151895882.82979095,43592.3173740629,20143.988835842498,833.4487844637738,0.017867960581944287,0.030461344114711564
M4,2026-03-02 15:30:00,core-sw-01,port-id7429,server-uplink,282124573.2798459,156524927.3214034,46279.91794768245,21420.093751247878,795.1374219110587,0.016088389143901816,0.03006121989296304
M4,2026-03-02 15:35:00,core-sw-01,port-id7429,server-uplink,295507860.1770404,162607292.26233068,47899.107206882945,21823.43705758595,833.0870444425259,0.01665169428543954,0.030868689912669365
M4,2026-03-02 15:40:00,core-sw-01,port-id7429,server-uplink,264789101.0957226,149183700.1587725,44202.71943580334,20457.885993983033,810.8165441302878,0.01715581756982948,0.02934906985941719
M4,2026-03-02 15:45:00,core-sw-01,port-id7429,server-uplink,280947303.12575597,155507838.98541865,45848.75971780308,21038.134314394672,823.3116451753858,0.017653605739561273,0.030187823215931383
M4,2026-03-02 15:50:00,core-sw-01,port-id7429,server-uplink,294160379.68430257,160497377.31860104,48275.608138733536,21683.836482583258,806.6903270373097,0.016880846088437606,0.028494373103052147
M4,2026-03-02 15:55:00,core-sw-01,port-id7429,server-uplink,280793041.2885517,160421226.416074,46250.56404056275,21734.601542898246,819.9637236152514,0.017597893720611855,0.029102961397668447
M4,2026-03-02 16:00:00,core-sw-01,port-id7429,server-uplink,295725182.19565284,165048787.96129915,49323.958745296564,22393.570551478173,796.079077146427,0.016464334285928042,0.02756615767834041
M4,2026-03-02 16:05:00,core-sw-01,port-id7429,server-uplink,299380983.2490499,169166744.90721047,47769.338988293006,22367.063566508124,805.6163726179261,0.016830600057318363,0.028748671866469757
M4,2026-03-02 16:10:00,core-sw-01,port-id7429,server-uplink,284773954.549159,156335361.20282772,47905.768063346855,21298.04362464122,832.3199716489944,0.01603829689301095,0.027838199470269873
M4,2026-03-02 16:15:00,core-sw-01,port-id7429,server-uplink,283380851.9364069,161861801.9170761,47960.49823495496,22766.603526903527,802.1633146921733,0.016232107581375967,0.027372369968131412
M4,2026-03-02 16:20:00,core-sw-01,port-id7429,server-uplink,288380419.1074365,161230143.289135,47500.887769617315,21808.63324733308,765.1902843177976,0.0165849270424815,0.026949148361438607
M4,2026-03-02 16:25:00,core-sw-01,port-id7429,server-uplink,274227333.60625696,154015413.76793045,45585.705937026425,21231.515903429503,793.0956575368148,0.01771595220814669,0.030111764597448548
M4,2026-03-02 16:30:00,core-sw-01,port-id7429,server-uplink,298685231.8543584,167728644.20148373,49939.29269744895,22570.913226932877,769.3765674831247,0.015818114100601192,0.02710152248294552
M4,2026-03-02 16:35:00,core-sw-01,port-id7429,server-uplink,283493125.8974185,157822305.48277774,45908.13127392347,21223.002439729953,790.684142596755,0.01746646708113047,0.028188457471439447
M4,2026-03-02 16:40:00,core-sw-01,port-id7429,server-uplink,284303385.04312,159866671.24024448,46861.66091007111,21869.066251240092,804.1942422371075,0.01647360081491198,0.02866984844353655
M4,2026-03-02 16:45:00,core-sw-01,port-id7429,server-uplink,302816248.9497386,170600977.49205416,50292.00453729236,23493.849046819636,804.1457177481441,0.015532345071405202,0.026810503076534296
M4,2026-03-02 16:50:00,core-sw-01,port-id7429,server-uplink,290499854.3568413,160652223.4046331,48453.94081681986,21938.092475210793,791.4160743937671,0.016390286066676505,0.02932867019442868
M4,2026-03-02 16:55:00,core-sw-01,port-id7429,server-uplink,294360058.4970117,162035134.53016463,47846.59678850942,21756.12828915263,825.8380967546011,0.016842196569905175,0.02847163454775595
M4,2026-03-02 17:00:00,core-sw-01,port-id7429,server-uplink,280397789.4584714,158094259.98536703,46883.851389011674,22068.40500702817,759.4008196373678,0.01686345964421453,0.029121183264937886
M4,2026-03-02 17:05:00,core-sw-01,port-id7429,server-uplink,303916749.4251075,173236827.9098755,49144.8106651889,23314.31370593279,857.3773995862194,0.01596912657054705,0.02641161623222293
M4,2026-03-02 17:10:00,core-sw-01,port-id7429,server-uplink,276541126.9522004,153518694.26851657,44878.93243275056,20907.876583074536,781.2694000307065,0.017155432906150507,0.03104425807222237
M4,2026-03-02 17:15:00,core-sw-01,port-id7429,server-uplink,270134129.5443599,150486539.88310358,44621.4289618087,20612.19970310403,814.1846924573335,0.017345668985313777,0.02807301148647876
M4,2026-03-02 17:20:00,core-sw-01,port-id7429,server-uplink,287355314.4724994,160796777.56726688,46816.294278722744,21530.621616315646,797.8386484708653,0.01690457366710027,0.029167995799387173
M4,2026-03-02 17:25:00,core-sw-01,port-id7429,server-uplink,291682513.72120196,160959774.46117812,47192.390102621306,21522.53105176289,815.2934411012916,0.016848346099968298,0.028123713687425743
M4,2026-03-02 17:30:00,core-sw-01,port-id7429,server-uplink,265795387.15622273,144301588.68415052,42987.96144817982,19166.418403594715,848.6756439764491,0.018828502685561396,0.030861452437726655
M4,2026-03-02 17:35:00,core-sw-01,port-id7429,server-uplink,253307213.3451122,141817941.95878577,41609.9256722852,19182.01008280855,797.8102983568702,0.018747592484904253,0.0304208596256278
M4,2026-03-02 17:40:00,core-sw-01,port-id7429,server-uplink,269305310.27465713,152378574.36954814,43975.80393455513,20465.247829145665,837.1184773289386,0.016880581795606617,0.027848378367652055
M4,2026-03-02 17:45:00,core-sw-01,port-id7429,server-uplink,284017706.9909214,155640227.75801858,47015.22523099747,21473.491482164838,824.985277471341,0.01583694966590496,0.026987097754697473
M4,2026-03-02 17:50:00,core-sw-01,port-id7429,server-uplink,271059109.47656244,151343769.59457982,44591.43890383344,20201.440565720728,829.0948433006394,0.016973220573722185,0.02933769526860793
M4,2026-03-02 17:55:00,core-sw-01,port-id7429,server-uplink,263313435.43568063,146966495.23088506,43082.90723151999,20154.81335758527,837.616755614591,0.018178377106861494,0.02918929296447382
M4,2026-03-02 18:00:00,core-sw-01,port-id7429,server-uplink,274154753.86276156,153429587.3554311,45220.295397447044,20961.94999173602,782.2578958023163,0.017004064749615706,0.029353263317705706
M4,2026-03-02 18:05:00,core-sw-01,port-id7429,server-uplink,261658643.98077264,143940251.52972734,43293.47462002327,19520.93978467647,825.3018535796372,0.01728323106331444,0.028440939889581143
M4,2026-03-02 18:10:00,core-sw-01,port-id7429,server-uplink,271611325.87948805,152242557.65791455,44727.70385913404,20801.512686254773,783.1105878871477,0.016795094029810054,0.027969731890146787
M4,2026-03-02 18:15:00,core-sw-01,port-id7429,server-uplink,270948069.00275016,149392614.82696903,45091.90133159039,20592.10313890945,774.9694060422796,0.01707751122186978,0.028389097992614323
M4,2026-03-02 18:20:00,core-sw-01,port-id7429,server-uplink,252702282.35498056,139994154.1958163,41606.74140767276,18822.4445941886,812.8391270442031,0.017479294983987082,0.029704962029744396
M4,2026-03-02 18:25:00,core-sw-01,port-id7429,server-uplink,277366636.7360745,159458276.3066223,46119.2406147827,21827.263333407278,846.1867812731931,0.015745998731012553,0.026397622617899127
M4,2026-03-02 18:30:00,core-sw-01,port-id7429,server-uplink,241419131.54972625,135213812.81258962,39658.967625096106,18648.42887373105,798.6829249566092,0.017991966285227468,0.03116875840124381
M4,2026-03-02 18:35:00,core-sw-01,port-id7429,server-uplink,249022358.161797,142350114.4493126,40787.42486266674,19583.93493372048,778.4022279561723,0.017215599753142533,0.02991018361380344
M4,2026-03-02 18:40:00,core-sw-01,port-id7429,server-uplink,251054635.95355204,140779676.18280405,40945.92888340291,19381.47202031157,836.1846938548923,0.017203556783850205,0.028696739935345734
M4,2026-03-02 18:45:00,core-sw-01,port-id7429,server-uplink,256874998.53578156,142958415.72415373,42434.55780258082,19767.254885956398,780.5163442296462,0.01618232428146191,0.02722077003545467
M4,2026-03-02 18:50:00,core-sw-01,port-id7429,server-uplink,245829665.27905533,137751800.69965637,40508.07214459847,18458.844978440702,781.0859544185922,0.01772782223468776,0.02896484903469146
M4,2026-03-02 18:55:00,core-sw-01,port-id7429,server-uplink,221536939.66498554,125333024.84460793,36436.75198839504,16785.331847248406,816.8292935600413,0.0177098710745846,0.032591092347047886
M4,2026-03-02 19:00:00,core-sw-01,port-id7429,server-uplink,238374366.89288893,132689096.77742809,39283.2273601378,18006.146311847308,830.8917691153744,0.01667476208818664,0.029034575396063633
M4,2026-03-02 19:05:00,core-sw-01,port-id7429,server-uplink,241403151.56124493,139108377.7357024,39522.24856510758,18790.749247456763,831.6982583237984,0.016318155852271376,0.02736299750855212
M4,2026-03-02 19:10:00,core-sw-01,port-id7429,server-uplink,236026513.69719404,134132355.81554116,38534.15156280753,17922.784952650007,833.4983071257146,0.016742458610681597,0.02726123772719207
M4,2026-03-02 19:15:00,core-sw-01,port-id7429,server-uplink,225872959.08056632,125849024.90841496,35903.06859859234,16533.25638105035,831.8629433511331,0.018000609347668048,0.031280108532523596
M4,2026-03-02 19:20:00,core-sw-01,port-id7429,server-uplink,234373109.74974525,133319600.7651892,37502.25346634908,17671.784245791674,829.9813412463518,0.01706097202224233,0.028046836826341907
M4,2026-03-02 19:25:00,core-sw-01,port-id7429,server-uplink,222737395.41258293,123451010.07536961,35911.05590460732,16506.43665565022,808.9187671538697,0.017355222272981554,0.027680236772089924
M4,2026-03-02 19:30:00,core-sw-01,port-id7429,server-uplink,206218594.34782815,114691753.26392369,34291.42174721564,15827.835505033343,784.5216356462026,0.01709783088150431,0.030306415177359613
M4,2026-03-02 19:35:00,core-sw-01,port-id7429,server-uplink,214857899.23788393,119824230.05232893,35535.0485971691,16452.857703249087,793.057225203213,0.01637274425733652,0.027689854956241194
M4,2026-03-02 19:40:00,core-sw-01,port-id7429,server-uplink,182917259.09764877,102786836.82072587,29681.54241939505,13932.558686758048,830.4208184354655,0.018197760755782527,0.03377200283643174
M4,2026-03-02 19:45:00,core-sw-01,port-id7429,server-uplink,212260333.48672453,121576300.27300826,35503.57875742036,16659.161250191075,776.0794999069353,0.014965161428402249,0.02613207720520191
M4,2026-03-02 19:50:00,core-sw-01,port-id7429,server-uplink,165213222.86324605,92384258.01972742,27504.519430031014,12678.220561666572,760.0124788651482,0.019173863760123977,0.03403244962417375
M4,2026-03-02 19:55:00,core-sw-01,port-id7429,server-uplink,184083645.20783144,104846084.46633592,29968.101490057677,14375.995748054447,813.667962725316,0.017358264598925716,0.028189303682148812
M4,2026-03-02 20:00:00,core-sw-01,port-id7429,server-uplink,182437696.10223445,103046699.9787749,29453.872319435723,13585.22056085928,827.2089657803148,0.01736811467237072,0.028666446348401153
M4,2026-03-02 20:05:00,core-sw-01,port-id7429,server-uplink,172498946.35576743,95417940.9793064,27983.050036360644,12644.006915557511,801.672297737314,0.01725105181037476,0.028921077400720238
M4,2026-03-02 20:10:00,core-sw-01,port-id7429,server-uplink,183510745.4822944,100004057.08819817,30727.401777957948,13862.335913475998,830.125376950249,0.015761458129121345,0.025829542479978932
M4,2026-03-02 20:15:00,core-sw-01,port-id7429,server-uplink,166360402.02553755,90637030.53976525,27446.154830171272,12344.209283176626,806.7526085642962,0.016510075768829898,0.028450744020728606
M4,2026-03-02 20:20:00,core-sw-01,port-id7429,server-uplink,164125582.80635467,93420187.94312192,26764.9278664618,12495.376064525031,850.9887507063239,0.016641903154787873,0.02817817756186108
M4,2026-03-02 20:25:00,core-sw-01,port-id7429,server-uplink,136767834.57762706,76396594.66115482,22708.915567368364,10459.066629026473,786.835586716653,0.01866183041361762,0.034020941828247074
M4,2026-03-02 20:30:00,core-sw-01,port-id7429,server-uplink,141662867.9705562,77556727.49580477,23658.272693840085,10843.997053551213,831.5173055437547,0.0164788838366306,0.02967102904095657
M4,2026-03-02 20:35:00,core-sw-01,port-id7429,server-uplink,127559190.03091924,77321727.88889799,20670.925409713636,10157.128594004078,840.9154343214902,0.01820909379188756,0.03211601144521245
M4,2026-03-02 20:40:00,core-sw-01,port-id7429,server-uplink,137757105.67461723,73526754.3929477,23590.54171202656,10252.185990504273,769.0602509992217,0.016617513664947077,0.028804246755587473
M4,2026-03-02 20:45:00,core-sw-01,port-id7429,server-uplink,146213954.96948734,84158820.99000755,24184.047259611525,11759.186758363157,799.858078127721,0.015714947542958768,0.026765477033153396
M4,2026-03-02 20:50:00,core-sw-01,port-id7429,server-uplink,140995284.57831347,72880788.40514818,23283.743271106327,9933.756028400265,801.3881789687125,0.016189644332371998,0.027521795712846898
M4,2026-03-02 20:55:00,core-sw-01,port-id7429,server-uplink,140301904.28498077,80584403.76669103,23969.197869743584,11119.747016020416,801.794556887182,0.014335464584757205,0.025138646568679097
M4,2026-03-02 21:00:00,core-sw-01,port-id7429,server-uplink,115181670.30920675,65742272.36739199,18687.282879353894,8699.786309636693,829.9070745653673,0.018713711542352112,0.031151049150327646
M4,2026-03-02 21:05:00,core-sw-01,port-id7429,server-uplink,100323003.65231705,48213202.02438795,16523.84020691467,6637.599817986985,784.2270183201384,0.02127877552096744,0.03611786734729742
M4,2026-03-02 21:10:00,core-sw-01,port-id7429,server-uplink,117109528.47165899,67478019.23164465,19191.444871566313,9056.81999194996,836.5048586927225,0.016657503220330806,0.027864123834406035
M4,2026-03-02 21:15:00,core-sw-01,port-id7429,server-uplink,114449233.18684824,64025781.685659766,18602.227905495496,8501.85199148486,823.2614984818746,0.017126110304488452,0.028688432566009885
M4,2026-03-02 21:20:00,core-sw-01,port-id7429,server-uplink,113861179.66822687,62405405.47507168,18518.661122994574,8359.82031789214,851.375523289157,0.017134557756812736,0.027953907067169506
M4,2026-03-02 21:25:00,core-sw-01,port-id7429,server-uplink,93328309.17905575,50128146.88641565,15650.98718637793,6894.827946651293,803.7633472884835,0.020311997217132043,0.033525453424142884
M4,2026-03-02 21:30:00,core-sw-01,port-id7429,server-uplink,108419847.49378888,59946136.31606622,17634.77300205102,7952.25457707799,817.2239102919661,0.017041324808941098,0.02682659694409895
M4,2026-03-02 21:35:00,core-sw-01,port-id7429,server-uplink,101785139.08494367,58059159.30304167,16697.163567082574,7840.325557412738,794.9269835810344,0.016714949286943063,0.029040477897878194
M4,2026-03-02 21:40:00,core-sw-01,port-id7429,server-uplink,117199826.40503076,64114360.458557755,18645.21275390776,8555.438332674785,860.0443919603307,0.015471961853602991,0.025096833051342127
M4,2026-03-02 21:45:00,core-sw-01,port-id7429,server-uplink,85961678.39088547,52918935.61203629,13913.471604537655,7154.812890450978,820.6317362586219,0.019119983720297558,0.031012626854844523
M4,2026-03-02 21:50:00,core-sw-01,port-id7429,server-uplink,90168011.1084531,52800383.8952937,14573.455386925418,6992.090259605702,813.1887011986548,0.017632634159524697,0.031148080315478267
M4,2026-03-02 21:55:00,core-sw-01,port-id7429,server-uplink,103444131.2710124,60630998.538229175,16761.712838992215,8270.694625054399,831.5037112103439,0.014483931764144366,0.024716027709675487
M4,2026-03-02 22:00:00,core-sw-01,port-id7429,server-uplink,108281112.76060927,60747351.54517799,17862.25135851797,8205.102099813454,787.0040871349584,0.014202503037974868,0.024722129971909573
M4,2026-03-02 22:05:00,core-sw-01,port-id7429,server-uplink,83023040.08465587,44724594.060406774,13335.43676427237,6039.129413334766,831.9828439301687,0.01899845674176814,0.03293217419865644
M4,2026-03-02 22:10:00,core-sw-01,port-id7429,server-uplink,90007349.6957303,51612443.24286328,14683.097211790913,7050.526277194028,812.7129351068472,0.016286994630576593,0.02813792695298455
M4,2026-03-02 22:15:00,core-sw-01,port-id7429,server-uplink,59006256.055762246,36037085.37074088,9697.748009006042,4774.115708416423,820.7482487658502,0.025231322884919957,0.042234731845253
M4,2026-03-02 22:20:00,core-sw-01,port-id7429,server-uplink,80200341.14870581,46449639.129429944,13328.790153044225,6244.091418258124,841.2580853715522,0.017502383485428544,0.031064430624526886
M4,2026-03-02 22:25:00,core-sw-01,port-id7429,server-uplink,94506085.58862288,53733615.20586671,15304.339158694138,7278.959728059856,846.7495504967748,0.015291001699585532,0.025909484994320255
M4,2026-03-02 22:30:00,core-sw-01,port-id7429,server-uplink,77879920.11938068,45784869.87541421,13203.406009173597,6300.588679960513,791.8655698566218,0.016981334834452133,0.030786720508381035
M4,2026-03-02 22:35:00,core-sw-01,port-id7429,server-uplink,84231491.53123136,49574293.73189191,13840.329438726365,6934.693316868213,816.5145008961149,0.01569408681176161,0.027778057444209813
M4,2026-03-02 22:40:00,core-sw-01,port-id7429,server-uplink,87599168.50679997,45255469.223648876,14405.590137360627,5996.789920707635,821.9294459839448,0.016786761644095552,0.02782953172432727
M4,2026-03-02 22:45:00,core-sw-01,port-id7429,server-uplink,67073171.02249682,39467210.73923706,11044.950773984328,5247.666557741309,797.5877968766673,0.020640092090189525,0.035207214566421396
M4,2026-03-02 22:50:00,core-sw-01,port-id7429,server-uplink,84368719.05022457,51669868.16942761,13725.867867869485,6871.633288226427,815.6504811953223,0.016500253100731485,0.027999812037130558
M4,2026-03-02 22:55:00,core-sw-01,port-id7429,server-uplink,78877650.18874294,46555972.56081883,12990.347421145128,6287.229688587273,816.9146673708773,0.01711356853469483,0.028314839741309356
M4,2026-03-02 23:00:00,core-sw-01,port-id7429,server-uplink,79654080.74970971,44947122.8857824,13168.618726826659,6203.083308899928,816.3339960044829,0.01678421658975781,0.029412218605861472
M4,2026-03-02 23:05:00,core-sw-01,port-id7429,server-uplink,82880010.7425349,45985440.868684866,13524.004615922193,6043.907996032792,825.1199362481472,0.017046365689224935,0.02926543636076981
M4,2026-03-02 23:10:00,core-sw-01,port-id7429,server-uplink,76953677.55057725,45860049.93421437,13035.418660201933,6222.039088299315,793.6734046977145,0.016145897407569904,0.028483196025160765
M4,2026-03-02 23:15:00,core-sw-01,port-id7429,server-uplink,68717987.24980256,36090170.51414144,11536.804601804459,5010.283457623256,765.8954568649401,0.019691820740883364,0.03343867303075834
M4,2026-03-02 23:20:00,core-sw-01,port-id7429,server-uplink,82335518.94907054,42640518.45084145,13353.22893655154,5548.94155959066,854.1235540039543,0.016783077969471514,0.029065845849326095
M4,2026-03-02 23:25:00,core-sw-01,port-id7429,server-uplink,61462560.4210813,30900297.68183382,10016.169186028756,4051.4996537157717,849.108982381716,0.022518912681503484,0.03876439336590554
M4,2026-03-02 23:30:00,core-sw-01,port-id7429,server-uplink,92460889.99007328,52542274.432687454,15185.874625717579,7056.402743783394,843.8488242840931,0.013885830635695413,0.02574604309944995
M4,2026-03-02 23:35:00,core-sw-01,port-id7429,server-uplink,69309002.44613007,35389303.814892255,11174.132443923852,5070.452236390603,813.6305703335622,0.019069528230786028,0.032344460832400015
M4,2026-03-02 23:40:00,core-sw-01,port-id7429,server-uplink,66897745.460618824,39625637.47159887,10952.609199604483,5385.9587979331045,811.3657296904387,0.01864773961526636,0.03323123729803459
M4,2026-03-02 23:45:00,core-sw-01,port-id7429,server-uplink,57304321.94507641,34182626.32257222,9653.883909971151,4787.824481049519,753.2812551360055,0.0224819968541234,0.03602295638297451
M4,2026-03-02 23:50:00,core-sw-01,port-id7429,server-uplink,73986946.25053732,40175974.54288899,12124.014211420965,5575.485879825274,796.129744605421,0.017617905898842674,0.029901085080393713
M4,2026-03-02 23:55:00,core-sw-01,port-id7429,server-uplink,93561589.1713148,53628329.84698711,15877.027666938004,7276.925153583287,792.4067218103432,0.013245685379995919,0.02276374858367434
M4,2026-03-03 00:00:00,core-sw-01,port-id7429,server-uplink,48583183.97423983,26952631.52590613,7927.402749665525,3750.7157112051736,806.5990468870262,0.02700392701856767,0.04417233299000451
M4,2026-03-03 00:05:00,core-sw-01,port-id7429,server-uplink,86499715.01870494,42874281.443581454,14351.943814530921,5758.354239962016,818.9381316678862,0.015658198696444654,0.024847700454186775
M4,2026-03-03 00:10:00,core-sw-01,port-id7429,server-uplink,80058638.14642677,43571714.38624096,12944.54833514043,6068.858007226214,798.3778697410869,0.016635075155995122,0.027172562423208275
M4,2026-03-03 00:15:00,core-sw-01,port-id7429,server-uplink,52516643.06009369,27781076.636597816,9084.778750820766,3841.0009489831887,788.5275531370362,0.023028128793007672,0.03955565342092454
M4,2026-03-03 00:20:00,core-sw-01,port-id7429,server-uplink,70812824.44257534,41291256.91774034,11269.398011811674,5564.487072166509,845.1835982384671,0.018480484527678687,0.030551800943893495
M4,2026-03-03 00:25:00,core-sw-01,port-id7429,server-uplink,62929740.3597049,37323559.976336315,10541.733166023088,5314.948492493847,806.2963319504014,0.019741056505574915,0.032658565602097636
M4,2026-03-03 00:30:00,core-sw-01,port-id7429,server-uplink,78360196.11580625,44324300.29915454,12765.889956476934,6065.955895449786,860.3659373551664,0.015959940831583263,0.028951861967053467
M4,2026-03-03 00:35:00,core-sw-01,port-id7429,server-uplink,67719568.97957605,38361921.404887915,11165.766254764507,5011.316277942124,803.3817676268234,0.01856425266649273,0.03209922850712386
M4,2026-03-03 00:40:00,core-sw-01,port-id7429,server-uplink,67442599.91399083,40707544.29833066,10924.574201766553,5441.009539626366,806.2092326629764,0.018826028596896756,0.03248164975269893
M4,2026-03-03 00:45:00,core-sw-01,port-id7429,server-uplink,70044805.0414734,43932620.77767702,11404.393378000223,5606.284881110062,790.6672162102357,0.018219303116725042,0.031863564436707265
M4,2026-03-03 00:50:00,core-sw-01,port-id7429,server-uplink,59776784.564622805,29575933.82466164,10209.623758119613,4104.107994183559,777.4782242077835,0.02142371525950991,0.03778101954619486
M4,2026-03-03 00:55:00,core-sw-01,port-id7429,server-uplink,66508795.69397755,37519125.98308016,10910.009155140258,4938.745336311567,762.7514303478745,0.019426714142321982,0.033648473274048296
M4,2026-03-03 01:00:00,core-sw-01,port-id7429,server-uplink,59838574.80767386,34018232.902627386,9884.593183880956,4507.627122685651,837.7023660954288,0.02096151880212608,0.03811570087479304
M4,2026-03-03 01:05:00,core-sw-01,port-id7429,server-uplink,79165489.83877447,41607235.13976876,12723.24724885041,5245.660179706783,842.7122482326046,0.01763365788026861,0.030344847090810846
M4,2026-03-03 01:10:00,core-sw-01,port-id7429,server-uplink,67080257.228453234,36491153.46312466,10712.879460186952,4729.348147219931,830.8446510195064,0.019895888462359995,0.032177436168183256
M4,2026-03-03 01:15:00,core-sw-01,port-id7429,server-uplink,77515495.82305704,45896955.49643363,12906.758800130978,6169.222454967704,798.5994883792498,0.016664690781083114,0.02761908432534839
M4,2026-03-03 01:20:00,core-sw-01,port-id7429,server-uplink,55921619.19719615,30641502.702607512,8687.293903100637,4111.486473167309,814.3828542557735,0.02345489260864225,0.039585886344128726
M4,2026-03-03 01:25:00,core-sw-01,port-id7429,server-uplink,71929669.49219824,40764658.44269465,11950.968727339901,5699.229824284333,779.086334814865,0.01745499004487914,0.029398827356546784
M4,2026-03-03 01:30:00,core-sw-01,port-id7429,server-uplink,80944256.32194975,49915000.334629074,13180.086530420635,6678.1324918713835,817.874317790133,0.014742444335305412,0.026216754771808463
M4,2026-03-03 01:35:00,core-sw-01,port-id7429,server-uplink,75634458.50985205,46007367.56346737,12619.012383918433,6007.560493315698,800.6884694997428,0.01625528484394753,0.028570151008601035
M4,2026-03-03 01:40:00,core-sw-01,port-id7429,server-uplink,73595051.95890445,39531026.783859886,12555.002443434943,5516.893479627188,780.3032600781015,0.017150297862954935,0.028272536234382
M4,2026-03-03 01:45:00,core-sw-01,port-id7429,server-uplink,89810992.81448036,49419047.42265798,14369.07369813084,6562.3671314017265,807.854044386317,0.014631624738769958,0.024824282918785984
M4,2026-03-03 01:50:00,core-sw-01,port-id7429,server-uplink,57730108.20710312,34907119.84454069,9214.877565574558,4589.4004029011485,809.27976911032,0.021880479773283515,0.03867139120557303
M4,2026-03-03 01:55:00,core-sw-01,port-id7429,server-uplink,88973661.59694317,51717107.16894077,14647.931689686513,6839.021871446263,823.3769891436209,0.013913644490674504,0.023201176748297307
M4,2026-03-03 02:00:00,core-sw-01,port-id7429,server-uplink,60657011.307047315,34247146.30029996,10137.232295017457,4524.770565579122,799.9731216537554,0.020208873840815256,0.037026504320115124
M4,2026-03-03 02:05:00,core-sw-01,port-id7429,server-uplink,88442896.19367965,48930981.09110031,14543.174916612812,6458.078578525542,840.8603519535723,0.014602488178782774,0.024598857697143754
M4,2026-03-03 02:10:00,core-sw-01,port-id7429,server-uplink,70033260.48565993,44783740.14768379,11392.23629394339,6162.805314170141,816.6429766840032,0.017772827067485834,0.02967900417851164
M4,2026-03-03 02:15:00,core-sw-01,port-id7429,server-uplink,65057398.93121738,36771091.05875596,10588.491332772714,5010.485656598333,847.0841198694843,0.019234834308981767,0.03308195642610634
M4,2026-03-03 02:20:00,core-sw-01,port-id7429,server-uplink,83210652.67784435,44952062.90938292,13609.941506535604,6144.51577396677,808.5767712313185,0.015228736077405464,0.02589174627063585
M4,2026-03-03 02:25:00,core-sw-01,port-id7429,server-uplink,90603791.42755929,49269578.60749713,15338.714684371267,6931.197380532042,816.0016452187792,0.013660498638578126,0.023142279019258652
M4,2026-03-03 02:30:00,core-sw-01,port-id7429,server-uplink,78710520.75493744,49403733.43654275,13516.274474117337,6806.24137615957,784.8642730302221,0.014850420773609908,0.025293350933695804
M4,2026-03-03 02:35:00,core-sw-01,port-id7429,server-uplink,50604054.3030049,27629752.748978626,8171.127427875305,3807.2362307101334,814.5548206464783,0.026092254731176434,0.04409186878213118
M4,2026-03-03 02:40:00,core-sw-01,port-id7429,server-uplink,83296332.03227283,46266902.353022374,13756.536209192995,6521.683136017355,829.0772529646955,0.015549891003842705,0.026891943924146414
M4,2026-03-03 02:45:00,core-sw-01,port-id7429,server-uplink,73924807.01527186,41238117.37976041,12117.054493052876,5598.920445761822,786.6168786606074,0.017848604357266092,0.030743250699014207
M4,2026-03-03 02:50:00,core-sw-01,port-id7429,server-uplink,68122384.65458079,36220944.16268265,11291.641017532635,4995.468330382387,822.3143046091513,0.019531037663186316,0.03324230830012638
M4,2026-03-03 02:55:00,core-sw-01,port-id7429,server-uplink,69183284.64169578,43479979.94348133,11085.729001916712,5754.9310173470485,802.8211970108788,0.01748490792273395,0.03137023051963848
M4,2026-03-03 03:00:00,core-sw-01,port-id7429,server-uplink,62729699.510664575,35679881.65835234,10448.551310878052,4681.904782337225,812.0364765894531,0.020239674599529377,0.034833685623473026
M4,2026-03-03 03:05:00,core-sw-01,port-id7429,server-uplink,66647077.53661807,36243732.135157995,11006.196937857692,4890.136298857637,851.7944572666636,0.019898371060488394,0.032599978468163586
M4,2026-03-03 03:10:00,core-sw-01,port-id7429,server-uplink,70018538.48044394,37730338.09950261,11390.17995131786,5142.862480338289,812.6132470485798,0.019207864887179762,0.0321027343345805
M4,2026-03-03 03:15:00,core-sw-01,port-id7429,server-uplink,68503202.22893895,39267585.11145737,11375.035458091997,5342.752190006309,798.8325109708642,0.019034191838843507,0.03217163380329247
M4,2026-03-03 03:20:00,core-sw-01,port-id7429,server-uplink,77850104.49939552,44175828.09887916,13030.950346050991,6095.778067609364,780.4231544059106,0.016361709857325442,0.027282930978050523
M4,2026-03-03 03:25:00,core-sw-01,port-id7429,server-uplink,78360175.68182854,42514939.47549696,12880.892269272945,5650.184870994507,824.3362944590482,0.015367887756160943,0.027816504250068316
M4,2026-03-03 03:30:00,core-sw-01,port-id7429,server-uplink,65353733.43001238,37772657.53158038,10593.869530980064,4909.504757129541,850.8351338991573,0.020350337028748288,0.03303798350228897
M4,2026-03-03 03:35:00,core-sw-01,port-id7429,server-uplink,68136915.89772126,37771940.3141607,11020.657054207713,5083.120877109466,829.8544986582373,0.019737338628371702,0.03323404969118375
M4,2026-03-03 03:40:00,core-sw-01,port-id7429,server-uplink,66278241.6221113,37809695.75144364,11294.756570437406,5344.082455194981,830.3909987049311,0.01927366013710589,0.03166676630444636
M4,2026-03-03 03:45:00,core-sw-01,port-id7429,server-uplink,97987438.0421717,50673770.312205374,15884.095236036816,6821.151105292447,818.1980212277612,0.013865244309511186,0.023380492302707723
M4,2026-03-03 03:50:00,core-sw-01,port-id7429,server-uplink,84024002.58670165,49083533.5761005,14096.326952277557,6797.27653433195,790.7711998564774,0.014574853991518246,0.025885660300093528
M4,2026-03-03 03:55:00,core-sw-01,port-id7429,server-uplink,61429045.528637156,36289578.595099494,10066.16251382051,4849.552635849138,796.8411087417364,0.021602586357066317,0.03590162517136619
M4,2026-03-03 04:00:00,core-sw-01,port-id7429,server-uplink,84268328.32479052,45612433.98895008,13748.606358897929,6147.931024475948,789.8349869189603,0.016258602098909697,0.027050692347137358
M4,2026-03-03 04:05:00,core-sw-01,port-id7429,server-uplink,81737901.04867166,42474149.73029173,13021.834258152305,5701.148020565845,873.9140242334624,0.01627466048654756,0.02907728265222859
M4,2026-03-03 04:10:00,core-sw-01,port-id7429,server-uplink,77338288.46070914,39102689.0457976,12693.929758399127,5299.407272577484,793.1010095207756,0.017895238121184282,0.029989832379195752
M4,2026-03-03 04:15:00,core-sw-01,port-id7429,server-uplink,82779658.03881295,44311033.15523551,14133.012341083582,6099.3887382618395,780.5669608094516,0.01559438481177083,0.02702054609694942
M4,2026-03-03 04:20:00,core-sw-01,port-id7429,server-uplink,78736947.16538629,42335639.370539464,13141.242400170328,5875.93046923128,820.2832637340208,0.017179226475224865,0.02858625788686888
M4,2026-03-03 04:25:00,core-sw-01,port-id7429,server-uplink,107915751.73563176,57940698.68553898,17674.4313468591,7943.699015391661,814.2982793463766,0.01234438717873804,0.0223374935316212
M4,2026-03-03 04:30:00,core-sw-01,port-id7429,server-uplink,74576165.48327234,36657121.96897963,12410.456191494435,4893.899672839164,776.2755559144515,0.0189618653106736,0.03254297080904487
M4,2026-03-03 04:35:00,core-sw-01,port-id7429,server-uplink,66035430.356718205,38696831.255510844,11462.396407646185,5161.710431213663,786.3896664469667,0.019505292915394965,0.03521405158297998
M4,2026-03-03 04:40:00,core-sw-01,port-id7429,server-uplink,89859485.88766584,49297016.53155657,15068.148278400755,6572.562236503186,818.5159242866301,0.015372259353592486,0.026192816219606598
M4,2026-03-03 04:45:00,core-sw-01,port-id7429,server-uplink,84724637.90119116,48143584.831729956,13845.791379573739,6243.811615333324,828.5558179927637,0.01672214525559543,0.027845512157121707
M4,2026-03-03 04:50:00,core-sw-01,port-id7429,server-uplink,57112278.123336695,32290800.09924182,9368.003114416793,4190.324500702645,837.5496669557843,0.024880389737340983,0.042018054696098095
M4,2026-03-03 04:55:00,core-sw-01,port-id7429,server-uplink,77897377.94523679,40406972.559275575,12493.484512278046,5477.608940182145,811.3293208907041,0.01962366403175101,0.03202091057466445
M4,2026-03-03 05:00:00,core-sw-01,port-id7429,server-uplink,54770536.592298456,34936919.007548966,9332.276606182335,4753.291715671385,798.6494931329559,0.024783605560120194,0.042697850739150466
M4,2026-03-03 05:05:00,core-sw-01,port-id7429,server-uplink,78859757.63921551,43220924.22679869,12941.273899442112,6063.692461554765,772.1548660644086,0.017875676463119567,0.03261971578681895
M4,2026-03-03 05:10:00,core-sw-01,port-id7429,server-uplink,86073194.60327563,48445993.04443261,14168.805137653899,6525.613150790915,818.3987613553245,0.016896127610230207,0.02841881166897013
M4,2026-03-03 05:15:00,core-sw-01,port-id7429,server-uplink,70171686.11801143,39815296.44235931,11108.236336875538,5485.850493092052,863.3928989019952,0.021336571463519367,0.03834654661791643
M4,2026-03-03 05:20:00,core-sw-01,port-id7429,server-uplink,88913854.96162821,50327243.025677964,14320.5612496842,6645.797898224353,836.5711573880359,0.017064990473663947,0.029721646143927798
M4,2026-03-03 05:25:00,core-sw-01,port-id7429,server-uplink,98662526.12278955,54135390.2761393,16941.415093115458,7332.185390826946,805.7620481428896,0.015157204708910427,0.02716121431584599
M4,2026-03-03 05:30:00,core-sw-01,port-id7429,server-uplink,92166685.99349993,55561867.43528854,15272.809622462135,7559.807014741202,792.4338468375404,0.01618432899270353,0.028779927182830928
M4,2026-03-03 05:35:00,core-sw-01,port-id7429,server-uplink,108634886.18698464,62322805.839504145,17876.949322727338,8646.591644940621,810.9911658814073,0.014656156717463361,0.024870141825516275
M4,2026-03-03 05:40:00,core-sw-01,port-id7429,server-uplink,96578709.41339584,56194935.77294837,15843.51238203746,7527.041432276621,807.6471879107937,0.017461870847864852,0.0284945571517175
M4,2026-03-03 05:45:00,core-sw-01,port-id7429,server-uplink,89812441.03178923,48317007.4044174,14615.598536844393,6548.604415414925,844.096360694774,0.01903575743734966,0.032025632932677794
M4,2026-03-03 05:50:00,core-sw-01,port-id7429,server-uplink,104251225.89591102,58079120.62582566,16284.809380542965,7665.810224827887,836.194479479076,0.01697509868918027,0.03019606139540162
M4,2026-03-03 05:55:00,core-sw-01,port-id7429,server-uplink,92475880.48906915,50887810.16279391,15154.879985734206,6964.25230425613,800.0138446832066,0.01915451024828106,0.03368283542673351
M4,2026-03-03 06:00:00,core-sw-01,port-id7429,server-uplink,85211434.80596268,49216388.06738104,13685.654238114183,6737.611040340829,815.019713253382,0.020206619072229898,0.037233495749814965
M4,2026-03-03 06:05:00,core-sw-01,port-id7429,server-uplink,117539190.53575325,66244747.23800401,19516.958950655466,9074.816622574068,791.9014116106026,0.01605906555286776,0.02692273734648331
M4,2026-03-03 06:10:00,core-sw-01,port-id7429,server-uplink,105960425.4000547,65760636.71007048,17269.68996555976,8865.000254627395,813.7696803515627,0.017757563191416505,0.032274630980954566
M4,2026-03-03 06:15:00,core-sw-01,port-id7429,server-uplink,113516944.58181886,66009583.649148636,18338.9389708054,8909.84701371962,829.7233735104564,0.017918610083807032,0.02901954727880906
M4,2026-03-03 06:20:00,core-sw-01,port-id7429,server-uplink,126508242.60612048,70759113.28953934,21307.558992306556,9723.152588363704,800.4271588817523,0.01579043752852273,0.02789590388506366
M4,2026-03-03 06:25:00,core-sw-01,port-id7429,server-uplink,120243296.67704648,66001579.227047384,19595.621013937307,9012.625242282113,807.3415236809627,0.018410152887907174,0.030734704914875313
M4,2026-03-03 06:30:00,core-sw-01,port-id7429,server-uplink,142408314.35412693,83774589.13622153,23523.784013036624,11337.364943090468,806.807066426073,0.015167189767848185,0.025474542860748278
M4,2026-03-03 06:35:00,core-sw-01,port-id7429,server-uplink,166510897.21753263,91774215.5243509,27151.249091610625,12500.366400250354,822.1185703810747,0.014198788784383088,0.02451735923053387
M4,2026-03-03 06:40:00,core-sw-01,port-id7429,server-uplink,144041684.61296842,76100046.84404676,23407.52937899304,10280.874664765799,826.3934775301321,0.01666206030269767,0.02937976656616664
M4,2026-03-03 06:45:00,core-sw-01,port-id7429,server-uplink,130776000.12985092,76548097.70299794,21664.827672733918,10691.620655657183,801.50747626199,0.019097913800860587,0.031541527353476
M4,2026-03-03 06:50:00,core-sw-01,port-id7429,server-uplink,157315556.26171854,91661571.98699261,25769.056317588827,12227.09550652139,821.8002193824275,0.016630159473991418,0.02841333175343192
M4,2026-03-03 06:55:00,core-sw-01,port-id7429,server-uplink,152995893.59172052,85342890.73762348,25286.08950542111,11611.060770447453,815.6681850945538,0.01794193830643479,0.029331393991943497
M4,2026-03-03 07:00:00,core-sw-01,port-id7429,server-uplink,176737603.04891098,98200264.05099782,28901.905398948973,13400.604631707256,787.4438890805072,0.016068373075716694,0.026981068694235902
M4,2026-03-03 07:05:00,core-sw-01,port-id7429,server-uplink,158400165.64619038,89933285.02715388,26072.946757714533,12149.604933245824,840.7616772129526,0.018668424449963646,0.03141721411937317
M4,2026-03-03 07:10:00,core-sw-01,port-id7429,server-uplink,189811928.0576535,102811955.83979921,31256.218606993596,14378.695849868502,826.9730732065367,0.016275684290892024,0.02678918847570228
M4,2026-03-03 07:15:00,core-sw-01,port-id7429,server-uplink,180483003.30908298,102285976.70834681,29787.78298161524,13943.781963601565,829.8927236496462,0.017344889427159074,0.029365436876951853
M4,2026-03-03 07:20:00,core-sw-01,port-id7429,server-uplink,192093414.53159422,112335263.26065108,31101.546068354142,15113.662656103965,824.220644490665,0.016491718613092562,0.028105537789793928
M4,2026-03-03 07:25:00,core-sw-01,port-id7429,server-uplink,200126099.30722612,113561973.12703967,32509.216050396877,15476.232290604004,799.9361004757544,0.017292898054599035,0.029868707648621907
M4,2026-03-03 07:30:00,core-sw-01,port-id7429,server-uplink,198072924.39733288,112614687.11607344,32151.389834419857,15322.201514358872,808.8491435484967,0.017155062603399624,0.029796108948083034
M4,2026-03-03 07:35:00,core-sw-01,port-id7429,server-uplink,206547904.3814741,118199523.40969756,33815.48181800085,15807.388499299797,841.4887859800222,0.01780231878846507,0.029147801636780473
M4,2026-03-03 07:40:00,core-sw-01,port-id7429,server-uplink,208426441.08680674,119975837.75714552,33252.49496529512,16563.150660815856,817.4768728432723,0.01774157803786664,0.030236483089504315
M4,2026-03-03 07:45:00,core-sw-01,port-id7429,server-uplink,196801836.21270818,110651481.39464639,32253.78374529598,14851.377882549748,815.050393890584,0.019216074145910596,0.03149050058916627
M4,2026-03-03 07:50:00,core-sw-01,port-id7429,server-uplink,225686171.52317578,125379567.19418427,36053.815431000454,17094.509767593183,840.0184244266316,0.017767591623528763,0.029161290456454565
M4,2026-03-03 07:55:00,core-sw-01,port-id7429,server-uplink,234981694.1274794,131765281.02281028,38158.9634120278,17984.962849681746,814.9155111161756,0.017243610985094415,0.028130935126864272
M4,2026-03-03 08:00:00,core-sw-01,port-id7429,server-uplink,251330283.47065824,140887280.1882899,41607.15377062686,18912.63798699161,796.4772313411032,0.015639153290176032,0.026893210873431037
M4,2026-03-03 08:05:00,core-sw-01,port-id7429,server-uplink,241089779.19693306,133249724.64958495,39711.3251836126,18516.32929620434,809.7201418731329,0.01704521921365124,0.029713155064893842
M4,2026-03-03 08:10:00,core-sw-01,port-id7429,server-uplink,248407953.3982926,136606677.96224174,40365.29443132137,18714.565451209386,819.7098707450299,0.016403293950021276,0.02897830885976281
M4,2026-03-03 08:15:00,core-sw-01,port-id7429,server-uplink,251669326.81314754,139162102.8935222,41844.70512271061,19315.758960275445,796.5542358430536,0.01564385790723908,0.02873259532191795
M4,2026-03-03 08:20:00,core-sw-01,port-id7429,server-uplink,243297308.72931358,136802115.02841243,39129.1223588487,18420.987042889552,811.4764780214755,0.017239356298056025,0.031257370922878246
M4,2026-03-03 08:25:00,core-sw-01,port-id7429,server-uplink,250641617.36065647,135416155.447143,41355.493444170796,18323.4644236757,791.3443535274906,0.017660938365168008,0.030121569395118154
M4,2026-03-03 08:30:00,core-sw-01,port-id7429,server-uplink,257112701.0618079,142042616.4167798,41800.43231193155,19440.12957184041,821.4813969530996,0.016681596228035497,0.02866757901953201
M4,2026-03-03 08:35:00,core-sw-01,port-id7429,server-uplink,399047808.9003073,387309203.77267116,60358.933646318226,44074.84573146466,904.0438938763912,0.010113606134495922,0.017470458181977216
M4,2026-03-03 08:40:00,core-sw-01,port-id7429,server-uplink,389503103.8365122,381158398.7214563,57867.87630417888,43152.84400922111,950.05762722639,0.01046775151747142,0.01807120753155556
M4,2026-03-03 08:45:00,core-sw-01,port-id7429,server-uplink,402279955.8466412,394242498.56948376,62335.16526728962,46739.312070261694,912.4080418284718,0.009951419389332397,0.017231209973146606
M4,2026-03-03 08:50:00,core-sw-01,port-id7429,server-uplink,393121927.2730756,383849220.7851856,57645.48261603172,43365.03233335198,985.5764423483668,0.010340973761857193,0.018921569777979656
M4,2026-03-03 08:55:00,core-sw-01,port-id7429,server-uplink,413053867.29856175,395973537.3405435,61383.08846886867,45459.883553422645,913.2919901098245,0.010052655604907042,0.017261907931034395
M4,2026-03-03 09:00:00,core-sw-01,port-id7429,server-uplink,467684146.9044723,483626763.1011048,67517.8999555691,52178.76726003629,983.6487750035479,0.00938529746641304,0.016007622726765296
M4,2026-03-03 09:05:00,core-sw-01,port-id7429,server-uplink,473521827.8981174,488912432.9542472,68496.57315558678,52553.8254158642,992.2901603996428,0.009451176905158992,0.015401652363001039
M4,2026-03-03 09:10:00,core-sw-01,port-id7429,server-uplink,481455193.0681432,492367106.56020653,69411.25381756484,52845.05680472147,1012.7697396307152,0.009116336778066439,0.015812620505203167
M4,2026-03-03 09:15:00,core-sw-01,port-id7429,server-uplink,475640227.12080735,488975401.9532093,67550.22570618769,51572.57685373129,1032.1946097494922,0.009261358252177526,0.016855515919615812
M4,2026-03-03 09:20:00,core-sw-01,port-id7429,server-uplink,474021346.785975,488439687.98846686,68110.08361774111,52510.96887006488,1008.0067525581941,0.009229904156596193,0.016243043013724073
M4,2026-03-03 09:25:00,core-sw-01,port-id7429,server-uplink,473478055.75060225,487747633.5959082,67445.53990269896,52255.16697024947,989.5697680126751,0.009182322583535161,0.015897823603631362
M4,2026-03-03 09:30:00,core-sw-01,port-id7429,server-uplink,484839281.22443026,496034553.9997006,69734.94177483642,53297.97705779093,987.802977245056,0.009065042041826015,0.015300434741228306
M4,2026-03-03 09:35:00,core-sw-01,port-id7429,server-uplink,479534433.48312736,491662052.4341325,68632.07829925038,52229.84242208563,1004.7721382454171,0.009250105726377111,0.015701613272332937
M4,2026-03-03 09:40:00,core-sw-01,port-id7429,server-uplink,478569221.4787101,491095422.46730644,68943.35419263487,52926.17500957138,993.9682765709639,0.009563989143114552,0.01598699731387993
M4,2026-03-03 09:45:00,core-sw-01,port-id7429,server-uplink,477956812.33304334,490656449.995163,68780.99513318807,52145.44237215233,984.4414567564664,0.009507455132308983,0.016693878362726202
M4,2026-03-03 09:50:00,core-sw-01,port-id7429,server-uplink,474343236.56975234,489124794.0191058,68563.19240679005,52489.90809495275,996.7151578639755,0.009706066627710515,0.016607927523668
M4,2026-03-03 09:55:00,core-sw-01,port-id7429,server-uplink,471533281.95238364,489252461.30548066,67792.85265053666,52785.677879082024,1014.9280960622011,0.009580704219472328,0.016609539344694644
M4,2026-03-03 10:00:00,core-sw-01,port-id7429,server-uplink,478908146.6182108,491008625.11302537,69274.62354916241,52930.187292847826,977.6668236137034,0.00931666905719599,0.015322232737199081
M4,2026-03-03 10:05:00,core-sw-01,port-id7429,server-uplink,483450165.31858957,493216936.33895713,69322.6956161203,52692.66526694098,994.9355588460202,0.00875723995775883,0.016076923594713174
M4,2026-03-03 10:10:00,core-sw-01,port-id7429,server-uplink,478876711.63248533,492104158.55378026,69084.52569333144,53058.29747237399,998.6774277242196,0.009687049252103497,0.015995929652455432
M4,2026-03-03 10:15:00,core-sw-01,port-id7429,server-uplink,474332685.8805601,489630453.9107995,68250.29551397778,52703.282269558156,994.3248878651309,0.010055691356756682,0.016211019006619653
M4,2026-03-03 10:20:00,core-sw-01,port-id7429,server-uplink,475306413.6801228,489439349.9648318,69244.0749497318,53116.561551357154,1007.0128454735542,0.009239986976408859,0.016083626367079704
M4,2026-03-03 10:25:00,core-sw-01,port-id7429,server-uplink,474734983.4868249,489269532.394321,67842.70663620232,52545.26252897451,997.2501356585979,0.009724066978230953,0.0166794947882067
M4,2026-03-03 10:30:00,core-sw-01,port-id7429,server-uplink,496888413.8978349,498618425.92036587,71549.75950802318,54097.56141586491,993.6976138290725,0.009335288016609834,0.015734471226857068
M4,2026-03-03 10:35:00,core-sw-01,port-id7429,server-uplink,475596638.8845941,489494667.32107466,68814.89510486192,52872.18522895334,995.3282627168935,0.009444700492427023,0.016645570551097912
M4,2026-03-03 10:40:00,core-sw-01,port-id7429,server-uplink,478362362.7061177,493137750.76908076,68764.01207360624,53006.595779401796,988.5272499639806,0.009153012892056143,0.015994082950539286
M4,2026-03-03 10:45:00,core-sw-01,port-id7429,server-uplink,483990269.7484291,493621116.0727452,70479.36581024421,53404.05828382888,989.5040552832368,0.009893245852688453,0.016531004634550046
M4,2026-03-03 10:50:00,core-sw-01,port-id7429,server-uplink,478281022.40302134,491358891.3142253,69408.08495336093,52840.219306956846,981.8986806762438,0.00944362964110141,0.01606521154243006
M4,2026-03-03 10:55:00,core-sw-01,port-id7429,server-uplink,489525624.2805182,497098129.2516606,69658.88051655705,52844.53323515036,999.3139575642372,0.009689640052464461,0.016064823650477417
M4,2026-03-03 11:00:00,core-sw-01,port-id7429,server-uplink,486930262.6032258,496795178.431888,69639.28133992729,53288.33437068792,1007.017507540219,0.009606475633015837,0.016145372056607186
M4,2026-03-03 11:05:00,core-sw-01,port-id7429,server-uplink,478950647.8623403,490777969.27902454,69674.93771328227,52737.14427979063,976.698345576978,0.009482594514028386,0.0156484842967296
M4,2026-03-03 11:10:00,core-sw-01,port-id7429,server-uplink,477637528.3832199,491771361.4351222,69313.35985450044,52893.10427703089,986.4772981143387,0.00916638282655589,0.016385920210731708
M4,2026-03-03 11:15:00,core-sw-01,port-id7429,server-uplink,480436339.1789454,489788801.7777102,69377.81589328,52871.63651611453,995.1783153787377,0.009821207608943961,0.01612171738339438
M4,2026-03-03 11:20:00,core-sw-01,port-id7429,server-uplink,483386721.7433234,493641565.6963993,69686.49485572499,53004.45506725004,1004.3565591524583,0.00981476424450297,0.015804532414560844
M4,2026-03-03 11:25:00,core-sw-01,port-id7429,server-uplink,478810919.65348023,492067266.78412837,68955.37799702393,52824.91229897076,991.6514841105846,0.009357812608206737,0.016201753704409832
M4,2026-03-03 11:30:00,core-sw-01,port-id7429,server-uplink,479580282.3192448,490588233.28045946,68603.93557099535,52052.7531379751,994.6858826653929,0.009449932645041155,0.016464655029599526
M4,2026-03-03 11:35:00,core-sw-01,port-id7429,server-uplink,484524325.5381154,491819086.7297258,70271.28479548347,52741.82255099949,982.3355791021669,0.009782441813348669,0.015948431205486814
M4,2026-03-03 11:40:00,core-sw-01,port-id7429,server-uplink,485016847.24293387,492423061.1777495,70160.4160357086,52902.45042487509,988.7630314099063,0.009650963230406828,0.016580389632789534
M4,2026-03-03 11:45:00,core-sw-01,port-id7429,server-uplink,479601038.69085085,494075420.0450634,69575.92702041176,52790.723005881475,990.174269156077,0.009560185106109535,0.015822189665013617
M4,2026-03-03 11:50:00,core-sw-01,port-id7429,server-uplink,470805287.16714585,487044223.3928664,67969.55168994397,52280.65792336003,985.5298501500538,0.009990169511112682,0.016484772078111054
M4,2026-03-03 11:55:00,core-sw-01,port-id7429,server-uplink,489012768.79814965,496661018.7522741,70895.18755929737,53042.85582370482,1001.3420753718059,0.00937446664799822,0.015763179349417376
M4,2026-03-03 12:00:00,core-sw-01,port-id7429,server-uplink,481729707.1620261,493649072.5402765,69036.3410765295,52618.648562640774,997.3298207439815,0.00965111566949293,0.016176757557269432
M4,2026-03-03 12:05:00,core-sw-01,port-id7429,server-uplink,476675844.60013664,489613380.8080513,67930.06854099738,52449.95953679826,1009.9041376173535,0.009703287084696028,0.0160607360337353
M4,2026-03-03 12:10:00,core-sw-01,port-id7429,server-uplink,487692442.9351502,494894133.80757666,71326.5234338068,53549.90462498113,990.0090253577331,0.009104653883053945,0.015459812441483861
M4,2026-03-03 12:15:00,core-sw-01,port-id7429,server-uplink,481297768.1113367,492409782.65009457,70649.11580680795,53254.81803674585,985.5142989624088,0.009238845353754367,0.015847307872164876
M4,2026-03-03 12:20:00,core-sw-01,port-id7429,server-uplink,489760721.4313313,496703933.0508346,69774.63400260301,53243.534823890914,999.3502985319122,0.009545681497220153,0.015888555476971374
M4,2026-03-03 12:25:00,core-sw-01,port-id7429,server-uplink,481543342.8859116,490562747.4982172,69933.73029317852,53242.17375999601,985.1562032935552,0.009256912713516153,0.01576888161389998
M4,2026-03-03 12:30:00,core-sw-01,port-id7429,server-uplink,481312360.2217158,493871560.40446925,68401.49278895167,52289.51920846392,1017.4176458871718,0.009857031100133216,0.0168258277112413
M4,2026-03-03 12:35:00,core-sw-01,port-id7429,server-uplink,479450799.5541817,492789589.0470064,69610.00558363825,53027.653043588696,992.784030790502,0.0094522531960229,0.01602314939443805
M4,2026-03-03 12:40:00,core-sw-01,port-id7429,server-uplink,484430602.1139723,495284890.93035,69896.716918797,52951.46569305004,989.9988395737025,0.00935962972830214,0.01616336672033788
M4,2026-03-03 12:45:00,core-sw-01,port-id7429,server-uplink,473528688.4368335,488394948.4373371,68480.04577548831,52635.083259570216,986.6056532325858,0.009385101648721127,0.016473090932121508
M4,2026-03-03 12:50:00,core-sw-01,port-id7429,server-uplink,483755506.3312393,494278995.81366944,69235.95703151771,52484.02921504758,998.9537744792473,0.009419736850832605,0.016853546146957516
M4,2026-03-03 12:55:00,core-sw-01,port-id7429,server-uplink,473332173.4534403,488590181.6185143,67982.9668715223,52490.10837167626,1006.5659515164535,0.009698552200070125,0.016591853197203257
M4,2026-03-03 13:00:00,core-sw-01,port-id7429,server-uplink,487170785.40225863,496936959.51186275,69267.74230574879,52789.18460060996,1010.1927790003386,0.009323984544886619,0.016796410810547207
M4,2026-03-03 13:05:00,core-sw-01,port-id7429,server-uplink,476847473.19431496,490160500.0094438,69811.80839306214,53111.36994005017,984.0827579620816,0.0097258429085781,0.01551083800518326
M4,2026-03-03 13:10:00,core-sw-01,port-id7429,server-uplink,492250804.527057,498096867.67614233,70975.8767252828,53481.962533128,998.3864372931143,0.009493735398164612,0.01639663924366686
M4,2026-03-03 13:15:00,core-sw-01,port-id7429,server-uplink,484944609.9506341,495582743.582027,69692.28605604204,52691.58522825305,981.2226974215553,0.009610914203536002,0.016521226919210968
M4,2026-03-03 13:20:00,core-sw-01,port-id7429,server-uplink,480790475.5288855,492850423.6070031,69278.05930971404,52834.386073619426,1005.1213144918494,0.009234725088738521,0.016423049756406124
M4,2026-03-03 13:25:00,core-sw-01,port-id7429,server-uplink,481812018.5740997,492822056.1263718,69454.31234748215,53118.181967134085,1002.7607834183697,0.009218097021573833,0.01621717237720952
M4,2026-03-03 13:30:00,core-sw-01,port-id7429,server-uplink,471365076.70111096,486831126.0828171,67823.96507871141,52468.2907179803,991.1663991420783,0.009887485136162255,0.016898295863551946
M4,2026-03-03 13:35:00,core-sw-01,port-id7429,server-uplink,479451365.6418568,490734332.45378417,69194.44131593079,52566.01924141284,982.0510121145874,0.009489311931678053,0.01681148506782049
M4,2026-03-03 13:40:00,core-sw-01,port-id7429,server-uplink,472379773.43162674,488358400.62775123,68901.5319958029,53095.50596937603,974.4344080531134,0.009934158979787857,0.015730893620413557
M4,2026-03-03 13:45:00,core-sw-01,port-id7429,server-uplink,483531641.13102126,494463002.65732294,69340.73758813278,52667.832564658354,1006.2737601526827,0.009654009775632563,0.01665375580605125
M4,2026-03-03 13:50:00,core-sw-01,port-id7429,server-uplink,494329518.11836404,499619707.2868796,72112.13488043581,53795.719914341826,986.650179449614,0.00926558064320459,0.01583863929706569
M4,2026-03-03 13:55:00,core-sw-01,port-id7429,server-uplink,483815265.91751206,492443989.90518385,68665.92665127588,52286.01920211798,997.9658315449564,0.009632492119103317,0.016384826432782558
M4,2026-03-03 14:00:00,core-sw-01,port-id7429,server-uplink,483430047.1018605,494667395.1391825,69581.82811978951,52940.426233940016,997.6939386795842,0.009823919648736351,0.016117163659976168
M4,2026-03-03 14:05:00,core-sw-01,port-id7429,server-uplink,481187135.2450363,492678991.52108604,68968.92907767616,52824.3759572369,1009.9909774552623,0.009638565523336633,0.016561858283265788
M4,2026-03-03 14:10:00,core-sw-01,port-id7429,server-uplink,474820384.6977367,487805092.7347386,68964.67539542535,52745.44412036624,974.9654546386703,0.009470196649345237,0.016057604900986296
M4,2026-03-03 14:15:00,core-sw-01,port-id7429,server-uplink,475812157.5224745,489455072.6325022,68700.82409681757,51911.26645059093,1007.6394055622914,0.009768464818160438,0.017031318568310475
M4,2026-03-03 14:20:00,core-sw-01,port-id7429,server-uplink,477862678.33288956,489640317.135305,68851.59949949112,52414.82773363234,997.0883082588477,0.009428278431208732,0.016521092530659708
M4,2026-03-03 14:25:00,core-sw-01,port-id7429,server-uplink,477590296.518316,489013767.25768524,68929.91022145477,52667.231421948476,1001.8678175495834,0.009633590702926832,0.016462088230134894
M4,2026-03-03 14:30:00,core-sw-01,port-id7429,server-uplink,475774426.8239419,488299961.9505618,69402.00649834439,53302.045420331975,979.9288964816873,0.009766600551349768,0.01634832496073392
M4,2026-03-03 14:35:00,core-sw-01,port-id7429,server-uplink,479231203.3189131,492524010.04889643,69220.69761718561,53303.0064729747,990.6268788946784,0.00961678212611156,0.01658395316092462
M4,2026-03-03 14:40:00,core-sw-01,port-id7429,server-uplink,485253937.468384,493166430.24707484,70891.72959737308,53761.489191191285,985.6625394689067,0.009210157096745625,0.015951732973621145
M4,2026-03-03 14:45:00,core-sw-01,port-id7429,server-uplink,478511614.19409996,492356780.5090859,70754.61336581809,53893.70896851383,961.9390748697657,0.009246616638578238,0.01607464481669501
M4,2026-03-03 14:50:00,core-sw-01,port-id7429,server-uplink,482587642.26004016,491515466.75380015,69903.79169158057,52997.65153250678,975.9492306603645,0.009686758316621923,0.01566408652355049
M4,2026-03-03 14:55:00,core-sw-01,port-id7429,server-uplink,488810943.1539161,496657008.99694455,70835.43867177346,53873.36197838927,996.2036436627002,0.008915221575206156,0.01527176397641292
M4,2026-03-03 15:00:00,core-sw-01,port-id7429,server-uplink,307499828.1488572,171508622.36014417,49817.04970808552,22948.24332338046,802.2311860082629,0.017228657552548397,0.026401569868018036
M4,2026-03-03 15:05:00,core-sw-01,port-id7429,server-uplink,272835017.5259582,154224487.488411,45388.643658081004,20930.517817833534,813.6822693090706,0.017304993824180624,0.029022627861232764
M4,2026-03-03 15:10:00,core-sw-01,port-id7429,server-uplink,295340664.27972925,162575392.97797513,48520.25573133763,22092.887647428935,809.8991155086308,0.01581527149865076,0.02894866750033828
M4,2026-03-03 15:15:00,core-sw-01,port-id7429,server-uplink,279774079.3883494,155521487.4020021,44824.020227179964,20697.355990909917,793.5257409409633,0.01753198976551713,0.0296201787999613
M4,2026-03-03 15:20:00,core-sw-01,port-id7429,server-uplink,282805698.0865436,157643625.99098992,46545.38267851788,21071.793680998395,822.6612816693076,0.016839502980919577,0.030521622902855667
M4,2026-03-03 15:25:00,core-sw-01,port-id7429,server-uplink,280168217.4798974,158198074.90217313,45534.83003642138,21352.516334603948,791.411019306984,0.017184451321216116,0.030368826097235634
M4,2026-03-03 15:30:00,core-sw-01,port-id7429,server-uplink,291387050.8672234,160662501.24010772,48151.75737602289,21710.4856205309,779.312653116724,0.016395454023661216,0.028505444843808285
M4,2026-03-03 15:35:00,core-sw-01,port-id7429,server-uplink,291983727.77299154,163426196.28723094,47673.22674337107,22505.19929485168,809.762129237972,0.016809035006738107,0.027752796999303494
M4,2026-03-03 15:40:00,core-sw-01,port-id7429,server-uplink,290565222.89165556,161527109.6503923,48185.932630707255,22090.419874914478,819.3728164715584,0.016340683968637085,0.0295022845642776
M4,2026-03-03 15:45:00,core-sw-01,port-id7429,server-uplink,281788556.963165,158466765.48259667,46507.26374827287,21423.739522122472,788.1733262002313,0.01762687887608252,0.028348429456099368
M4,2026-03-03 15:50:00,core-sw-01,port-id7429,server-uplink,275242974.1150658,152079926.46455994,44628.698811043345,20290.55491947466,805.3990510595125,0.018246412356542688,0.03044362131325513
M4,2026-03-03 15:55:00,core-sw-01,port-id7429,server-uplink,286519034.88707703,160612568.37502462,48267.85882162282,22406.759322920545,819.5521896303119,0.016917415963259165,0.029320069020451582
M4,2026-03-03 16:00:00,core-sw-01,port-id7429,server-uplink,291651478.314323,159255781.978741,48679.69408335972,21242.785504216336,791.5407037813402,0.016944786807422788,0.028408044318249292
M4,2026-03-03 16:05:00,core-sw-01,port-id7429,server-uplink,296657737.66163135,167106038.87253237,48247.05420057081,22468.239237031004,772.4726611131344,0.016478768773300612,0.02818171878729838
M4,2026-03-03 16:10:00,core-sw-01,port-id7429,server-uplink,276456530.4802861,157400024.38244316,45710.051670784786,22265.01202589588,822.8185612069365,0.016869084174316,0.0291793372678354
M4,2026-03-03 16:15:00,core-sw-01,port-id7429,server-uplink,282931846.08669204,157858974.15351418,46481.03943417139,21268.28100907459,823.9501361885956,0.016987447502267904,0.027984069543863583
M4,2026-03-03 16:20:00,core-sw-01,port-id7429,server-uplink,271837291.95764494,150694520.3605028,44917.21023833655,20606.58750510816,801.8106598584533,0.017034324182009657,0.028553396629182205
M4,2026-03-03 16:25:00,core-sw-01,port-id7429,server-uplink,268159970.1735699,147553805.18217745,43520.03107323248,19749.58488490963,801.1282426806131,0.018177923990160147,0.03080725193190588
M4,2026-03-03 16:30:00,core-sw-01,port-id7429,server-uplink,282435238.4680344,163359190.32189742,45017.397137669686,21752.693920080776,790.290577543576,0.016387183930594497,0.02926726171792576
M4,2026-03-03 16:35:00,core-sw-01,port-id7429,server-uplink,274670144.7001584,154111892.97276095,44858.508926893635,20334.69850617607,859.3642095085189,0.01858887357815943,0.029080160037675096
M4,2026-03-03 16:40:00,core-sw-01,port-id7429,server-uplink,287847979.12194026,160814165.54900953,47485.3867307889,22015.510968813644,803.5325039487265,0.01688513942022355,0.028114138100232305
M4,2026-03-03 16:45:00,core-sw-01,port-id7429,server-uplink,276004604.2975759,154506874.67041698,46090.228295240995,20919.83607363433,802.3752780128044,0.017445055027736054,0.029360140171350673
M4,2026-03-03 16:50:00,core-sw-01,port-id7429,server-uplink,276421243.02870554,152604385.47461206,45226.288323384775,20655.243520534244,791.9883734425233,0.01696756039786883,0.029082016927144454
M4,2026-03-03 16:55:00,core-sw-01,port-id7429,server-uplink,297193852.66472536,165129759.17108744,48539.439545511384,22337.53640874917,793.495737170961,0.016045932890877947,0.027927198441198134
M4,2026-03-03 17:00:00,core-sw-01,port-id7429,server-uplink,265600309.53684878,152818207.69120482,43838.759058556556,20903.485514996024,795.8953794739075,0.017729485368760994,0.02905196881803399
M4,2026-03-03 17:05:00,core-sw-01,port-id7429,server-uplink,300147839.613594,169407082.9264477,47872.29367111653,22644.555468527786,822.4895123728598,0.01564275825248872,0.028115616672024002
M4,2026-03-03 17:10:00,core-sw-01,port-id7429,server-uplink,427563132.99509794,400124846.30689883,62928.43694720695,45308.67776730551,929.1119902782027,0.010608321469935424,0.017361420818736487
M4,2026-03-03 17:15:00,core-sw-01,port-id7429,server-uplink,432791574.8176616,407298548.38284224,65070.4264187076,46925.10861733284,926.5399000695427,0.009910031250502846,0.018084703540564094
M4,2026-03-03 17:20:00,core-sw-01,port-id7429,server-uplink,415546507.9616984,393885920.0733762,61869.374552888105,44768.70912369648,941.7863741430707,0.010621676500810378,0.018001194266649527
M4,2026-03-03 17:25:00,core-sw-01,port-id7429,server-uplink,437368725.08370626,411644495.2848486,64779.681060732015,45904.393638938556,980.5469131553871,0.010212436905854065,0.017854400764123916
M4,2026-03-03 17:30:00,core-sw-01,port-id7429,server-uplink,425055133.9673235,404940037.8946566,63172.98805284273,45414.95285279739,973.5099446133656,0.010519786138454059,0.01799949198601084
M4,2026-03-03 17:35:00,core-sw-01,port-id7429,server-uplink,433639971.53755474,405909147.59049016,62765.34127003658,45418.12611228657,964.1881300021528,0.010785063674403255,0.017651781080037104
M4,2026-03-03 17:40:00,core-sw-01,port-id7429,server-uplink,419692807.965036,401728599.34430325,63092.641762814485,45511.06232256373,986.0745839452896,0.010399862161427374,0.01755229106220831
M4,2026-03-03 17:45:00,core-sw-01,port-id7429,server-uplink,405937687.19707775,393042021.6469173,62013.82436598267,45471.447516676024,942.9296419369773,0.010174421108063821,0.017835279827955745
M4,2026-03-03 17:50:00,core-sw-01,port-id7429,server-uplink,409351574.423747,392893820.2446241,60741.28743360297,44372.10750057826,943.0644246475701,0.010653890559598877,0.0174360387094266
M4,2026-03-03 17:55:00,core-sw-01,port-id7429,server-uplink,407426133.412607,394539297.16060257,61361.55926643292,44841.80813044393,912.9167484796811,0.010052248845546084,0.017971365114497057
M4,2026-03-03 18:00:00,core-sw-01,port-id7429,server-uplink,411705648.6532503,393485355.835725,61680.14264857355,44808.95994857072,978.827582582908,0.009975177678191966,0.01807913690965707
M4,2026-03-03 18:05:00,core-sw-01,port-id7429,server-uplink,409486930.2834585,391036886.8031439,61481.543405897784,44870.63075010216,953.1274366890942,0.010542234481066783,0.018001290955096966
M4,2026-03-03 18:10:00,core-sw-01,port-id7429,server-uplink,407946934.93333584,390675458.1812652,62671.16554065234,45018.18985548551,942.3905767996664,0.010111718655168125,0.017427315629054443
M4,2026-03-03 18:15:00,core-sw-01,port-id7429,server-uplink,406565906.39237714,387675558.48894083,59912.457281241564,44401.39507003588,944.5187458547696,0.010669048688564681,0.01830096519152789
M4,2026-03-03 18:20:00,core-sw-01,port-id7429,server-uplink,404426621.1595945,390042872.8391249,60728.40988611182,44161.59877940335,993.1673393065657,0.010258679589043756,0.017244608609836398
M4,2026-03-03 18:25:00,core-sw-01,port-id7429,server-uplink,419727457.85020286,399363088.70961523,62327.42839568499,45556.43569546127,956.7013497814531,0.009706433528117488,0.016586135603709404
M4,2026-03-03 18:30:00,core-sw-01,port-id7429,server-uplink,412414453.5386178,395433108.4686793,62456.7540796437,45583.040150281544,920.1375329646586,0.009828917568604592,0.01653060399706226
M4,2026-03-03 18:35:00,core-sw-01,port-id7429,server-uplink,388920903.2876163,379391842.3635152,56524.80798940495,42696.12733316729,999.1330600606279,0.010570093069052386,0.017564783976115106
M4,2026-03-03 18:40:00,core-sw-01,port-id7429,server-uplink,399204191.09383553,386955895.8782144,59725.304239700534,43561.137120124506,969.958808382723,0.010386874773938027,0.016930362964876933
M4,2026-03-03 18:45:00,core-sw-01,port-id7429,server-uplink,388846683.42059755,382173807.9244117,58589.744893190604,43548.21328444481,945.9182141632394,0.010294647347206067,0.017336055054645517
M4,2026-03-03 18:50:00,core-sw-01,port-id7429,server-uplink,386369025.46207935,384240651.40088,55959.23207104067,42369.6129429857,983.8713624401623,0.01005206279980211,0.016962965339454746
M4,2026-03-03 18:55:00,core-sw-01,port-id7429,server-uplink,383835308.05172586,376744416.8485548,56659.37038108918,42542.73804138116,956.3282439736139,0.009878462454728641,0.01644041177896994
M4,2026-03-03 19:00:00,core-sw-01,port-id7429,server-uplink,388812153.6620001,378318306.4172095,58214.47930621529,43634.56378996046,951.5217852388815,0.009412129792378042,0.01729288015013591
M4,2026-03-03 19:05:00,core-sw-01,port-id7429,server-uplink,378044100.85833067,376978605.87574404,57353.56934892747,42925.69892687255,929.5516514811746,0.009591070562231492,0.01617034405949485
M4,2026-03-03 19:10:00,core-sw-01,port-id7429,server-uplink,377463001.96323115,372867720.2616277,56966.98301083684,42514.58722878769,919.7328739799369,0.009430322587187059,0.016022835858697102
M4,2026-03-03 19:15:00,core-sw-01,port-id7429,server-uplink,376819848.4122406,377885737.65073204,56244.9564629388,43090.2594927965,899.6638595963562,0.009264286260538284,0.015400994855678807
M4,2026-03-03 19:20:00,core-sw-01,port-id7429,server-uplink,360693675.03459936,367225356.2442786,54532.03854831823,42153.745579958784,959.6295561702818,0.009324159477002924,0.01568136575524923
M4,2026-03-03 19:25:00,core-sw-01,port-id7429,server-uplink,368240115.9762162,368992165.6010975,53311.52516782043,40958.37709960846,967.0849332952323,0.009565868039178187,0.015872951571236818
M4,2026-03-03 19:30:00,core-sw-01,port-id7429,server-uplink,363571236.5394703,368705532.0110381,53724.895506020315,40907.82292578365,981.2115753769705,0.009053156289154837,0.0159168958043152
M4,2026-03-03 19:35:00,core-sw-01,port-id7429,server-uplink,204141647.28706625,115289576.08946903,33958.24614581493,15979.622364183697,768.6694674605242,0.017324366046907888,0.02931749973157904
M4,2026-03-03 19:40:00,core-sw-01,port-id7429,server-uplink,202098409.6589215,112012178.58299354,34073.49159885935,15267.869890048425,803.8680343716696,0.01726623823671051,0.027891649533430218
M4,2026-03-03 19:45:00,core-sw-01,port-id7429,server-uplink,190269722.52276978,105276405.92002125,30992.586654903218,14045.987606016415,785.9722582258817,0.018073048220546083,0.030345576064562372
M4,2026-03-03 19:50:00,core-sw-01,port-id7429,server-uplink,189116487.1500403,101422552.15311751,31244.19651306776,13569.618928089052,811.1615508452406,0.01738934187222572,0.029532842226097027
M4,2026-03-03 19:55:00,core-sw-01,port-id7429,server-uplink,197694142.59914818,115512419.02159616,31979.463282911158,15515.675944110444,825.7364013338332,0.015635816438329404,0.027919429365243883
M4,2026-03-03 20:00:00,core-sw-01,port-id7429,server-uplink,184792313.72336674,103037515.60727687,30295.07258121298,13714.292227733951,846.2879937144359,0.01654508711797264,0.02975808230288963
M4,2026-03-03 20:05:00,core-sw-01,port-id7429,server-uplink,156354497.74498862,91194190.93196386,25653.149509567098,12125.949205395487,832.9459983509755,0.019137141444887977,0.03188509274720898
M4,2026-03-03 20:10:00,core-sw-01,port-id7429,server-uplink,164412069.2187013,91973054.25203642,27390.513515839,12818.837381960557,788.2066777625023,0.018014856414298255,0.02822134577355101
M4,2026-03-03 20:15:00,core-sw-01,port-id7429,server-uplink,155266673.5923918,90091077.48814464,25126.84849147208,12355.767502053377,847.1324504117009,0.018273675525448042,0.03116606187342543
M4,2026-03-03 20:20:00,core-sw-01,port-id7429,server-uplink,177439631.1378277,99364384.72596449,29641.63748466247,13557.606545578325,831.7926264492862,0.015144944664105995,0.024897862782381482
M4,2026-03-03 20:25:00,core-sw-01,port-id7429,server-uplink,153897895.6309313,86172530.87714435,25365.309803005617,11752.95836238679,831.9665850467868,0.017087229323422125,0.028539857027027583
M4,2026-03-03 20:30:00,core-sw-01,port-id7429,server-uplink,165547552.64310336,93234810.68643379,26543.708689858682,12523.504724134193,823.037514039146,0.015569050566658383,0.02681918080112942
M4,2026-03-03 20:35:00,core-sw-01,port-id7429,server-uplink,150246700.7651314,82986411.28090933,25607.77052476819,11312.780653641337,795.4296654019117,0.01528734562046222,0.026761222251986905
M4,2026-03-03 20:40:00,core-sw-01,port-id7429,server-uplink,133459261.79085532,75562367.32025468,22092.2091173837,10408.741422406272,790.3364629229861,0.01784232781724568,0.028426783110223078
M4,2026-03-03 20:45:00,core-sw-01,port-id7429,server-uplink,137369546.99376947,77175162.46239725,22094.57078447304,10386.19230969896,870.6653315432382,0.017446897293244203,0.028739083962853258
M4,2026-03-03 20:50:00,core-sw-01,port-id7429,server-uplink,131139935.47865021,73684842.19724557,21871.34780097102,10047.088848661875,810.2416692388973,0.016160368802129635,0.029155816390525353
M4,2026-03-03 20:55:00,core-sw-01,port-id7429,server-uplink,130716013.39116521,72927412.85560511,22121.227595089782,10239.015140760952,780.9603149944672,0.01545378261723378,0.026372517036721024
M4,2026-03-03 21:00:00,core-sw-01,port-id7429,server-uplink,128229130.62154353,73661947.11203614,20263.912803563835,9711.022468809793,855.295119199976,0.01682530127213762,0.027795116715401226
M4,2026-03-03 21:05:00,core-sw-01,port-id7429,server-uplink,127108779.0565321,69555266.88117433,20413.95549474179,9516.216307272507,836.9759180749464,0.016358636683386926,0.027056969446672054
M4,2026-03-03 21:10:00,core-sw-01,port-id7429,server-uplink,126563919.60476503,69609376.06151381,20981.504631499454,9649.699293779877,811.946861861636,0.015741743552183062,0.02573140024885567
M4,2026-03-03 21:15:00,core-sw-01,port-id7429,server-uplink,107206003.18169275,62240790.69843487,17936.532275237074,8555.46826226066,789.6112884397228,0.017254759674382704,0.02949814829890828
M4,2026-03-03 21:20:00,core-sw-01,port-id7429,server-uplink,116621620.10258646,65533051.41409129,19646.685150650308,9174.197740497555,757.1653541093365,0.015853382670575678,0.02634114924189418
M4,2026-03-03 21:25:00,core-sw-01,port-id7429,server-uplink,101764799.0919412,58769477.009956054,16640.123875051755,8147.314181093249,847.6318782859736,0.01758452843423832,0.02999921775169999
M4,2026-03-03 21:30:00,core-sw-01,port-id7429,server-uplink,109473270.8344365,61412371.522680335,17720.943156898753,8119.888108978574,816.4057445527778,0.015630939121376534,0.026728414246487434
M4,2026-03-03 21:35:00,core-sw-01,port-id7429,server-uplink,76905314.36770646,43169314.180674665,12391.843501629355,5905.249630115932,799.3696788488926,0.022728617541218993,0.03773032589778482
M4,2026-03-03 21:40:00,core-sw-01,port-id7429,server-uplink,89748837.54161085,46673443.3448679,14487.309212738457,6260.994338134914,829.0230373646522,0.0192019532586123,0.03367472895539553
M4,2026-03-03 21:45:00,core-sw-01,port-id7429,server-uplink,97812738.9692242,53903823.17168474,16022.566015340897,7129.035569910819,823.8393927888834,0.016814010981803,0.028334877558041958
M4,2026-03-03 21:50:00,core-sw-01,port-id7429,server-uplink,97651418.47676773,56598164.46611795,16165.863988548805,7792.253822279732,807.1604307766127,0.015517170723301419,0.027663026595607765
M4,2026-03-03 21:55:00,core-sw-01,port-id7429,server-uplink,93135428.41794625,47186534.96100891,15473.288840018646,6476.3761286727695,805.6220782185686,0.01684094893421438,0.029193072736299574
M4,2026-03-03 22:00:00,core-sw-01,port-id7429,server-uplink,89428207.48195496,49420761.949670576,14572.05489057278,6783.718086513347,836.6566653166861,0.017534775337707618,0.029832694385535805
M4,2026-03-03 22:05:00,core-sw-01,port-id7429,server-uplink,89842057.31031404,50080946.11531843,14831.656294826025,6641.442473149681,837.1919535571874,0.016565362129759086,0.029332364474192383
M4,2026-03-03 22:10:00,core-sw-01,port-id7429,server-uplink,99845176.46528028,57230082.56264306,15918.415387234729,7396.096569753196,857.2486607119899,0.01519935239476775,0.026809325025579395
M4,2026-03-03 22:15:00,core-sw-01,port-id7429,server-uplink,84647587.03948298,48378918.91909971,13971.65719471634,6671.217816312851,785.175510211429,0.018048037721287366,0.029110498795491147
M4,2026-03-03 22:20:00,core-sw-01,port-id7429,server-uplink,97306866.2669623,56709811.02192207,16459.23440578694,7928.362740957091,775.1967352560024,0.014572687379949463,0.024549841583485145
M4,2026-03-03 22:25:00,core-sw-01,port-id7429,server-uplink,90927393.01609658,52079935.01792874,14644.895683783054,6999.529093710902,823.9087880958276,0.01628624237952895,0.027038652789697568
M4,2026-03-03 22:30:00,core-sw-01,port-id7429,server-uplink,96508037.00236425,55664284.97187216,15124.906884586633,7307.695927846906,875.9567330212362,0.015404592256524925,0.026269556765798712
M4,2026-03-03 22:35:00,core-sw-01,port-id7429,server-uplink,71282958.92865041,38851758.00555794,11653.3292703441,5279.683481204499,842.1121461520518,0.0199558980241619,0.0330570310495343
M4,2026-03-03 22:40:00,core-sw-01,port-id7429,server-uplink,79720659.11618441,45869947.841622114,13156.512355205594,6242.5914995011735,806.4440371713562,0.01714638843014208,0.028325703149545144
M4,2026-03-03 22:45:00,core-sw-01,port-id7429,server-uplink,82000665.79137884,47951101.944658384,13644.224286288281,6656.671551519919,790.9588955760721,0.015989867033365284,0.028293071244411532
M4,2026-03-03 22:50:00,core-sw-01,port-id7429,server-uplink,85303864.66474327,47826216.396407716,13656.98259729416,6417.635837508395,848.4611690318955,0.017541959780001264,0.028155693479391505
M4,2026-03-03 22:55:00,core-sw-01,port-id7429,server-uplink,60968832.040750705,37114084.094092146,9896.17765370372,5054.700270409116,779.1751585224952,0.022257142595661528,0.038479512223243854
M4,2026-03-03 23:00:00,core-sw-01,port-id7429,server-uplink,69648362.35041286,42209039.995643355,11526.050038000756,5650.578623748725,849.6804900323817,0.018988962747137815,0.03420372919673587
M4,2026-03-03 23:05:00,core-sw-01,port-id7429,server-uplink,98009763.64805122,55663217.69863121,16070.412810634245,7611.709868257855,809.5997148168451,0.013658210159147146,0.023123537381503103
M4,2026-03-03 23:10:00,core-sw-01,port-id7429,server-uplink,85833095.88988902,47097390.04116501,13594.580403151713,6295.252560288179,878.3608718809181,0.017049589248518366,0.02768906199648328
M4,2026-03-03 23:15:00,core-sw-01,port-id7429,server-uplink,81118726.4275945,45659066.53468398,13283.869321761953,6110.472842625802,837.5661832191022,0.016346695300847806,0.02822117628001489
M4,2026-03-03 23:20:00,core-sw-01,port-id7429,server-uplink,81285141.45161477,45667273.86622376,13313.947260552764,6436.967541480642,787.0804041525618,0.015174213371654288,0.027889001943361455
M4,2026-03-03 23:25:00,core-sw-01,port-id7429,server-uplink,60664351.69417799,33188028.65564498,9797.965893949533,4352.518472216097,841.5546184171092,0.022169054355680114,0.038590438632099044
M4,2026-03-03 23:30:00,core-sw-01,port-id7429,server-uplink,75399125.94564147,44119887.68572114,12216.754112444569,6096.688579221662,808.576396769263,0.01688664759298419,0.028506603954352696
M4,2026-03-03 23:35:00,core-sw-01,port-id7429,server-uplink,80342822.60819027,46106310.74199024,13871.733838239466,6218.399300365672,795.0166356892443,0.015840213136614694,0.02807285386906553
M4,2026-03-03 23:40:00,core-sw-01,port-id7429,server-uplink,81736087.77663346,50328706.45910847,13768.320436795555,7281.647934587036,769.7409668249832,0.01464592100850962,0.025743822292280623
M4,2026-03-03 23:45:00,core-sw-01,port-id7429,server-uplink,76883920.69575678,46502600.853102006,12579.87262901105,6355.704746288547,854.5513012807394,0.016785982269840523,0.027797934040828805
M4,2026-03-03 23:50:00,core-sw-01,port-id7429,server-uplink,87806559.27080806,49696477.29634908,14355.392259318975,6628.777957108701,797.9178952831738,0.014636571364087575,0.026515252694029455
M4,2026-03-03 23:55:00,core-sw-01,port-id7429,server-uplink,70212528.4719682,38521893.868991144,11657.225180982206,5170.20030689987,784.8521006947603,0.018823110324791524,0.030115742247670208
M4,2026-03-04 00:00:00,core-sw-01,port-id7429,server-uplink,96656444.27236596,54502501.25206431,15840.68262992187,7329.327377592895,811.3290173972258,0.013451425989899042,0.02247336149240317
M4,2026-03-04 00:05:00,core-sw-01,port-id7429,server-uplink,63950627.921037175,35105864.0491729,10558.581449486432,4862.65676458356,801.8110504045086,0.020397902543407745,0.033882814839547325
M4,2026-03-04 00:10:00,core-sw-01,port-id7429,server-uplink,82728250.06989793,43717675.033858135,13810.118269740899,6060.713438648871,800.920462020574,0.015189529109310502,0.025787138969699863
M4,2026-03-04 00:15:00,core-sw-01,port-id7429,server-uplink,81029539.62544486,40691544.36189114,13142.99412581065,5363.1176538511345,812.121118766333,0.01698979460635177,0.029155389869029907
M4,2026-03-04 00:20:00,core-sw-01,port-id7429,server-uplink,67403593.08799934,39004290.65319945,10718.924609797974,5148.178665809727,826.8243593569754,0.019715248827888422,0.034185421960943325
M4,2026-03-04 00:25:00,core-sw-01,port-id7429,server-uplink,62261958.92170968,32490891.118436843,9895.152705105429,4326.638827229064,889.4323541533739,0.02092916853542836,0.035814427024630106
M4,2026-03-04 00:30:00,core-sw-01,port-id7429,server-uplink,90163091.60944885,47884047.96310246,14680.59707280214,6387.726124412508,823.7891813858006,0.015162064907135758,0.024718387617530306
M4,2026-03-04 00:35:00,core-sw-01,port-id7429,server-uplink,89514734.33168,48206452.78869369,14674.61722653597,6774.715263375228,807.5372898456421,0.014040848479378929,0.025345335745935466
M4,2026-03-04 00:40:00,core-sw-01,port-id7429,server-uplink,68144577.59622186,32334497.37926595,11074.761130789977,4528.415714998117,805.875459639602,0.01928815563630253,0.03197022527947493
M4,2026-03-04 00:45:00,core-sw-01,port-id7429,server-uplink,60407825.5944711,31146660.93241758,9713.333684089213,4261.198297011659,796.4707199745461,0.02209435045700597,0.038130950980050184
M4,2026-03-04 00:50:00,core-sw-01,port-id7429,server-uplink,60324492.67030296,34028973.40600607,9936.463065685406,4550.528069426169,843.2413951566921,0.021948260119172076,0.034479308194321455
M4,2026-03-04 00:55:00,core-sw-01,port-id7429,server-uplink,73583852.43074705,40820633.9866497,12550.649015198675,5654.585355249901,762.7728765362169,0.016935633467860426,0.02866076471851882
M4,2026-03-04 01:00:00,core-sw-01,port-id7429,server-uplink,210463956.20688725,282071834.01591635,31135.420023183247,31885.520819902245,988.1990909754724,0.004829847411373457,0.008193206305625346
M4,2026-03-04 01:05:00,core-sw-01,port-id7429,server-uplink,230963260.07132316,292166274.17154944,34073.16728467085,32746.221534060125,973.0865453188198,0.004564382113214948,0.007987560985343355
M4,2026-03-04 01:10:00,core-sw-01,port-id7429,server-uplink,221389851.38271987,290552106.0591839,33415.38338294398,33383.50268328994,953.3518154200117,0.004490163318880553,0.007847334381810414
M4,2026-03-04 01:15:00,core-sw-01,port-id7429,server-uplink,229241427.40107816,289807145.3692868,34752.35519211687,33124.76433021235,981.9743697868171,0.0044770854669125195,0.007472606515562644
M4,2026-03-04 01:20:00,core-sw-01,port-id7429,server-uplink,221983249.74752966,289100135.9340145,32522.12086353947,32423.341446003385,967.3378080680844,0.004728868143918081,0.007840614093521686
M4,2026-03-04 01:25:00,core-sw-01,port-id7429,server-uplink,212796345.19046822,283239186.89205533,31731.778668491424,32294.09625230645,1008.359669827199,0.004713903250936039,0.008249100872421469
M4,2026-03-04 01:30:00,core-sw-01,port-id7429,server-uplink,225288931.18315187,292658708.2179093,33631.51648645407,33350.454932689216,968.2693499258044,0.004481208652638638,0.007803043945466873
M4,2026-03-04 01:35:00,core-sw-01,port-id7429,server-uplink,223108336.41913307,289164500.9690984,34500.98630205461,33373.18558185821,923.2951885910663,0.004457806121463482,0.007777866941355494
M4,2026-03-04 01:40:00,core-sw-01,port-id7429,server-uplink,203988196.958195,279701786.48516774,30718.722041600773,31633.502558180327,985.445896939747,0.0050417550905699415,0.008479132526701598
M4,2026-03-04 01:45:00,core-sw-01,port-id7429,server-uplink,221014033.76778978,288026144.9375515,33587.04982134034,33079.24818300377,960.1553418580158,0.0046053109960200326,0.007949992251320898
M4,2026-03-04 01:50:00,core-sw-01,port-id7429,server-uplink,208972104.89804366,278774203.9385537,31370.530330023903,32587.921325597483,940.8619745883881,0.004877065203895346,0.007904622875675527
M4,2026-03-04 01:55:00,core-sw-01,port-id7429,server-uplink,238534723.25790024,301030031.393402,35498.99921979541,34109.27876013628,973.0448175485432,0.004478262192339732,0.00743998292849126
M4,2026-03-04 02:00:00,core-sw-01,port-id7429,server-uplink,230235209.55094823,290397693.8460363,34533.820408236585,32850.19624223163,976.3760947276979,0.004712993858268199,0.00761458940500758
M4,2026-03-04 02:05:00,core-sw-01,port-id7429,server-uplink,239831351.56633216,299239977.8192939,36253.743064752554,33824.75550227461,965.2762445882153,0.00444012949788482,0.007495280504617426
M4,2026-03-04 02:10:00,core-sw-01,port-id7429,server-uplink,223780967.89958617,286474304.207721,32983.723622653626,32425.614539840528,930.5256443928174,0.004767320415292982,0.007951959884106656
M4,2026-03-04 02:15:00,core-sw-01,port-id7429,server-uplink,202589717.71048486,277512958.6042092,30112.540985578766,31194.575982254057,970.2643300067151,0.004789612388945783,0.008420969009593274
M4,2026-03-04 02:20:00,core-sw-01,port-id7429,server-uplink,202116078.87499323,275948668.3125724,30197.751734797806,31002.700155103445,945.055102122383,0.004860381062481167,0.008748389596728174
M4,2026-03-04 02:25:00,core-sw-01,port-id7429,server-uplink,218815813.1524027,287886253.2421365,33258.61262193017,33125.918304602004,971.6734263707133,0.004573182690645998,0.00760141341870525
M4,2026-03-04 02:30:00,core-sw-01,port-id7429,server-uplink,236228266.6991024,297644981.8788263,34207.60290545752,33161.35306403363,1027.8681301228598,0.004500127501714376,0.0075568080741645885
M4,2026-03-04 02:35:00,core-sw-01,port-id7429,server-uplink,206373714.64867398,279935944.273485,31018.733815351115,32188.982856333412,991.1404973539808,0.004775806119036584,0.00837026422169703
M4,2026-03-04 02:40:00,core-sw-01,port-id7429,server-uplink,213385697.5079114,285593070.00466955,31202.413837202555,31847.518584316207,1010.0766844136634,0.004953187050322454,0.008265152780906226
M4,2026-03-04 02:45:00,core-sw-01,port-id7429,server-uplink,206649442.2746268,282129387.2067144,30587.979283492736,31637.287795897817,1027.15406523106,0.005088178535529491,0.008655890530872531
M4,2026-03-04 02:50:00,core-sw-01,port-id7429,server-uplink,226669796.55777022,292389773.9547127,34236.38482345937,33057.9533230818,957.3202854971125,0.004493002272148463,0.007793833561104881
M4,2026-03-04 02:55:00,core-sw-01,port-id7429,server-uplink,202203023.56898794,277025809.99761885,30712.314864038708,31836.718096131768,991.3791647800009,0.00494982326017941,0.008614725759268416
M4,2026-03-04 03:00:00,core-sw-01,port-id7429,server-uplink,221804704.85435694,288819258.6585725,33110.650363593944,33302.48978457818,969.4988236742912,0.004689294616160406,0.00773429446391327
M4,2026-03-04 03:05:00,core-sw-01,port-id7429,server-uplink,227751587.70439163,288050382.4107743,33291.23119504548,32844.27857929295,979.5377026405316,0.004683206129072746,0.008032850314362062
M4,2026-03-04 03:10:00,core-sw-01,port-id7429,server-uplink,220776616.16953266,289069502.6688079,32771.24793882991,33320.45146501488,971.4552811568337,0.004736758952057062,0.008255344167296865
M4,2026-03-04 03:15:00,core-sw-01,port-id7429,server-uplink,222327234.33440974,290309951.00734216,33314.78337062894,33562.775824565964,932.9785658745002,0.004611011113659855,0.00802981507647481
M4,2026-03-04 03:20:00,core-sw-01,port-id7429,server-uplink,209448146.22952288,279405143.6529846,30758.180416945288,31900.691110957425,983.6733133856046,0.004965330692724133,0.00864498537575365
M4,2026-03-04 03:25:00,core-sw-01,port-id7429,server-uplink,226548369.4971897,293732883.1978918,33877.69186894069,33179.606412918234,977.3629616138257,0.004752970533254354,0.00799802306880211
M4,2026-03-04 03:30:00,core-sw-01,port-id7429,server-uplink,220326140.73491913,284946354.890309,32705.593896113056,32771.303957206,988.7346228095893,0.004855622996112586,0.008056041029476688
M4,2026-03-04 03:35:00,core-sw-01,port-id7429,server-uplink,220710585.4315398,289650639.0471415,33477.83842155328,33073.33422827467,954.2935650059551,0.004683562587085864,0.007618051831807943
M4,2026-03-04 03:40:00,core-sw-01,port-id7429,server-uplink,212370817.61523643,284992553.3881811,31537.600926270494,32997.01757271762,944.0696802906826,0.0047056283612543935,0.008026576275507992
M4,2026-03-04 03:45:00,core-sw-01,port-id7429,server-uplink,240315627.36498985,298659448.8601433,35102.987018199296,33700.18276774731,1001.5097418090207,0.004580697447972679,0.007687663780957844
M4,2026-03-04 03:50:00,core-sw-01,port-id7429,server-uplink,218723007.67098218,282776925.62809867,34166.57895462066,33063.95654161627,944.7960012833012,0.004635763315064326,0.00765557981579403
M4,2026-03-04 03:55:00,core-sw-01,port-id7429,server-uplink,237047176.50256538,295980172.5246697,35475.449849520104,33485.01007941541,979.459101555563,0.004721945599070436,0.007789419512954456
M4,2026-03-04 04:00:00,core-sw-01,port-id7429,server-uplink,213579412.3807468,283286030.54450697,31601.863336749386,32146.651191088247,939.0658072386501,0.004879109282182219,0.008377822363332581
M4,2026-03-04 04:05:00,core-sw-01,port-id7429,server-uplink,207417743.45096293,285462012.3185297,31182.969786926333,33243.86866691449,956.9003724743499,0.005046920765436881,0.008225342261294082
M4,2026-03-04 04:10:00,core-sw-01,port-id7429,server-uplink,235286794.56376097,294429647.34743845,35859.55655820286,34227.44152439029,931.2231471480677,0.004460818901954039,0.007794662832000037
M4,2026-03-04 04:15:00,core-sw-01,port-id7429,server-uplink,212602853.92559737,283710514.51818585,31615.783910904192,31639.58891400746,958.2614206776557,0.005012582700923113,0.00886948801597095
M4,2026-03-04 04:20:00,core-sw-01,port-id7429,server-uplink,229833198.49395683,292644482.5052147,33766.31544672392,32970.08509145556,994.4171039927933,0.005001565022364666,0.007880074735171157
M4,2026-03-04 04:25:00,core-sw-01,port-id7429,server-uplink,223556382.58879492,288713429.14446044,33555.208560373685,32662.42421900849,1011.6284303524249,0.004949236917852169,0.008044294494807508
M4,2026-03-04 04:30:00,core-sw-01,port-id7429,server-uplink,230418321.71252367,291894744.8525494,34258.58097078419,33162.5799564217,926.8086757088062,0.004889201044380298,0.008278601303691886
M4,2026-03-04 04:35:00,core-sw-01,port-id7429,server-uplink,229768681.4825272,293652995.9478121,34155.50314845365,32654.367765712024,996.278649320234,0.004919051305588092,0.008650288100503872
M4,2026-03-04 04:40:00,core-sw-01,port-id7429,server-uplink,221203381.9634938,285078798.2073969,33218.19503001934,32849.3121969643,987.3766737480283,0.0049626554953823235,0.008414523072657247
M4,2026-03-04 04:45:00,core-sw-01,port-id7429,server-uplink,233020322.67939803,297122094.02056974,35104.662804080064,34239.84327756094,959.0351581254832,0.004616981051329345,0.008008071036713778
M4,2026-03-04 04:50:00,core-sw-01,port-id7429,server-uplink,243048630.5023587,302790922.8493028,36362.9961123546,35043.58094809912,958.5582345692436,0.004638503885380245,0.008293217479995922
M4,2026-03-04 04:55:00,core-sw-01,port-id7429,server-uplink,225361006.76850128,291355803.7119146,33137.44189677708,33065.37324009347,982.6627979687744,0.005160188716747835,0.008896182596602346
M4,2026-03-04 05:00:00,core-sw-01,port-id7429,server-uplink,230709136.57895818,294212755.34079504,34929.23285694059,33826.5129723721,978.3478705384147,0.0049924520609502185,0.008898703858759545
M4,2026-03-04 05:05:00,core-sw-01,port-id7429,server-uplink,243597180.02560362,297816929.7567293,35387.0361915834,33504.3873851414,988.1122180362953,0.005108675167698694,0.008442404808876916
M4,2026-03-04 05:10:00,core-sw-01,port-id7429,server-uplink,240571895.28817117,298926570.9664533,35608.922507300456,33571.668114761414,986.3282620129887,0.004937185915431029,0.00900524800555361
M4,2026-03-04 05:15:00,core-sw-01,port-id7429,server-uplink,223525625.98606062,289860171.59464896,32846.12007540218,32665.30847228612,969.7169351971419,0.005566920902471086,0.009346803029832939
M4,2026-03-04 05:20:00,core-sw-01,port-id7429,server-uplink,233533929.3844815,289060639.43849266,34155.79507088922,32460.926624084383,974.715938816752,0.005570504991038091,0.009117439983390391
M4,2026-03-04 05:25:00,core-sw-01,port-id7429,server-uplink,231530086.162077,299004806.2131023,33708.15556786836,34098.56232918356,993.027359915458,0.005536759213167243,0.009402740548496165
M4,2026-03-04 05:30:00,core-sw-01,port-id7429,server-uplink,225813102.35179928,289183455.1988368,32517.914091307186,31538.050336084772,996.2495806723019,0.005631153776256398,0.00952409302803246
M4,2026-03-04 05:35:00,core-sw-01,port-id7429,server-uplink,257918139.45909992,306122265.9716812,37905.02149984016,34939.86002294389,964.3288890174465,0.005622955373149055,0.008938446922071495
M4,2026-03-04 05:40:00,core-sw-01,port-id7429,server-uplink,240990027.68843585,299615684.8927652,36332.20270882459,33925.7900576915,965.041892457718,0.005613752586583699,0.009596670428160621
M4,2026-03-04 05:45:00,core-sw-01,port-id7429,server-uplink,241131238.92860115,303409720.1531259,35303.10477912131,33548.98291374988,970.6189251115234,0.005923031133887556,0.00976835774442219
M4,2026-03-04 05:50:00,core-sw-01,port-id7429,server-uplink,256839069.92265463,305212610.88821304,37858.37067518242,34744.84587362566,969.031771024838,0.005709712460634743,0.009634296737407693
M4,2026-03-04 05:55:00,core-sw-01,port-id7429,server-uplink,247364496.35433802,304762293.2364097,37094.2686433144,34844.787771745316,947.6546187683517,0.006215127006083332,0.010465247380198129
M4,2026-03-04 06:00:00,core-sw-01,port-id7429,server-uplink,257179981.55173495,303958341.9259787,38038.55396494749,34473.3775099655,976.0085758441072,0.0058194841329299125,0.010276639982639156
M4,2026-03-04 06:05:00,core-sw-01,port-id7429,server-uplink,256729636.70458075,304922178.3581729,38410.17194029771,34784.87494059467,985.8817814121874,0.00610114394253273,0.01114278628870901
M4,2026-03-04 06:10:00,core-sw-01,port-id7429,server-uplink,260311309.83900625,309534494.1430496,38713.27501832922,34884.1742772232,987.7969807534035,0.0061346880378130575,0.010642250733717096
M4,2026-03-04 06:15:00,core-sw-01,port-id7429,server-uplink,257929140.64447233,314108432.7329452,37964.88550904234,35115.717483547225,1051.3574666869852,0.0068238392599898655,0.011562217194929407
M4,2026-03-04 06:20:00,core-sw-01,port-id7429,server-uplink,277187640.85577005,319279411.5459137,41435.91485825106,35924.02429359582,952.7847143902782,0.006371127299692219,0.01106869057201414
M4,2026-03-04 06:25:00,core-sw-01,port-id7429,server-uplink,262103350.24221474,315223088.206037,39436.852483813665,36969.737683572464,961.6436246344808,0.006751734202059698,0.011128461138048605
M4,2026-03-04 06:30:00,core-sw-01,port-id7429,server-uplink,290584316.10469097,327435236.3786765,45238.457130053925,38238.6510451596,928.2876661926856,0.006623777881577136,0.011277546332142932
M4,2026-03-04 06:35:00,core-sw-01,port-id7429,server-uplink,284702681.5855751,321332435.49610084,41304.6370899978,35952.50183323618,985.5866875314765,0.007137456197498086,0.011929609773603005
M4,2026-03-04 06:40:00,core-sw-01,port-id7429,server-uplink,285633783.84968,321583545.8226179,42596.74953206246,36886.43684976323,955.9499282061531,0.007256436665251844,0.012367288441333845
M4,2026-03-04 06:45:00,core-sw-01,port-id7429,server-uplink,146647858.7633485,77968388.8635091,24492.917027215422,10693.147189277748,792.6145596454818,0.0171345438941966,0.029083494368439666
M4,2026-03-04 06:50:00,core-sw-01,port-id7429,server-uplink,151324253.5607375,88565376.47990367,24815.052737787373,12001.269591517805,824.5737146704204,0.01648394962203849,0.028418110789550918
M4,2026-03-04 06:55:00,core-sw-01,port-id7429,server-uplink,152778824.37683228,84635268.40308392,24850.641856581366,11741.655048551496,770.5809754084163,0.017611613559265396,0.03128182920617076
M4,2026-03-04 07:00:00,core-sw-01,port-id7429,server-uplink,164998423.63699937,93727469.27560873,27065.358934101754,12681.320325396802,841.5167550568681,0.016637168918391433,0.029639589462882882
M4,2026-03-04 07:05:00,core-sw-01,port-id7429,server-uplink,168237774.48630238,92778304.96996464,27447.97398734395,12693.43027282087,834.9867718325771,0.01697378033711347,0.03140877436465641
M4,2026-03-04 07:10:00,core-sw-01,port-id7429,server-uplink,159342680.3588916,91415986.51694533,26095.603790852623,12418.673223762424,817.395066357633,0.01933301464670726,0.03145748627399319
M4,2026-03-04 07:15:00,core-sw-01,port-id7429,server-uplink,186059111.79622707,101572339.38981543,30882.873891779556,13920.81892476353,802.6823943868689,0.016486904167593068,0.029213181191544257
M4,2026-03-04 07:20:00,core-sw-01,port-id7429,server-uplink,195549028.91967294,107325713.26202053,31897.825706478066,14576.69989012211,853.2263848926879,0.016835682947961613,0.028280829342290474
M4,2026-03-04 07:25:00,core-sw-01,port-id7429,server-uplink,204341768.98301756,115651918.58222495,34333.83224314141,15929.442603567077,799.7755404958625,0.01612751701159616,0.026183484321076454
M4,2026-03-04 07:30:00,core-sw-01,port-id7429,server-uplink,189761988.09002513,106525084.40839563,30683.54583272649,14472.990456667014,798.3798461898123,0.01798807658337358,0.03178823553705506
M4,2026-03-04 07:35:00,core-sw-01,port-id7429,server-uplink,196993178.51807892,112907935.78186564,32048.247910775837,15105.885175712818,833.9957899618594,0.017873426731108148,0.030905521030836217
M4,2026-03-04 07:40:00,core-sw-01,port-id7429,server-uplink,216355309.6504537,120046672.00321253,35689.16196516058,16491.033698277606,819.572758760714,0.016501506291583774,0.029089212471111986
M4,2026-03-04 07:45:00,core-sw-01,port-id7429,server-uplink,203538116.8209651,112482317.4615452,33316.472601528345,15352.122584785278,822.0836114248513,0.018958990363489112,0.032565456822433975
M4,2026-03-04 07:50:00,core-sw-01,port-id7429,server-uplink,231298970.5470693,131796249.5456037,37461.69262023061,17775.69021381842,820.612537380489,0.01686560304978642,0.028680520140545875
M4,2026-03-04 07:55:00,core-sw-01,port-id7429,server-uplink,225010274.02076668,125029778.23996086,37531.5775209482,17296.101409213014,792.5546989979216,0.016718092090691226,0.028592100080145875
M4,2026-03-04 08:00:00,core-sw-01,port-id7429,server-uplink,223033562.312574,125313051.0451848,36802.93351459886,17279.139442562555,777.1344357130805,0.01783316976818961,0.030994283035676164
M4,2026-03-04 08:05:00,core-sw-01,port-id7429,server-uplink,231862259.34942707,130694366.89862692,37839.303191082756,17732.462423881534,838.1325647296482,0.01689989695088727,0.028793237400548267
M4,2026-03-04 08:10:00,core-sw-01,port-id7429,server-uplink,238654364.96916333,136326838.53453043,38532.018076713495,18307.536018445822,804.4956742765281,0.01783532410409081,0.029748743279420026
M4,2026-03-04 08:15:00,core-sw-01,port-id7429,server-uplink,243858378.76668665,135137126.22135657,40161.56715435019,18433.604419506268,812.7376547994639,0.016890667688155246,0.029158649265489067
M4,2026-03-04 08:20:00,core-sw-01,port-id7429,server-uplink,255651913.39332038,139795245.58720225,41969.45709073025,18359.92177301878,828.4336049102166,0.01690021339503369,0.029832916879190118
M4,2026-03-04 08:25:00,core-sw-01,port-id7429,server-uplink,265168246.89403194,149757253.77081373,45318.314831349264,21011.475223201007,780.9554348550691,0.01521070517625806,0.027214475198854143
M4,2026-03-04 08:30:00,core-sw-01,port-id7429,server-uplink,245926746.24000666,140476924.686799,41045.7099265323,19606.490405553366,782.4204858016161,0.017074787512587904,0.028914531929846558
M4,2026-03-04 08:35:00,core-sw-01,port-id7429,server-uplink,243756104.85462263,139587218.33770433,39410.63421359212,18694.16617063433,820.9463863774129,0.01830590922037952,0.03252957329773635
M4,2026-03-04 08:40:00,core-sw-01,port-id7429,server-uplink,257923418.89141482,145038900.46747166,42652.50309766024,19814.274893238686,812.8063095678519,0.01699752146321645,0.030046127969484
M4,2026-03-04 08:45:00,core-sw-01,port-id7429,server-uplink,274358260.3148341,150468634.9402327,45688.538020648106,20856.39901950547,804.1589073189849,0.015642811199285837,0.026135649051874255
M4,2026-03-04 08:50:00,core-sw-01,port-id7429,server-uplink,280295247.9308865,155204872.70513457,45319.765390060646,21139.270888571045,827.259587855029,0.016353548198890483,0.028074618319382898
M4,2026-03-04 08:55:00,core-sw-01,port-id7429,server-uplink,264174770.63419318,145228944.06825373,42287.83775805173,19703.958739394155,849.5837009685126,0.01756883466830358,0.03105923970797256
M4,2026-03-04 09:00:00,core-sw-01,port-id7429,server-uplink,269633470.34470445,148004121.55018067,45487.42382585321,20218.31614965458,758.3465147574967,0.017156579666580494,0.027745367693479052
M4,2026-03-04 09:05:00,core-sw-01,port-id7429,server-uplink,261163186.09701955,143797095.9678007,42664.301389213215,19191.575624339388,822.5640845713007,0.017777216758622406,0.028795647947434982
M4,2026-03-04 09:10:00,core-sw-01,port-id7429,server-uplink,283837045.38438106,159406806.9006912,46874.881501486016,21707.442842939075,824.4663157186117,0.016187493382045674,0.027041519278474403
M4,2026-03-04 09:15:00,core-sw-01,port-id7429,server-uplink,274338429.90614223,153866680.6626416,44669.89617931171,20464.350446145378,794.7753856058994,0.01721375586023798,0.02962307723811241
M4,2026-03-04 09:20:00,core-sw-01,port-id7429,server-uplink,279031666.24048847,156158565.40546018,45312.0453058112,20851.228412199704,819.6020566780263,0.016896228996686205,0.028486310279736846
M4,2026-03-04 09:25:00,core-sw-01,port-id7429,server-uplink,259002870.4823671,149999086.0627721,42393.28583672046,20405.846539974224,834.2104508345737,0.017905393613507996,0.029746514870724532
M4,2026-03-04 09:30:00,core-sw-01,port-id7429,server-uplink,258699886.85972044,146955549.4027567,42713.00675937212,20154.76025745971,818.1943759648642,0.018303143524723793,0.031985851775999594
M4,2026-03-04 09:35:00,core-sw-01,port-id7429,server-uplink,271385613.7698809,150422343.54757196,43904.670649135835,20127.717682132894,821.3664221316565,0.01832639779413568,0.0310873093611847
M4,2026-03-04 09:40:00,core-sw-01,port-id7429,server-uplink,266200108.39819685,147846378.06492501,45827.89617541908,20426.891810661742,743.3795715905825,0.017252022190034133,0.0293121791200102
M4,2026-03-04 09:45:00,core-sw-01,port-id7429,server-uplink,278422127.84315854,157396236.75429794,44373.842062076714,20905.143914239343,853.7086462902708,0.018388919589640552,0.030674134968668592
M4,2026-03-04 09:50:00,core-sw-01,port-id7429,server-uplink,279416507.7950677,156908144.60802412,46270.89209021766,21074.94671533877,782.3998739847497,0.017610531476558278,0.02765273141984574
M4,2026-03-04 09:55:00,core-sw-01,port-id7429,server-uplink,297337257.12515336,164354348.46938506,49094.391068890545,22396.743630454916,802.6367034759809,0.017074026291802342,0.027043976355603634
M4,2026-03-04 10:00:00,core-sw-01,port-id7429,server-uplink,279380470.42518365,157956199.51777434,46082.11254341863,21559.02530270249,803.4552792688133,0.017215399106827636,0.02947709012442985
M4,2026-03-04 10:05:00,core-sw-01,port-id7429,server-uplink,278373746.6323103,157230027.06192502,47338.62308723012,21568.304211988892,794.0237690067306,0.016773544980454944,0.02861439853527398
M4,2026-03-04 10:10:00,core-sw-01,port-id7429,server-uplink,296336279.8322953,166699566.151071,48523.85280689112,22483.661906183028,825.651606888574,0.016534392735773444,0.027568334473775543
M4,2026-03-04 10:15:00,core-sw-01,port-id7429,server-uplink,284131159.766905,162660743.5037996,44954.242457944405,21629.270833071714,827.831993613365,0.017723615842211007,0.0292222982004066
M4,2026-03-04 10:20:00,core-sw-01,port-id7429,server-uplink,294011964.39741105,164585852.952723,47952.25557783837,22476.117058506057,802.6115133862752,0.01633543082739426,0.02823568021213347
M4,2026-03-04 10:25:00,core-sw-01,port-id7429,server-uplink,292444515.4286206,161640206.9738637,48291.687116034605,22288.611037804185,786.7918429289736,0.01609616574804118,0.028207224492705737
M4,2026-03-04 10:30:00,core-sw-01,port-id7429,server-uplink,276032434.492826,156550473.14931935,44814.77834211351,21040.015396548722,826.3163891818962,0.017826484701820067,0.03125182559388835
M4,2026-03-04 10:35:00,core-sw-01,port-id7429,server-uplink,281764520.06409395,155885393.45219088,46193.934122929364,21136.328395118166,799.456759630004,0.017481409716996285,0.029155105420237047
M4,2026-03-04 10:40:00,core-sw-01,port-id7429,server-uplink,273616888.65987056,150868268.58205006,45343.25385635206,20466.65916484785,821.4249088631174,0.017580687044914427,0.03123685096233354
M4,2026-03-04 10:45:00,core-sw-01,port-id7429,server-uplink,291525523.47492045,160373673.7062612,48186.63131074657,22072.146982039107,805.1085924082367,0.01682123655383778,0.028766640904162588
M4,2026-03-04 10:50:00,core-sw-01,port-id7429,server-uplink,273148195.0840541,156229036.21746844,45932.95857236511,21870.031245701368,782.7512274562827,0.01723135944477211,0.029421552122556635
M4,2026-03-04 10:55:00,core-sw-01,port-id7429,server-uplink,293930294.897457,165962361.80612168,48862.982204026965,23207.638218166077,789.7267280201387,0.016226225280426738,0.02683863457945632
M4,2026-03-04 11:00:00,core-sw-01,port-id7429,server-uplink,298741835.2420058,168976280.58187208,48747.364147426015,23146.84661208746,824.3201998084016,0.016264871108883538,0.02687126579819708
M4,2026-03-04 11:05:00,core-sw-01,port-id7429,server-uplink,278396178.69815844,154981977.5008046,46294.414827095046,21456.786363245617,781.1037269158894,0.01644090616397213,0.028157524721150653
M4,2026-03-04 11:10:00,core-sw-01,port-id7429,server-uplink,280774272.1262657,156548817.72522497,46119.244466034026,21187.258275706205,782.1893269831696,0.01806889092807483,0.028717349744638323
M4,2026-03-04 11:15:00,core-sw-01,port-id7429,server-uplink,284203455.2096489,164000065.32767045,46671.096974733984,21670.548278247505,843.7627595425977,0.017050342760408194,0.029419798622780515
M4,2026-03-04 11:20:00,core-sw-01,port-id7429,server-uplink,275545296.77057123,153555472.91375116,45028.351225227954,20545.938703370186,758.4048465092513,0.017712096415612732,0.030062312255472082
M4,2026-03-04 11:25:00,core-sw-01,port-id7429,server-uplink,285108315.232686,157700572.07604423,47788.25531930192,21265.385593496954,790.0376391028167,0.017131011566873938,0.02877019601353282
M4,2026-03-04 11:30:00,core-sw-01,port-id7429,server-uplink,297260844.150512,161283019.96842295,49792.1833195902,22207.072257466687,763.3792540813039,0.016130862266372295,0.027418178572145787
M4,2026-03-04 11:35:00,core-sw-01,port-id7429,server-uplink,279806406.31329256,159340998.2326897,47429.67213222568,22471.627216675737,773.1211518000347,0.01695854945731614,0.02701987150666865
M4,2026-03-04 11:40:00,core-sw-01,port-id7429,server-uplink,270213010.8746415,151528629.94614577,43603.991042255715,20157.21924129738,850.991952441045,0.018723610142494518,0.030851485903172843
M4,2026-03-04 11:45:00,core-sw-01,port-id7429,server-uplink,275925811.8621803,154664038.5603057,45895.48463867503,20732.25284209197,770.0612436027847,0.017259574159290948,0.029542771543240535
M4,2026-03-04 11:50:00,core-sw-01,port-id7429,server-uplink,296689422.64286715,166500880.63414934,49065.58204609428,22743.51317053935,772.4105264155048,0.016039347782965688,0.02876032720757749
M4,2026-03-04 11:55:00,core-sw-01,port-id7429,server-uplink,277936069.4256946,157473090.39904588,45910.090640910246,21595.642643202085,807.2361887962836,0.01705099864700511,0.030828153839830782
M4,2026-03-04 12:00:00,core-sw-01,port-id7429,server-uplink,277747713.4992032,154256140.80610073,47191.39806538647,21625.485152701545,774.2890757025938,0.016639088895675214,0.02798952928095405
M4,2026-03-04 12:05:00,core-sw-01,port-id7429,server-uplink,284365317.0717393,163172040.03783506,46363.79020505482,22415.423405765163,837.9176705660528,0.016698877956764144,0.02812807301740509
M4,2026-03-04 12:10:00,core-sw-01,port-id7429,server-uplink,281701899.55642664,158872056.12162045,46302.294104255285,21268.106021555133,834.319906484168,0.01634158876631454,0.028825177694702064
M4,2026-03-04 12:15:00,core-sw-01,port-id7429,server-uplink,278395879.6483966,156323989.28069258,44709.306035271286,21110.115555979493,830.1130200056929,0.018033219244574922,0.02971407386079691
M4,2026-03-04 12:20:00,core-sw-01,port-id7429,server-uplink,266420702.29359815,150655969.85758686,44451.075677711975,20572.688521253483,776.6792115834072,0.0180978841673999,0.030327857624893713
M4,2026-03-04 12:25:00,core-sw-01,port-id7429,server-uplink,270383579.11436826,153132151.7446492,43893.74794803485,20748.501291161756,816.9906406814032,0.018278908662581937,0.031409542554430896
M4,2026-03-04 12:30:00,core-sw-01,port-id7429,server-uplink,291091754.4793474,162706610.77740067,48131.03978500774,21771.485623092016,834.0782911616567,0.017294294288793984,0.0283022028349677
M4,2026-03-04 12:35:00,core-sw-01,port-id7429,server-uplink,296085156.4175696,163979433.01591614,49112.82598299647,22296.32677417889,797.0919757484688,0.015281111044173087,0.027769350856853465
M4,2026-03-04 12:40:00,core-sw-01,port-id7429,server-uplink,309910273.08250153,174029481.75687724,52777.35426895619,24455.608134447742,795.2386117827537,0.014944554551405715,0.026730184794825564
M4,2026-03-04 12:45:00,core-sw-01,port-id7429,server-uplink,296569809.9304233,165715166.02592477,48916.01618832189,22669.909397687108,806.5315004605915,0.0164716813424055,0.027556553385023195
M4,2026-03-04 12:50:00,core-sw-01,port-id7429,server-uplink,287967403.2271076,162583770.62452048,46038.024977076755,21592.666451933324,839.7859893761652,0.016562599187868763,0.0293844137692907
M4,2026-03-04 12:55:00,core-sw-01,port-id7429,server-uplink,287566944.4179752,163037233.1284732,47565.40463880847,22367.944588124916,795.9259047525284,0.016741543571000272,0.028200006238329557
M4,2026-03-04 13:00:00,core-sw-01,port-id7429,server-uplink,283798682.3072933,161401632.617169,46957.00670861091,21864.27763007952,777.8991598356073,0.016606870382008268,0.030637636855585113
M4,2026-03-04 13:05:00,core-sw-01,port-id7429,server-uplink,293092609.0084614,160121731.1890612,49252.387176490985,22078.55306545231,811.7595310007838,0.015933866786303118,0.0284697302451567
M4,2026-03-04 13:10:00,core-sw-01,port-id7429,server-uplink,307972276.6324395,170300554.66129288,49497.17067491803,22990.849565063734,826.0509977558713,0.016041900645642093,0.027515828017470552
M4,2026-03-04 13:15:00,core-sw-01,port-id7429,server-uplink,292823805.21897686,165646662.02006578,47464.466562479276,22384.532106168328,851.6437125643355,0.016774864708424528,0.028686334034479052
M4,2026-03-04 13:20:00,core-sw-01,port-id7429,server-uplink,278119171.9814381,159185957.98871747,46376.165052544326,21803.282033636,783.9126637613878,0.017408945675594163,0.02867523577745742
M4,2026-03-04 13:25:00,core-sw-01,port-id7429,server-uplink,298593837.3749028,162294969.39594847,49512.86473843973,22108.884017356762,813.0904686625285,0.017135429491803363,0.027687771254482997
M4,2026-03-04 13:30:00,core-sw-01,port-id7429,server-uplink,297586851.38259655,163429944.22256625,50231.13124858929,22769.978639647008,783.9040886912973,0.016616755048144388,0.02698812659787676
M4,2026-03-04 13:35:00,core-sw-01,port-id7429,server-uplink,274662474.8539957,155609155.99932435,45145.27291028807,20989.32031884137,827.6726812138603,0.017858410746790537,0.029576138875335972
M4,2026-03-04 13:40:00,core-sw-01,port-id7429,server-uplink,279790294.68744934,157580339.3783164,45730.04021968951,21218.786424987084,830.371115702765,0.01695548910126923,0.02996752166134141
M4,2026-03-04 13:45:00,core-sw-01,port-id7429,server-uplink,271370495.2537246,154385952.05591327,45805.55247051383,21198.13114038178,792.6535616787266,0.017486874051755686,0.03134737987805946
M4,2026-03-04 13:50:00,core-sw-01,port-id7429,server-uplink,275867966.8689612,153227116.8406495,44091.80800776318,20662.002416258594,818.7776705661682,0.017886939959956993,0.03106433767410359
M4,2026-03-04 13:55:00,core-sw-01,port-id7429,server-uplink,290719077.5481879,161164826.36025804,48678.09844760448,21658.71939009273,783.1313724676385,0.0158429174177466,0.02830638519120347
M4,2026-03-04 14:00:00,core-sw-01,port-id7429,server-uplink,271590055.5589041,154951937.14174658,42960.1610526615,20917.893740972486,796.6021015014036,0.01801361362600157,0.03194725531244585
M4,2026-03-04 14:05:00,core-sw-01,port-id7429,server-uplink,274259815.76588756,149326891.02020636,45358.22330925702,20143.729943298476,793.1551953894772,0.0175341313815377,0.03045472068943258
M4,2026-03-04 14:10:00,core-sw-01,port-id7429,server-uplink,266275078.81717703,148917549.56995538,44131.28197056978,20143.39541069323,777.6125418446477,0.01812321749588983,0.03164077311539426
M4,2026-03-04 14:15:00,core-sw-01,port-id7429,server-uplink,285355768.1894088,158070636.8411357,46454.02726799371,21344.57822350879,835.8953797862391,0.0173549166715363,0.03004327699137875
M4,2026-03-04 14:20:00,core-sw-01,port-id7429,server-uplink,274654993.4568454,157576202.24988294,45598.48482180118,21683.696788807305,790.2347844279509,0.01721403563739818,0.028019316896724312
M4,2026-03-04 14:25:00,core-sw-01,port-id7429,server-uplink,296606818.7350316,166789380.01087454,48547.05238110782,22812.129038800624,803.5803912163583,0.016468074135471585,0.02788759075653577
M4,2026-03-04 14:30:00,core-sw-01,port-id7429,server-uplink,278461254.108332,153865341.33848837,47674.109291422894,21348.965428206837,789.1839665491308,0.01697012228841056,0.02868920896921458
M4,2026-03-04 14:35:00,core-sw-01,port-id7429,server-uplink,288508950.1641688,164425056.2524799,45904.204162303206,21686.296425714685,860.9309826772898,0.017657765197993704,0.028833413112503852
M4,2026-03-04 14:40:00,core-sw-01,port-id7429,server-uplink,272406741.9889716,152285261.75305554,45531.92983469013,20603.153307376408,777.6445489818664,0.017337654975826008,0.030001053081487827
M4,2026-03-04 14:45:00,core-sw-01,port-id7429,server-uplink,289604407.7213751,167824757.08210748,49188.92115046625,23374.201254746884,771.4357338499004,0.015579327643418512,0.02681497001519049
M4,2026-03-04 14:50:00,core-sw-01,port-id7429,server-uplink,285311492.93005216,165380534.0522677,47598.52353294513,22350.12049916091,797.4121058541424,0.01604797646762552,0.02850113453902557
M4,2026-03-04 14:55:00,core-sw-01,port-id7429,server-uplink,288043731.6546062,161224010.90478238,47218.1039176278,22211.06694208801,851.6551535565022,0.016435435790376145,0.029463070468138834
M4,2026-03-04 15:00:00,core-sw-01,port-id7429,server-uplink,292303794.6955634,164079806.24386996,47319.80661682859,22314.270852179587,789.3654476273765,0.01734857559114465,0.028879106675791938
M4,2026-03-04 15:05:00,core-sw-01,port-id7429,server-uplink,286471710.78135157,162843770.11153153,47570.93527737915,21861.211121312368,787.3195305794445,0.01750253746525573,0.028393664408439732
M4,2026-03-04 15:10:00,core-sw-01,port-id7429,server-uplink,307955606.6200149,177163762.18878987,51840.10894448425,24376.01215371068,765.9852055989433,0.015631917877893073,0.026466661402477665
M4,2026-03-04 15:15:00,core-sw-01,port-id7429,server-uplink,300513934.63744134,168494981.24112645,49017.71048506248,22943.694947883025,798.7032282573206,0.016376013473679243,0.027500999460000952
M4,2026-03-04 15:20:00,core-sw-01,port-id7429,server-uplink,290798161.49000555,165197279.53914133,47623.87862642124,22841.64106217613,792.2507144820919,0.015731759753953713,0.029072265108786174
M4,2026-03-04 15:25:00,core-sw-01,port-id7429,server-uplink,288849148.49224,158683399.2226277,48028.36206245151,21419.862973237054,793.9561735507771,0.016079091075710154,0.02800192337767562
M4,2026-03-04 15:30:00,core-sw-01,port-id7429,server-uplink,275660079.04847413,155700327.70249748,46051.756674226635,21112.985053855293,826.8863993517544,0.01692821498339297,0.030173306900079216
M4,2026-03-04 15:35:00,core-sw-01,port-id7429,server-uplink,276266700.52238226,155960231.36997318,45940.01602083822,21328.589387434164,795.5710192412384,0.01763186621334673,0.02995870268479771
M4,2026-03-04 15:40:00,core-sw-01,port-id7429,server-uplink,280354524.3241178,160716812.96715346,45429.14730872508,21863.675630861948,826.9427361789777,0.01756902002099866,0.029998794952266046
M4,2026-03-04 15:45:00,core-sw-01,port-id7429,server-uplink,281518641.7168544,154857866.8000743,45947.179993087964,21381.916704359406,826.9120920563676,0.017128052398339543,0.028470830132077
M4,2026-03-04 15:50:00,core-sw-01,port-id7429,server-uplink,279138388.7635992,157421581.44972733,45638.28092464898,21336.043409200705,830.3166891063971,0.016994934829648572,0.029609560000736085
M4,2026-03-04 15:55:00,core-sw-01,port-id7429,server-uplink,299631127.83346266,168303821.7961888,49746.18237787942,22698.39417998721,786.1471730586575,0.016438640130170126,0.027784120139396896
M4,2026-03-04 16:00:00,core-sw-01,port-id7429,server-uplink,285308436.8051118,159781804.28564313,47177.93919811481,21694.463167624624,786.0631342564993,0.017875961914113968,0.02842362928383908
M4,2026-03-04 16:05:00,core-sw-01,port-id7429,server-uplink,290454550.57340145,162335976.04489207,47629.35069926568,22410.689851134255,809.1408713189164,0.016463884353366667,0.027389036520719473
M4,2026-03-04 16:10:00,core-sw-01,port-id7429,server-uplink,281743439.3311998,158884406.9898956,46700.07435145925,21692.530033820407,849.9176482458934,0.016505087160637897,0.02759749275168552
M4,2026-03-04 16:15:00,core-sw-01,port-id7429,server-uplink,282615885.0828082,161773352.14855257,46179.300852462366,21634.21640008954,801.4326089760928,0.016432511920590157,0.029020954458780068
M4,2026-03-04 16:20:00,core-sw-01,port-id7429,server-uplink,287764963.96389914,163770200.18045577,48132.513405776466,22323.541937444315,807.0551154985017,0.016534305494553703,0.02744490340347363
M4,2026-03-04 16:25:00,core-sw-01,port-id7429,server-uplink,268324310.01281345,148317817.32213774,44528.30867575986,20596.69125373823,781.7337638965248,0.016905754716968657,0.031038590018033968
M4,2026-03-04 16:30:00,core-sw-01,port-id7429,server-uplink,285678207.8170339,159842211.22534782,47180.45921933866,21624.02558929289,819.8121340954241,0.016942551933899153,0.02973708462397059
M4,2026-03-04 16:35:00,core-sw-01,port-id7429,server-uplink,279818665.9910617,158818098.89604956,44816.642213672545,20996.038124495837,804.6525498952449,0.017264149073949343,0.03072196240808544
M4,2026-03-04 16:40:00,core-sw-01,port-id7429,server-uplink,261455265.49290252,148238302.19226822,42804.142644058076,19851.469179518786,776.6597937465978,0.01835613422470679,0.031317062098935027
M4,2026-03-04 16:45:00,core-sw-01,port-id7429,server-uplink,275299674.229377,155289253.06528825,46107.27304931012,21425.18910932854,800.2114982595799,0.016770507148129436,0.028388810398950113
M4,2026-03-04 16:50:00,core-sw-01,port-id7429,server-uplink,277330761.448547,152245491.59748703,45317.912355338,20561.888746250046,802.4278696289012,0.017219716485775676,0.029371708525631243
M4,2026-03-04 16:55:00,core-sw-01,port-id7429,server-uplink,291166155.4273789,163185534.48626626,47128.82624066576,22096.836466734607,810.8826824870437,0.016226476862714948,0.028020636917896486
M4,2026-03-04 17:00:00,core-sw-01,port-id7429,server-uplink,270748048.20428145,153150472.7802273,44366.869394468005,20812.28517658644,824.0405912304824,0.018097893067028515,0.02947999982779293
M4,2026-03-04 17:05:00,core-sw-01,port-id7429,server-uplink,267595756.03230384,151856546.3262757,44781.83355876278,21204.989978393085,778.0348177983142,0.017307786368596787,0.029164017767758538
M4,2026-03-04 17:10:00,core-sw-01,port-id7429,server-uplink,286332469.0919448,158289166.52128735,47023.8719450152,21364.571086238087,832.6343846333242,0.016632536250519768,0.027801519128808218
M4,2026-03-04 17:15:00,core-sw-01,port-id7429,server-uplink,267166386.11232775,151335083.80349275,43237.093134207,20378.405573810625,826.1653363412685,0.017056159384772136,0.030120426546760563
M4,2026-03-04 17:20:00,core-sw-01,port-id7429,server-uplink,282882369.824284,161678672.2602588,47583.95422769559,22265.18083697256,781.8151446092124,0.016581694490989413,0.02773279921105999
M4,2026-03-04 17:25:00,core-sw-01,port-id7429,server-uplink,276484327.94085,155609701.25340766,45117.32637295757,21315.587261318047,812.7672184821347,0.0169515845029524,0.029666307764672068
M4,2026-03-04 17:30:00,core-sw-01,port-id7429,server-uplink,264870030.2000416,149516059.35184184,43009.89815829022,19937.796395824105,782.1950022325232,0.018178961113321665,0.030108975380279263
M4,2026-03-04 17:35:00,core-sw-01,port-id7429,server-uplink,279127445.060313,157383946.31599876,46120.68622187539,21324.647533195453,809.2333944401389,0.015931307471056883,0.03005938135797901
M4,2026-03-04 17:40:00,core-sw-01,port-id7429,server-uplink,276378066.8501337,151966947.7328752,44800.63806324912,20463.840389218458,775.3367824441896,0.01650047327985619,0.029929782795229686
M4,2026-03-04 17:45:00,core-sw-01,port-id7429,server-uplink,268104320.76983538,151896930.75038278,44746.74013230171,21273.886729148264,796.4460955385838,0.01713001497114724,0.029919927582826838
M4,2026-03-04 17:50:00,core-sw-01,port-id7429,server-uplink,279880798.915502,158277545.78565675,45764.20077445116,21840.540791443374,813.7793375791945,0.01702817159156836,0.027161238130062694
M4,2026-03-04 17:55:00,core-sw-01,port-id7429,server-uplink,260358958.4546632,144881102.3221794,42460.478423807304,19913.87343708645,836.4991202650684,0.017524734004615516,0.02993506452521309
M4,2026-03-04 18:00:00,core-sw-01,port-id7429,server-uplink,253987937.0291858,139934437.5573449,41683.71882383054,18925.776853914747,811.5605654816648,0.01816289902505594,0.03058717269463591
M4,2026-03-04 18:05:00,core-sw-01,port-id7429,server-uplink,260588235.47066134,146756232.35096353,44252.94350959895,20303.902827390226,813.9436198886763,0.016906655854817838,0.028005162614352493
M4,2026-03-04 18:10:00,core-sw-01,port-id7429,server-uplink,261401177.12419805,150050134.79827642,43057.69134627188,20286.022689308622,803.7606941692776,0.017068495260483662,0.02935272388545714
M4,2026-03-04 18:15:00,core-sw-01,port-id7429,server-uplink,261394055.84817427,145632144.0661183,43349.17379939969,19886.68947251262,823.0991331313758,0.016755027477063283,0.028873670057480174
M4,2026-03-04 18:20:00,core-sw-01,port-id7429,server-uplink,250197477.47176242,142042170.46953234,41415.620029627455,19425.242219630563,836.4623222522731,0.017204282054441758,0.03069433625427182
M4,2026-03-04 18:25:00,core-sw-01,port-id7429,server-uplink,264025537.21993467,149358559.92560953,44432.320553898746,20613.262453862895,850.2321384431435,0.017795027917467787,0.02674329110463832
M4,2026-03-04 18:30:00,core-sw-01,port-id7429,server-uplink,248377416.66986522,138553854.08091694,40306.18144615198,18808.773941883563,842.8848285930665,0.017601864281014273,0.02950452253831146
M4,2026-03-04 18:35:00,core-sw-01,port-id7429,server-uplink,258983234.93764275,140981243.06947,42397.15608591155,19184.032028184596,803.1933350667099,0.017249925543965476,0.028707999233194385
M4,2026-03-04 18:40:00,core-sw-01,port-id7429,server-uplink,246481885.9886553,135802641.58974457,41640.54907890047,18539.392988471398,800.2162814997669,0.017310644660051347,0.02981844086580249
M4,2026-03-04 18:45:00,core-sw-01,port-id7429,server-uplink,236570876.21822888,129579761.54286252,38961.66750904702,17808.43059899018,826.4522249753576,0.01718792117077919,0.03118990310725054
M4,2026-03-04 18:50:00,core-sw-01,port-id7429,server-uplink,235358998.92817438,132735716.37867573,39683.66691198733,18602.734208930382,773.5714851740026,0.01694505028070638,0.029693703303903234
M4,2026-03-04 18:55:00,core-sw-01,port-id7429,server-uplink,227570824.92227325,127950988.80827548,36607.54360611343,16823.381619549593,833.2252890404459,0.01832865826483364,0.03165629953676705
M4,2026-03-04 19:00:00,core-sw-01,port-id7429,server-uplink,258151237.40460324,146166282.31934202,42312.85412273633,20291.087614994052,814.4642746576673,0.015466178149011888,0.02676961832668137
M4,2026-03-04 19:05:00,core-sw-01,port-id7429,server-uplink,234039544.28993994,135674217.66762632,39773.14801877547,18507.81901128337,775.4323004874271,0.0161464262392326,0.027893747835445508
M4,2026-03-04 19:10:00,core-sw-01,port-id7429,server-uplink,235077896.30092096,127432646.17438702,38322.75115129084,16933.796020885344,797.082187485578,0.01690078862063658,0.030544065615761104
M4,2026-03-04 19:15:00,core-sw-01,port-id7429,server-uplink,244179612.83623856,134231160.38714567,39037.89619951418,18170.758263269552,812.7108096526765,0.01610117539705529,0.02875308399870336
M4,2026-03-04 19:20:00,core-sw-01,port-id7429,server-uplink,243603339.51610962,133005174.36008143,39077.81586049661,17864.490031496953,822.6962815295046,0.016509478264829344,0.027252968472618502
M4,2026-03-04 19:25:00,core-sw-01,port-id7429,server-uplink,218061494.90388253,123376539.83630885,35499.885728447596,17065.51782725897,787.1697896960744,0.016876422196569835,0.029010711490671522
M4,2026-03-04 19:30:00,core-sw-01,port-id7429,server-uplink,198175948.27207974,106916011.01406513,32270.56689101861,14112.37435826264,885.0227861448749,0.018332180629767294,0.030627874429980106
M4,2026-03-04 19:35:00,core-sw-01,port-id7429,server-uplink,191153241.78637084,109909462.71460915,31635.049541121003,14767.517666350834,770.057930258422,0.017655488053115273,0.030489053927655503
M4,2026-03-04 19:40:00,core-sw-01,port-id7429,server-uplink,178256027.8634566,98803435.79712324,29015.490968969647,13452.86631956352,816.8715419257801,0.01991667025332394,0.03395312904490238
M4,2026-03-04 19:45:00,core-sw-01,port-id7429,server-uplink,194631748.1126049,114037392.74340568,31283.4808764916,15215.708875014185,820.5690001902633,0.018307715462744383,0.028632451135353253
M4,2026-03-04 19:50:00,core-sw-01,port-id7429,server-uplink,191558981.35391736,106363964.26583098,30838.993111039446,14315.310125311657,848.9142253707575,0.017334095729802265,0.03158175973692265
M4,2026-03-04 19:55:00,core-sw-01,port-id7429,server-uplink,174049503.71095955,100204470.19662392,29619.267852226927,13794.604645859188,781.8920708428936,0.01799161782938096,0.02817603307679483
M4,2026-03-04 20:00:00,core-sw-01,port-id7429,server-uplink,176226267.6108253,101521978.41708602,29017.417230584495,13836.575343077708,777.3597747074456,0.016876529018012527,0.031077623672990547
M4,2026-03-04 20:05:00,core-sw-01,port-id7429,server-uplink,163154262.3284033,93233297.5315958,26606.297128758917,12332.841911511588,825.866614443766,0.01904397944814101,0.03054190158761841
M4,2026-03-04 20:10:00,core-sw-01,port-id7429,server-uplink,157461331.4371859,89851783.30083968,26023.24417300694,11982.693893820837,862.4881426897973,0.019003601184597676,0.03176865992202271
M4,2026-03-04 20:15:00,core-sw-01,port-id7429,server-uplink,166144548.92141774,93916268.213993,27206.5932321551,12589.58672969492,793.2713433835287,0.016856211939132372,0.028437373029591054
M4,2026-03-04 20:20:00,core-sw-01,port-id7429,server-uplink,146048391.78300518,85317962.79410109,23456.23403683254,11346.138507883843,819.9286833999905,0.01837071056663347,0.03228994171090596
M4,2026-03-04 20:25:00,core-sw-01,port-id7429,server-uplink,155213417.0770677,86897158.5425973,26088.20397180584,12101.613559646432,797.6262131985316,0.016467483453032495,0.027955158898087275
M4,2026-03-04 20:30:00,core-sw-01,port-id7429,server-uplink,156103505.15053472,89215856.80591558,25283.025486076738,11860.854572171143,815.7046508649379,0.01646903225304021,0.027874177181290052
M4,2026-03-04 20:35:00,core-sw-01,port-id7429,server-uplink,128748805.30836384,73310167.31610578,21317.747276356342,9791.831599323896,873.682580187717,0.018360740148160692,0.03117157609452695
M4,2026-03-04 20:40:00,core-sw-01,port-id7429,server-uplink,137148353.87829718,77133010.92775755,23035.251483274704,10437.732526652688,804.2768813101931,0.01658026422052596,0.029775101529661795
M4,2026-03-04 20:45:00,core-sw-01,port-id7429,server-uplink,128292091.7299474,72780059.86387166,20954.410332980402,9672.106439178428,816.9869221434702,0.018436620913736004,0.030044151556558756
M4,2026-03-04 20:50:00,core-sw-01,port-id7429,server-uplink,127617939.24260291,72472387.89619607,20790.99385251547,9696.236499638173,805.9117832000327,0.01692455265405917,0.029383736614684
M4,2026-03-04 20:55:00,core-sw-01,port-id7429,server-uplink,108827502.79301204,63716785.03954323,17635.907010997526,8702.161661354663,842.8126406747012,0.018803223334755332,0.033660829498248564
M4,2026-03-04 21:00:00,core-sw-01,port-id7429,server-uplink,128106759.0106328,71614282.13777368,21685.62286517524,9777.143880927992,822.4124119394719,0.014851139228298008,0.026292176210262832
M4,2026-03-04 21:05:00,core-sw-01,port-id7429,server-uplink,117076031.68347634,63664455.1089813,19239.64387616886,8844.590138029675,811.8368835189989,0.01670077270820168,0.029549568259922637
M4,2026-03-04 21:10:00,core-sw-01,port-id7429,server-uplink,118585440.55894311,61360053.5645447,19577.693049448415,8400.425592182162,823.4251699632924,0.016813663314096595,0.029648782554014402
M4,2026-03-04 21:15:00,core-sw-01,port-id7429,server-uplink,107733423.03974596,62002375.223937765,17748.38306361125,8326.800932402073,816.20956488285,0.01763962448061054,0.030120748691953372
M4,2026-03-04 21:20:00,core-sw-01,port-id7429,server-uplink,101639486.75932099,54406399.868134335,16605.275348540952,7175.016328067287,820.6195113432578,0.0180821846706057,0.03094929667033934
M4,2026-03-04 21:25:00,core-sw-01,port-id7429,server-uplink,96201935.34855327,49920196.71572297,15409.93663779356,6823.438187843843,844.2425837433392,0.01875091116664042,0.032927732235562876
M4,2026-03-04 21:30:00,core-sw-01,port-id7429,server-uplink,82117206.28519033,43928885.82369028,13248.472065043952,5713.7586999520245,825.76968801409,0.021886676464243804,0.038223734715237045
M4,2026-03-04 21:35:00,core-sw-01,port-id7429,server-uplink,87509169.32387528,49752731.168257356,14413.983768419808,6734.292873817211,805.7277701475899,0.018860082071108814,0.03397034527328342
M4,2026-03-04 21:40:00,core-sw-01,port-id7429,server-uplink,123583768.08876729,65530491.393429205,20051.126714689155,8957.185053726475,813.6985948972462,0.014572529378527346,0.024841024389700764
M4,2026-03-04 21:45:00,core-sw-01,port-id7429,server-uplink,86892970.38778657,45086514.97975653,13692.449472769302,5938.730712211532,861.4054965652283,0.02057818521623374,0.03199867781530504
M4,2026-03-04 21:50:00,core-sw-01,port-id7429,server-uplink,87245704.14828375,49352587.77336652,13866.578033754777,6719.685622266924,841.677762954891,0.018245457477519555,0.032607884692745503
M4,2026-03-04 21:55:00,core-sw-01,port-id7429,server-uplink,97685979.55005608,58554385.600229844,16490.268392040667,8083.798864480802,836.913359328222,0.015361887812233967,0.026394374239169162
M4,2026-03-04 22:00:00,core-sw-01,port-id7429,server-uplink,73012773.95754862,37436361.19564616,11943.761682604125,4920.288846558764,827.5707289581238,0.0218932608836585,0.03671391177024323
M4,2026-03-04 22:05:00,core-sw-01,port-id7429,server-uplink,91633072.12056385,51655896.07717157,14599.19549981559,7019.87460798701,811.5841024871223,0.017268903338606825,0.02998845478593898
M4,2026-03-04 22:10:00,core-sw-01,port-id7429,server-uplink,81031946.92612223,44803423.27542162,13519.787637628002,6224.70081196675,774.3546644593772,0.018889504687116147,0.03125660324017547
M4,2026-03-04 22:15:00,core-sw-01,port-id7429,server-uplink,75411047.74071643,41521394.899471596,12407.616413262747,5735.810902665044,797.6142275793056,0.01937267102373282,0.03249172277611827
M4,2026-03-04 22:20:00,core-sw-01,port-id7429,server-uplink,82561701.47919695,45062936.99574008,13994.007972596635,6037.039804084057,791.6755244048521,0.017179880404746193,0.029766405444624822
M4,2026-03-04 22:25:00,core-sw-01,port-id7429,server-uplink,87393265.58855651,44391515.311031595,14644.539494053979,6305.163863072336,786.8025409925657,0.0169627095446209,0.02788103594469298
M4,2026-03-04 22:30:00,core-sw-01,port-id7429,server-uplink,91003964.65415773,52707358.61233867,15113.975086380187,7043.274439662655,848.8525145738159,0.015397940735085327,0.026410517368498348
M4,2026-03-04 22:35:00,core-sw-01,port-id7429,server-uplink,86604880.76464026,49012098.60849137,14041.653908779477,6588.993409931191,806.741542898402,0.016012539701824716,0.028123560139101614
M4,2026-03-04 22:40:00,core-sw-01,port-id7429,server-uplink,86256781.42081098,48447871.57158691,13959.239702113811,6518.049163190881,819.6992054387207,0.016433318933983657,0.02837172671403554
M4,2026-03-04 22:45:00,core-sw-01,port-id7429,server-uplink,100813165.47732839,53841089.91137459,16929.5751115538,7331.016858883932,796.7218824291448,0.013711917917230981,0.022942300728890815
M4,2026-03-04 22:50:00,core-sw-01,port-id7429,server-uplink,98744458.790369,56107907.74222321,16638.303158440056,7757.519364243482,765.5314892678558,0.013609792134769613,0.02307273212036743
M4,2026-03-04 22:55:00,core-sw-01,port-id7429,server-uplink,78199227.63639776,47537401.09556164,13222.191458371355,6524.094821760505,818.9410746242534,0.01658938311801837,0.027846387599044176
M4,2026-03-04 23:00:00,core-sw-01,port-id7429,server-uplink,83518168.48999612,48734403.800963506,13814.8054865562,6660.154363325509,808.005739027955,0.015101087772226917,0.027615563398819695
M4,2026-03-04 23:05:00,core-sw-01,port-id7429,server-uplink,80712379.06024183,46831120.39505022,13090.73613211943,6554.866690322194,827.5022669989005,0.015817568215728765,0.028303288034929243
M4,2026-03-04 23:10:00,core-sw-01,port-id7429,server-uplink,102874002.50684328,58257758.66661902,16698.485440699864,7754.178160496899,814.865061329724,0.013190977392134888,0.02215945373995009
M4,2026-03-04 23:15:00,core-sw-01,port-id7429,server-uplink,87829656.98433863,47316783.92420911,14299.351013724705,6403.517413974096,786.4235525290793,0.0154264887230597,0.026837464920656313
M4,2026-03-04 23:20:00,core-sw-01,port-id7429,server-uplink,91372111.28964835,53258585.59856074,15509.222434361702,7271.780758148967,805.0238000044882,0.01391840585479967,0.02344693712714529
M4,2026-03-04 23:25:00,core-sw-01,port-id7429,server-uplink,86095448.30544968,47090870.06063312,14042.760575351838,6401.442605752365,805.1139977479689,0.01603192831341603,0.026819812538335795
M4,2026-03-04 23:30:00,core-sw-01,port-id7429,server-uplink,85217232.92047696,47459019.48506685,14295.77361476856,6821.809805901092,777.9716885242816,0.01519247033668691,0.024203665638867836
M4,2026-03-04 23:35:00,core-sw-01,port-id7429,server-uplink,67669893.36034901,39918770.897020064,10737.05148378745,5381.56328227415,862.2242021141454,0.018946363749547234,0.032319940903654816
M4,2026-03-04 23:40:00,core-sw-01,port-id7429,server-uplink,94277428.9728651,54309980.26698277,15440.749699029991,7187.506919846409,796.0417512843703,0.013908754270602751,0.024323476917244593
M4,2026-03-04 23:45:00,core-sw-01,port-id7429,server-uplink,65686380.36287514,38230489.220192894,10994.894290504693,5277.871226188832,807.3205388027013,0.01989887112333014,0.03282649829145742
M4,2026-03-04 23:50:00,core-sw-01,port-id7429,server-uplink,68725576.64217415,37988965.17921173,11231.39245006594,5109.946607625281,815.1677948833793,0.019752371393990272,0.03205003659618118
M4,2026-03-04 23:55:00,core-sw-01,port-id7429,server-uplink,85448205.2882371,45689289.59955197,13975.037564651115,6131.458600042718,829.7825208753746,0.01598270717326237,0.027104725111031406
