timestamp,split,device_id,port_id,port_role,utilization
2026-01-19 00:00:00,estimate,sw-core-01,port-id7430,uplink,13.411472
2026-01-19 00:05:00,estimate,sw-core-01,port-id7430,uplink,17.213795
2026-01-19 00:10:00,estimate,sw-core-01,port-id7430,uplink,16.072955
2026-01-19 00:15:00,estimate,sw-core-01,port-id7430,uplink,11.363454
2026-01-19 00:20:00,estimate,sw-core-01,port-id7430,uplink,11.140069
2026-01-19 00:25:00,estimate,sw-core-01,port-id7430,uplink,10.578153
2026-01-19 00:30:00,estimate,sw-core-01,port-id7430,uplink,15.518750
2026-01-19 00:35:00,estimate,sw-core-01,port-id7430,uplink,12.403863
2026-01-19 00:40:00,estimate,sw-core-01,port-id7430,uplink,12.748847
2026-01-19 00:45:00,estimate,sw-core-01,port-id7430,uplink,12.580558
2026-01-19 00:50:00,estimate,sw-core-01,port-id7430,uplink,17.832331
2026-01-19 00:55:00,estimate,sw-core-01,port-id7430,uplink,17.669295
2026-01-19 01:00:00,estimate,sw-core-01,port-id7430,uplink,17.274255
2026-01-19 01:05:00,estimate,sw-core-01,port-id7430,uplink,7.605413
2026-01-19 01:10:00,estimate,sw-core-01,port-id7430,uplink,13.883914
2026-01-19 01:15:00,estimate,sw-core-01,port-id7430,uplink,19.313404
2026-01-19 01:20:00,estimate,sw-core-01,port-id7430,uplink,12.940085
2026-01-19 01:25:00,estimate,sw-core-01,port-id7430,uplink,14.048219
2026-01-19 01:30:00,estimate,sw-core-01,port-id7430,uplink,17.058479
2026-01-19 01:35:00,estimate,sw-core-01,port-id7430,uplink,15.898876
2026-01-19 01:40:00,estimate,sw-core-01,port-id7430,uplink,16.575360
2026-01-19 01:45:00,estimate,sw-core-01,port-id7430,uplink,13.988409
2026-01-19 01:50:00,estimate,sw-core-01,port-id7430,uplink,20.695415
2026-01-19 01:55:00,estimate,sw-core-01,port-id7430,uplink,14.539802
2026-01-19 02:00:00,estimate,sw-core-01,port-id7430,uplink,15.842138
2026-01-19 02:05:00,estimate,sw-core-01,port-id7430,uplink,11.485184
2026-01-19 02:10:00,estimate,sw-core-01,port-id7430,uplink,17.496327
2026-01-19 02:15:00,estimate,sw-core-01,port-id7430,uplink,15.032641
2026-01-19 02:20:00,estimate,sw-core-01,port-id7430,uplink,22.982611
2026-01-19 02:25:00,estimate,sw-core-01,port-id7430,uplink,15.466408
2026-01-19 02:30:00,estimate,sw-core-01,port-id7430,uplink,9.700723
2026-01-19 02:35:00,estimate,sw-core-01,port-id7430,uplink,20.079719
2026-01-19 02:40:00,estimate,sw-core-01,port-id7430,uplink,15.911777
2026-01-19 02:45:00,estimate,sw-core-01,port-id7430,uplink,16.825071
2026-01-19 02:50:00,estimate,sw-core-01,port-id7430,uplink,8.385717
2026-01-19 02:55:00,estimate,sw-core-01,port-id7430,uplink,13.724452
2026-01-19 03:00:00,estimate,sw-core-01,port-id7430,uplink,15.967932
2026-01-19 03:05:00,estimate,sw-core-01,port-id7430,uplink,17.906101
2026-01-19 03:10:00,estimate,sw-core-01,port-id7430,uplink,14.091027
2026-01-19 03:15:00,estimate,sw-core-01,port-id7430,uplink,12.653448
2026-01-19 03:20:00,estimate,sw-core-01,port-id7430,uplink,12.803282
2026-01-19 03:25:00,estimate,sw-core-01,port-id7430,uplink,20.382185
2026-01-19 03:30:00,estimate,sw-core-01,port-id7430,uplink,8.229914
2026-01-19 03:35:00,estimate,sw-core-01,port-id7430,uplink,10.237757
2026-01-19 03:40:00,estimate,sw-core-01,port-id7430,uplink,21.483554
2026-01-19 03:45:00,estimate,sw-core-01,port-id7430,uplink,11.459885
2026-01-19 03:50:00,estimate,sw-core-01,port-id7430,uplink,15.659410
2026-01-19 03:55:00,estimate,sw-core-01,port-id7430,uplink,11.890344
2026-01-19 04:00:00,estimate,sw-core-01,port-id7430,uplink,17.727688
2026-01-19 04:05:00,estimate,sw-core-01,port-id7430,uplink,11.299711
2026-01-19 04:10:00,estimate,sw-core-01,port-id7430,uplink,14.462067
2026-01-19 04:15:00,estimate,sw-core-01,port-id7430,uplink,16.564877
2026-01-19 04:20:00,estimate,sw-core-01,port-id7430,uplink,10.080988
2026-01-19 04:25:00,estimate,sw-core-01,port-id7430,uplink,19.256547
2026-01-19 04:30:00,estimate,sw-core-01,port-id7430,uplink,16.456021
2026-01-19 04:35:00,estimate,sw-core-01,port-id7430,uplink,16.326295
2026-01-19 04:40:00,estimate,sw-core-01,port-id7430,uplink,19.055486
2026-01-19 04:45:00,estimate,sw-core-01,port-id7430,uplink,20.496877
2026-01-19 04:50:00,estimate,sw-core-01,port-id7430,uplink,16.363535
2026-01-19 04:55:00,estimate,sw-core-01,port-id7430,uplink,17.148382
2026-01-19 05:00:00,estimate,sw-core-01,port-id7430,uplink,20.702461
2026-01-19 05:05:00,estimate,sw-core-01,port-id7430,uplink,14.738426
2026-01-19 05:10:00,estimate,sw-core-01,port-id7430,uplink,15.009478
2026-01-19 05:15:00,estimate,sw-core-01,port-id7430,uplink,16.543005
2026-01-19 05:20:00,estimate,sw-core-01,port-id7430,uplink,17.873241
2026-01-19 05:25:00,estimate,sw-core-01,port-id7430,uplink,17.359060
2026-01-19 05:30:00,estimate,sw-core-01,port-id7430,uplink,12.924014
2026-01-19 05:35:00,estimate,sw-core-01,port-id7430,uplink,18.988564
2026-01-19 05:40:00,estimate,sw-core-01,port-id7430,uplink,19.607108
2026-01-19 05:45:00,estimate,sw-core-01,port-id7430,uplink,18.175288
2026-01-19 05:50:00,estimate,sw-core-01,port-id7430,uplink,14.756040
2026-01-19 05:55:00,estimate,sw-core-01,port-id7430,uplink,20.080602
2026-01-19 06:00:00,estimate,sw-core-01,port-id7430,uplink,20.553271
2026-01-19 06:05:00,estimate,sw-core-01,port-id7430,uplink,19.986452
2026-01-19 06:10:00,estimate,sw-core-01,port-id7430,uplink,17.738819
2026-01-19 06:15:00,estimate,sw-core-01,port-id7430,uplink,17.776937
2026-01-19 06:20:00,estimate,sw-core-01,port-id7430,uplink,21.481463
2026-01-19 06:25:00,estimate,sw-core-01,port-id7430,uplink,18.506300
2026-01-19 06:30:00,estimate,sw-core-01,port-id7430,uplink,27.089906
2026-01-19 06:35:00,estimate,sw-core-01,port-id7430,uplink,20.825960
2026-01-19 06:40:00,estimate,sw-core-01,port-id7430,uplink,27.553246
2026-01-19 06:45:00,estimate,sw-core-01,port-id7430,uplink,22.947292
2026-01-19 06:50:00,estimate,sw-core-01,port-id7430,uplink,29.208089
2026-01-19 06:55:00,estimate,sw-core-01,port-id7430,uplink,32.714424
2026-01-19 07:00:00,estimate,sw-core-01,port-id7430,uplink,32.248750
2026-01-19 07:05:00,estimate,sw-core-01,port-id7430,uplink,35.819770
2026-01-19 07:10:00,estimate,sw-core-01,port-id7430,uplink,33.932233
2026-01-19 07:15:00,estimate,sw-core-01,port-id7430,uplink,28.357028
2026-01-19 07:20:00,estimate,sw-core-01,port-id7430,uplink,38.180774
2026-01-19 07:25:00,estimate,sw-core-01,port-id7430,uplink,35.007839
2026-01-19 07:30:00,estimate,sw-core-01,port-id7430,uplink,34.981083
2026-01-19 07:35:00,estimate,sw-core-01,port-id7430,uplink,40.983256
2026-01-19 07:40:00,estimate,sw-core-01,port-id7430,uplink,41.476911
2026-01-19 07:45:00,estimate,sw-core-01,port-id7430,uplink,35.760392
2026-01-19 07:50:00,estimate,sw-core-01,port-id7430,uplink,38.485141
2026-01-19 07:55:00,estimate,sw-core-01,port-id7430,uplink,41.519611
2026-01-19 08:00:00,estimate,sw-core-01,port-id7430,uplink,42.193436
2026-01-19 08:05:00,estimate,sw-core-01,port-id7430,uplink,44.963246
2026-01-19 08:10:00,estimate,sw-core-01,port-id7430,uplink,36.350026
2026-01-19 08:15:00,estimate,sw-core-01,port-id7430,uplink,36.145909
2026-01-19 08:20:00,estimate,sw-core-01,port-id7430,uplink,41.316738
2026-01-19 08:25:00,estimate,sw-core-01,port-id7430,uplink,45.700774
2026-01-19 08:30:00,estimate,sw-core-01,port-id7430,uplink,44.150364
2026-01-19 08:35:00,estimate,sw-core-01,port-id7430,uplink,44.298026
2026-01-19 08:40:00,estimate,sw-core-01,port-id7430,uplink,42.166677
2026-01-19 08:45:00,estimate,sw-core-01,port-id7430,uplink,42.335858
2026-01-19 08:50:00,estimate,sw-core-01,port-id7430,uplink,48.542329
2026-01-19 08:55:00,estimate,sw-core-01,port-id7430,uplink,46.493599
2026-01-19 09:00:00,estimate,sw-core-01,port-id7430,uplink,40.449169
2026-01-19 09:05:00,estimate,sw-core-01,port-id7430,uplink,41.420536
2026-01-19 09:10:00,estimate,sw-core-01,port-id7430,uplink,48.769715
2026-01-19 09:15:00,estimate,sw-core-01,port-id7430,uplink,45.531203
2026-01-19 09:20:00,estimate,sw-core-01,port-id7430,uplink,40.625870
2026-01-19 09:25:00,estimate,sw-core-01,port-id7430,uplink,49.064986
2026-01-19 09:30:00,estimate,sw-core-01,port-id7430,uplink,42.396762
2026-01-19 09:35:00,estimate,sw-core-01,port-id7430,uplink,42.608671
2026-01-19 09:40:00,estimate,sw-core-01,port-id7430,uplink,44.880361
2026-01-19 09:45:00,estimate,sw-core-01,port-id7430,uplink,49.422550
2026-01-19 09:50:00,estimate,sw-core-01,port-id7430,uplink,43.916897
2026-01-19 09:55:00,estimate,sw-core-01,port-id7430,uplink,40.549071
2026-01-19 10:00:00,estimate,sw-core-01,port-id7430,uplink,47.519515
2026-01-19 10:05:00,estimate,sw-core-01,port-id7430,uplink,47.064062
2026-01-19 10:10:00,estimate,sw-core-01,port-id7430,uplink,46.324176
2026-01-19 10:15:00,estimate,sw-core-01,port-id7430,uplink,42.701044
2026-01-19 10:20:00,estimate,sw-core-01,port-id7430,uplink,47.270948
2026-01-19 10:25:00,estimate,sw-core-01,port-id7430,uplink,48.472908
2026-01-19 10:30:00,estimate,sw-core-01,port-id7430,uplink,45.151634
2026-01-19 10:35:00,estimate,sw-core-01,port-id7430,uplink,45.070456
2026-01-19 10:40:00,estimate,sw-core-01,port-id7430,uplink,44.596783
2026-01-19 10:45:00,estimate,sw-core-01,port-id7430,uplink,44.579354
2026-01-19 10:50:00,estimate,sw-core-01,port-id7430,uplink,42.828531
2026-01-19 10:55:00,estimate,sw-core-01,port-id7430,uplink,41.695894
2026-01-19 11:00:00,estimate,sw-core-01,port-id7430,uplink,42.465205
2026-01-19 11:05:00,estimate,sw-core-01,port-id7430,uplink,41.303833
2026-01-19 11:10:00,estimate,sw-core-01,port-id7430,uplink,42.819020
2026-01-19 11:15:00,estimate,sw-core-01,port-id7430,uplink,47.359240
2026-01-19 11:20:00,estimate,sw-core-01,port-id7430,uplink,47.397009
2026-01-19 11:25:00,estimate,sw-core-01,port-id7430,uplink,42.964960
2026-01-19 11:30:00,estimate,sw-core-01,port-id7430,uplink,44.412670
2026-01-19 11:35:00,estimate,sw-core-01,port-id7430,uplink,47.118586
2026-01-19 11:40:00,estimate,sw-core-01,port-id7430,uplink,39.568192
2026-01-19 11:45:00,estimate,sw-core-01,port-id7430,uplink,39.633119
2026-01-19 11:50:00,estimate,sw-core-01,port-id7430,uplink,41.111051
2026-01-19 11:55:00,estimate,sw-core-01,port-id7430,uplink,44.593767
2026-01-19 12:00:00,estimate,sw-core-01,port-id7430,uplink,43.859994
2026-01-19 12:05:00,estimate,sw-core-01,port-id7430,uplink,47.497784
2026-01-19 12:10:00,estimate,sw-core-01,port-id7430,uplink,40.544580
2026-01-19 12:15:00,estimate,sw-core-01,port-id7430,uplink,44.082421
2026-01-19 12:20:00,estimate,sw-core-01,port-id7430,uplink,51.070311
2026-01-19 12:25:00,estimate,sw-core-01,port-id7430,uplink,42.199564
2026-01-19 12:30:00,estimate,sw-core-01,port-id7430,uplink,46.000114
2026-01-19 12:35:00,estimate,sw-core-01,port-id7430,uplink,48.435521
2026-01-19 12:40:00,estimate,sw-core-01,port-id7430,uplink,47.260442
2026-01-19 12:45:00,estimate,sw-core-01,port-id7430,uplink,44.253984
2026-01-19 12:50:00,estimate,sw-core-01,port-id7430,uplink,45.524710
2026-01-19 12:55:00,estimate,sw-core-01,port-id7430,uplink,45.815347
2026-01-19 13:00:00,estimate,sw-core-01,port-id7430,uplink,46.958541
2026-01-19 13:05:00,estimate,sw-core-01,port-id7430,uplink,45.565952
2026-01-19 13:10:00,estimate,sw-core-01,port-id7430,uplink,40.560679
2026-01-19 13:15:00,estimate,sw-core-01,port-id7430,uplink,47.344364
2026-01-19 13:20:00,estimate,sw-core-01,port-id7430,uplink,49.083977
2026-01-19 13:25:00,estimate,sw-core-01,port-id7430,uplink,46.678866
2026-01-19 13:30:00,estimate,sw-core-01,port-id7430,uplink,43.418715
2026-01-19 13:35:00,estimate,sw-core-01,port-id7430,uplink,46.736819
2026-01-19 13:40:00,estimate,sw-core-01,port-id7430,uplink,46.740580
2026-01-19 13:45:00,estimate,sw-core-01,port-id7430,uplink,47.344900
2026-01-19 13:50:00,estimate,sw-core-01,port-id7430,uplink,50.069526
2026-01-19 13:55:00,estimate,sw-core-01,port-id7430,uplink,46.247414
2026-01-19 14:00:00,estimate,sw-core-01,port-id7430,uplink,39.191496
2026-01-19 14:05:00,estimate,sw-core-01,port-id7430,uplink,43.163166
2026-01-19 14:10:00,estimate,sw-core-01,port-id7430,uplink,47.462686
2026-01-19 14:15:00,estimate,sw-core-01,port-id7430,uplink,49.057896
2026-01-19 14:20:00,estimate,sw-core-01,port-id7430,uplink,42.344336
2026-01-19 14:25:00,estimate,sw-core-01,port-id7430,uplink,43.490476
2026-01-19 14:30:00,estimate,sw-core-01,port-id7430,uplink,47.952366
2026-01-19 14:35:00,estimate,sw-core-01,port-id7430,uplink,46.600272
2026-01-19 14:40:00,estimate,sw-core-01,port-id7430,uplink,43.470122
2026-01-19 14:45:00,estimate,sw-core-01,port-id7430,uplink,42.066974
2026-01-19 14:50:00,estimate,sw-core-01,port-id7430,uplink,47.100821
2026-01-19 14:55:00,estimate,sw-core-01,port-id7430,uplink,50.013023
2026-01-19 15:00:00,estimate,sw-core-01,port-id7430,uplink,50.393365
2026-01-19 15:05:00,estimate,sw-core-01,port-id7430,uplink,43.770941
2026-01-19 15:10:00,estimate,sw-core-01,port-id7430,uplink,48.599876
2026-01-19 15:15:00,estimate,sw-core-01,port-id7430,uplink,45.258272
2026-01-19 15:20:00,estimate,sw-core-01,port-id7430,uplink,40.352560
2026-01-19 15:25:00,estimate,sw-core-01,port-id7430,uplink,44.844429
2026-01-19 15:30:00,estimate,sw-core-01,port-id7430,uplink,47.288504
2026-01-19 15:35:00,estimate,sw-core-01,port-id7430,uplink,46.006537
2026-01-19 15:40:00,estimate,sw-core-01,port-id7430,uplink,49.706558
2026-01-19 15:45:00,estimate,sw-core-01,port-id7430,uplink,48.973416
2026-01-19 15:50:00,estimate,sw-core-01,port-id7430,uplink,42.397753
2026-01-19 15:55:00,estimate,sw-core-01,port-id7430,uplink,43.572848
2026-01-19 16:00:00,estimate,sw-core-01,port-id7430,uplink,47.895545
2026-01-19 16:05:00,estimate,sw-core-01,port-id7430,uplink,43.692185
2026-01-19 16:10:00,estimate,sw-core-01,port-id7430,uplink,41.256939
2026-01-19 16:15:00,estimate,sw-core-01,port-id7430,uplink,42.627777
2026-01-19 16:20:00,estimate,sw-core-01,port-id7430,uplink,45.938648
2026-01-19 16:25:00,estimate,sw-core-01,port-id7430,uplink,46.100885
2026-01-19 16:30:00,estimate,sw-core-01,port-id7430,uplink,42.681942
2026-01-19 16:35:00,estimate,sw-core-01,port-id7430,uplink,49.741984
2026-01-19 16:40:00,estimate,sw-core-01,port-id7430,uplink,48.009033
2026-01-19 16:45:00,estimate,sw-core-01,port-id7430,uplink,37.856631
2026-01-19 16:50:00,estimate,sw-core-01,port-id7430,uplink,44.988245
2026-01-19 16:55:00,estimate,sw-core-01,port-id7430,uplink,42.766376
2026-01-19 17:00:00,estimate,sw-core-01,port-id7430,uplink,42.959062
2026-01-19 17:05:00,estimate,sw-core-01,port-id7430,uplink,42.738293
2026-01-19 17:10:00,estimate,sw-core-01,port-id7430,uplink,46.807125
2026-01-19 17:15:00,estimate,sw-core-01,port-id7430,uplink,45.521965
2026-01-19 17:20:00,estimate,sw-core-01,port-id7430,uplink,48.793695
2026-01-19 17:25:00,estimate,sw-core-01,port-id7430,uplink,39.615252
2026-01-19 17:30:00,estimate,sw-core-01,port-id7430,uplink,39.485692
2026-01-19 17:35:00,estimate,sw-core-01,port-id7430,uplink,43.576102
2026-01-19 17:40:00,estimate,sw-core-01,port-id7430,uplink,43.753761
2026-01-19 17:45:00,estimate,sw-core-01,port-id7430,uplink,41.804422
2026-01-19 17:50:00,estimate,sw-core-01,port-id7430,uplink,40.143282
2026-01-19 17:55:00,estimate,sw-core-01,port-id7430,uplink,46.243002
2026-01-19 18:00:00,estimate,sw-core-01,port-id7430,uplink,46.882432
2026-01-19 18:05:00,estimate,sw-core-01,port-id7430,uplink,39.908049
2026-01-19 18:10:00,estimate,sw-core-01,port-id7430,uplink,50.658252
2026-01-19 18:15:00,estimate,sw-core-01,port-id7430,uplink,39.802362
2026-01-19 18:20:00,estimate,sw-core-01,port-id7430,uplink,46.423024
2026-01-19 18:25:00,estimate,sw-core-01,port-id7430,uplink,34.055154
2026-01-19 18:30:00,estimate,sw-core-01,port-id7430,uplink,41.242901
2026-01-19 18:35:00,estimate,sw-core-01,port-id7430,uplink,39.423206
2026-01-19 18:40:00,estimate,sw-core-01,port-id7430,uplink,39.801825
2026-01-19 18:45:00,estimate,sw-core-01,port-id7430,uplink,43.093191
2026-01-19 18:50:00,estimate,sw-core-01,port-id7430,uplink,34.724060
2026-01-19 18:55:00,estimate,sw-core-01,port-id7430,uplink,34.677469
2026-01-19 19:00:00,estimate,sw-core-01,port-id7430,uplink,35.794055
2026-01-19 19:05:00,estimate,sw-core-01,port-id7430,uplink,32.456060
2026-01-19 19:10:00,estimate,sw-core-01,port-id7430,uplink,38.137071
2026-01-19 19:15:00,estimate,sw-core-01,port-id7430,uplink,30.796907
2026-01-19 19:20:00,estimate,sw-core-01,port-id7430,uplink,38.143279
2026-01-19 19:25:00,estimate,sw-core-01,port-id7430,uplink,30.382754
2026-01-19 19:30:00,estimate,sw-core-01,port-id7430,uplink,28.339750
2026-01-19 19:35:00,estimate,sw-core-01,port-id7430,uplink,35.131994
2026-01-19 19:40:00,estimate,sw-core-01,port-id7430,uplink,29.301653
2026-01-19 19:45:00,estimate,sw-core-01,port-id7430,uplink,29.110377
2026-01-19 19:50:00,estimate,sw-core-01,port-id7430,uplink,26.373866
2026-01-19 19:55:00,estimate,sw-core-01,port-id7430,uplink,29.421065
2026-01-19 20:00:00,estimate,sw-core-01,port-id7430,uplink,24.924550
2026-01-19 20:05:00,estimate,sw-core-01,port-id7430,uplink,23.292576
2026-01-19 20:10:00,estimate,sw-core-01,port-id7430,uplink,25.275253
2026-01-19 20:15:00,estimate,sw-core-01,port-id7430,uplink,19.191673
2026-01-19 20:20:00,estimate,sw-core-01,port-id7430,uplink,17.162832
2026-01-19 20:25:00,estimate,sw-core-01,port-id7430,uplink,17.763356
2026-01-19 20:30:00,estimate,sw-core-01,port-id7430,uplink,17.578004
2026-01-19 20:35:00,estimate,sw-core-01,port-id7430,uplink,22.107425
2026-01-19 20:40:00,estimate,sw-core-01,port-id7430,uplink,19.935888
2026-01-19 20:45:00,estimate,sw-core-01,port-id7430,uplink,19.611277
2026-01-19 20:50:00,estimate,sw-core-01,port-id7430,uplink,13.075735
2026-01-19 20:55:00,estimate,sw-core-01,port-id7430,uplink,18.370694
2026-01-19 21:00:00,estimate,sw-core-01,port-id7430,uplink,17.990284
2026-01-19 21:05:00,estimate,sw-core-01,port-id7430,uplink,14.559669
2026-01-19 21:10:00,estimate,sw-core-01,port-id7430,uplink,17.263176
2026-01-19 21:15:00,estimate,sw-core-01,port-id7430,uplink,9.682290
2026-01-19 21:20:00,estimate,sw-core-01,port-id7430,uplink,20.153905
2026-01-19 21:25:00,estimate,sw-core-01,port-id7430,uplink,19.510527
2026-01-19 21:30:00,estimate,sw-core-01,port-id7430,uplink,15.743592
2026-01-19 21:35:00,estimate,sw-core-01,port-id7430,uplink,15.932697
2026-01-19 21:40:00,estimate,sw-core-01,port-id7430,uplink,12.135451
2026-01-19 21:45:00,estimate,sw-core-01,port-id7430,uplink,17.830582
2026-01-19 21:50:00,estimate,sw-core-01,port-id7430,uplink,14.848038
2026-01-19 21:55:00,estimate,sw-core-01,port-id7430,uplink,14.441663
2026-01-19 22:00:00,estimate,sw-core-01,port-id7430,uplink,17.004723
2026-01-19 22:05:00,estimate,sw-core-01,port-id7430,uplink,15.048185
2026-01-19 22:10:00,estimate,sw-core-01,port-id7430,uplink,12.491830
2026-01-19 22:15:00,estimate,sw-core-01,port-id7430,uplink,19.500342
2026-01-19 22:20:00,estimate,sw-core-01,port-id7430,uplink,13.569302
2026-01-19 22:25:00,estimate,sw-core-01,port-id7430,uplink,18.832021
2026-01-19 22:30:00,estimate,sw-core-01,port-id7430,uplink,10.957557
2026-01-19 22:35:00,estimate,sw-core-01,port-id7430,uplink,11.476840
2026-01-19 22:40:00,estimate,sw-core-01,port-id7430,uplink,16.058023
2026-01-19 22:45:00,estimate,sw-core-01,port-id7430,uplink,14.409130
2026-01-19 22:50:00,estimate,sw-core-01,port-id7430,uplink,11.418513
2026-01-19 22:55:00,estimate,sw-core-01,port-id7430,uplink,12.905417
2026-01-19 23:00:00,estimate,sw-core-01,port-id7430,uplink,14.220015
2026-01-19 23:05:00,estimate,sw-core-01,port-id7430,uplink,14.602584
2026-01-19 23:10:00,estimate,sw-core-01,port-id7430,uplink,10.293399
2026-01-19 23:15:00,estimate,sw-core-01,port-id7430,uplink,18.985700
2026-01-19 23:20:00,estimate,sw-core-01,port-id7430,uplink,21.117147
2026-01-19 23:25:00,estimate,sw-core-01,port-id7430,uplink,18.618336
2026-01-19 23:30:00,estimate,sw-core-01,port-id7430,uplink,17.876336
2026-01-19 23:35:00,estimate,sw-core-01,port-id7430,uplink,12.211745
2026-01-19 23:40:00,estimate,sw-core-01,port-id7430,uplink,14.017770
2026-01-19 23:45:00,estimate,sw-core-01,port-id7430,uplink,12.127955
2026-01-19 23:50:00,estimate,sw-core-01,port-id7430,uplink,16.274082
2026-01-19 23:55:00,estimate,sw-core-01,port-id7430,uplink,15.344322
2026-01-20 00:00:00,estimate,sw-core-01,port-id7430,uplink,13.468079
2026-01-20 00:05:00,estimate,sw-core-01,port-id7430,uplink,13.535478
2026-01-20 00:10:00,estimate,sw-core-01,port-id7430,uplink,14.693843
2026-01-20 00:15:00,estimate,sw-core-01,port-id7430,uplink,14.509869
2026-01-20 00:20:00,estimate,sw-core-01,port-id7430,uplink,16.054904
2026-01-20 00:25:00,estimate,sw-core-01,port-id7430,uplink,14.614135
2026-01-20 00:30:00,estimate,sw-core-01,port-id7430,uplink,14.666981
2026-01-20 00:35:00,estimate,sw-core-01,port-id7430,uplink,16.214963
2026-01-20 00:40:00,estimate,sw-core-01,port-id7430,uplink,11.357300
2026-01-20 00:45:00,estimate,sw-core-01,port-id7430,uplink,16.691085
2026-01-20 00:50:00,estimate,sw-core-01,port-id7430,uplink,17.228933
2026-01-20 00:55:00,estimate,sw-core-01,port-id7430,uplink,13.776893
2026-01-20 01:00:00,estimate,sw-core-01,port-id7430,uplink,20.531423
2026-01-20 01:05:00,estimate,sw-core-01,port-id7430,uplink,14.864014
2026-01-20 01:10:00,estimate,sw-core-01,port-id7430,uplink,12.822797
2026-01-20 01:15:00,estimate,sw-core-01,port-id7430,uplink,16.852304
2026-01-20 01:20:00,estimate,sw-core-01,port-id7430,uplink,14.914576
2026-01-20 01:25:00,estimate,sw-core-01,port-id7430,uplink,14.364393
2026-01-20 01:30:00,estimate,sw-core-01,port-id7430,uplink,12.930121
2026-01-20 01:35:00,estimate,sw-core-01,port-id7430,uplink,11.747265
2026-01-20 01:40:00,estimate,sw-core-01,port-id7430,uplink,13.204125
2026-01-20 01:45:00,estimate,sw-core-01,port-id7430,uplink,11.558466
2026-01-20 01:50:00,estimate,sw-core-01,port-id7430,uplink,14.706494
2026-01-20 01:55:00,estimate,sw-core-01,port-id7430,uplink,18.999021
2026-01-20 02:00:00,estimate,sw-core-01,port-id7430,uplink,10.364926
2026-01-20 02:05:00,estimate,sw-core-01,port-id7430,uplink,20.716162
2026-01-20 02:10:00,estimate,sw-core-01,port-id7430,uplink,19.322645
2026-01-20 02:15:00,estimate,sw-core-01,port-id7430,uplink,13.075283
2026-01-20 02:20:00,estimate,sw-core-01,port-id7430,uplink,15.867423
2026-01-20 02:25:00,estimate,sw-core-01,port-id7430,uplink,16.194823
2026-01-20 02:30:00,estimate,sw-core-01,port-id7430,uplink,12.367410
2026-01-20 02:35:00,estimate,sw-core-01,port-id7430,uplink,11.787675
2026-01-20 02:40:00,estimate,sw-core-01,port-id7430,uplink,17.236642
2026-01-20 02:45:00,estimate,sw-core-01,port-id7430,uplink,16.956983
2026-01-20 02:50:00,estimate,sw-core-01,port-id7430,uplink,16.009324
2026-01-20 02:55:00,estimate,sw-core-01,port-id7430,uplink,16.931256
2026-01-20 03:00:00,estimate,sw-core-01,port-id7430,uplink,16.026487
2026-01-20 03:05:00,estimate,sw-core-01,port-id7430,uplink,10.875998
2026-01-20 03:10:00,estimate,sw-core-01,port-id7430,uplink,14.579559
2026-01-20 03:15:00,estimate,sw-core-01,port-id7430,uplink,20.178837
2026-01-20 03:20:00,estimate,sw-core-01,port-id7430,uplink,15.873574
2026-01-20 03:25:00,estimate,sw-core-01,port-id7430,uplink,12.343500
2026-01-20 03:30:00,estimate,sw-core-01,port-id7430,uplink,12.091209
2026-01-20 03:35:00,estimate,sw-core-01,port-id7430,uplink,11.600105
2026-01-20 03:40:00,estimate,sw-core-01,port-id7430,uplink,14.561066
2026-01-20 03:45:00,estimate,sw-core-01,port-id7430,uplink,11.438380
2026-01-20 03:50:00,estimate,sw-core-01,port-id7430,uplink,13.916431
2026-01-20 03:55:00,estimate,sw-core-01,port-id7430,uplink,15.664584
2026-01-20 04:00:00,estimate,sw-core-01,port-id7430,uplink,14.658465
2026-01-20 04:05:00,estimate,sw-core-01,port-id7430,uplink,14.363579
2026-01-20 04:10:00,estimate,sw-core-01,port-id7430,uplink,12.878201
2026-01-20 04:15:00,estimate,sw-core-01,port-id7430,uplink,17.540223
2026-01-20 04:20:00,estimate,sw-core-01,port-id7430,uplink,14.219893
2026-01-20 04:25:00,estimate,sw-core-01,port-id7430,uplink,21.366110
2026-01-20 04:30:00,estimate,sw-core-01,port-id7430,uplink,16.222168
2026-01-20 04:35:00,estimate,sw-core-01,port-id7430,uplink,18.928019
2026-01-20 04:40:00,estimate,sw-core-01,port-id7430,uplink,16.435103
2026-01-20 04:45:00,estimate,sw-core-01,port-id7430,uplink,15.392466
2026-01-20 04:50:00,estimate,sw-core-01,port-id7430,uplink,17.808538
2026-01-20 04:55:00,estimate,sw-core-01,port-id7430,uplink,18.194203
2026-01-20 05:00:00,estimate,sw-core-01,port-id7430,uplink,20.152831
2026-01-20 05:05:00,estimate,sw-core-01,port-id7430,uplink,20.654959
2026-01-20 05:10:00,estimate,sw-core-01,port-id7430,uplink,13.040214
2026-01-20 05:15:00,estimate,sw-core-01,port-id7430,uplink,21.034420
2026-01-20 05:20:00,estimate,sw-core-01,port-id7430,uplink,14.112188
2026-01-20 05:25:00,estimate,sw-core-01,port-id7430,uplink,13.518580
2026-01-20 05:30:00,estimate,sw-core-01,port-id7430,uplink,17.061666
2026-01-20 05:35:00,estimate,sw-core-01,port-id7430,uplink,19.361714
2026-01-20 05:40:00,estimate,sw-core-01,port-id7430,uplink,21.000856
2026-01-20 05:45:00,estimate,sw-core-01,port-id7430,uplink,19.184067
2026-01-20 05:50:00,estimate,sw-core-01,port-id7430,uplink,16.720716
2026-01-20 05:55:00,estimate,sw-core-01,port-id7430,uplink,21.421152
2026-01-20 06:00:00,estimate,sw-core-01,port-id7430,uplink,16.920652
2026-01-20 06:05:00,estimate,sw-core-01,port-id7430,uplink,16.835247
2026-01-20 06:10:00,estimate,sw-core-01,port-id7430,uplink,27.366103
2026-01-20 06:15:00,estimate,sw-core-01,port-id7430,uplink,19.929516
2026-01-20 06:20:00,estimate,sw-core-01,port-id7430,uplink,22.115716
2026-01-20 06:25:00,estimate,sw-core-01,port-id7430,uplink,23.163779
2026-01-20 06:30:00,estimate,sw-core-01,port-id7430,uplink,19.922320
2026-01-20 06:35:00,estimate,sw-core-01,port-id7430,uplink,26.990772
2026-01-20 06:40:00,estimate,sw-core-01,port-id7430,uplink,28.654045
2026-01-20 06:45:00,estimate,sw-core-01,port-id7430,uplink,26.149385
2026-01-20 06:50:00,estimate,sw-core-01,port-id7430,uplink,25.148446
2026-01-20 06:55:00,estimate,sw-core-01,port-id7430,uplink,26.511176
2026-01-20 07:00:00,estimate,sw-core-01,port-id7430,uplink,26.547199
2026-01-20 07:05:00,estimate,sw-core-01,port-id7430,uplink,32.266164
2026-01-20 07:10:00,estimate,sw-core-01,port-id7430,uplink,30.591848
2026-01-20 07:15:00,estimate,sw-core-01,port-id7430,uplink,31.998971
2026-01-20 07:20:00,estimate,sw-core-01,port-id7430,uplink,38.260665
2026-01-20 07:25:00,estimate,sw-core-01,port-id7430,uplink,41.262163
2026-01-20 07:30:00,estimate,sw-core-01,port-id7430,uplink,34.615875
2026-01-20 07:35:00,estimate,sw-core-01,port-id7430,uplink,34.736397
2026-01-20 07:40:00,estimate,sw-core-01,port-id7430,uplink,37.329986
2026-01-20 07:45:00,estimate,sw-core-01,port-id7430,uplink,43.181134
2026-01-20 07:50:00,estimate,sw-core-01,port-id7430,uplink,37.113162
2026-01-20 07:55:00,estimate,sw-core-01,port-id7430,uplink,38.860627
2026-01-20 08:00:00,estimate,sw-core-01,port-id7430,uplink,47.338373
2026-01-20 08:05:00,estimate,sw-core-01,port-id7430,uplink,38.368300
2026-01-20 08:10:00,estimate,sw-core-01,port-id7430,uplink,44.083293
2026-01-20 08:15:00,estimate,sw-core-01,port-id7430,uplink,40.275926
2026-01-20 08:20:00,estimate,sw-core-01,port-id7430,uplink,47.388841
2026-01-20 08:25:00,estimate,sw-core-01,port-id7430,uplink,42.072921
2026-01-20 08:30:00,estimate,sw-core-01,port-id7430,uplink,40.851982
2026-01-20 08:35:00,estimate,sw-core-01,port-id7430,uplink,43.671115
2026-01-20 08:40:00,estimate,sw-core-01,port-id7430,uplink,39.319706
2026-01-20 08:45:00,estimate,sw-core-01,port-id7430,uplink,43.234308
2026-01-20 08:50:00,estimate,sw-core-01,port-id7430,uplink,40.583229
2026-01-20 08:55:00,estimate,sw-core-01,port-id7430,uplink,43.228557
2026-01-20 09:00:00,estimate,sw-core-01,port-id7430,uplink,45.534948
2026-01-20 09:05:00,estimate,sw-core-01,port-id7430,uplink,40.566691
2026-01-20 09:10:00,estimate,sw-core-01,port-id7430,uplink,41.639320
2026-01-20 09:15:00,estimate,sw-core-01,port-id7430,uplink,47.131103
2026-01-20 09:20:00,estimate,sw-core-01,port-id7430,uplink,45.711585
2026-01-20 09:25:00,estimate,sw-core-01,port-id7430,uplink,45.812424
2026-01-20 09:30:00,estimate,sw-core-01,port-id7430,uplink,46.450478
2026-01-20 09:35:00,estimate,sw-core-01,port-id7430,uplink,48.956811
2026-01-20 09:40:00,estimate,sw-core-01,port-id7430,uplink,44.965820
2026-01-20 09:45:00,estimate,sw-core-01,port-id7430,uplink,41.470277
2026-01-20 09:50:00,estimate,sw-core-01,port-id7430,uplink,39.231118
2026-01-20 09:55:00,estimate,sw-core-01,port-id7430,uplink,42.482152
2026-01-20 10:00:00,estimate,sw-core-01,port-id7430,uplink,45.881724
2026-01-20 10:05:00,estimate,sw-core-01,port-id7430,uplink,45.850302
2026-01-20 10:10:00,estimate,sw-core-01,port-id7430,uplink,45.835795
2026-01-20 10:15:00,estimate,sw-core-01,port-id7430,uplink,42.052467
2026-01-20 10:20:00,estimate,sw-core-01,port-id7430,uplink,39.540744
2026-01-20 10:25:00,estimate,sw-core-01,port-id7430,uplink,47.227124
2026-01-20 10:30:00,estimate,sw-core-01,port-id7430,uplink,44.411652
2026-01-20 10:35:00,estimate,sw-core-01,port-id7430,uplink,45.840555
2026-01-20 10:40:00,estimate,sw-core-01,port-id7430,uplink,46.778761
2026-01-20 10:45:00,estimate,sw-core-01,port-id7430,uplink,46.030962
2026-01-20 10:50:00,estimate,sw-core-01,port-id7430,uplink,45.705263
2026-01-20 10:55:00,estimate,sw-core-01,port-id7430,uplink,43.511838
2026-01-20 11:00:00,estimate,sw-core-01,port-id7430,uplink,47.018907
2026-01-20 11:05:00,estimate,sw-core-01,port-id7430,uplink,47.028724
2026-01-20 11:10:00,estimate,sw-core-01,port-id7430,uplink,42.704400
2026-01-20 11:15:00,estimate,sw-core-01,port-id7430,uplink,46.791096
2026-01-20 11:20:00,estimate,sw-core-01,port-id7430,uplink,41.016958
2026-01-20 11:25:00,estimate,sw-core-01,port-id7430,uplink,37.814388
2026-01-20 11:30:00,estimate,sw-core-01,port-id7430,uplink,47.787349
2026-01-20 11:35:00,estimate,sw-core-01,port-id7430,uplink,48.517144
2026-01-20 11:40:00,estimate,sw-core-01,port-id7430,uplink,44.277765
2026-01-20 11:45:00,estimate,sw-core-01,port-id7430,uplink,46.586094
2026-01-20 11:50:00,estimate,sw-core-01,port-id7430,uplink,40.151365
2026-01-20 11:55:00,estimate,sw-core-01,port-id7430,uplink,43.000305
2026-01-20 12:00:00,estimate,sw-core-01,port-id7430,uplink,43.824833
2026-01-20 12:05:00,estimate,sw-core-01,port-id7430,uplink,48.735758
2026-01-20 12:10:00,estimate,sw-core-01,port-id7430,uplink,46.137017
2026-01-20 12:15:00,estimate,sw-core-01,port-id7430,uplink,46.228522
2026-01-20 12:20:00,estimate,sw-core-01,port-id7430,uplink,42.003644
2026-01-20 12:25:00,estimate,sw-core-01,port-id7430,uplink,46.212338
2026-01-20 12:30:00,estimate,sw-core-01,port-id7430,uplink,44.685739
2026-01-20 12:35:00,estimate,sw-core-01,port-id7430,uplink,45.127608
2026-01-20 12:40:00,estimate,sw-core-01,port-id7430,uplink,41.310798
2026-01-20 12:45:00,estimate,sw-core-01,port-id7430,uplink,51.114948
2026-01-20 12:50:00,estimate,sw-core-01,port-id7430,uplink,44.347747
2026-01-20 12:55:00,estimate,sw-core-01,port-id7430,uplink,47.849126
2026-01-20 13:00:00,estimate,sw-core-01,port-id7430,uplink,44.632947
2026-01-20 13:05:00,estimate,sw-core-01,port-id7430,uplink,44.559219
2026-01-20 13:10:00,estimate,sw-core-01,port-id7430,uplink,41.319545
2026-01-20 13:15:00,estimate,sw-core-01,port-id7430,uplink,39.680753
2026-01-20 13:20:00,estimate,sw-core-01,port-id7430,uplink,43.517871
2026-01-20 13:25:00,estimate,sw-core-01,port-id7430,uplink,49.459748
2026-01-20 13:30:00,estimate,sw-core-01,port-id7430,uplink,45.718016
2026-01-20 13:35:00,estimate,sw-core-01,port-id7430,uplink,42.470410
2026-01-20 13:40:00,estimate,sw-core-01,port-id7430,uplink,40.938990
2026-01-20 13:45:00,estimate,sw-core-01,port-id7430,uplink,45.230012
2026-01-20 13:50:00,estimate,sw-core-01,port-id7430,uplink,42.559355
2026-01-20 13:55:00,estimate,sw-core-01,port-id7430,uplink,44.540552
2026-01-20 14:00:00,estimate,sw-core-01,port-id7430,uplink,43.095922
2026-01-20 14:05:00,estimate,sw-core-01,port-id7430,uplink,44.848841
2026-01-20 14:10:00,estimate,sw-core-01,port-id7430,uplink,45.840585
2026-01-20 14:15:00,estimate,sw-core-01,port-id7430,uplink,45.560932
2026-01-20 14:20:00,estimate,sw-core-01,port-id7430,uplink,46.013500
2026-01-20 14:25:00,estimate,sw-core-01,port-id7430,uplink,47.320453
2026-01-20 14:30:00,estimate,sw-core-01,port-id7430,uplink,47.491667
2026-01-20 14:35:00,estimate,sw-core-01,port-id7430,uplink,48.710651
2026-01-20 14:40:00,estimate,sw-core-01,port-id7430,uplink,40.697519
2026-01-20 14:45:00,estimate,sw-core-01,port-id7430,uplink,44.144672
2026-01-20 14:50:00,estimate,sw-core-01,port-id7430,uplink,53.041046
2026-01-20 14:55:00,estimate,sw-core-01,port-id7430,uplink,42.021698
2026-01-20 15:00:00,estimate,sw-core-01,port-id7430,uplink,54.844827
2026-01-20 15:05:00,estimate,sw-core-01,port-id7430,uplink,41.021069
2026-01-20 15:10:00,estimate,sw-core-01,port-id7430,uplink,45.160861
2026-01-20 15:15:00,estimate,sw-core-01,port-id7430,uplink,46.905782
2026-01-20 15:20:00,estimate,sw-core-01,port-id7430,uplink,45.138038
2026-01-20 15:25:00,estimate,sw-core-01,port-id7430,uplink,42.563183
2026-01-20 15:30:00,estimate,sw-core-01,port-id7430,uplink,42.685871
2026-01-20 15:35:00,estimate,sw-core-01,port-id7430,uplink,45.071346
2026-01-20 15:40:00,estimate,sw-core-01,port-id7430,uplink,45.022028
2026-01-20 15:45:00,estimate,sw-core-01,port-id7430,uplink,44.856751
2026-01-20 15:50:00,estimate,sw-core-01,port-id7430,uplink,48.743334
2026-01-20 15:55:00,estimate,sw-core-01,port-id7430,uplink,44.164432
2026-01-20 16:00:00,estimate,sw-core-01,port-id7430,uplink,39.568738
2026-01-20 16:05:00,estimate,sw-core-01,port-id7430,uplink,41.254455
2026-01-20 16:10:00,estimate,sw-core-01,port-id7430,uplink,43.618404
2026-01-20 16:15:00,estimate,sw-core-01,port-id7430,uplink,44.427045
2026-01-20 16:20:00,estimate,sw-core-01,port-id7430,uplink,47.698039
2026-01-20 16:25:00,estimate,sw-core-01,port-id7430,uplink,42.535799
2026-01-20 16:30:00,estimate,sw-core-01,port-id7430,uplink,44.084675
2026-01-20 16:35:00,estimate,sw-core-01,port-id7430,uplink,40.508090
2026-01-20 16:40:00,estimate,sw-core-01,port-id7430,uplink,44.064218
2026-01-20 16:45:00,estimate,sw-core-01,port-id7430,uplink,44.322385
2026-01-20 16:50:00,estimate,sw-core-01,port-id7430,uplink,41.765169
2026-01-20 16:55:00,estimate,sw-core-01,port-id7430,uplink,40.291669
2026-01-20 17:00:00,estimate,sw-core-01,port-id7430,uplink,47.493530
2026-01-20 17:05:00,estimate,sw-core-01,port-id7430,uplink,49.325722
2026-01-20 17:10:00,estimate,sw-core-01,port-id7430,uplink,48.650972
2026-01-20 17:15:00,estimate,sw-core-01,port-id7430,uplink,46.368710
2026-01-20 17:20:00,estimate,sw-core-01,port-id7430,uplink,40.875988
2026-01-20 17:25:00,estimate,sw-core-01,port-id7430,uplink,46.370837
2026-01-20 17:30:00,estimate,sw-core-01,port-id7430,uplink,42.825420
2026-01-20 17:35:00,estimate,sw-core-01,port-id7430,uplink,44.574182
2026-01-20 17:40:00,estimate,sw-core-01,port-id7430,uplink,43.784223
2026-01-20 17:45:00,estimate,sw-core-01,port-id7430,uplink,42.187265
2026-01-20 17:50:00,estimate,sw-core-01,port-id7430,uplink,41.601882
2026-01-20 17:55:00,estimate,sw-core-01,port-id7430,uplink,43.274984
2026-01-20 18:00:00,estimate,sw-core-01,port-id7430,uplink,40.853096
2026-01-20 18:05:00,estimate,sw-core-01,port-id7430,uplink,47.366672
2026-01-20 18:10:00,estimate,sw-core-01,port-id7430,uplink,37.555771
2026-01-20 18:15:00,estimate,sw-core-01,port-id7430,uplink,39.586606
2026-01-20 18:20:00,estimate,sw-core-01,port-id7430,uplink,45.083355
2026-01-20 18:25:00,estimate,sw-core-01,port-id7430,uplink,46.110874
2026-01-20 18:30:00,estimate,sw-core-01,port-id7430,uplink,41.884928
2026-01-20 18:35:00,estimate,sw-core-01,port-id7430,uplink,34.820628
2026-01-20 18:40:00,estimate,sw-core-01,port-id7430,uplink,38.556750
2026-01-20 18:45:00,estimate,sw-core-01,port-id7430,uplink,38.849201
2026-01-20 18:50:00,estimate,sw-core-01,port-id7430,uplink,39.020715
2026-01-20 18:55:00,estimate,sw-core-01,port-id7430,uplink,33.211824
2026-01-20 19:00:00,estimate,sw-core-01,port-id7430,uplink,35.722713
2026-01-20 19:05:00,estimate,sw-core-01,port-id7430,uplink,38.010309
2026-01-20 19:10:00,estimate,sw-core-01,port-id7430,uplink,31.725219
2026-01-20 19:15:00,estimate,sw-core-01,port-id7430,uplink,29.807701
2026-01-20 19:20:00,estimate,sw-core-01,port-id7430,uplink,30.505299
2026-01-20 19:25:00,estimate,sw-core-01,port-id7430,uplink,29.209718
2026-01-20 19:30:00,estimate,sw-core-01,port-id7430,uplink,18.765338
2026-01-20 19:35:00,estimate,sw-core-01,port-id7430,uplink,27.301740
2026-01-20 19:40:00,estimate,sw-core-01,port-id7430,uplink,27.049727
2026-01-20 19:45:00,estimate,sw-core-01,port-id7430,uplink,26.305586
2026-01-20 19:50:00,estimate,sw-core-01,port-id7430,uplink,27.227761
2026-01-20 19:55:00,estimate,sw-core-01,port-id7430,uplink,24.334147
2026-01-20 20:00:00,estimate,sw-core-01,port-id7430,uplink,26.476399
2026-01-20 20:05:00,estimate,sw-core-01,port-id7430,uplink,22.947281
2026-01-20 20:10:00,estimate,sw-core-01,port-id7430,uplink,23.690092
2026-01-20 20:15:00,estimate,sw-core-01,port-id7430,uplink,19.579090
2026-01-20 20:20:00,estimate,sw-core-01,port-id7430,uplink,23.401959
2026-01-20 20:25:00,estimate,sw-core-01,port-id7430,uplink,18.857267
2026-01-20 20:30:00,estimate,sw-core-01,port-id7430,uplink,19.186210
2026-01-20 20:35:00,estimate,sw-core-01,port-id7430,uplink,19.536355
2026-01-20 20:40:00,estimate,sw-core-01,port-id7430,uplink,23.935058
2026-01-20 20:45:00,estimate,sw-core-01,port-id7430,uplink,21.834110
2026-01-20 20:50:00,estimate,sw-core-01,port-id7430,uplink,18.137805
2026-01-20 20:55:00,estimate,sw-core-01,port-id7430,uplink,19.461482
2026-01-20 21:00:00,estimate,sw-core-01,port-id7430,uplink,17.801392
2026-01-20 21:05:00,estimate,sw-core-01,port-id7430,uplink,17.566837
2026-01-20 21:10:00,estimate,sw-core-01,port-id7430,uplink,20.996007
2026-01-20 21:15:00,estimate,sw-core-01,port-id7430,uplink,20.199123
2026-01-20 21:20:00,estimate,sw-core-01,port-id7430,uplink,15.305340
2026-01-20 21:25:00,estimate,sw-core-01,port-id7430,uplink,18.083324
2026-01-20 21:30:00,estimate,sw-core-01,port-id7430,uplink,18.575367
2026-01-20 21:35:00,estimate,sw-core-01,port-id7430,uplink,18.375121
2026-01-20 21:40:00,estimate,sw-core-01,port-id7430,uplink,16.886152
2026-01-20 21:45:00,estimate,sw-core-01,port-id7430,uplink,13.591979
2026-01-20 21:50:00,estimate,sw-core-01,port-id7430,uplink,13.995274
2026-01-20 21:55:00,estimate,sw-core-01,port-id7430,uplink,16.056872
2026-01-20 22:00:00,estimate,sw-core-01,port-id7430,uplink,20.066238
2026-01-20 22:05:00,estimate,sw-core-01,port-id7430,uplink,15.903267
2026-01-20 22:10:00,estimate,sw-core-01,port-id7430,uplink,9.188172
2026-01-20 22:15:00,estimate,sw-core-01,port-id7430,uplink,14.890414
2026-01-20 22:20:00,estimate,sw-core-01,port-id7430,uplink,18.109400
2026-01-20 22:25:00,estimate,sw-core-01,port-id7430,uplink,15.542036
2026-01-20 22:30:00,estimate,sw-core-01,port-id7430,uplink,12.044071
2026-01-20 22:35:00,estimate,sw-core-01,port-id7430,uplink,18.652532
2026-01-20 22:40:00,estimate,sw-core-01,port-id7430,uplink,16.354070
2026-01-20 22:45:00,estimate,sw-core-01,port-id7430,uplink,20.878635
2026-01-20 22:50:00,estimate,sw-core-01,port-id7430,uplink,13.476680
2026-01-20 22:55:00,estimate,sw-core-01,port-id7430,uplink,18.877214
2026-01-20 23:00:00,estimate,sw-core-01,port-id7430,uplink,12.844161
2026-01-20 23:05:00,estimate,sw-core-01,port-id7430,uplink,13.400974
2026-01-20 23:10:00,estimate,sw-core-01,port-id7430,uplink,15.864909
2026-01-20 23:15:00,estimate,sw-core-01,port-id7430,uplink,12.550976
2026-01-20 23:20:00,estimate,sw-core-01,port-id7430,uplink,18.389649
2026-01-20 23:25:00,estimate,sw-core-01,port-id7430,uplink,14.768959
2026-01-20 23:30:00,estimate,sw-core-01,port-id7430,uplink,17.725459
2026-01-20 23:35:00,estimate,sw-core-01,port-id7430,uplink,18.539364
2026-01-20 23:40:00,estimate,sw-core-01,port-id7430,uplink,6.150628
2026-01-20 23:45:00,estimate,sw-core-01,port-id7430,uplink,16.389605
2026-01-20 23:50:00,estimate,sw-core-01,port-id7430,uplink,13.930913
2026-01-20 23:55:00,estimate,sw-core-01,port-id7430,uplink,16.358605
2026-01-21 00:00:00,estimate,sw-core-01,port-id7430,uplink,13.805197
2026-01-21 00:05:00,estimate,sw-core-01,port-id7430,uplink,14.210492
2026-01-21 00:10:00,estimate,sw-core-01,port-id7430,uplink,18.687749
2026-01-21 00:15:00,estimate,sw-core-01,port-id7430,uplink,12.949419
2026-01-21 00:20:00,estimate,sw-core-01,port-id7430,uplink,11.947715
2026-01-21 00:25:00,estimate,sw-core-01,port-id7430,uplink,15.023858
2026-01-21 00:30:00,estimate,sw-core-01,port-id7430,uplink,14.499659
2026-01-21 00:35:00,estimate,sw-core-01,port-id7430,uplink,19.790226
2026-01-21 00:40:00,estimate,sw-core-01,port-id7430,uplink,15.888161
2026-01-21 00:45:00,estimate,sw-core-01,port-id7430,uplink,16.048319
2026-01-21 00:50:00,estimate,sw-core-01,port-id7430,uplink,12.123816
2026-01-21 00:55:00,estimate,sw-core-01,port-id7430,uplink,13.645508
2026-01-21 01:00:00,estimate,sw-core-01,port-id7430,uplink,16.761815
2026-01-21 01:05:00,estimate,sw-core-01,port-id7430,uplink,12.054191
2026-01-21 01:10:00,estimate,sw-core-01,port-id7430,uplink,17.725957
2026-01-21 01:15:00,estimate,sw-core-01,port-id7430,uplink,13.565362
2026-01-21 01:20:00,estimate,sw-core-01,port-id7430,uplink,17.308955
2026-01-21 01:25:00,estimate,sw-core-01,port-id7430,uplink,14.234406
2026-01-21 01:30:00,estimate,sw-core-01,port-id7430,uplink,18.099999
2026-01-21 01:35:00,estimate,sw-core-01,port-id7430,uplink,9.065147
2026-01-21 01:40:00,estimate,sw-core-01,port-id7430,uplink,14.598784
2026-01-21 01:45:00,estimate,sw-core-01,port-id7430,uplink,10.895983
2026-01-21 01:50:00,estimate,sw-core-01,port-id7430,uplink,13.430433
2026-01-21 01:55:00,estimate,sw-core-01,port-id7430,uplink,14.264422
2026-01-21 02:00:00,estimate,sw-core-01,port-id7430,uplink,18.712555
2026-01-21 02:05:00,estimate,sw-core-01,port-id7430,uplink,13.163269
2026-01-21 02:10:00,estimate,sw-core-01,port-id7430,uplink,16.710566
2026-01-21 02:15:00,estimate,sw-core-01,port-id7430,uplink,15.820481
2026-01-21 02:20:00,estimate,sw-core-01,port-id7430,uplink,17.350523
2026-01-21 02:25:00,estimate,sw-core-01,port-id7430,uplink,15.137206
2026-01-21 02:30:00,estimate,sw-core-01,port-id7430,uplink,15.505743
2026-01-21 02:35:00,estimate,sw-core-01,port-id7430,uplink,16.263625
2026-01-21 02:40:00,estimate,sw-core-01,port-id7430,uplink,17.164381
2026-01-21 02:45:00,estimate,sw-core-01,port-id7430,uplink,12.998860
2026-01-21 02:50:00,estimate,sw-core-01,port-id7430,uplink,13.405538
2026-01-21 02:55:00,estimate,sw-core-01,port-id7430,uplink,10.455928
2026-01-21 03:00:00,estimate,sw-core-01,port-id7430,uplink,16.942073
2026-01-21 03:05:00,estimate,sw-core-01,port-id7430,uplink,13.114454
2026-01-21 03:10:00,estimate,sw-core-01,port-id7430,uplink,9.037696
2026-01-21 03:15:00,estimate,sw-core-01,port-id7430,uplink,15.785813
2026-01-21 03:20:00,estimate,sw-core-01,port-id7430,uplink,17.085808
2026-01-21 03:25:00,estimate,sw-core-01,port-id7430,uplink,14.007112
2026-01-21 03:30:00,estimate,sw-core-01,port-id7430,uplink,12.263042
2026-01-21 03:35:00,estimate,sw-core-01,port-id7430,uplink,21.058135
2026-01-21 03:40:00,estimate,sw-core-01,port-id7430,uplink,18.494203
2026-01-21 03:45:00,estimate,sw-core-01,port-id7430,uplink,14.512245
2026-01-21 03:50:00,estimate,sw-core-01,port-id7430,uplink,12.133592
2026-01-21 03:55:00,estimate,sw-core-01,port-id7430,uplink,12.172210
2026-01-21 04:00:00,estimate,sw-core-01,port-id7430,uplink,12.333905
2026-01-21 04:05:00,estimate,sw-core-01,port-id7430,uplink,16.740427
2026-01-21 04:10:00,estimate,sw-core-01,port-id7430,uplink,16.520700
2026-01-21 04:15:00,estimate,sw-core-01,port-id7430,uplink,11.496207
2026-01-21 04:20:00,estimate,sw-core-01,port-id7430,uplink,16.041093
2026-01-21 04:25:00,estimate,sw-core-01,port-id7430,uplink,17.142948
2026-01-21 04:30:00,estimate,sw-core-01,port-id7430,uplink,14.604389
2026-01-21 04:35:00,estimate,sw-core-01,port-id7430,uplink,11.609013
2026-01-21 04:40:00,estimate,sw-core-01,port-id7430,uplink,19.319542
2026-01-21 04:45:00,estimate,sw-core-01,port-id7430,uplink,14.330668
2026-01-21 04:50:00,estimate,sw-core-01,port-id7430,uplink,9.175417
2026-01-21 04:55:00,estimate,sw-core-01,port-id7430,uplink,16.159685
2026-01-21 05:00:00,estimate,sw-core-01,port-id7430,uplink,13.532114
2026-01-21 05:05:00,estimate,sw-core-01,port-id7430,uplink,13.950275
2026-01-21 05:10:00,estimate,sw-core-01,port-id7430,uplink,16.347237
2026-01-21 05:15:00,estimate,sw-core-01,port-id7430,uplink,15.918786
2026-01-21 05:20:00,estimate,sw-core-01,port-id7430,uplink,20.385049
2026-01-21 05:25:00,estimate,sw-core-01,port-id7430,uplink,14.412236
2026-01-21 05:30:00,estimate,sw-core-01,port-id7430,uplink,20.638750
2026-01-21 05:35:00,estimate,sw-core-01,port-id7430,uplink,14.848423
2026-01-21 05:40:00,estimate,sw-core-01,port-id7430,uplink,16.001054
2026-01-21 05:45:00,estimate,sw-core-01,port-id7430,uplink,19.145387
2026-01-21 05:50:00,estimate,sw-core-01,port-id7430,uplink,14.946857
2026-01-21 05:55:00,estimate,sw-core-01,port-id7430,uplink,20.227769
2026-01-21 06:00:00,estimate,sw-core-01,port-id7430,uplink,20.125623
2026-01-21 06:05:00,estimate,sw-core-01,port-id7430,uplink,17.679981
2026-01-21 06:10:00,estimate,sw-core-01,port-id7430,uplink,19.738067
2026-01-21 06:15:00,estimate,sw-core-01,port-id7430,uplink,18.885597
2026-01-21 06:20:00,estimate,sw-core-01,port-id7430,uplink,25.652349
2026-01-21 06:25:00,estimate,sw-core-01,port-id7430,uplink,19.421844
2026-01-21 06:30:00,estimate,sw-core-01,port-id7430,uplink,23.534855
2026-01-21 06:35:00,estimate,sw-core-01,port-id7430,uplink,26.481996
2026-01-21 06:40:00,estimate,sw-core-01,port-id7430,uplink,29.493159
2026-01-21 06:45:00,estimate,sw-core-01,port-id7430,uplink,30.203437
2026-01-21 06:50:00,estimate,sw-core-01,port-id7430,uplink,24.707396
2026-01-21 06:55:00,estimate,sw-core-01,port-id7430,uplink,30.785922
2026-01-21 07:00:00,estimate,sw-core-01,port-id7430,uplink,29.305649
2026-01-21 07:05:00,estimate,sw-core-01,port-id7430,uplink,29.133647
2026-01-21 07:10:00,estimate,sw-core-01,port-id7430,uplink,30.837835
2026-01-21 07:15:00,estimate,sw-core-01,port-id7430,uplink,36.205016
2026-01-21 07:20:00,estimate,sw-core-01,port-id7430,uplink,31.475834
2026-01-21 07:25:00,estimate,sw-core-01,port-id7430,uplink,34.383061
2026-01-21 07:30:00,estimate,sw-core-01,port-id7430,uplink,38.222147
2026-01-21 07:35:00,estimate,sw-core-01,port-id7430,uplink,35.050227
2026-01-21 07:40:00,estimate,sw-core-01,port-id7430,uplink,38.359990
2026-01-21 07:45:00,estimate,sw-core-01,port-id7430,uplink,42.348806
2026-01-21 07:50:00,estimate,sw-core-01,port-id7430,uplink,41.989161
2026-01-21 07:55:00,estimate,sw-core-01,port-id7430,uplink,36.381862
2026-01-21 08:00:00,estimate,sw-core-01,port-id7430,uplink,41.349932
2026-01-21 08:05:00,estimate,sw-core-01,port-id7430,uplink,40.106988
2026-01-21 08:10:00,estimate,sw-core-01,port-id7430,uplink,37.405287
2026-01-21 08:15:00,estimate,sw-core-01,port-id7430,uplink,41.955422
2026-01-21 08:20:00,estimate,sw-core-01,port-id7430,uplink,44.372189
2026-01-21 08:25:00,estimate,sw-core-01,port-id7430,uplink,44.014086
2026-01-21 08:30:00,estimate,sw-core-01,port-id7430,uplink,40.636015
2026-01-21 08:35:00,estimate,sw-core-01,port-id7430,uplink,50.962299
2026-01-21 08:40:00,estimate,sw-core-01,port-id7430,uplink,38.251794
2026-01-21 08:45:00,estimate,sw-core-01,port-id7430,uplink,40.275243
2026-01-21 08:50:00,estimate,sw-core-01,port-id7430,uplink,45.716012
2026-01-21 08:55:00,estimate,sw-core-01,port-id7430,uplink,51.478780
2026-01-21 09:00:00,estimate,sw-core-01,port-id7430,uplink,41.489585
2026-01-21 09:05:00,estimate,sw-core-01,port-id7430,uplink,47.048329
2026-01-21 09:10:00,estimate,sw-core-01,port-id7430,uplink,43.540048
2026-01-21 09:15:00,estimate,sw-core-01,port-id7430,uplink,38.363518
2026-01-21 09:20:00,estimate,sw-core-01,port-id7430,uplink,43.815839
2026-01-21 09:25:00,estimate,sw-core-01,port-id7430,uplink,41.198970
2026-01-21 09:30:00,estimate,sw-core-01,port-id7430,uplink,41.924856
2026-01-21 09:35:00,estimate,sw-core-01,port-id7430,uplink,47.171001
2026-01-21 09:40:00,estimate,sw-core-01,port-id7430,uplink,44.041854
2026-01-21 09:45:00,estimate,sw-core-01,port-id7430,uplink,45.088959
2026-01-21 09:50:00,estimate,sw-core-01,port-id7430,uplink,46.535005
2026-01-21 09:55:00,estimate,sw-core-01,port-id7430,uplink,42.020593
2026-01-21 10:00:00,estimate,sw-core-01,port-id7430,uplink,41.739059
2026-01-21 10:05:00,estimate,sw-core-01,port-id7430,uplink,43.274264
2026-01-21 10:10:00,estimate,sw-core-01,port-id7430,uplink,40.588194
2026-01-21 10:15:00,estimate,sw-core-01,port-id7430,uplink,39.799764
2026-01-21 10:20:00,estimate,sw-core-01,port-id7430,uplink,46.411555
2026-01-21 10:25:00,estimate,sw-core-01,port-id7430,uplink,43.309054
2026-01-21 10:30:00,estimate,sw-core-01,port-id7430,uplink,46.758527
2026-01-21 10:35:00,estimate,sw-core-01,port-id7430,uplink,48.801582
2026-01-21 10:40:00,estimate,sw-core-01,port-id7430,uplink,47.401037
2026-01-21 10:45:00,estimate,sw-core-01,port-id7430,uplink,39.180691
2026-01-21 10:50:00,estimate,sw-core-01,port-id7430,uplink,43.980001
2026-01-21 10:55:00,estimate,sw-core-01,port-id7430,uplink,46.823537
2026-01-21 11:00:00,estimate,sw-core-01,port-id7430,uplink,47.814842
2026-01-21 11:05:00,estimate,sw-core-01,port-id7430,uplink,44.146795
2026-01-21 11:10:00,estimate,sw-core-01,port-id7430,uplink,46.922067
2026-01-21 11:15:00,estimate,sw-core-01,port-id7430,uplink,45.530954
2026-01-21 11:20:00,estimate,sw-core-01,port-id7430,uplink,46.185404
2026-01-21 11:25:00,estimate,sw-core-01,port-id7430,uplink,44.319363
2026-01-21 11:30:00,estimate,sw-core-01,port-id7430,uplink,44.486298
2026-01-21 11:35:00,estimate,sw-core-01,port-id7430,uplink,42.226530
2026-01-21 11:40:00,estimate,sw-core-01,port-id7430,uplink,49.456405
2026-01-21 11:45:00,estimate,sw-core-01,port-id7430,uplink,43.169701
2026-01-21 11:50:00,estimate,sw-core-01,port-id7430,uplink,41.869352
2026-01-21 11:55:00,estimate,sw-core-01,port-id7430,uplink,36.638073
2026-01-21 12:00:00,estimate,sw-core-01,port-id7430,uplink,43.886389
2026-01-21 12:05:00,estimate,sw-core-01,port-id7430,uplink,42.576041
2026-01-21 12:10:00,estimate,sw-core-01,port-id7430,uplink,45.658110
2026-01-21 12:15:00,estimate,sw-core-01,port-id7430,uplink,46.459370
2026-01-21 12:20:00,estimate,sw-core-01,port-id7430,uplink,48.270320
2026-01-21 12:25:00,estimate,sw-core-01,port-id7430,uplink,45.964451
2026-01-21 12:30:00,estimate,sw-core-01,port-id7430,uplink,38.611489
2026-01-21 12:35:00,estimate,sw-core-01,port-id7430,uplink,47.169836
2026-01-21 12:40:00,estimate,sw-core-01,port-id7430,uplink,50.919462
2026-01-21 12:45:00,estimate,sw-core-01,port-id7430,uplink,43.109692
2026-01-21 12:50:00,estimate,sw-core-01,port-id7430,uplink,41.945568
2026-01-21 12:55:00,estimate,sw-core-01,port-id7430,uplink,44.512893
2026-01-21 13:00:00,estimate,sw-core-01,port-id7430,uplink,48.443507
2026-01-21 13:05:00,estimate,sw-core-01,port-id7430,uplink,37.538534
2026-01-21 13:10:00,estimate,sw-core-01,port-id7430,uplink,41.480325
2026-01-21 13:15:00,estimate,sw-core-01,port-id7430,uplink,47.995588
2026-01-21 13:20:00,estimate,sw-core-01,port-id7430,uplink,45.166688
2026-01-21 13:25:00,estimate,sw-core-01,port-id7430,uplink,46.434425
2026-01-21 13:30:00,estimate,sw-core-01,port-id7430,uplink,37.947457
2026-01-21 13:35:00,estimate,sw-core-01,port-id7430,uplink,42.292016
2026-01-21 13:40:00,estimate,sw-core-01,port-id7430,uplink,39.432025
2026-01-21 13:45:00,estimate,sw-core-01,port-id7430,uplink,43.809924
2026-01-21 13:50:00,estimate,sw-core-01,port-id7430,uplink,45.501586
2026-01-21 13:55:00,estimate,sw-core-01,port-id7430,uplink,47.147426
2026-01-21 14:00:00,estimate,sw-core-01,port-id7430,uplink,40.945587
2026-01-21 14:05:00,estimate,sw-core-01,port-id7430,uplink,48.058330
2026-01-21 14:10:00,estimate,sw-core-01,port-id7430,uplink,44.106027
2026-01-21 14:15:00,estimate,sw-core-01,port-id7430,uplink,47.993673
2026-01-21 14:20:00,estimate,sw-core-01,port-id7430,uplink,53.740840
2026-01-21 14:25:00,estimate,sw-core-01,port-id7430,uplink,45.999042
2026-01-21 14:30:00,estimate,sw-core-01,port-id7430,uplink,42.354339
2026-01-21 14:35:00,estimate,sw-core-01,port-id7430,uplink,46.623571
2026-01-21 14:40:00,estimate,sw-core-01,port-id7430,uplink,45.369050
2026-01-21 14:45:00,estimate,sw-core-01,port-id7430,uplink,50.992218
2026-01-21 14:50:00,estimate,sw-core-01,port-id7430,uplink,42.935241
2026-01-21 14:55:00,estimate,sw-core-01,port-id7430,uplink,44.190402
2026-01-21 15:00:00,estimate,sw-core-01,port-id7430,uplink,43.078621
2026-01-21 15:05:00,estimate,sw-core-01,port-id7430,uplink,49.594024
2026-01-21 15:10:00,estimate,sw-core-01,port-id7430,uplink,43.162312
2026-01-21 15:15:00,estimate,sw-core-01,port-id7430,uplink,49.309882
2026-01-21 15:20:00,estimate,sw-core-01,port-id7430,uplink,36.371496
2026-01-21 15:25:00,estimate,sw-core-01,port-id7430,uplink,41.420776
2026-01-21 15:30:00,estimate,sw-core-01,port-id7430,uplink,47.677854
2026-01-21 15:35:00,estimate,sw-core-01,port-id7430,uplink,45.853597
2026-01-21 15:40:00,estimate,sw-core-01,port-id7430,uplink,43.782420
2026-01-21 15:45:00,estimate,sw-core-01,port-id7430,uplink,44.177210
2026-01-21 15:50:00,estimate,sw-core-01,port-id7430,uplink,45.850698
2026-01-21 15:55:00,estimate,sw-core-01,port-id7430,uplink,43.462715
2026-01-21 16:00:00,estimate,sw-core-01,port-id7430,uplink,45.568688
2026-01-21 16:05:00,estimate,sw-core-01,port-id7430,uplink,40.401486
2026-01-21 16:10:00,estimate,sw-core-01,port-id7430,uplink,36.790517
2026-01-21 16:15:00,estimate,sw-core-01,port-id7430,uplink,45.951979
2026-01-21 16:20:00,estimate,sw-core-01,port-id7430,uplink,48.124928
2026-01-21 16:25:00,estimate,sw-core-01,port-id7430,uplink,47.851367
2026-01-21 16:30:00,estimate,sw-core-01,port-id7430,uplink,46.242990
2026-01-21 16:35:00,estimate,sw-core-01,port-id7430,uplink,45.761694
2026-01-21 16:40:00,estimate,sw-core-01,port-id7430,uplink,44.543081
2026-01-21 16:45:00,estimate,sw-core-01,port-id7430,uplink,47.685892
2026-01-21 16:50:00,estimate,sw-core-01,port-id7430,uplink,45.042715
2026-01-21 16:55:00,estimate,sw-core-01,port-id7430,uplink,47.049965
2026-01-21 17:00:00,estimate,sw-core-01,port-id7430,uplink,45.201989
2026-01-21 17:05:00,estimate,sw-core-01,port-id7430,uplink,45.584880
2026-01-21 17:10:00,estimate,sw-core-01,port-id7430,uplink,40.646302
2026-01-21 17:15:00,estimate,sw-core-01,port-id7430,uplink,43.302318
2026-01-21 17:20:00,estimate,sw-core-01,port-id7430,uplink,46.647748
2026-01-21 17:25:00,estimate,sw-core-01,port-id7430,uplink,41.659072
2026-01-21 17:30:00,estimate,sw-core-01,port-id7430,uplink,47.001781
2026-01-21 17:35:00,estimate,sw-core-01,port-id7430,uplink,48.867248
2026-01-21 17:40:00,estimate,sw-core-01,port-id7430,uplink,46.377619
2026-01-21 17:45:00,estimate,sw-core-01,port-id7430,uplink,40.812178
2026-01-21 17:50:00,estimate,sw-core-01,port-id7430,uplink,45.809606
2026-01-21 17:55:00,estimate,sw-core-01,port-id7430,uplink,39.898176
2026-01-21 18:00:00,estimate,sw-core-01,port-id7430,uplink,45.095498
2026-01-21 18:05:00,estimate,sw-core-01,port-id7430,uplink,45.263780
2026-01-21 18:10:00,estimate,sw-core-01,port-id7430,uplink,45.530659
2026-01-21 18:15:00,estimate,sw-core-01,port-id7430,uplink,46.874602
2026-01-21 18:20:00,estimate,sw-core-01,port-id7430,uplink,40.482798
2026-01-21 18:25:00,estimate,sw-core-01,port-id7430,uplink,41.268832
2026-01-21 18:30:00,estimate,sw-core-01,port-id7430,uplink,42.631134
2026-01-21 18:35:00,estimate,sw-core-01,port-id7430,uplink,39.228026
2026-01-21 18:40:00,estimate,sw-core-01,port-id7430,uplink,42.528812
2026-01-21 18:45:00,estimate,sw-core-01,port-id7430,uplink,38.293242
2026-01-21 18:50:00,estimate,sw-core-01,port-id7430,uplink,40.176820
2026-01-21 18:55:00,estimate,sw-core-01,port-id7430,uplink,34.899525
2026-01-21 19:00:00,estimate,sw-core-01,port-id7430,uplink,37.012582
2026-01-21 19:05:00,estimate,sw-core-01,port-id7430,uplink,35.125008
2026-01-21 19:10:00,estimate,sw-core-01,port-id7430,uplink,33.056460
2026-01-21 19:15:00,estimate,sw-core-01,port-id7430,uplink,29.825540
2026-01-21 19:20:00,estimate,sw-core-01,port-id7430,uplink,32.354933
2026-01-21 19:25:00,estimate,sw-core-01,port-id7430,uplink,30.916142
2026-01-21 19:30:00,estimate,sw-core-01,port-id7430,uplink,29.789621
2026-01-21 19:35:00,estimate,sw-core-01,port-id7430,uplink,27.573790
2026-01-21 19:40:00,estimate,sw-core-01,port-id7430,uplink,26.588012
2026-01-21 19:45:00,estimate,sw-core-01,port-id7430,uplink,25.182043
2026-01-21 19:50:00,estimate,sw-core-01,port-id7430,uplink,27.978933
2026-01-21 19:55:00,estimate,sw-core-01,port-id7430,uplink,28.803516
2026-01-21 20:00:00,estimate,sw-core-01,port-id7430,uplink,24.959613
2026-01-21 20:05:00,estimate,sw-core-01,port-id7430,uplink,21.171391
2026-01-21 20:10:00,estimate,sw-core-01,port-id7430,uplink,23.579658
2026-01-21 20:15:00,estimate,sw-core-01,port-id7430,uplink,23.154161
2026-01-21 20:20:00,estimate,sw-core-01,port-id7430,uplink,17.891422
2026-01-21 20:25:00,estimate,sw-core-01,port-id7430,uplink,21.121330
2026-01-21 20:30:00,estimate,sw-core-01,port-id7430,uplink,22.230260
2026-01-21 20:35:00,estimate,sw-core-01,port-id7430,uplink,17.335685
2026-01-21 20:40:00,estimate,sw-core-01,port-id7430,uplink,20.880215
2026-01-21 20:45:00,estimate,sw-core-01,port-id7430,uplink,19.577931
2026-01-21 20:50:00,estimate,sw-core-01,port-id7430,uplink,17.158620
2026-01-21 20:55:00,estimate,sw-core-01,port-id7430,uplink,11.942378
2026-01-21 21:00:00,estimate,sw-core-01,port-id7430,uplink,17.299142
2026-01-21 21:05:00,estimate,sw-core-01,port-id7430,uplink,14.213285
2026-01-21 21:10:00,estimate,sw-core-01,port-id7430,uplink,15.634021
2026-01-21 21:15:00,estimate,sw-core-01,port-id7430,uplink,23.677925
2026-01-21 21:20:00,estimate,sw-core-01,port-id7430,uplink,11.863272
2026-01-21 21:25:00,estimate,sw-core-01,port-id7430,uplink,11.112723
2026-01-21 21:30:00,estimate,sw-core-01,port-id7430,uplink,16.301768
2026-01-21 21:35:00,estimate,sw-core-01,port-id7430,uplink,16.340622
2026-01-21 21:40:00,estimate,sw-core-01,port-id7430,uplink,23.916025
2026-01-21 21:45:00,estimate,sw-core-01,port-id7430,uplink,14.388611
2026-01-21 21:50:00,estimate,sw-core-01,port-id7430,uplink,15.214487
2026-01-21 21:55:00,estimate,sw-core-01,port-id7430,uplink,17.554490
2026-01-21 22:00:00,estimate,sw-core-01,port-id7430,uplink,15.110552
2026-01-21 22:05:00,estimate,sw-core-01,port-id7430,uplink,10.877739
2026-01-21 22:10:00,estimate,sw-core-01,port-id7430,uplink,11.927909
2026-01-21 22:15:00,estimate,sw-core-01,port-id7430,uplink,12.353737
2026-01-21 22:20:00,estimate,sw-core-01,port-id7430,uplink,17.271499
2026-01-21 22:25:00,estimate,sw-core-01,port-id7430,uplink,21.837173
2026-01-21 22:30:00,estimate,sw-core-01,port-id7430,uplink,16.252723
2026-01-21 22:35:00,estimate,sw-core-01,port-id7430,uplink,11.796852
2026-01-21 22:40:00,estimate,sw-core-01,port-id7430,uplink,20.504104
2026-01-21 22:45:00,estimate,sw-core-01,port-id7430,uplink,14.961302
2026-01-21 22:50:00,estimate,sw-core-01,port-id7430,uplink,19.166045
2026-01-21 22:55:00,estimate,sw-core-01,port-id7430,uplink,16.069307
2026-01-21 23:00:00,estimate,sw-core-01,port-id7430,uplink,14.571721
2026-01-21 23:05:00,estimate,sw-core-01,port-id7430,uplink,13.600969
2026-01-21 23:10:00,estimate,sw-core-01,port-id7430,uplink,15.665698
2026-01-21 23:15:00,estimate,sw-core-01,port-id7430,uplink,20.224672
2026-01-21 23:20:00,estimate,sw-core-01,port-id7430,uplink,13.212106
2026-01-21 23:25:00,estimate,sw-core-01,port-id7430,uplink,14.569011
2026-01-21 23:30:00,estimate,sw-core-01,port-id7430,uplink,12.415297
2026-01-21 23:35:00,estimate,sw-core-01,port-id7430,uplink,12.072084
2026-01-21 23:40:00,estimate,sw-core-01,port-id7430,uplink,11.243467
2026-01-21 23:45:00,estimate,sw-core-01,port-id7430,uplink,10.098318
2026-01-21 23:50:00,estimate,sw-core-01,port-id7430,uplink,16.174650
2026-01-21 23:55:00,estimate,sw-core-01,port-id7430,uplink,15.709281
2026-01-22 00:00:00,estimate,sw-core-01,port-id7430,uplink,14.707400
2026-01-22 00:05:00,estimate,sw-core-01,port-id7430,uplink,11.946630
2026-01-22 00:10:00,estimate,sw-core-01,port-id7430,uplink,15.714037
2026-01-22 00:15:00,estimate,sw-core-01,port-id7430,uplink,14.388464
2026-01-22 00:20:00,estimate,sw-core-01,port-id7430,uplink,13.712274
2026-01-22 00:25:00,estimate,sw-core-01,port-id7430,uplink,12.834881
2026-01-22 00:30:00,estimate,sw-core-01,port-id7430,uplink,16.966005
2026-01-22 00:35:00,estimate,sw-core-01,port-id7430,uplink,15.516409
2026-01-22 00:40:00,estimate,sw-core-01,port-id7430,uplink,18.540304
2026-01-22 00:45:00,estimate,sw-core-01,port-id7430,uplink,17.095720
2026-01-22 00:50:00,estimate,sw-core-01,port-id7430,uplink,17.264177
2026-01-22 00:55:00,estimate,sw-core-01,port-id7430,uplink,13.850088
2026-01-22 01:00:00,estimate,sw-core-01,port-id7430,uplink,16.081571
2026-01-22 01:05:00,estimate,sw-core-01,port-id7430,uplink,11.301256
2026-01-22 01:10:00,estimate,sw-core-01,port-id7430,uplink,10.957630
2026-01-22 01:15:00,estimate,sw-core-01,port-id7430,uplink,11.072315
2026-01-22 01:20:00,estimate,sw-core-01,port-id7430,uplink,12.238161
2026-01-22 01:25:00,estimate,sw-core-01,port-id7430,uplink,12.211972
2026-01-22 01:30:00,estimate,sw-core-01,port-id7430,uplink,11.056005
2026-01-22 01:35:00,estimate,sw-core-01,port-id7430,uplink,11.169763
2026-01-22 01:40:00,estimate,sw-core-01,port-id7430,uplink,15.840844
2026-01-22 01:45:00,estimate,sw-core-01,port-id7430,uplink,13.250926
2026-01-22 01:50:00,estimate,sw-core-01,port-id7430,uplink,9.727730
2026-01-22 01:55:00,estimate,sw-core-01,port-id7430,uplink,12.394092
2026-01-22 02:00:00,estimate,sw-core-01,port-id7430,uplink,15.439317
2026-01-22 02:05:00,estimate,sw-core-01,port-id7430,uplink,12.283045
2026-01-22 02:10:00,estimate,sw-core-01,port-id7430,uplink,14.825605
2026-01-22 02:15:00,estimate,sw-core-01,port-id7430,uplink,15.772744
2026-01-22 02:20:00,estimate,sw-core-01,port-id7430,uplink,15.791223
2026-01-22 02:25:00,estimate,sw-core-01,port-id7430,uplink,14.522915
2026-01-22 02:30:00,estimate,sw-core-01,port-id7430,uplink,13.306758
2026-01-22 02:35:00,estimate,sw-core-01,port-id7430,uplink,15.944574
2026-01-22 02:40:00,estimate,sw-core-01,port-id7430,uplink,11.924382
2026-01-22 02:45:00,estimate,sw-core-01,port-id7430,uplink,6.364459
2026-01-22 02:50:00,estimate,sw-core-01,port-id7430,uplink,14.376978
2026-01-22 02:55:00,estimate,sw-core-01,port-id7430,uplink,9.385241
2026-01-22 03:00:00,estimate,sw-core-01,port-id7430,uplink,14.589316
2026-01-22 03:05:00,estimate,sw-core-01,port-id7430,uplink,13.793550
2026-01-22 03:10:00,estimate,sw-core-01,port-id7430,uplink,20.419505
2026-01-22 03:15:00,estimate,sw-core-01,port-id7430,uplink,14.726487
2026-01-22 03:20:00,estimate,sw-core-01,port-id7430,uplink,14.765567
2026-01-22 03:25:00,estimate,sw-core-01,port-id7430,uplink,11.595731
2026-01-22 03:30:00,estimate,sw-core-01,port-id7430,uplink,14.317636
2026-01-22 03:35:00,estimate,sw-core-01,port-id7430,uplink,17.503061
2026-01-22 03:40:00,estimate,sw-core-01,port-id7430,uplink,18.253928
2026-01-22 03:45:00,estimate,sw-core-01,port-id7430,uplink,18.984748
2026-01-22 03:50:00,estimate,sw-core-01,port-id7430,uplink,11.060727
2026-01-22 03:55:00,estimate,sw-core-01,port-id7430,uplink,16.048702
2026-01-22 04:00:00,estimate,sw-core-01,port-id7430,uplink,14.004200
2026-01-22 04:05:00,estimate,sw-core-01,port-id7430,uplink,13.991797
2026-01-22 04:10:00,estimate,sw-core-01,port-id7430,uplink,11.432065
2026-01-22 04:15:00,estimate,sw-core-01,port-id7430,uplink,17.700630
2026-01-22 04:20:00,estimate,sw-core-01,port-id7430,uplink,15.571364
2026-01-22 04:25:00,estimate,sw-core-01,port-id7430,uplink,15.377608
2026-01-22 04:30:00,estimate,sw-core-01,port-id7430,uplink,17.885739
2026-01-22 04:35:00,estimate,sw-core-01,port-id7430,uplink,14.669042
2026-01-22 04:40:00,estimate,sw-core-01,port-id7430,uplink,16.367941
2026-01-22 04:45:00,estimate,sw-core-01,port-id7430,uplink,20.178294
2026-01-22 04:50:00,estimate,sw-core-01,port-id7430,uplink,14.580194
2026-01-22 04:55:00,estimate,sw-core-01,port-id7430,uplink,15.008111
2026-01-22 05:00:00,estimate,sw-core-01,port-id7430,uplink,17.585575
2026-01-22 05:05:00,estimate,sw-core-01,port-id7430,uplink,19.792817
2026-01-22 05:10:00,estimate,sw-core-01,port-id7430,uplink,19.962997
2026-01-22 05:15:00,estimate,sw-core-01,port-id7430,uplink,16.337673
2026-01-22 05:20:00,estimate,sw-core-01,port-id7430,uplink,11.265028
2026-01-22 05:25:00,estimate,sw-core-01,port-id7430,uplink,18.142294
2026-01-22 05:30:00,estimate,sw-core-01,port-id7430,uplink,20.562184
2026-01-22 05:35:00,estimate,sw-core-01,port-id7430,uplink,18.870375
2026-01-22 05:40:00,estimate,sw-core-01,port-id7430,uplink,14.066964
2026-01-22 05:45:00,estimate,sw-core-01,port-id7430,uplink,14.468203
2026-01-22 05:50:00,estimate,sw-core-01,port-id7430,uplink,13.401829
2026-01-22 05:55:00,estimate,sw-core-01,port-id7430,uplink,16.383425
2026-01-22 06:00:00,estimate,sw-core-01,port-id7430,uplink,17.946321
2026-01-22 06:05:00,estimate,sw-core-01,port-id7430,uplink,19.874008
2026-01-22 06:10:00,estimate,sw-core-01,port-id7430,uplink,18.070090
2026-01-22 06:15:00,estimate,sw-core-01,port-id7430,uplink,26.267783
2026-01-22 06:20:00,estimate,sw-core-01,port-id7430,uplink,16.611568
2026-01-22 06:25:00,estimate,sw-core-01,port-id7430,uplink,25.784250
2026-01-22 06:30:00,estimate,sw-core-01,port-id7430,uplink,31.594645
2026-01-22 06:35:00,estimate,sw-core-01,port-id7430,uplink,29.039258
2026-01-22 06:40:00,estimate,sw-core-01,port-id7430,uplink,24.845963
2026-01-22 06:45:00,estimate,sw-core-01,port-id7430,uplink,24.825568
2026-01-22 06:50:00,estimate,sw-core-01,port-id7430,uplink,24.787043
2026-01-22 06:55:00,estimate,sw-core-01,port-id7430,uplink,25.661072
2026-01-22 07:00:00,estimate,sw-core-01,port-id7430,uplink,31.283572
2026-01-22 07:05:00,estimate,sw-core-01,port-id7430,uplink,29.513789
2026-01-22 07:10:00,estimate,sw-core-01,port-id7430,uplink,34.209968
2026-01-22 07:15:00,estimate,sw-core-01,port-id7430,uplink,36.119494
2026-01-22 07:20:00,estimate,sw-core-01,port-id7430,uplink,33.754487
2026-01-22 07:25:00,estimate,sw-core-01,port-id7430,uplink,34.425345
2026-01-22 07:30:00,estimate,sw-core-01,port-id7430,uplink,34.615552
2026-01-22 07:35:00,estimate,sw-core-01,port-id7430,uplink,39.055831
2026-01-22 07:40:00,estimate,sw-core-01,port-id7430,uplink,36.937301
2026-01-22 07:45:00,estimate,sw-core-01,port-id7430,uplink,37.044228
2026-01-22 07:50:00,estimate,sw-core-01,port-id7430,uplink,37.642800
2026-01-22 07:55:00,estimate,sw-core-01,port-id7430,uplink,42.729455
2026-01-22 08:00:00,estimate,sw-core-01,port-id7430,uplink,41.746191
2026-01-22 08:05:00,estimate,sw-core-01,port-id7430,uplink,40.814877
2026-01-22 08:10:00,estimate,sw-core-01,port-id7430,uplink,39.576377
2026-01-22 08:15:00,estimate,sw-core-01,port-id7430,uplink,45.618162
2026-01-22 08:20:00,estimate,sw-core-01,port-id7430,uplink,37.277252
2026-01-22 08:25:00,estimate,sw-core-01,port-id7430,uplink,39.104134
2026-01-22 08:30:00,estimate,sw-core-01,port-id7430,uplink,42.815653
2026-01-22 08:35:00,estimate,sw-core-01,port-id7430,uplink,40.851834
2026-01-22 08:40:00,estimate,sw-core-01,port-id7430,uplink,39.907383
2026-01-22 08:45:00,estimate,sw-core-01,port-id7430,uplink,45.618926
2026-01-22 08:50:00,estimate,sw-core-01,port-id7430,uplink,42.112376
2026-01-22 08:55:00,estimate,sw-core-01,port-id7430,uplink,43.612050
2026-01-22 09:00:00,estimate,sw-core-01,port-id7430,uplink,45.542509
2026-01-22 09:05:00,estimate,sw-core-01,port-id7430,uplink,47.519823
2026-01-22 09:10:00,estimate,sw-core-01,port-id7430,uplink,47.562185
2026-01-22 09:15:00,estimate,sw-core-01,port-id7430,uplink,46.426815
2026-01-22 09:20:00,estimate,sw-core-01,port-id7430,uplink,47.310454
2026-01-22 09:25:00,estimate,sw-core-01,port-id7430,uplink,47.681207
2026-01-22 09:30:00,estimate,sw-core-01,port-id7430,uplink,47.505399
2026-01-22 09:35:00,estimate,sw-core-01,port-id7430,uplink,46.936046
2026-01-22 09:40:00,estimate,sw-core-01,port-id7430,uplink,43.578458
2026-01-22 09:45:00,estimate,sw-core-01,port-id7430,uplink,44.531874
2026-01-22 09:50:00,estimate,sw-core-01,port-id7430,uplink,44.896010
2026-01-22 09:55:00,estimate,sw-core-01,port-id7430,uplink,47.879610
2026-01-22 10:00:00,estimate,sw-core-01,port-id7430,uplink,44.919511
2026-01-22 10:05:00,estimate,sw-core-01,port-id7430,uplink,41.560848
2026-01-22 10:10:00,estimate,sw-core-01,port-id7430,uplink,45.957542
2026-01-22 10:15:00,estimate,sw-core-01,port-id7430,uplink,47.862901
2026-01-22 10:20:00,estimate,sw-core-01,port-id7430,uplink,47.221733
2026-01-22 10:25:00,estimate,sw-core-01,port-id7430,uplink,48.628104
2026-01-22 10:30:00,estimate,sw-core-01,port-id7430,uplink,47.345821
2026-01-22 10:35:00,estimate,sw-core-01,port-id7430,uplink,44.874565
2026-01-22 10:40:00,estimate,sw-core-01,port-id7430,uplink,45.979678
2026-01-22 10:45:00,estimate,sw-core-01,port-id7430,uplink,45.516722
2026-01-22 10:50:00,estimate,sw-core-01,port-id7430,uplink,43.350752
2026-01-22 10:55:00,estimate,sw-core-01,port-id7430,uplink,47.153585
2026-01-22 11:00:00,estimate,sw-core-01,port-id7430,uplink,46.841381
2026-01-22 11:05:00,estimate,sw-core-01,port-id7430,uplink,47.802449
2026-01-22 11:10:00,estimate,sw-core-01,port-id7430,uplink,49.673476
2026-01-22 11:15:00,estimate,sw-core-01,port-id7430,uplink,44.981727
2026-01-22 11:20:00,estimate,sw-core-01,port-id7430,uplink,42.116612
2026-01-22 11:25:00,estimate,sw-core-01,port-id7430,uplink,46.004399
2026-01-22 11:30:00,estimate,sw-core-01,port-id7430,uplink,43.685719
2026-01-22 11:35:00,estimate,sw-core-01,port-id7430,uplink,45.719081
2026-01-22 11:40:00,estimate,sw-core-01,port-id7430,uplink,42.703782
2026-01-22 11:45:00,estimate,sw-core-01,port-id7430,uplink,44.308457
2026-01-22 11:50:00,estimate,sw-core-01,port-id7430,uplink,44.590001
2026-01-22 11:55:00,estimate,sw-core-01,port-id7430,uplink,48.114378
2026-01-22 12:00:00,estimate,sw-core-01,port-id7430,uplink,43.672411
2026-01-22 12:05:00,estimate,sw-core-01,port-id7430,uplink,46.407652
2026-01-22 12:10:00,estimate,sw-core-01,port-id7430,uplink,42.968100
2026-01-22 12:15:00,estimate,sw-core-01,port-id7430,uplink,43.798608
2026-01-22 12:20:00,estimate,sw-core-01,port-id7430,uplink,46.191301
2026-01-22 12:25:00,estimate,sw-core-01,port-id7430,uplink,46.627331
2026-01-22 12:30:00,estimate,sw-core-01,port-id7430,uplink,37.092576
2026-01-22 12:35:00,estimate,sw-core-01,port-id7430,uplink,40.710861
2026-01-22 12:40:00,estimate,sw-core-01,port-id7430,uplink,40.763035
2026-01-22 12:45:00,estimate,sw-core-01,port-id7430,uplink,44.715164
2026-01-22 12:50:00,estimate,sw-core-01,port-id7430,uplink,50.030867
2026-01-22 12:55:00,estimate,sw-core-01,port-id7430,uplink,44.650376
2026-01-22 13:00:00,estimate,sw-core-01,port-id7430,uplink,48.666006
2026-01-22 13:05:00,estimate,sw-core-01,port-id7430,uplink,42.580916
2026-01-22 13:10:00,estimate,sw-core-01,port-id7430,uplink,44.650805
2026-01-22 13:15:00,estimate,sw-core-01,port-id7430,uplink,44.302211
2026-01-22 13:20:00,estimate,sw-core-01,port-id7430,uplink,49.078865
2026-01-22 13:25:00,estimate,sw-core-01,port-id7430,uplink,43.566763
2026-01-22 13:30:00,estimate,sw-core-01,port-id7430,uplink,41.621103
2026-01-22 13:35:00,estimate,sw-core-01,port-id7430,uplink,43.783804
2026-01-22 13:40:00,estimate,sw-core-01,port-id7430,uplink,44.189270
2026-01-22 13:45:00,estimate,sw-core-01,port-id7430,uplink,46.208807
2026-01-22 13:50:00,estimate,sw-core-01,port-id7430,uplink,44.560254
2026-01-22 13:55:00,estimate,sw-core-01,port-id7430,uplink,45.957941
2026-01-22 14:00:00,estimate,sw-core-01,port-id7430,uplink,48.440328
2026-01-22 14:05:00,estimate,sw-core-01,port-id7430,uplink,39.321161
2026-01-22 14:10:00,estimate,sw-core-01,port-id7430,uplink,48.486371
2026-01-22 14:15:00,estimate,sw-core-01,port-id7430,uplink,43.221983
2026-01-22 14:20:00,estimate,sw-core-01,port-id7430,uplink,46.512329
2026-01-22 14:25:00,estimate,sw-core-01,port-id7430,uplink,49.313100
2026-01-22 14:30:00,estimate,sw-core-01,port-id7430,uplink,44.850884
2026-01-22 14:35:00,estimate,sw-core-01,port-id7430,uplink,46.712816
2026-01-22 14:40:00,estimate,sw-core-01,port-id7430,uplink,44.368801
2026-01-22 14:45:00,estimate,sw-core-01,port-id7430,uplink,37.528888
2026-01-22 14:50:00,estimate,sw-core-01,port-id7430,uplink,48.770280
2026-01-22 14:55:00,estimate,sw-core-01,port-id7430,uplink,46.965482
2026-01-22 15:00:00,estimate,sw-core-01,port-id7430,uplink,49.028643
2026-01-22 15:05:00,estimate,sw-core-01,port-id7430,uplink,48.371861
2026-01-22 15:10:00,estimate,sw-core-01,port-id7430,uplink,44.996289
2026-01-22 15:15:00,estimate,sw-core-01,port-id7430,uplink,42.954473
2026-01-22 15:20:00,estimate,sw-core-01,port-id7430,uplink,47.046087
2026-01-22 15:25:00,estimate,sw-core-01,port-id7430,uplink,45.213698
2026-01-22 15:30:00,estimate,sw-core-01,port-id7430,uplink,48.740350
2026-01-22 15:35:00,estimate,sw-core-01,port-id7430,uplink,47.856253
2026-01-22 15:40:00,estimate,sw-core-01,port-id7430,uplink,48.856695
2026-01-22 15:45:00,estimate,sw-core-01,port-id7430,uplink,47.289700
2026-01-22 15:50:00,estimate,sw-core-01,port-id7430,uplink,50.580158
2026-01-22 15:55:00,estimate,sw-core-01,port-id7430,uplink,37.463229
2026-01-22 16:00:00,estimate,sw-core-01,port-id7430,uplink,39.150761
2026-01-22 16:05:00,estimate,sw-core-01,port-id7430,uplink,40.031550
2026-01-22 16:10:00,estimate,sw-core-01,port-id7430,uplink,46.224015
2026-01-22 16:15:00,estimate,sw-core-01,port-id7430,uplink,43.900506
2026-01-22 16:20:00,estimate,sw-core-01,port-id7430,uplink,44.184611
2026-01-22 16:25:00,estimate,sw-core-01,port-id7430,uplink,46.547604
2026-01-22 16:30:00,estimate,sw-core-01,port-id7430,uplink,47.286300
2026-01-22 16:35:00,estimate,sw-core-01,port-id7430,uplink,48.522295
2026-01-22 16:40:00,estimate,sw-core-01,port-id7430,uplink,46.666146
2026-01-22 16:45:00,estimate,sw-core-01,port-id7430,uplink,40.130135
2026-01-22 16:50:00,estimate,sw-core-01,port-id7430,uplink,42.168141
2026-01-22 16:55:00,estimate,sw-core-01,port-id7430,uplink,43.673781
2026-01-22 17:00:00,estimate,sw-core-01,port-id7430,uplink,41.397969
2026-01-22 17:05:00,estimate,sw-core-01,port-id7430,uplink,44.042760
2026-01-22 17:10:00,estimate,sw-core-01,port-id7430,uplink,40.084546
2026-01-22 17:15:00,estimate,sw-core-01,port-id7430,uplink,45.069752
2026-01-22 17:20:00,estimate,sw-core-01,port-id7430,uplink,44.788395
2026-01-22 17:25:00,estimate,sw-core-01,port-id7430,uplink,44.712362
2026-01-22 17:30:00,estimate,sw-core-01,port-id7430,uplink,46.398641
2026-01-22 17:35:00,estimate,sw-core-01,port-id7430,uplink,36.999305
2026-01-22 17:40:00,estimate,sw-core-01,port-id7430,uplink,46.090404
2026-01-22 17:45:00,estimate,sw-core-01,port-id7430,uplink,46.724507
2026-01-22 17:50:00,estimate,sw-core-01,port-id7430,uplink,43.492195
2026-01-22 17:55:00,estimate,sw-core-01,port-id7430,uplink,36.135176
2026-01-22 18:00:00,estimate,sw-core-01,port-id7430,uplink,42.087214
2026-01-22 18:05:00,estimate,sw-core-01,port-id7430,uplink,38.848117
2026-01-22 18:10:00,estimate,sw-core-01,port-id7430,uplink,41.868753
2026-01-22 18:15:00,estimate,sw-core-01,port-id7430,uplink,42.046893
2026-01-22 18:20:00,estimate,sw-core-01,port-id7430,uplink,43.396359
2026-01-22 18:25:00,estimate,sw-core-01,port-id7430,uplink,43.782951
2026-01-22 18:30:00,estimate,sw-core-01,port-id7430,uplink,34.032994
2026-01-22 18:35:00,estimate,sw-core-01,port-id7430,uplink,38.143162
2026-01-22 18:40:00,estimate,sw-core-01,port-id7430,uplink,41.246887
2026-01-22 18:45:00,estimate,sw-core-01,port-id7430,uplink,30.150612
2026-01-22 18:50:00,estimate,sw-core-01,port-id7430,uplink,41.571065
2026-01-22 18:55:00,estimate,sw-core-01,port-id7430,uplink,38.943261
2026-01-22 19:00:00,estimate,sw-core-01,port-id7430,uplink,33.402313
2026-01-22 19:05:00,estimate,sw-core-01,port-id7430,uplink,31.168234
2026-01-22 19:10:00,estimate,sw-core-01,port-id7430,uplink,34.397372
2026-01-22 19:15:00,estimate,sw-core-01,port-id7430,uplink,34.738131
2026-01-22 19:20:00,estimate,sw-core-01,port-id7430,uplink,25.513424
2026-01-22 19:25:00,estimate,sw-core-01,port-id7430,uplink,29.169000
2026-01-22 19:30:00,estimate,sw-core-01,port-id7430,uplink,30.841700
2026-01-22 19:35:00,estimate,sw-core-01,port-id7430,uplink,30.123024
2026-01-22 19:40:00,estimate,sw-core-01,port-id7430,uplink,26.584151
2026-01-22 19:45:00,estimate,sw-core-01,port-id7430,uplink,22.948101
2026-01-22 19:50:00,estimate,sw-core-01,port-id7430,uplink,26.819671
2026-01-22 19:55:00,estimate,sw-core-01,port-id7430,uplink,24.314549
2026-01-22 20:00:00,estimate,sw-core-01,port-id7430,uplink,21.765152
2026-01-22 20:05:00,estimate,sw-core-01,port-id7430,uplink,24.305119
2026-01-22 20:10:00,estimate,sw-core-01,port-id7430,uplink,17.691826
2026-01-22 20:15:00,estimate,sw-core-01,port-id7430,uplink,22.785645
2026-01-22 20:20:00,estimate,sw-core-01,port-id7430,uplink,22.412483
2026-01-22 20:25:00,estimate,sw-core-01,port-id7430,uplink,20.326684
2026-01-22 20:30:00,estimate,sw-core-01,port-id7430,uplink,22.069508
2026-01-22 20:35:00,estimate,sw-core-01,port-id7430,uplink,16.727152
2026-01-22 20:40:00,estimate,sw-core-01,port-id7430,uplink,20.143322
2026-01-22 20:45:00,estimate,sw-core-01,port-id7430,uplink,20.405946
2026-01-22 20:50:00,estimate,sw-core-01,port-id7430,uplink,19.889301
2026-01-22 20:55:00,estimate,sw-core-01,port-id7430,uplink,18.640151
2026-01-22 21:00:00,estimate,sw-core-01,port-id7430,uplink,17.811678
2026-01-22 21:05:00,estimate,sw-core-01,port-id7430,uplink,23.363658
2026-01-22 21:10:00,estimate,sw-core-01,port-id7430,uplink,14.556826
2026-01-22 21:15:00,estimate,sw-core-01,port-id7430,uplink,16.445423
2026-01-22 21:20:00,estimate,sw-core-01,port-id7430,uplink,12.838914
2026-01-22 21:25:00,estimate,sw-core-01,port-id7430,uplink,17.576933
2026-01-22 21:30:00,estimate,sw-core-01,port-id7430,uplink,19.525534
2026-01-22 21:35:00,estimate,sw-core-01,port-id7430,uplink,18.824922
2026-01-22 21:40:00,estimate,sw-core-01,port-id7430,uplink,11.946739
2026-01-22 21:45:00,estimate,sw-core-01,port-id7430,uplink,16.877717
2026-01-22 21:50:00,estimate,sw-core-01,port-id7430,uplink,18.432252
2026-01-22 21:55:00,estimate,sw-core-01,port-id7430,uplink,15.693998
2026-01-22 22:00:00,estimate,sw-core-01,port-id7430,uplink,11.214671
2026-01-22 22:05:00,estimate,sw-core-01,port-id7430,uplink,15.333849
2026-01-22 22:10:00,estimate,sw-core-01,port-id7430,uplink,19.485166
2026-01-22 22:15:00,estimate,sw-core-01,port-id7430,uplink,17.429051
2026-01-22 22:20:00,estimate,sw-core-01,port-id7430,uplink,18.800615
2026-01-22 22:25:00,estimate,sw-core-01,port-id7430,uplink,15.309407
2026-01-22 22:30:00,estimate,sw-core-01,port-id7430,uplink,7.342157
2026-01-22 22:35:00,estimate,sw-core-01,port-id7430,uplink,12.842109
2026-01-22 22:40:00,estimate,sw-core-01,port-id7430,uplink,13.898200
2026-01-22 22:45:00,estimate,sw-core-01,port-id7430,uplink,10.600320
2026-01-22 22:50:00,estimate,sw-core-01,port-id7430,uplink,14.793261
2026-01-22 22:55:00,estimate,sw-core-01,port-id7430,uplink,17.308258
2026-01-22 23:00:00,estimate,sw-core-01,port-id7430,uplink,18.508298
2026-01-22 23:05:00,estimate,sw-core-01,port-id7430,uplink,19.447908
2026-01-22 23:10:00,estimate,sw-core-01,port-id7430,uplink,18.055909
2026-01-22 23:15:00,estimate,sw-core-01,port-id7430,uplink,5.860762
2026-01-22 23:20:00,estimate,sw-core-01,port-id7430,uplink,13.529055
2026-01-22 23:25:00,estimate,sw-core-01,port-id7430,uplink,13.158402
2026-01-22 23:30:00,estimate,sw-core-01,port-id7430,uplink,14.004134
2026-01-22 23:35:00,estimate,sw-core-01,port-id7430,uplink,13.072499
2026-01-22 23:40:00,estimate,sw-core-01,port-id7430,uplink,16.978280
2026-01-22 23:45:00,estimate,sw-core-01,port-id7430,uplink,14.784604
2026-01-22 23:50:00,estimate,sw-core-01,port-id7430,uplink,15.554443
2026-01-22 23:55:00,estimate,sw-core-01,port-id7430,uplink,11.399534
2026-01-23 00:00:00,estimate,sw-core-01,port-id7430,uplink,19.394627
2026-01-23 00:05:00,estimate,sw-core-01,port-id7430,uplink,11.249992
2026-01-23 00:10:00,estimate,sw-core-01,port-id7430,uplink,19.324719
2026-01-23 00:15:00,estimate,sw-core-01,port-id7430,uplink,15.633037
2026-01-23 00:20:00,estimate,sw-core-01,port-id7430,uplink,13.459831
2026-01-23 00:25:00,estimate,sw-core-01,port-id7430,uplink,17.907783
2026-01-23 00:30:00,estimate,sw-core-01,port-id7430,uplink,15.291137
2026-01-23 00:35:00,estimate,sw-core-01,port-id7430,uplink,14.025696
2026-01-23 00:40:00,estimate,sw-core-01,port-id7430,uplink,17.825573
2026-01-23 00:45:00,estimate,sw-core-01,port-id7430,uplink,16.830906
2026-01-23 00:50:00,estimate,sw-core-01,port-id7430,uplink,14.951633
2026-01-23 00:55:00,estimate,sw-core-01,port-id7430,uplink,19.139765
2026-01-23 01:00:00,estimate,sw-core-01,port-id7430,uplink,16.853212
2026-01-23 01:05:00,estimate,sw-core-01,port-id7430,uplink,16.421380
2026-01-23 01:10:00,estimate,sw-core-01,port-id7430,uplink,14.050803
2026-01-23 01:15:00,estimate,sw-core-01,port-id7430,uplink,19.311823
2026-01-23 01:20:00,estimate,sw-core-01,port-id7430,uplink,18.645660
2026-01-23 01:25:00,estimate,sw-core-01,port-id7430,uplink,15.396006
2026-01-23 01:30:00,estimate,sw-core-01,port-id7430,uplink,20.014347
2026-01-23 01:35:00,estimate,sw-core-01,port-id7430,uplink,12.885544
2026-01-23 01:40:00,estimate,sw-core-01,port-id7430,uplink,16.303812
2026-01-23 01:45:00,estimate,sw-core-01,port-id7430,uplink,15.506117
2026-01-23 01:50:00,estimate,sw-core-01,port-id7430,uplink,21.077793
2026-01-23 01:55:00,estimate,sw-core-01,port-id7430,uplink,17.058244
2026-01-23 02:00:00,estimate,sw-core-01,port-id7430,uplink,13.194811
2026-01-23 02:05:00,estimate,sw-core-01,port-id7430,uplink,16.719054
2026-01-23 02:10:00,estimate,sw-core-01,port-id7430,uplink,17.239725
2026-01-23 02:15:00,estimate,sw-core-01,port-id7430,uplink,17.583253
2026-01-23 02:20:00,estimate,sw-core-01,port-id7430,uplink,15.828466
2026-01-23 02:25:00,estimate,sw-core-01,port-id7430,uplink,12.375296
2026-01-23 02:30:00,estimate,sw-core-01,port-id7430,uplink,13.168748
2026-01-23 02:35:00,estimate,sw-core-01,port-id7430,uplink,19.440615
2026-01-23 02:40:00,estimate,sw-core-01,port-id7430,uplink,14.494400
2026-01-23 02:45:00,estimate,sw-core-01,port-id7430,uplink,8.682428
2026-01-23 02:50:00,estimate,sw-core-01,port-id7430,uplink,12.981131
2026-01-23 02:55:00,estimate,sw-core-01,port-id7430,uplink,17.939755
2026-01-23 03:00:00,estimate,sw-core-01,port-id7430,uplink,13.167820
2026-01-23 03:05:00,estimate,sw-core-01,port-id7430,uplink,16.309342
2026-01-23 03:10:00,estimate,sw-core-01,port-id7430,uplink,11.889998
2026-01-23 03:15:00,estimate,sw-core-01,port-id7430,uplink,18.323434
2026-01-23 03:20:00,estimate,sw-core-01,port-id7430,uplink,8.508514
2026-01-23 03:25:00,estimate,sw-core-01,port-id7430,uplink,18.268320
2026-01-23 03:30:00,estimate,sw-core-01,port-id7430,uplink,14.941573
2026-01-23 03:35:00,estimate,sw-core-01,port-id7430,uplink,16.744134
2026-01-23 03:40:00,estimate,sw-core-01,port-id7430,uplink,17.350491
2026-01-23 03:45:00,estimate,sw-core-01,port-id7430,uplink,15.172837
2026-01-23 03:50:00,estimate,sw-core-01,port-id7430,uplink,13.188659
2026-01-23 03:55:00,estimate,sw-core-01,port-id7430,uplink,18.130542
2026-01-23 04:00:00,estimate,sw-core-01,port-id7430,uplink,12.312224
2026-01-23 04:05:00,estimate,sw-core-01,port-id7430,uplink,14.307294
2026-01-23 04:10:00,estimate,sw-core-01,port-id7430,uplink,16.698437
2026-01-23 04:15:00,estimate,sw-core-01,port-id7430,uplink,13.439788
2026-01-23 04:20:00,estimate,sw-core-01,port-id7430,uplink,18.243278
2026-01-23 04:25:00,estimate,sw-core-01,port-id7430,uplink,15.596653
2026-01-23 04:30:00,estimate,sw-core-01,port-id7430,uplink,17.574901
2026-01-23 04:35:00,estimate,sw-core-01,port-id7430,uplink,8.553609
2026-01-23 04:40:00,estimate,sw-core-01,port-id7430,uplink,18.006584
2026-01-23 04:45:00,estimate,sw-core-01,port-id7430,uplink,19.736890
2026-01-23 04:50:00,estimate,sw-core-01,port-id7430,uplink,15.587746
2026-01-23 04:55:00,estimate,sw-core-01,port-id7430,uplink,18.972356
2026-01-23 05:00:00,estimate,sw-core-01,port-id7430,uplink,13.584056
2026-01-23 05:05:00,estimate,sw-core-01,port-id7430,uplink,16.291082
2026-01-23 05:10:00,estimate,sw-core-01,port-id7430,uplink,15.942136
2026-01-23 05:15:00,estimate,sw-core-01,port-id7430,uplink,26.390426
2026-01-23 05:20:00,estimate,sw-core-01,port-id7430,uplink,21.680113
2026-01-23 05:25:00,estimate,sw-core-01,port-id7430,uplink,8.813905
2026-01-23 05:30:00,estimate,sw-core-01,port-id7430,uplink,17.449233
2026-01-23 05:35:00,estimate,sw-core-01,port-id7430,uplink,24.215341
2026-01-23 05:40:00,estimate,sw-core-01,port-id7430,uplink,21.123735
2026-01-23 05:45:00,estimate,sw-core-01,port-id7430,uplink,16.231704
2026-01-23 05:50:00,estimate,sw-core-01,port-id7430,uplink,16.239650
2026-01-23 05:55:00,estimate,sw-core-01,port-id7430,uplink,21.258731
2026-01-23 06:00:00,estimate,sw-core-01,port-id7430,uplink,18.455480
2026-01-23 06:05:00,estimate,sw-core-01,port-id7430,uplink,18.298122
2026-01-23 06:10:00,estimate,sw-core-01,port-id7430,uplink,21.864154
2026-01-23 06:15:00,estimate,sw-core-01,port-id7430,uplink,18.679498
2026-01-23 06:20:00,estimate,sw-core-01,port-id7430,uplink,25.555613
2026-01-23 06:25:00,estimate,sw-core-01,port-id7430,uplink,23.815991
2026-01-23 06:30:00,estimate,sw-core-01,port-id7430,uplink,22.044885
2026-01-23 06:35:00,estimate,sw-core-01,port-id7430,uplink,28.112057
2026-01-23 06:40:00,estimate,sw-core-01,port-id7430,uplink,26.473300
2026-01-23 06:45:00,estimate,sw-core-01,port-id7430,uplink,27.588204
2026-01-23 06:50:00,estimate,sw-core-01,port-id7430,uplink,30.451679
2026-01-23 06:55:00,estimate,sw-core-01,port-id7430,uplink,31.133246
2026-01-23 07:00:00,estimate,sw-core-01,port-id7430,uplink,25.897739
2026-01-23 07:05:00,estimate,sw-core-01,port-id7430,uplink,31.905360
2026-01-23 07:10:00,estimate,sw-core-01,port-id7430,uplink,33.715612
2026-01-23 07:15:00,estimate,sw-core-01,port-id7430,uplink,32.296022
2026-01-23 07:20:00,estimate,sw-core-01,port-id7430,uplink,34.711595
2026-01-23 07:25:00,estimate,sw-core-01,port-id7430,uplink,36.414981
2026-01-23 07:30:00,estimate,sw-core-01,port-id7430,uplink,33.902818
2026-01-23 07:35:00,estimate,sw-core-01,port-id7430,uplink,38.308848
2026-01-23 07:40:00,estimate,sw-core-01,port-id7430,uplink,39.075190
2026-01-23 07:45:00,estimate,sw-core-01,port-id7430,uplink,38.473672
2026-01-23 07:50:00,estimate,sw-core-01,port-id7430,uplink,39.657430
2026-01-23 07:55:00,estimate,sw-core-01,port-id7430,uplink,42.892374
2026-01-23 08:00:00,estimate,sw-core-01,port-id7430,uplink,44.345371
2026-01-23 08:05:00,estimate,sw-core-01,port-id7430,uplink,37.565702
2026-01-23 08:10:00,estimate,sw-core-01,port-id7430,uplink,34.843628
2026-01-23 08:15:00,estimate,sw-core-01,port-id7430,uplink,41.979695
2026-01-23 08:20:00,estimate,sw-core-01,port-id7430,uplink,39.112397
2026-01-23 08:25:00,estimate,sw-core-01,port-id7430,uplink,38.532786
2026-01-23 08:30:00,estimate,sw-core-01,port-id7430,uplink,45.151988
2026-01-23 08:35:00,estimate,sw-core-01,port-id7430,uplink,45.685062
2026-01-23 08:40:00,estimate,sw-core-01,port-id7430,uplink,45.182110
2026-01-23 08:45:00,estimate,sw-core-01,port-id7430,uplink,43.307408
2026-01-23 08:50:00,estimate,sw-core-01,port-id7430,uplink,42.725344
2026-01-23 08:55:00,estimate,sw-core-01,port-id7430,uplink,47.517684
2026-01-23 09:00:00,estimate,sw-core-01,port-id7430,uplink,43.165556
2026-01-23 09:05:00,estimate,sw-core-01,port-id7430,uplink,42.044521
2026-01-23 09:10:00,estimate,sw-core-01,port-id7430,uplink,47.357777
2026-01-23 09:15:00,estimate,sw-core-01,port-id7430,uplink,42.104178
2026-01-23 09:20:00,estimate,sw-core-01,port-id7430,uplink,41.178279
2026-01-23 09:25:00,estimate,sw-core-01,port-id7430,uplink,47.535543
2026-01-23 09:30:00,estimate,sw-core-01,port-id7430,uplink,43.202227
2026-01-23 09:35:00,estimate,sw-core-01,port-id7430,uplink,46.921067
2026-01-23 09:40:00,estimate,sw-core-01,port-id7430,uplink,44.210634
2026-01-23 09:45:00,estimate,sw-core-01,port-id7430,uplink,43.158223
2026-01-23 09:50:00,estimate,sw-core-01,port-id7430,uplink,39.016281
2026-01-23 09:55:00,estimate,sw-core-01,port-id7430,uplink,46.454976
2026-01-23 10:00:00,estimate,sw-core-01,port-id7430,uplink,46.231521
2026-01-23 10:05:00,estimate,sw-core-01,port-id7430,uplink,45.744598
2026-01-23 10:10:00,estimate,sw-core-01,port-id7430,uplink,47.580577
2026-01-23 10:15:00,estimate,sw-core-01,port-id7430,uplink,45.923865
2026-01-23 10:20:00,estimate,sw-core-01,port-id7430,uplink,47.531581
2026-01-23 10:25:00,estimate,sw-core-01,port-id7430,uplink,47.108150
2026-01-23 10:30:00,estimate,sw-core-01,port-id7430,uplink,45.850567
2026-01-23 10:35:00,estimate,sw-core-01,port-id7430,uplink,46.512979
2026-01-23 10:40:00,estimate,sw-core-01,port-id7430,uplink,46.587485
2026-01-23 10:45:00,estimate,sw-core-01,port-id7430,uplink,44.006565
2026-01-23 10:50:00,estimate,sw-core-01,port-id7430,uplink,46.366354
2026-01-23 10:55:00,estimate,sw-core-01,port-id7430,uplink,48.609641
2026-01-23 11:00:00,estimate,sw-core-01,port-id7430,uplink,51.947349
2026-01-23 11:05:00,estimate,sw-core-01,port-id7430,uplink,45.145791
2026-01-23 11:10:00,estimate,sw-core-01,port-id7430,uplink,39.850441
2026-01-23 11:15:00,estimate,sw-core-01,port-id7430,uplink,42.630532
2026-01-23 11:20:00,estimate,sw-core-01,port-id7430,uplink,48.989081
2026-01-23 11:25:00,estimate,sw-core-01,port-id7430,uplink,44.034365
2026-01-23 11:30:00,estimate,sw-core-01,port-id7430,uplink,41.699266
2026-01-23 11:35:00,estimate,sw-core-01,port-id7430,uplink,47.827720
2026-01-23 11:40:00,estimate,sw-core-01,port-id7430,uplink,40.923759
2026-01-23 11:45:00,estimate,sw-core-01,port-id7430,uplink,43.368618
2026-01-23 11:50:00,estimate,sw-core-01,port-id7430,uplink,42.424711
2026-01-23 11:55:00,estimate,sw-core-01,port-id7430,uplink,41.976634
2026-01-23 12:00:00,estimate,sw-core-01,port-id7430,uplink,46.719020
2026-01-23 12:05:00,estimate,sw-core-01,port-id7430,uplink,45.549956
2026-01-23 12:10:00,estimate,sw-core-01,port-id7430,uplink,41.134682
2026-01-23 12:15:00,estimate,sw-core-01,port-id7430,uplink,43.100408
2026-01-23 12:20:00,estimate,sw-core-01,port-id7430,uplink,43.791877
2026-01-23 12:25:00,estimate,sw-core-01,port-id7430,uplink,42.535038
2026-01-23 12:30:00,estimate,sw-core-01,port-id7430,uplink,45.380664
2026-01-23 12:35:00,estimate,sw-core-01,port-id7430,uplink,43.665017
2026-01-23 12:40:00,estimate,sw-core-01,port-id7430,uplink,43.929993
2026-01-23 12:45:00,estimate,sw-core-01,port-id7430,uplink,41.768799
2026-01-23 12:50:00,estimate,sw-core-01,port-id7430,uplink,42.466951
2026-01-23 12:55:00,estimate,sw-core-01,port-id7430,uplink,45.833908
2026-01-23 13:00:00,estimate,sw-core-01,port-id7430,uplink,44.975525
2026-01-23 13:05:00,estimate,sw-core-01,port-id7430,uplink,43.997055
2026-01-23 13:10:00,estimate,sw-core-01,port-id7430,uplink,47.407063
2026-01-23 13:15:00,estimate,sw-core-01,port-id7430,uplink,47.219119
2026-01-23 13:20:00,estimate,sw-core-01,port-id7430,uplink,46.738924
2026-01-23 13:25:00,estimate,sw-core-01,port-id7430,uplink,41.130728
2026-01-23 13:30:00,estimate,sw-core-01,port-id7430,uplink,42.377666
2026-01-23 13:35:00,estimate,sw-core-01,port-id7430,uplink,45.855553
2026-01-23 13:40:00,estimate,sw-core-01,port-id7430,uplink,45.471697
2026-01-23 13:45:00,estimate,sw-core-01,port-id7430,uplink,47.663771
2026-01-23 13:50:00,estimate,sw-core-01,port-id7430,uplink,45.373293
2026-01-23 13:55:00,estimate,sw-core-01,port-id7430,uplink,44.995991
2026-01-23 14:00:00,estimate,sw-core-01,port-id7430,uplink,44.222784
2026-01-23 14:05:00,estimate,sw-core-01,port-id7430,uplink,49.335363
2026-01-23 14:10:00,estimate,sw-core-01,port-id7430,uplink,43.790926
2026-01-23 14:15:00,estimate,sw-core-01,port-id7430,uplink,44.204346
2026-01-23 14:20:00,estimate,sw-core-01,port-id7430,uplink,42.532706
2026-01-23 14:25:00,estimate,sw-core-01,port-id7430,uplink,42.978506
2026-01-23 14:30:00,estimate,sw-core-01,port-id7430,uplink,49.906915
2026-01-23 14:35:00,estimate,sw-core-01,port-id7430,uplink,46.894230
2026-01-23 14:40:00,estimate,sw-core-01,port-id7430,uplink,46.940986
2026-01-23 14:45:00,estimate,sw-core-01,port-id7430,uplink,47.643457
2026-01-23 14:50:00,estimate,sw-core-01,port-id7430,uplink,48.935529
2026-01-23 14:55:00,estimate,sw-core-01,port-id7430,uplink,44.926367
2026-01-23 15:00:00,estimate,sw-core-01,port-id7430,uplink,41.653804
2026-01-23 15:05:00,estimate,sw-core-01,port-id7430,uplink,45.848137
2026-01-23 15:10:00,estimate,sw-core-01,port-id7430,uplink,51.037570
2026-01-23 15:15:00,estimate,sw-core-01,port-id7430,uplink,50.682516
2026-01-23 15:20:00,estimate,sw-core-01,port-id7430,uplink,49.051087
2026-01-23 15:25:00,estimate,sw-core-01,port-id7430,uplink,45.782392
2026-01-23 15:30:00,estimate,sw-core-01,port-id7430,uplink,42.664102
2026-01-23 15:35:00,estimate,sw-core-01,port-id7430,uplink,44.503766
2026-01-23 15:40:00,estimate,sw-core-01,port-id7430,uplink,50.239809
2026-01-23 15:45:00,estimate,sw-core-01,port-id7430,uplink,45.760987
2026-01-23 15:50:00,estimate,sw-core-01,port-id7430,uplink,43.063871
2026-01-23 15:55:00,estimate,sw-core-01,port-id7430,uplink,42.185203
2026-01-23 16:00:00,estimate,sw-core-01,port-id7430,uplink,45.354504
2026-01-23 16:05:00,estimate,sw-core-01,port-id7430,uplink,47.431681
2026-01-23 16:10:00,estimate,sw-core-01,port-id7430,uplink,43.415119
2026-01-23 16:15:00,estimate,sw-core-01,port-id7430,uplink,39.574698
2026-01-23 16:20:00,estimate,sw-core-01,port-id7430,uplink,41.431295
2026-01-23 16:25:00,estimate,sw-core-01,port-id7430,uplink,42.475116
2026-01-23 16:30:00,estimate,sw-core-01,port-id7430,uplink,42.842109
2026-01-23 16:35:00,estimate,sw-core-01,port-id7430,uplink,46.575445
2026-01-23 16:40:00,estimate,sw-core-01,port-id7430,uplink,40.614055
2026-01-23 16:45:00,estimate,sw-core-01,port-id7430,uplink,48.903217
2026-01-23 16:50:00,estimate,sw-core-01,port-id7430,uplink,44.914342
2026-01-23 16:55:00,estimate,sw-core-01,port-id7430,uplink,42.685971
2026-01-23 17:00:00,estimate,sw-core-01,port-id7430,uplink,47.402766
2026-01-23 17:05:00,estimate,sw-core-01,port-id7430,uplink,41.405595
2026-01-23 17:10:00,estimate,sw-core-01,port-id7430,uplink,46.866747
2026-01-23 17:15:00,estimate,sw-core-01,port-id7430,uplink,37.614369
2026-01-23 17:20:00,estimate,sw-core-01,port-id7430,uplink,43.855773
2026-01-23 17:25:00,estimate,sw-core-01,port-id7430,uplink,47.295468
2026-01-23 17:30:00,estimate,sw-core-01,port-id7430,uplink,42.393089
2026-01-23 17:35:00,estimate,sw-core-01,port-id7430,uplink,44.244933
2026-01-23 17:40:00,estimate,sw-core-01,port-id7430,uplink,44.862908
2026-01-23 17:45:00,estimate,sw-core-01,port-id7430,uplink,39.854965
2026-01-23 17:50:00,estimate,sw-core-01,port-id7430,uplink,39.875335
2026-01-23 17:55:00,estimate,sw-core-01,port-id7430,uplink,39.975551
2026-01-23 18:00:00,estimate,sw-core-01,port-id7430,uplink,41.964030
2026-01-23 18:05:00,estimate,sw-core-01,port-id7430,uplink,45.443671
2026-01-23 18:10:00,estimate,sw-core-01,port-id7430,uplink,46.514656
2026-01-23 18:15:00,estimate,sw-core-01,port-id7430,uplink,44.010869
2026-01-23 18:20:00,estimate,sw-core-01,port-id7430,uplink,42.321134
2026-01-23 18:25:00,estimate,sw-core-01,port-id7430,uplink,42.465512
2026-01-23 18:30:00,estimate,sw-core-01,port-id7430,uplink,36.842744
2026-01-23 18:35:00,estimate,sw-core-01,port-id7430,uplink,41.546177
2026-01-23 18:40:00,estimate,sw-core-01,port-id7430,uplink,36.060887
2026-01-23 18:45:00,estimate,sw-core-01,port-id7430,uplink,33.681290
2026-01-23 18:50:00,estimate,sw-core-01,port-id7430,uplink,38.703488
2026-01-23 18:55:00,estimate,sw-core-01,port-id7430,uplink,34.666335
2026-01-23 19:00:00,estimate,sw-core-01,port-id7430,uplink,34.857592
2026-01-23 19:05:00,estimate,sw-core-01,port-id7430,uplink,37.088885
2026-01-23 19:10:00,estimate,sw-core-01,port-id7430,uplink,30.492719
2026-01-23 19:15:00,estimate,sw-core-01,port-id7430,uplink,29.882610
2026-01-23 19:20:00,estimate,sw-core-01,port-id7430,uplink,29.418055
2026-01-23 19:25:00,estimate,sw-core-01,port-id7430,uplink,34.127016
2026-01-23 19:30:00,estimate,sw-core-01,port-id7430,uplink,28.007457
2026-01-23 19:35:00,estimate,sw-core-01,port-id7430,uplink,27.369600
2026-01-23 19:40:00,estimate,sw-core-01,port-id7430,uplink,33.601758
2026-01-23 19:45:00,estimate,sw-core-01,port-id7430,uplink,32.348382
2026-01-23 19:50:00,estimate,sw-core-01,port-id7430,uplink,25.701237
2026-01-23 19:55:00,estimate,sw-core-01,port-id7430,uplink,28.295771
2026-01-23 20:00:00,estimate,sw-core-01,port-id7430,uplink,29.570950
2026-01-23 20:05:00,estimate,sw-core-01,port-id7430,uplink,17.928319
2026-01-23 20:10:00,estimate,sw-core-01,port-id7430,uplink,26.409766
2026-01-23 20:15:00,estimate,sw-core-01,port-id7430,uplink,19.041107
2026-01-23 20:20:00,estimate,sw-core-01,port-id7430,uplink,22.143768
2026-01-23 20:25:00,estimate,sw-core-01,port-id7430,uplink,18.470395
2026-01-23 20:30:00,estimate,sw-core-01,port-id7430,uplink,18.201189
2026-01-23 20:35:00,estimate,sw-core-01,port-id7430,uplink,19.306056
2026-01-23 20:40:00,estimate,sw-core-01,port-id7430,uplink,22.507694
2026-01-23 20:45:00,estimate,sw-core-01,port-id7430,uplink,17.336829
2026-01-23 20:50:00,estimate,sw-core-01,port-id7430,uplink,18.301397
2026-01-23 20:55:00,estimate,sw-core-01,port-id7430,uplink,16.541845
2026-01-23 21:00:00,estimate,sw-core-01,port-id7430,uplink,18.400023
2026-01-23 21:05:00,estimate,sw-core-01,port-id7430,uplink,18.004146
2026-01-23 21:10:00,estimate,sw-core-01,port-id7430,uplink,19.223655
2026-01-23 21:15:00,estimate,sw-core-01,port-id7430,uplink,23.879297
2026-01-23 21:20:00,estimate,sw-core-01,port-id7430,uplink,12.348856
2026-01-23 21:25:00,estimate,sw-core-01,port-id7430,uplink,21.738771
2026-01-23 21:30:00,estimate,sw-core-01,port-id7430,uplink,12.928506
2026-01-23 21:35:00,estimate,sw-core-01,port-id7430,uplink,13.397591
2026-01-23 21:40:00,estimate,sw-core-01,port-id7430,uplink,21.199374
2026-01-23 21:45:00,estimate,sw-core-01,port-id7430,uplink,14.456207
2026-01-23 21:50:00,estimate,sw-core-01,port-id7430,uplink,11.643195
2026-01-23 21:55:00,estimate,sw-core-01,port-id7430,uplink,22.395541
2026-01-23 22:00:00,estimate,sw-core-01,port-id7430,uplink,16.957664
2026-01-23 22:05:00,estimate,sw-core-01,port-id7430,uplink,13.429493
2026-01-23 22:10:00,estimate,sw-core-01,port-id7430,uplink,12.516086
2026-01-23 22:15:00,estimate,sw-core-01,port-id7430,uplink,18.232561
2026-01-23 22:20:00,estimate,sw-core-01,port-id7430,uplink,14.849728
2026-01-23 22:25:00,estimate,sw-core-01,port-id7430,uplink,11.477012
2026-01-23 22:30:00,estimate,sw-core-01,port-id7430,uplink,9.141475
2026-01-23 22:35:00,estimate,sw-core-01,port-id7430,uplink,19.077754
2026-01-23 22:40:00,estimate,sw-core-01,port-id7430,uplink,15.778514
2026-01-23 22:45:00,estimate,sw-core-01,port-id7430,uplink,16.613887
2026-01-23 22:50:00,estimate,sw-core-01,port-id7430,uplink,8.264620
2026-01-23 22:55:00,estimate,sw-core-01,port-id7430,uplink,16.124980
2026-01-23 23:00:00,estimate,sw-core-01,port-id7430,uplink,14.641578
2026-01-23 23:05:00,estimate,sw-core-01,port-id7430,uplink,22.940571
2026-01-23 23:10:00,estimate,sw-core-01,port-id7430,uplink,21.269686
2026-01-23 23:15:00,estimate,sw-core-01,port-id7430,uplink,20.988057
2026-01-23 23:20:00,estimate,sw-core-01,port-id7430,uplink,17.130188
2026-01-23 23:25:00,estimate,sw-core-01,port-id7430,uplink,10.272402
2026-01-23 23:30:00,estimate,sw-core-01,port-id7430,uplink,14.926484
2026-01-23 23:35:00,estimate,sw-core-01,port-id7430,uplink,12.171407
2026-01-23 23:40:00,estimate,sw-core-01,port-id7430,uplink,18.931130
2026-01-23 23:45:00,estimate,sw-core-01,port-id7430,uplink,17.971563
2026-01-23 23:50:00,estimate,sw-core-01,port-id7430,uplink,16.677002
2026-01-23 23:55:00,estimate,sw-core-01,port-id7430,uplink,15.771229
2026-01-24 00:00:00,estimate,sw-core-01,port-id7430,uplink,8.840281
2026-01-24 00:05:00,estimate,sw-core-01,port-id7430,uplink,6.911667
2026-01-24 00:10:00,estimate,sw-core-01,port-id7430,uplink,7.328710
2026-01-24 00:15:00,estimate,sw-core-01,port-id7430,uplink,9.217427
2026-01-24 00:20:00,estimate,sw-core-01,port-id7430,uplink,10.108856
2026-01-24 00:25:00,estimate,sw-core-01,port-id7430,uplink,8.373287
2026-01-24 00:30:00,estimate,sw-core-01,port-id7430,uplink,4.046111
2026-01-24 00:35:00,estimate,sw-core-01,port-id7430,uplink,9.087388
2026-01-24 00:40:00,estimate,sw-core-01,port-id7430,uplink,11.912800
2026-01-24 00:45:00,estimate,sw-core-01,port-id7430,uplink,10.703126
2026-01-24 00:50:00,estimate,sw-core-01,port-id7430,uplink,11.056503
2026-01-24 00:55:00,estimate,sw-core-01,port-id7430,uplink,8.591586
2026-01-24 01:00:00,estimate,sw-core-01,port-id7430,uplink,8.113213
2026-01-24 01:05:00,estimate,sw-core-01,port-id7430,uplink,9.240315
2026-01-24 01:10:00,estimate,sw-core-01,port-id7430,uplink,7.300808
2026-01-24 01:15:00,estimate,sw-core-01,port-id7430,uplink,6.287098
2026-01-24 01:20:00,estimate,sw-core-01,port-id7430,uplink,12.817105
2026-01-24 01:25:00,estimate,sw-core-01,port-id7430,uplink,11.708392
2026-01-24 01:30:00,estimate,sw-core-01,port-id7430,uplink,9.460989
2026-01-24 01:35:00,estimate,sw-core-01,port-id7430,uplink,6.697623
2026-01-24 01:40:00,estimate,sw-core-01,port-id7430,uplink,5.815724
2026-01-24 01:45:00,estimate,sw-core-01,port-id7430,uplink,9.739113
2026-01-24 01:50:00,estimate,sw-core-01,port-id7430,uplink,13.041645
2026-01-24 01:55:00,estimate,sw-core-01,port-id7430,uplink,6.201360
2026-01-24 02:00:00,estimate,sw-core-01,port-id7430,uplink,11.371593
2026-01-24 02:05:00,estimate,sw-core-01,port-id7430,uplink,7.998052
2026-01-24 02:10:00,estimate,sw-core-01,port-id7430,uplink,7.178903
2026-01-24 02:15:00,estimate,sw-core-01,port-id7430,uplink,5.172454
2026-01-24 02:20:00,estimate,sw-core-01,port-id7430,uplink,7.057434
2026-01-24 02:25:00,estimate,sw-core-01,port-id7430,uplink,10.946230
2026-01-24 02:30:00,estimate,sw-core-01,port-id7430,uplink,11.958716
2026-01-24 02:35:00,estimate,sw-core-01,port-id7430,uplink,11.478282
2026-01-24 02:40:00,estimate,sw-core-01,port-id7430,uplink,5.379902
2026-01-24 02:45:00,estimate,sw-core-01,port-id7430,uplink,0.691557
2026-01-24 02:50:00,estimate,sw-core-01,port-id7430,uplink,9.581359
2026-01-24 02:55:00,estimate,sw-core-01,port-id7430,uplink,8.752190
2026-01-24 03:00:00,estimate,sw-core-01,port-id7430,uplink,9.070903
2026-01-24 03:05:00,estimate,sw-core-01,port-id7430,uplink,8.913146
2026-01-24 03:10:00,estimate,sw-core-01,port-id7430,uplink,8.635205
2026-01-24 03:15:00,estimate,sw-core-01,port-id7430,uplink,11.262561
2026-01-24 03:20:00,estimate,sw-core-01,port-id7430,uplink,8.265279
2026-01-24 03:25:00,estimate,sw-core-01,port-id7430,uplink,5.130168
2026-01-24 03:30:00,estimate,sw-core-01,port-id7430,uplink,16.330438
2026-01-24 03:35:00,estimate,sw-core-01,port-id7430,uplink,4.731423
2026-01-24 03:40:00,estimate,sw-core-01,port-id7430,uplink,10.253621
2026-01-24 03:45:00,estimate,sw-core-01,port-id7430,uplink,6.172356
2026-01-24 03:50:00,estimate,sw-core-01,port-id7430,uplink,9.789174
2026-01-24 03:55:00,estimate,sw-core-01,port-id7430,uplink,9.989857
2026-01-24 04:00:00,estimate,sw-core-01,port-id7430,uplink,9.610226
2026-01-24 04:05:00,estimate,sw-core-01,port-id7430,uplink,9.293341
2026-01-24 04:10:00,estimate,sw-core-01,port-id7430,uplink,10.105387
2026-01-24 04:15:00,estimate,sw-core-01,port-id7430,uplink,8.225006
2026-01-24 04:20:00,estimate,sw-core-01,port-id7430,uplink,5.597224
2026-01-24 04:25:00,estimate,sw-core-01,port-id7430,uplink,9.573388
2026-01-24 04:30:00,estimate,sw-core-01,port-id7430,uplink,10.125337
2026-01-24 04:35:00,estimate,sw-core-01,port-id7430,uplink,12.922023
2026-01-24 04:40:00,estimate,sw-core-01,port-id7430,uplink,9.127164
2026-01-24 04:45:00,estimate,sw-core-01,port-id7430,uplink,8.936758
2026-01-24 04:50:00,estimate,sw-core-01,port-id7430,uplink,9.865877
2026-01-24 04:55:00,estimate,sw-core-01,port-id7430,uplink,9.144904
2026-01-24 05:00:00,estimate,sw-core-01,port-id7430,uplink,7.338304
2026-01-24 05:05:00,estimate,sw-core-01,port-id7430,uplink,13.244483
2026-01-24 05:10:00,estimate,sw-core-01,port-id7430,uplink,10.404883
2026-01-24 05:15:00,estimate,sw-core-01,port-id7430,uplink,6.327287
2026-01-24 05:20:00,estimate,sw-core-01,port-id7430,uplink,8.813586
2026-01-24 05:25:00,estimate,sw-core-01,port-id7430,uplink,10.405803
2026-01-24 05:30:00,estimate,sw-core-01,port-id7430,uplink,9.424369
2026-01-24 05:35:00,estimate,sw-core-01,port-id7430,uplink,11.860654
2026-01-24 05:40:00,estimate,sw-core-01,port-id7430,uplink,13.450153
2026-01-24 05:45:00,estimate,sw-core-01,port-id7430,uplink,9.057789
2026-01-24 05:50:00,estimate,sw-core-01,port-id7430,uplink,7.360240
2026-01-24 05:55:00,estimate,sw-core-01,port-id7430,uplink,10.651688
2026-01-24 06:00:00,estimate,sw-core-01,port-id7430,uplink,11.974516
2026-01-24 06:05:00,estimate,sw-core-01,port-id7430,uplink,13.430169
2026-01-24 06:10:00,estimate,sw-core-01,port-id7430,uplink,11.697745
2026-01-24 06:15:00,estimate,sw-core-01,port-id7430,uplink,18.946016
2026-01-24 06:20:00,estimate,sw-core-01,port-id7430,uplink,18.184603
2026-01-24 06:25:00,estimate,sw-core-01,port-id7430,uplink,10.029408
2026-01-24 06:30:00,estimate,sw-core-01,port-id7430,uplink,13.148559
2026-01-24 06:35:00,estimate,sw-core-01,port-id7430,uplink,16.373589
2026-01-24 06:40:00,estimate,sw-core-01,port-id7430,uplink,20.379391
2026-01-24 06:45:00,estimate,sw-core-01,port-id7430,uplink,16.505384
2026-01-24 06:50:00,estimate,sw-core-01,port-id7430,uplink,15.311837
2026-01-24 06:55:00,estimate,sw-core-01,port-id7430,uplink,14.882398
2026-01-24 07:00:00,estimate,sw-core-01,port-id7430,uplink,22.220498
2026-01-24 07:05:00,estimate,sw-core-01,port-id7430,uplink,19.450081
2026-01-24 07:10:00,estimate,sw-core-01,port-id7430,uplink,15.003504
2026-01-24 07:15:00,estimate,sw-core-01,port-id7430,uplink,19.224749
2026-01-24 07:20:00,estimate,sw-core-01,port-id7430,uplink,22.848753
2026-01-24 07:25:00,estimate,sw-core-01,port-id7430,uplink,13.560104
2026-01-24 07:30:00,estimate,sw-core-01,port-id7430,uplink,28.891987
2026-01-24 07:35:00,estimate,sw-core-01,port-id7430,uplink,29.640174
2026-01-24 07:40:00,estimate,sw-core-01,port-id7430,uplink,22.060615
2026-01-24 07:45:00,estimate,sw-core-01,port-id7430,uplink,26.842211
2026-01-24 07:50:00,estimate,sw-core-01,port-id7430,uplink,25.129440
2026-01-24 07:55:00,estimate,sw-core-01,port-id7430,uplink,26.352436
2026-01-24 08:00:00,estimate,sw-core-01,port-id7430,uplink,21.653516
2026-01-24 08:05:00,estimate,sw-core-01,port-id7430,uplink,20.274749
2026-01-24 08:10:00,estimate,sw-core-01,port-id7430,uplink,21.409829
2026-01-24 08:15:00,estimate,sw-core-01,port-id7430,uplink,35.116647
2026-01-24 08:20:00,estimate,sw-core-01,port-id7430,uplink,28.708955
2026-01-24 08:25:00,estimate,sw-core-01,port-id7430,uplink,22.864068
2026-01-24 08:30:00,estimate,sw-core-01,port-id7430,uplink,29.275586
2026-01-24 08:35:00,estimate,sw-core-01,port-id7430,uplink,31.446153
2026-01-24 08:40:00,estimate,sw-core-01,port-id7430,uplink,21.902454
2026-01-24 08:45:00,estimate,sw-core-01,port-id7430,uplink,21.144066
2026-01-24 08:50:00,estimate,sw-core-01,port-id7430,uplink,24.817259
2026-01-24 08:55:00,estimate,sw-core-01,port-id7430,uplink,22.052014
2026-01-24 09:00:00,estimate,sw-core-01,port-id7430,uplink,28.340732
2026-01-24 09:05:00,estimate,sw-core-01,port-id7430,uplink,26.211845
2026-01-24 09:10:00,estimate,sw-core-01,port-id7430,uplink,29.415234
2026-01-24 09:15:00,estimate,sw-core-01,port-id7430,uplink,29.043029
2026-01-24 09:20:00,estimate,sw-core-01,port-id7430,uplink,28.037380
2026-01-24 09:25:00,estimate,sw-core-01,port-id7430,uplink,26.733650
2026-01-24 09:30:00,estimate,sw-core-01,port-id7430,uplink,23.274278
2026-01-24 09:35:00,estimate,sw-core-01,port-id7430,uplink,25.127255
2026-01-24 09:40:00,estimate,sw-core-01,port-id7430,uplink,24.215135
2026-01-24 09:45:00,estimate,sw-core-01,port-id7430,uplink,24.782517
2026-01-24 09:50:00,estimate,sw-core-01,port-id7430,uplink,23.362306
2026-01-24 09:55:00,estimate,sw-core-01,port-id7430,uplink,25.315043
2026-01-24 10:00:00,estimate,sw-core-01,port-id7430,uplink,20.761753
2026-01-24 10:05:00,estimate,sw-core-01,port-id7430,uplink,27.644781
2026-01-24 10:10:00,estimate,sw-core-01,port-id7430,uplink,23.115084
2026-01-24 10:15:00,estimate,sw-core-01,port-id7430,uplink,22.348716
2026-01-24 10:20:00,estimate,sw-core-01,port-id7430,uplink,23.288064
2026-01-24 10:25:00,estimate,sw-core-01,port-id7430,uplink,29.243263
2026-01-24 10:30:00,estimate,sw-core-01,port-id7430,uplink,27.076749
2026-01-24 10:35:00,estimate,sw-core-01,port-id7430,uplink,26.904938
2026-01-24 10:40:00,estimate,sw-core-01,port-id7430,uplink,26.991340
2026-01-24 10:45:00,estimate,sw-core-01,port-id7430,uplink,24.637157
2026-01-24 10:50:00,estimate,sw-core-01,port-id7430,uplink,29.641793
2026-01-24 10:55:00,estimate,sw-core-01,port-id7430,uplink,23.158975
2026-01-24 11:00:00,estimate,sw-core-01,port-id7430,uplink,22.558178
2026-01-24 11:05:00,estimate,sw-core-01,port-id7430,uplink,19.724906
2026-01-24 11:10:00,estimate,sw-core-01,port-id7430,uplink,21.533362
2026-01-24 11:15:00,estimate,sw-core-01,port-id7430,uplink,24.132205
2026-01-24 11:20:00,estimate,sw-core-01,port-id7430,uplink,24.438726
2026-01-24 11:25:00,estimate,sw-core-01,port-id7430,uplink,22.458867
2026-01-24 11:30:00,estimate,sw-core-01,port-id7430,uplink,29.419585
2026-01-24 11:35:00,estimate,sw-core-01,port-id7430,uplink,25.938470
2026-01-24 11:40:00,estimate,sw-core-01,port-id7430,uplink,25.093357
2026-01-24 11:45:00,estimate,sw-core-01,port-id7430,uplink,27.612864
2026-01-24 11:50:00,estimate,sw-core-01,port-id7430,uplink,27.971720
2026-01-24 11:55:00,estimate,sw-core-01,port-id7430,uplink,25.865154
2026-01-24 12:00:00,estimate,sw-core-01,port-id7430,uplink,27.564582
2026-01-24 12:05:00,estimate,sw-core-01,port-id7430,uplink,22.130351
2026-01-24 12:10:00,estimate,sw-core-01,port-id7430,uplink,23.050491
2026-01-24 12:15:00,estimate,sw-core-01,port-id7430,uplink,31.711880
2026-01-24 12:20:00,estimate,sw-core-01,port-id7430,uplink,24.875422
2026-01-24 12:25:00,estimate,sw-core-01,port-id7430,uplink,25.678248
2026-01-24 12:30:00,estimate,sw-core-01,port-id7430,uplink,23.864535
2026-01-24 12:35:00,estimate,sw-core-01,port-id7430,uplink,24.407648
2026-01-24 12:40:00,estimate,sw-core-01,port-id7430,uplink,30.765758
2026-01-24 12:45:00,estimate,sw-core-01,port-id7430,uplink,27.150556
2026-01-24 12:50:00,estimate,sw-core-01,port-id7430,uplink,21.623374
2026-01-24 12:55:00,estimate,sw-core-01,port-id7430,uplink,24.340525
2026-01-24 13:00:00,estimate,sw-core-01,port-id7430,uplink,28.380131
2026-01-24 13:05:00,estimate,sw-core-01,port-id7430,uplink,23.120899
2026-01-24 13:10:00,estimate,sw-core-01,port-id7430,uplink,23.112390
2026-01-24 13:15:00,estimate,sw-core-01,port-id7430,uplink,26.466494
2026-01-24 13:20:00,estimate,sw-core-01,port-id7430,uplink,23.804709
2026-01-24 13:25:00,estimate,sw-core-01,port-id7430,uplink,25.795687
2026-01-24 13:30:00,estimate,sw-core-01,port-id7430,uplink,26.317481
2026-01-24 13:35:00,estimate,sw-core-01,port-id7430,uplink,28.957354
2026-01-24 13:40:00,estimate,sw-core-01,port-id7430,uplink,20.699399
2026-01-24 13:45:00,estimate,sw-core-01,port-id7430,uplink,21.093804
2026-01-24 13:50:00,estimate,sw-core-01,port-id7430,uplink,31.637326
2026-01-24 13:55:00,estimate,sw-core-01,port-id7430,uplink,31.242043
2026-01-24 14:00:00,estimate,sw-core-01,port-id7430,uplink,22.344555
2026-01-24 14:05:00,estimate,sw-core-01,port-id7430,uplink,28.771013
2026-01-24 14:10:00,estimate,sw-core-01,port-id7430,uplink,27.710754
2026-01-24 14:15:00,estimate,sw-core-01,port-id7430,uplink,25.244776
2026-01-24 14:20:00,estimate,sw-core-01,port-id7430,uplink,27.473654
2026-01-24 14:25:00,estimate,sw-core-01,port-id7430,uplink,25.056962
2026-01-24 14:30:00,estimate,sw-core-01,port-id7430,uplink,24.113654
2026-01-24 14:35:00,estimate,sw-core-01,port-id7430,uplink,23.156087
2026-01-24 14:40:00,estimate,sw-core-01,port-id7430,uplink,33.224479
2026-01-24 14:45:00,estimate,sw-core-01,port-id7430,uplink,26.373749
2026-01-24 14:50:00,estimate,sw-core-01,port-id7430,uplink,31.176223
2026-01-24 14:55:00,estimate,sw-core-01,port-id7430,uplink,23.335434
2026-01-24 15:00:00,estimate,sw-core-01,port-id7430,uplink,28.457539
2026-01-24 15:05:00,estimate,sw-core-01,port-id7430,uplink,29.908766
2026-01-24 15:10:00,estimate,sw-core-01,port-id7430,uplink,26.686717
2026-01-24 15:15:00,estimate,sw-core-01,port-id7430,uplink,24.973622
2026-01-24 15:20:00,estimate,sw-core-01,port-id7430,uplink,26.321029
2026-01-24 15:25:00,estimate,sw-core-01,port-id7430,uplink,26.484601
2026-01-24 15:30:00,estimate,sw-core-01,port-id7430,uplink,26.971812
2026-01-24 15:35:00,estimate,sw-core-01,port-id7430,uplink,28.171964
2026-01-24 15:40:00,estimate,sw-core-01,port-id7430,uplink,27.212987
2026-01-24 15:45:00,estimate,sw-core-01,port-id7430,uplink,26.441691
2026-01-24 15:50:00,estimate,sw-core-01,port-id7430,uplink,28.475070
2026-01-24 15:55:00,estimate,sw-core-01,port-id7430,uplink,24.719051
2026-01-24 16:00:00,estimate,sw-core-01,port-id7430,uplink,26.765795
2026-01-24 16:05:00,estimate,sw-core-01,port-id7430,uplink,29.428150
2026-01-24 16:10:00,estimate,sw-core-01,port-id7430,uplink,24.355727
2026-01-24 16:15:00,estimate,sw-core-01,port-id7430,uplink,28.945028
2026-01-24 16:20:00,estimate,sw-core-01,port-id7430,uplink,29.517968
2026-01-24 16:25:00,estimate,sw-core-01,port-id7430,uplink,26.430797
2026-01-24 16:30:00,estimate,sw-core-01,port-id7430,uplink,26.483173
2026-01-24 16:35:00,estimate,sw-core-01,port-id7430,uplink,25.087070
2026-01-24 16:40:00,estimate,sw-core-01,port-id7430,uplink,25.698207
2026-01-24 16:45:00,estimate,sw-core-01,port-id7430,uplink,30.636297
2026-01-24 16:50:00,estimate,sw-core-01,port-id7430,uplink,20.474723
2026-01-24 16:55:00,estimate,sw-core-01,port-id7430,uplink,24.797667
2026-01-24 17:00:00,estimate,sw-core-01,port-id7430,uplink,27.395485
2026-01-24 17:05:00,estimate,sw-core-01,port-id7430,uplink,27.709562
2026-01-24 17:10:00,estimate,sw-core-01,port-id7430,uplink,26.642741
2026-01-24 17:15:00,estimate,sw-core-01,port-id7430,uplink,29.690161
2026-01-24 17:20:00,estimate,sw-core-01,port-id7430,uplink,28.536480
2026-01-24 17:25:00,estimate,sw-core-01,port-id7430,uplink,34.387914
2026-01-24 17:30:00,estimate,sw-core-01,port-id7430,uplink,23.801474
2026-01-24 17:35:00,estimate,sw-core-01,port-id7430,uplink,24.130761
2026-01-24 17:40:00,estimate,sw-core-01,port-id7430,uplink,25.636749
2026-01-24 17:45:00,estimate,sw-core-01,port-id7430,uplink,26.339689
2026-01-24 17:50:00,estimate,sw-core-01,port-id7430,uplink,25.376502
2026-01-24 17:55:00,estimate,sw-core-01,port-id7430,uplink,22.154731
2026-01-24 18:00:00,estimate,sw-core-01,port-id7430,uplink,23.603911
2026-01-24 18:05:00,estimate,sw-core-01,port-id7430,uplink,26.624987
2026-01-24 18:10:00,estimate,sw-core-01,port-id7430,uplink,18.283061
2026-01-24 18:15:00,estimate,sw-core-01,port-id7430,uplink,29.638487
2026-01-24 18:20:00,estimate,sw-core-01,port-id7430,uplink,22.452565
2026-01-24 18:25:00,estimate,sw-core-01,port-id7430,uplink,20.496485
2026-01-24 18:30:00,estimate,sw-core-01,port-id7430,uplink,24.006617
2026-01-24 18:35:00,estimate,sw-core-01,port-id7430,uplink,26.204722
2026-01-24 18:40:00,estimate,sw-core-01,port-id7430,uplink,26.403889
2026-01-24 18:45:00,estimate,sw-core-01,port-id7430,uplink,27.557996
2026-01-24 18:50:00,estimate,sw-core-01,port-id7430,uplink,20.884297
2026-01-24 18:55:00,estimate,sw-core-01,port-id7430,uplink,22.725688
2026-01-24 19:00:00,estimate,sw-core-01,port-id7430,uplink,23.697067
2026-01-24 19:05:00,estimate,sw-core-01,port-id7430,uplink,22.523062
2026-01-24 19:10:00,estimate,sw-core-01,port-id7430,uplink,21.243883
2026-01-24 19:15:00,estimate,sw-core-01,port-id7430,uplink,19.156322
2026-01-24 19:20:00,estimate,sw-core-01,port-id7430,uplink,20.766593
2026-01-24 19:25:00,estimate,sw-core-01,port-id7430,uplink,17.638957
2026-01-24 19:30:00,estimate,sw-core-01,port-id7430,uplink,18.423527
2026-01-24 19:35:00,estimate,sw-core-01,port-id7430,uplink,19.489044
2026-01-24 19:40:00,estimate,sw-core-01,port-id7430,uplink,15.058046
2026-01-24 19:45:00,estimate,sw-core-01,port-id7430,uplink,17.742280
2026-01-24 19:50:00,estimate,sw-core-01,port-id7430,uplink,18.993215
2026-01-24 19:55:00,estimate,sw-core-01,port-id7430,uplink,20.687300
2026-01-24 20:00:00,estimate,sw-core-01,port-id7430,uplink,11.091009
2026-01-24 20:05:00,estimate,sw-core-01,port-id7430,uplink,16.914837
2026-01-24 20:10:00,estimate,sw-core-01,port-id7430,uplink,10.940604
2026-01-24 20:15:00,estimate,sw-core-01,port-id7430,uplink,12.495801
2026-01-24 20:20:00,estimate,sw-core-01,port-id7430,uplink,9.120695
2026-01-24 20:25:00,estimate,sw-core-01,port-id7430,uplink,13.301261
2026-01-24 20:30:00,estimate,sw-core-01,port-id7430,uplink,8.537107
2026-01-24 20:35:00,estimate,sw-core-01,port-id7430,uplink,12.195006
2026-01-24 20:40:00,estimate,sw-core-01,port-id7430,uplink,10.696257
2026-01-24 20:45:00,estimate,sw-core-01,port-id7430,uplink,14.183710
2026-01-24 20:50:00,estimate,sw-core-01,port-id7430,uplink,16.440206
2026-01-24 20:55:00,estimate,sw-core-01,port-id7430,uplink,13.555221
2026-01-24 21:00:00,estimate,sw-core-01,port-id7430,uplink,16.635855
2026-01-24 21:05:00,estimate,sw-core-01,port-id7430,uplink,11.019204
2026-01-24 21:10:00,estimate,sw-core-01,port-id7430,uplink,7.249070
2026-01-24 21:15:00,estimate,sw-core-01,port-id7430,uplink,11.725460
2026-01-24 21:20:00,estimate,sw-core-01,port-id7430,uplink,11.835392
2026-01-24 21:25:00,estimate,sw-core-01,port-id7430,uplink,8.741985
2026-01-24 21:30:00,estimate,sw-core-01,port-id7430,uplink,7.304228
2026-01-24 21:35:00,estimate,sw-core-01,port-id7430,uplink,10.650609
2026-01-24 21:40:00,estimate,sw-core-01,port-id7430,uplink,13.735589
2026-01-24 21:45:00,estimate,sw-core-01,port-id7430,uplink,6.503248
2026-01-24 21:50:00,estimate,sw-core-01,port-id7430,uplink,13.163412
2026-01-24 21:55:00,estimate,sw-core-01,port-id7430,uplink,16.371393
2026-01-24 22:00:00,estimate,sw-core-01,port-id7430,uplink,9.533721
2026-01-24 22:05:00,estimate,sw-core-01,port-id7430,uplink,7.980742
2026-01-24 22:10:00,estimate,sw-core-01,port-id7430,uplink,9.806098
2026-01-24 22:15:00,estimate,sw-core-01,port-id7430,uplink,5.255751
2026-01-24 22:20:00,estimate,sw-core-01,port-id7430,uplink,11.839126
2026-01-24 22:25:00,estimate,sw-core-01,port-id7430,uplink,4.182385
2026-01-24 22:30:00,estimate,sw-core-01,port-id7430,uplink,6.238105
2026-01-24 22:35:00,estimate,sw-core-01,port-id7430,uplink,10.715219
2026-01-24 22:40:00,estimate,sw-core-01,port-id7430,uplink,11.508079
2026-01-24 22:45:00,estimate,sw-core-01,port-id7430,uplink,7.056175
2026-01-24 22:50:00,estimate,sw-core-01,port-id7430,uplink,7.362332
2026-01-24 22:55:00,estimate,sw-core-01,port-id7430,uplink,11.577243
2026-01-24 23:00:00,estimate,sw-core-01,port-id7430,uplink,7.517988
2026-01-24 23:05:00,estimate,sw-core-01,port-id7430,uplink,10.966210
2026-01-24 23:10:00,estimate,sw-core-01,port-id7430,uplink,13.496315
2026-01-24 23:15:00,estimate,sw-core-01,port-id7430,uplink,7.460678
2026-01-24 23:20:00,estimate,sw-core-01,port-id7430,uplink,11.766807
2026-01-24 23:25:00,estimate,sw-core-01,port-id7430,uplink,11.365549
2026-01-24 23:30:00,estimate,sw-core-01,port-id7430,uplink,5.977449
2026-01-24 23:35:00,estimate,sw-core-01,port-id7430,uplink,8.546822
2026-01-24 23:40:00,estimate,sw-core-01,port-id7430,uplink,11.278238
2026-01-24 23:45:00,estimate,sw-core-01,port-id7430,uplink,14.413168
2026-01-24 23:50:00,estimate,sw-core-01,port-id7430,uplink,5.193587
2026-01-24 23:55:00,estimate,sw-core-01,port-id7430,uplink,11.513284
2026-01-25 00:00:00,estimate,sw-core-01,port-id7430,uplink,8.656048
2026-01-25 00:05:00,estimate,sw-core-01,port-id7430,uplink,7.474730
2026-01-25 00:10:00,estimate,sw-core-01,port-id7430,uplink,17.228204
2026-01-25 00:15:00,estimate,sw-core-01,port-id7430,uplink,7.529548
2026-01-25 00:20:00,estimate,sw-core-01,port-id7430,uplink,9.221611
2026-01-25 00:25:00,estimate,sw-core-01,port-id7430,uplink,4.034258
2026-01-25 00:30:00,estimate,sw-core-01,port-id7430,uplink,7.671261
2026-01-25 00:35:00,estimate,sw-core-01,port-id7430,uplink,10.556276
2026-01-25 00:40:00,estimate,sw-core-01,port-id7430,uplink,5.557779
2026-01-25 00:45:00,estimate,sw-core-01,port-id7430,uplink,8.222339
2026-01-25 00:50:00,estimate,sw-core-01,port-id7430,uplink,13.068696
2026-01-25 00:55:00,estimate,sw-core-01,port-id7430,uplink,6.178456
2026-01-25 01:00:00,estimate,sw-core-01,port-id7430,uplink,10.407199
2026-01-25 01:05:00,estimate,sw-core-01,port-id7430,uplink,12.013119
2026-01-25 01:10:00,estimate,sw-core-01,port-id7430,uplink,7.546469
2026-01-25 01:15:00,estimate,sw-core-01,port-id7430,uplink,8.300543
2026-01-25 01:20:00,estimate,sw-core-01,port-id7430,uplink,13.393547
2026-01-25 01:25:00,estimate,sw-core-01,port-id7430,uplink,6.762493
2026-01-25 01:30:00,estimate,sw-core-01,port-id7430,uplink,13.894647
2026-01-25 01:35:00,estimate,sw-core-01,port-id7430,uplink,5.406760
2026-01-25 01:40:00,estimate,sw-core-01,port-id7430,uplink,10.265735
2026-01-25 01:45:00,estimate,sw-core-01,port-id7430,uplink,5.764896
2026-01-25 01:50:00,estimate,sw-core-01,port-id7430,uplink,9.082344
2026-01-25 01:55:00,estimate,sw-core-01,port-id7430,uplink,9.606016
2026-01-25 02:00:00,estimate,sw-core-01,port-id7430,uplink,8.496922
2026-01-25 02:05:00,estimate,sw-core-01,port-id7430,uplink,9.527290
2026-01-25 02:10:00,estimate,sw-core-01,port-id7430,uplink,4.656696
2026-01-25 02:15:00,estimate,sw-core-01,port-id7430,uplink,12.587374
2026-01-25 02:20:00,estimate,sw-core-01,port-id7430,uplink,6.274064
2026-01-25 02:25:00,estimate,sw-core-01,port-id7430,uplink,10.810904
2026-01-25 02:30:00,estimate,sw-core-01,port-id7430,uplink,8.833563
2026-01-25 02:35:00,estimate,sw-core-01,port-id7430,uplink,14.922431
2026-01-25 02:40:00,estimate,sw-core-01,port-id7430,uplink,8.820136
2026-01-25 02:45:00,estimate,sw-core-01,port-id7430,uplink,0.706967
2026-01-25 02:50:00,estimate,sw-core-01,port-id7430,uplink,4.956519
2026-01-25 02:55:00,estimate,sw-core-01,port-id7430,uplink,11.445741
2026-01-25 03:00:00,estimate,sw-core-01,port-id7430,uplink,8.386000
2026-01-25 03:05:00,estimate,sw-core-01,port-id7430,uplink,10.008319
2026-01-25 03:10:00,estimate,sw-core-01,port-id7430,uplink,0.000000
2026-01-25 03:15:00,estimate,sw-core-01,port-id7430,uplink,10.584345
2026-01-25 03:20:00,estimate,sw-core-01,port-id7430,uplink,9.464790
2026-01-25 03:25:00,estimate,sw-core-01,port-id7430,uplink,5.806773
2026-01-25 03:30:00,estimate,sw-core-01,port-id7430,uplink,4.124844
2026-01-25 03:35:00,estimate,sw-core-01,port-id7430,uplink,6.685159
2026-01-25 03:40:00,estimate,sw-core-01,port-id7430,uplink,9.161265
2026-01-25 03:45:00,estimate,sw-core-01,port-id7430,uplink,7.184931
2026-01-25 03:50:00,estimate,sw-core-01,port-id7430,uplink,1.867912
2026-01-25 03:55:00,estimate,sw-core-01,port-id7430,uplink,10.215957
2026-01-25 04:00:00,estimate,sw-core-01,port-id7430,uplink,5.898471
2026-01-25 04:05:00,estimate,sw-core-01,port-id7430,uplink,5.633064
2026-01-25 04:10:00,estimate,sw-core-01,port-id7430,uplink,10.815793
2026-01-25 04:15:00,estimate,sw-core-01,port-id7430,uplink,10.828315
2026-01-25 04:20:00,estimate,sw-core-01,port-id7430,uplink,7.034621
2026-01-25 04:25:00,estimate,sw-core-01,port-id7430,uplink,8.948001
2026-01-25 04:30:00,estimate,sw-core-01,port-id7430,uplink,14.395747
2026-01-25 04:35:00,estimate,sw-core-01,port-id7430,uplink,12.706602
2026-01-25 04:40:00,estimate,sw-core-01,port-id7430,uplink,9.769916
2026-01-25 04:45:00,estimate,sw-core-01,port-id7430,uplink,9.300547
2026-01-25 04:50:00,estimate,sw-core-01,port-id7430,uplink,10.385456
2026-01-25 04:55:00,estimate,sw-core-01,port-id7430,uplink,6.340137
2026-01-25 05:00:00,estimate,sw-core-01,port-id7430,uplink,9.978674
2026-01-25 05:05:00,estimate,sw-core-01,port-id7430,uplink,6.221142
2026-01-25 05:10:00,estimate,sw-core-01,port-id7430,uplink,12.851234
2026-01-25 05:15:00,estimate,sw-core-01,port-id7430,uplink,15.748892
2026-01-25 05:20:00,estimate,sw-core-01,port-id7430,uplink,15.249563
2026-01-25 05:25:00,estimate,sw-core-01,port-id7430,uplink,5.025834
2026-01-25 05:30:00,estimate,sw-core-01,port-id7430,uplink,8.714058
2026-01-25 05:35:00,estimate,sw-core-01,port-id7430,uplink,14.752667
2026-01-25 05:40:00,estimate,sw-core-01,port-id7430,uplink,9.373488
2026-01-25 05:45:00,estimate,sw-core-01,port-id7430,uplink,5.094797
2026-01-25 05:50:00,estimate,sw-core-01,port-id7430,uplink,16.499610
2026-01-25 05:55:00,estimate,sw-core-01,port-id7430,uplink,11.499054
2026-01-25 06:00:00,estimate,sw-core-01,port-id7430,uplink,13.668463
2026-01-25 06:05:00,estimate,sw-core-01,port-id7430,uplink,9.137107
2026-01-25 06:10:00,estimate,sw-core-01,port-id7430,uplink,12.179730
2026-01-25 06:15:00,estimate,sw-core-01,port-id7430,uplink,10.828126
2026-01-25 06:20:00,estimate,sw-core-01,port-id7430,uplink,15.184721
2026-01-25 06:25:00,estimate,sw-core-01,port-id7430,uplink,11.940316
2026-01-25 06:30:00,estimate,sw-core-01,port-id7430,uplink,16.106204
2026-01-25 06:35:00,estimate,sw-core-01,port-id7430,uplink,10.133982
2026-01-25 06:40:00,estimate,sw-core-01,port-id7430,uplink,14.858183
2026-01-25 06:45:00,estimate,sw-core-01,port-id7430,uplink,12.142704
2026-01-25 06:50:00,estimate,sw-core-01,port-id7430,uplink,16.326863
2026-01-25 06:55:00,estimate,sw-core-01,port-id7430,uplink,20.284472
2026-01-25 07:00:00,estimate,sw-core-01,port-id7430,uplink,19.306607
2026-01-25 07:05:00,estimate,sw-core-01,port-id7430,uplink,13.087182
2026-01-25 07:10:00,estimate,sw-core-01,port-id7430,uplink,16.475384
2026-01-25 07:15:00,estimate,sw-core-01,port-id7430,uplink,26.688919
2026-01-25 07:20:00,estimate,sw-core-01,port-id7430,uplink,22.095957
2026-01-25 07:25:00,estimate,sw-core-01,port-id7430,uplink,23.180263
2026-01-25 07:30:00,estimate,sw-core-01,port-id7430,uplink,23.400816
2026-01-25 07:35:00,estimate,sw-core-01,port-id7430,uplink,18.844221
2026-01-25 07:40:00,estimate,sw-core-01,port-id7430,uplink,17.914925
2026-01-25 07:45:00,estimate,sw-core-01,port-id7430,uplink,27.028881
2026-01-25 07:50:00,estimate,sw-core-01,port-id7430,uplink,25.110633
2026-01-25 07:55:00,estimate,sw-core-01,port-id7430,uplink,23.852830
2026-01-25 08:00:00,estimate,sw-core-01,port-id7430,uplink,29.691219
2026-01-25 08:05:00,estimate,sw-core-01,port-id7430,uplink,22.731658
2026-01-25 08:10:00,estimate,sw-core-01,port-id7430,uplink,25.670170
2026-01-25 08:15:00,estimate,sw-core-01,port-id7430,uplink,21.774325
2026-01-25 08:20:00,estimate,sw-core-01,port-id7430,uplink,22.651087
2026-01-25 08:25:00,estimate,sw-core-01,port-id7430,uplink,21.318008
2026-01-25 08:30:00,estimate,sw-core-01,port-id7430,uplink,24.704535
2026-01-25 08:35:00,estimate,sw-core-01,port-id7430,uplink,29.256809
2026-01-25 08:40:00,estimate,sw-core-01,port-id7430,uplink,26.565494
2026-01-25 08:45:00,estimate,sw-core-01,port-id7430,uplink,20.492087
2026-01-25 08:50:00,estimate,sw-core-01,port-id7430,uplink,22.420468
2026-01-25 08:55:00,estimate,sw-core-01,port-id7430,uplink,28.631326
2026-01-25 09:00:00,estimate,sw-core-01,port-id7430,uplink,25.160107
2026-01-25 09:05:00,estimate,sw-core-01,port-id7430,uplink,29.040400
2026-01-25 09:10:00,estimate,sw-core-01,port-id7430,uplink,25.136842
2026-01-25 09:15:00,estimate,sw-core-01,port-id7430,uplink,30.346576
2026-01-25 09:20:00,estimate,sw-core-01,port-id7430,uplink,18.943343
2026-01-25 09:25:00,estimate,sw-core-01,port-id7430,uplink,25.476234
2026-01-25 09:30:00,estimate,sw-core-01,port-id7430,uplink,25.184243
2026-01-25 09:35:00,estimate,sw-core-01,port-id7430,uplink,28.417018
2026-01-25 09:40:00,estimate,sw-core-01,port-id7430,uplink,29.128987
2026-01-25 09:45:00,estimate,sw-core-01,port-id7430,uplink,28.964389
2026-01-25 09:50:00,estimate,sw-core-01,port-id7430,uplink,24.975550
2026-01-25 09:55:00,estimate,sw-core-01,port-id7430,uplink,28.183236
2026-01-25 10:00:00,estimate,sw-core-01,port-id7430,uplink,24.179406
2026-01-25 10:05:00,estimate,sw-core-01,port-id7430,uplink,23.725347
2026-01-25 10:10:00,estimate,sw-core-01,port-id7430,uplink,26.067696
2026-01-25 10:15:00,estimate,sw-core-01,port-id7430,uplink,31.120790
2026-01-25 10:20:00,estimate,sw-core-01,port-id7430,uplink,27.013123
2026-01-25 10:25:00,estimate,sw-core-01,port-id7430,uplink,24.539188
2026-01-25 10:30:00,estimate,sw-core-01,port-id7430,uplink,30.818477
2026-01-25 10:35:00,estimate,sw-core-01,port-id7430,uplink,26.362313
2026-01-25 10:40:00,estimate,sw-core-01,port-id7430,uplink,28.291746
2026-01-25 10:45:00,estimate,sw-core-01,port-id7430,uplink,29.830926
2026-01-25 10:50:00,estimate,sw-core-01,port-id7430,uplink,27.122637
2026-01-25 10:55:00,estimate,sw-core-01,port-id7430,uplink,27.607774
2026-01-25 11:00:00,estimate,sw-core-01,port-id7430,uplink,22.825460
2026-01-25 11:05:00,estimate,sw-core-01,port-id7430,uplink,27.633725
2026-01-25 11:10:00,estimate,sw-core-01,port-id7430,uplink,24.796104
2026-01-25 11:15:00,estimate,sw-core-01,port-id7430,uplink,25.658948
2026-01-25 11:20:00,estimate,sw-core-01,port-id7430,uplink,32.369856
2026-01-25 11:25:00,estimate,sw-core-01,port-id7430,uplink,33.830992
2026-01-25 11:30:00,estimate,sw-core-01,port-id7430,uplink,26.067026
2026-01-25 11:35:00,estimate,sw-core-01,port-id7430,uplink,31.569955
2026-01-25 11:40:00,estimate,sw-core-01,port-id7430,uplink,23.982094
2026-01-25 11:45:00,estimate,sw-core-01,port-id7430,uplink,27.724905
2026-01-25 11:50:00,estimate,sw-core-01,port-id7430,uplink,26.165925
2026-01-25 11:55:00,estimate,sw-core-01,port-id7430,uplink,26.443450
2026-01-25 12:00:00,estimate,sw-core-01,port-id7430,uplink,26.670749
2026-01-25 12:05:00,estimate,sw-core-01,port-id7430,uplink,22.254529
2026-01-25 12:10:00,estimate,sw-core-01,port-id7430,uplink,26.753603
2026-01-25 12:15:00,estimate,sw-core-01,port-id7430,uplink,31.369790
2026-01-25 12:20:00,estimate,sw-core-01,port-id7430,uplink,31.796668
2026-01-25 12:25:00,estimate,sw-core-01,port-id7430,uplink,31.325906
2026-01-25 12:30:00,estimate,sw-core-01,port-id7430,uplink,29.761451
2026-01-25 12:35:00,estimate,sw-core-01,port-id7430,uplink,29.831814
2026-01-25 12:40:00,estimate,sw-core-01,port-id7430,uplink,27.755215
2026-01-25 12:45:00,estimate,sw-core-01,port-id7430,uplink,28.772084
2026-01-25 12:50:00,estimate,sw-core-01,port-id7430,uplink,26.285863
2026-01-25 12:55:00,estimate,sw-core-01,port-id7430,uplink,28.842534
2026-01-25 13:00:00,estimate,sw-core-01,port-id7430,uplink,26.167527
2026-01-25 13:05:00,estimate,sw-core-01,port-id7430,uplink,24.607973
2026-01-25 13:10:00,estimate,sw-core-01,port-id7430,uplink,27.624904
2026-01-25 13:15:00,estimate,sw-core-01,port-id7430,uplink,29.956233
2026-01-25 13:20:00,estimate,sw-core-01,port-id7430,uplink,24.942420
2026-01-25 13:25:00,estimate,sw-core-01,port-id7430,uplink,31.984142
2026-01-25 13:30:00,estimate,sw-core-01,port-id7430,uplink,29.938825
2026-01-25 13:35:00,estimate,sw-core-01,port-id7430,uplink,27.846742
2026-01-25 13:40:00,estimate,sw-core-01,port-id7430,uplink,28.929687
2026-01-25 13:45:00,estimate,sw-core-01,port-id7430,uplink,28.183587
2026-01-25 13:50:00,estimate,sw-core-01,port-id7430,uplink,28.051074
2026-01-25 13:55:00,estimate,sw-core-01,port-id7430,uplink,25.956547
2026-01-25 14:00:00,estimate,sw-core-01,port-id7430,uplink,22.856367
2026-01-25 14:05:00,estimate,sw-core-01,port-id7430,uplink,22.275415
2026-01-25 14:10:00,estimate,sw-core-01,port-id7430,uplink,26.948014
2026-01-25 14:15:00,estimate,sw-core-01,port-id7430,uplink,18.921670
2026-01-25 14:20:00,estimate,sw-core-01,port-id7430,uplink,26.975184
2026-01-25 14:25:00,estimate,sw-core-01,port-id7430,uplink,28.331672
2026-01-25 14:30:00,estimate,sw-core-01,port-id7430,uplink,26.166236
2026-01-25 14:35:00,estimate,sw-core-01,port-id7430,uplink,23.490563
2026-01-25 14:40:00,estimate,sw-core-01,port-id7430,uplink,26.790403
2026-01-25 14:45:00,estimate,sw-core-01,port-id7430,uplink,23.022760
2026-01-25 14:50:00,estimate,sw-core-01,port-id7430,uplink,29.020241
2026-01-25 14:55:00,estimate,sw-core-01,port-id7430,uplink,24.002243
2026-01-25 15:00:00,estimate,sw-core-01,port-id7430,uplink,24.201914
2026-01-25 15:05:00,estimate,sw-core-01,port-id7430,uplink,28.444344
2026-01-25 15:10:00,estimate,sw-core-01,port-id7430,uplink,28.350401
2026-01-25 15:15:00,estimate,sw-core-01,port-id7430,uplink,30.965062
2026-01-25 15:20:00,estimate,sw-core-01,port-id7430,uplink,29.979972
2026-01-25 15:25:00,estimate,sw-core-01,port-id7430,uplink,22.738220
2026-01-25 15:30:00,estimate,sw-core-01,port-id7430,uplink,32.030356
2026-01-25 15:35:00,estimate,sw-core-01,port-id7430,uplink,26.437424
2026-01-25 15:40:00,estimate,sw-core-01,port-id7430,uplink,25.591968
2026-01-25 15:45:00,estimate,sw-core-01,port-id7430,uplink,25.505702
2026-01-25 15:50:00,estimate,sw-core-01,port-id7430,uplink,25.880008
2026-01-25 15:55:00,estimate,sw-core-01,port-id7430,uplink,25.598095
2026-01-25 16:00:00,estimate,sw-core-01,port-id7430,uplink,27.077104
2026-01-25 16:05:00,estimate,sw-core-01,port-id7430,uplink,25.619096
2026-01-25 16:10:00,estimate,sw-core-01,port-id7430,uplink,29.081100
2026-01-25 16:15:00,estimate,sw-core-01,port-id7430,uplink,29.192025
2026-01-25 16:20:00,estimate,sw-core-01,port-id7430,uplink,26.590812
2026-01-25 16:25:00,estimate,sw-core-01,port-id7430,uplink,29.735675
2026-01-25 16:30:00,estimate,sw-core-01,port-id7430,uplink,24.667068
2026-01-25 16:35:00,estimate,sw-core-01,port-id7430,uplink,25.646330
2026-01-25 16:40:00,estimate,sw-core-01,port-id7430,uplink,33.110768
2026-01-25 16:45:00,estimate,sw-core-01,port-id7430,uplink,24.709581
2026-01-25 16:50:00,estimate,sw-core-01,port-id7430,uplink,27.687674
2026-01-25 16:55:00,estimate,sw-core-01,port-id7430,uplink,26.748398
2026-01-25 17:00:00,estimate,sw-core-01,port-id7430,uplink,27.802776
2026-01-25 17:05:00,estimate,sw-core-01,port-id7430,uplink,23.761275
2026-01-25 17:10:00,estimate,sw-core-01,port-id7430,uplink,28.114248
2026-01-25 17:15:00,estimate,sw-core-01,port-id7430,uplink,33.794472
2026-01-25 17:20:00,estimate,sw-core-01,port-id7430,uplink,28.652838
2026-01-25 17:25:00,estimate,sw-core-01,port-id7430,uplink,22.715879
2026-01-25 17:30:00,estimate,sw-core-01,port-id7430,uplink,27.715863
2026-01-25 17:35:00,estimate,sw-core-01,port-id7430,uplink,28.322734
2026-01-25 17:40:00,estimate,sw-core-01,port-id7430,uplink,25.087923
2026-01-25 17:45:00,estimate,sw-core-01,port-id7430,uplink,20.305901
2026-01-25 17:50:00,estimate,sw-core-01,port-id7430,uplink,30.116776
2026-01-25 17:55:00,estimate,sw-core-01,port-id7430,uplink,22.530741
2026-01-25 18:00:00,estimate,sw-core-01,port-id7430,uplink,23.848197
2026-01-25 18:05:00,estimate,sw-core-01,port-id7430,uplink,27.722141
2026-01-25 18:10:00,estimate,sw-core-01,port-id7430,uplink,26.052798
2026-01-25 18:15:00,estimate,sw-core-01,port-id7430,uplink,25.644203
2026-01-25 18:20:00,estimate,sw-core-01,port-id7430,uplink,27.819246
2026-01-25 18:25:00,estimate,sw-core-01,port-id7430,uplink,24.499128
2026-01-25 18:30:00,estimate,sw-core-01,port-id7430,uplink,18.065679
2026-01-25 18:35:00,estimate,sw-core-01,port-id7430,uplink,26.692674
2026-01-25 18:40:00,estimate,sw-core-01,port-id7430,uplink,28.669787
2026-01-25 18:45:00,estimate,sw-core-01,port-id7430,uplink,21.518921
2026-01-25 18:50:00,estimate,sw-core-01,port-id7430,uplink,26.112019
2026-01-25 18:55:00,estimate,sw-core-01,port-id7430,uplink,22.603034
2026-01-25 19:00:00,estimate,sw-core-01,port-id7430,uplink,20.075349
2026-01-25 19:05:00,estimate,sw-core-01,port-id7430,uplink,20.210591
2026-01-25 19:10:00,estimate,sw-core-01,port-id7430,uplink,19.006138
2026-01-25 19:15:00,estimate,sw-core-01,port-id7430,uplink,19.739298
2026-01-25 19:20:00,estimate,sw-core-01,port-id7430,uplink,21.692733
2026-01-25 19:25:00,estimate,sw-core-01,port-id7430,uplink,15.372443
2026-01-25 19:30:00,estimate,sw-core-01,port-id7430,uplink,20.751847
2026-01-25 19:35:00,estimate,sw-core-01,port-id7430,uplink,16.815072
2026-01-25 19:40:00,estimate,sw-core-01,port-id7430,uplink,17.737954
2026-01-25 19:45:00,estimate,sw-core-01,port-id7430,uplink,11.001792
2026-01-25 19:50:00,estimate,sw-core-01,port-id7430,uplink,19.141615
2026-01-25 19:55:00,estimate,sw-core-01,port-id7430,uplink,16.544240
2026-01-25 20:00:00,estimate,sw-core-01,port-id7430,uplink,17.857403
2026-01-25 20:05:00,estimate,sw-core-01,port-id7430,uplink,16.810821
2026-01-25 20:10:00,estimate,sw-core-01,port-id7430,uplink,14.264817
2026-01-25 20:15:00,estimate,sw-core-01,port-id7430,uplink,12.694629
2026-01-25 20:20:00,estimate,sw-core-01,port-id7430,uplink,13.825421
2026-01-25 20:25:00,estimate,sw-core-01,port-id7430,uplink,10.963865
2026-01-25 20:30:00,estimate,sw-core-01,port-id7430,uplink,11.958274
2026-01-25 20:35:00,estimate,sw-core-01,port-id7430,uplink,13.576958
2026-01-25 20:40:00,estimate,sw-core-01,port-id7430,uplink,14.725437
2026-01-25 20:45:00,estimate,sw-core-01,port-id7430,uplink,14.186409
2026-01-25 20:50:00,estimate,sw-core-01,port-id7430,uplink,8.911160
2026-01-25 20:55:00,estimate,sw-core-01,port-id7430,uplink,9.950139
2026-01-25 21:00:00,estimate,sw-core-01,port-id7430,uplink,4.429609
2026-01-25 21:05:00,estimate,sw-core-01,port-id7430,uplink,12.926598
2026-01-25 21:10:00,estimate,sw-core-01,port-id7430,uplink,6.385688
2026-01-25 21:15:00,estimate,sw-core-01,port-id7430,uplink,4.981626
2026-01-25 21:20:00,estimate,sw-core-01,port-id7430,uplink,6.245086
2026-01-25 21:25:00,estimate,sw-core-01,port-id7430,uplink,6.704726
2026-01-25 21:30:00,estimate,sw-core-01,port-id7430,uplink,8.026260
2026-01-25 21:35:00,estimate,sw-core-01,port-id7430,uplink,8.289902
2026-01-25 21:40:00,estimate,sw-core-01,port-id7430,uplink,13.934260
2026-01-25 21:45:00,estimate,sw-core-01,port-id7430,uplink,7.327430
2026-01-25 21:50:00,estimate,sw-core-01,port-id7430,uplink,13.010555
2026-01-25 21:55:00,estimate,sw-core-01,port-id7430,uplink,9.034930
2026-01-25 22:00:00,estimate,sw-core-01,port-id7430,uplink,8.912101
2026-01-25 22:05:00,estimate,sw-core-01,port-id7430,uplink,13.562261
2026-01-25 22:10:00,estimate,sw-core-01,port-id7430,uplink,6.622255
2026-01-25 22:15:00,estimate,sw-core-01,port-id7430,uplink,3.712105
2026-01-25 22:20:00,estimate,sw-core-01,port-id7430,uplink,9.655197
2026-01-25 22:25:00,estimate,sw-core-01,port-id7430,uplink,8.272846
2026-01-25 22:30:00,estimate,sw-core-01,port-id7430,uplink,10.986086
2026-01-25 22:35:00,estimate,sw-core-01,port-id7430,uplink,10.683592
2026-01-25 22:40:00,estimate,sw-core-01,port-id7430,uplink,7.036372
2026-01-25 22:45:00,estimate,sw-core-01,port-id7430,uplink,11.344798
2026-01-25 22:50:00,estimate,sw-core-01,port-id7430,uplink,7.288224
2026-01-25 22:55:00,estimate,sw-core-01,port-id7430,uplink,13.579531
2026-01-25 23:00:00,estimate,sw-core-01,port-id7430,uplink,10.467371
2026-01-25 23:05:00,estimate,sw-core-01,port-id7430,uplink,5.092714
2026-01-25 23:10:00,estimate,sw-core-01,port-id7430,uplink,11.246603
2026-01-25 23:15:00,estimate,sw-core-01,port-id7430,uplink,13.334152
2026-01-25 23:20:00,estimate,sw-core-01,port-id7430,uplink,9.475053
2026-01-25 23:25:00,estimate,sw-core-01,port-id7430,uplink,11.684895
2026-01-25 23:30:00,estimate,sw-core-01,port-id7430,uplink,13.068847
2026-01-25 23:35:00,estimate,sw-core-01,port-id7430,uplink,3.341176
2026-01-25 23:40:00,estimate,sw-core-01,port-id7430,uplink,3.567767
2026-01-25 23:45:00,estimate,sw-core-01,port-id7430,uplink,11.597628
2026-01-25 23:50:00,estimate,sw-core-01,port-id7430,uplink,8.252145
2026-01-25 23:55:00,estimate,sw-core-01,port-id7430,uplink,9.466519
2026-01-26 00:00:00,estimate,sw-core-01,port-id7430,uplink,11.545666
2026-01-26 00:05:00,estimate,sw-core-01,port-id7430,uplink,13.136459
2026-01-26 00:10:00,estimate,sw-core-01,port-id7430,uplink,14.007600
2026-01-26 00:15:00,estimate,sw-core-01,port-id7430,uplink,17.695629
2026-01-26 00:20:00,estimate,sw-core-01,port-id7430,uplink,15.701232
2026-01-26 00:25:00,estimate,sw-core-01,port-id7430,uplink,17.920217
2026-01-26 00:30:00,estimate,sw-core-01,port-id7430,uplink,17.986453
2026-01-26 00:35:00,estimate,sw-core-01,port-id7430,uplink,10.781054
2026-01-26 00:40:00,estimate,sw-core-01,port-id7430,uplink,14.919619
2026-01-26 00:45:00,estimate,sw-core-01,port-id7430,uplink,15.482997
2026-01-26 00:50:00,estimate,sw-core-01,port-id7430,uplink,13.942988
2026-01-26 00:55:00,estimate,sw-core-01,port-id7430,uplink,20.440155
2026-01-26 01:00:00,estimate,sw-core-01,port-id7430,uplink,21.159907
2026-01-26 01:05:00,estimate,sw-core-01,port-id7430,uplink,12.801625
2026-01-26 01:10:00,estimate,sw-core-01,port-id7430,uplink,15.324991
2026-01-26 01:15:00,estimate,sw-core-01,port-id7430,uplink,17.595307
2026-01-26 01:20:00,estimate,sw-core-01,port-id7430,uplink,14.078045
2026-01-26 01:25:00,estimate,sw-core-01,port-id7430,uplink,16.281378
2026-01-26 01:30:00,estimate,sw-core-01,port-id7430,uplink,8.544365
2026-01-26 01:35:00,estimate,sw-core-01,port-id7430,uplink,10.798692
2026-01-26 01:40:00,estimate,sw-core-01,port-id7430,uplink,18.350808
2026-01-26 01:45:00,estimate,sw-core-01,port-id7430,uplink,16.200145
2026-01-26 01:50:00,estimate,sw-core-01,port-id7430,uplink,15.035533
2026-01-26 01:55:00,estimate,sw-core-01,port-id7430,uplink,16.492391
2026-01-26 02:00:00,estimate,sw-core-01,port-id7430,uplink,14.017497
2026-01-26 02:05:00,estimate,sw-core-01,port-id7430,uplink,16.708734
2026-01-26 02:10:00,estimate,sw-core-01,port-id7430,uplink,17.657413
2026-01-26 02:15:00,estimate,sw-core-01,port-id7430,uplink,19.718061
2026-01-26 02:20:00,estimate,sw-core-01,port-id7430,uplink,14.612749
2026-01-26 02:25:00,estimate,sw-core-01,port-id7430,uplink,12.744964
2026-01-26 02:30:00,estimate,sw-core-01,port-id7430,uplink,9.951807
2026-01-26 02:35:00,estimate,sw-core-01,port-id7430,uplink,11.771220
2026-01-26 02:40:00,estimate,sw-core-01,port-id7430,uplink,18.614743
2026-01-26 02:45:00,estimate,sw-core-01,port-id7430,uplink,9.535314
2026-01-26 02:50:00,estimate,sw-core-01,port-id7430,uplink,22.323668
2026-01-26 02:55:00,estimate,sw-core-01,port-id7430,uplink,16.581715
2026-01-26 03:00:00,estimate,sw-core-01,port-id7430,uplink,17.368204
2026-01-26 03:05:00,estimate,sw-core-01,port-id7430,uplink,15.660286
2026-01-26 03:10:00,estimate,sw-core-01,port-id7430,uplink,10.919961
2026-01-26 03:15:00,estimate,sw-core-01,port-id7430,uplink,21.674523
2026-01-26 03:20:00,estimate,sw-core-01,port-id7430,uplink,14.661899
2026-01-26 03:25:00,estimate,sw-core-01,port-id7430,uplink,13.731561
2026-01-26 03:30:00,estimate,sw-core-01,port-id7430,uplink,16.655728
2026-01-26 03:35:00,estimate,sw-core-01,port-id7430,uplink,18.441138
2026-01-26 03:40:00,estimate,sw-core-01,port-id7430,uplink,19.510607
2026-01-26 03:45:00,estimate,sw-core-01,port-id7430,uplink,18.656906
2026-01-26 03:50:00,estimate,sw-core-01,port-id7430,uplink,12.866539
2026-01-26 03:55:00,estimate,sw-core-01,port-id7430,uplink,11.876833
2026-01-26 04:00:00,estimate,sw-core-01,port-id7430,uplink,15.707546
2026-01-26 04:05:00,estimate,sw-core-01,port-id7430,uplink,16.540082
2026-01-26 04:10:00,estimate,sw-core-01,port-id7430,uplink,13.565709
2026-01-26 04:15:00,estimate,sw-core-01,port-id7430,uplink,12.849850
2026-01-26 04:20:00,estimate,sw-core-01,port-id7430,uplink,15.511113
2026-01-26 04:25:00,estimate,sw-core-01,port-id7430,uplink,15.695311
2026-01-26 04:30:00,estimate,sw-core-01,port-id7430,uplink,11.504256
2026-01-26 04:35:00,estimate,sw-core-01,port-id7430,uplink,14.231821
2026-01-26 04:40:00,estimate,sw-core-01,port-id7430,uplink,8.837445
2026-01-26 04:45:00,estimate,sw-core-01,port-id7430,uplink,13.166223
2026-01-26 04:50:00,estimate,sw-core-01,port-id7430,uplink,15.619599
2026-01-26 04:55:00,estimate,sw-core-01,port-id7430,uplink,12.612443
2026-01-26 05:00:00,estimate,sw-core-01,port-id7430,uplink,16.693005
2026-01-26 05:05:00,estimate,sw-core-01,port-id7430,uplink,19.185407
2026-01-26 05:10:00,estimate,sw-core-01,port-id7430,uplink,15.690903
2026-01-26 05:15:00,estimate,sw-core-01,port-id7430,uplink,16.626085
2026-01-26 05:20:00,estimate,sw-core-01,port-id7430,uplink,18.273189
2026-01-26 05:25:00,estimate,sw-core-01,port-id7430,uplink,19.758736
2026-01-26 05:30:00,estimate,sw-core-01,port-id7430,uplink,17.801096
2026-01-26 05:35:00,estimate,sw-core-01,port-id7430,uplink,18.007562
2026-01-26 05:40:00,estimate,sw-core-01,port-id7430,uplink,15.213182
2026-01-26 05:45:00,estimate,sw-core-01,port-id7430,uplink,16.355669
2026-01-26 05:50:00,estimate,sw-core-01,port-id7430,uplink,19.437096
2026-01-26 05:55:00,estimate,sw-core-01,port-id7430,uplink,27.324748
2026-01-26 06:00:00,estimate,sw-core-01,port-id7430,uplink,16.260504
2026-01-26 06:05:00,estimate,sw-core-01,port-id7430,uplink,26.351385
2026-01-26 06:10:00,estimate,sw-core-01,port-id7430,uplink,16.070115
2026-01-26 06:15:00,estimate,sw-core-01,port-id7430,uplink,18.866526
2026-01-26 06:20:00,estimate,sw-core-01,port-id7430,uplink,21.908768
2026-01-26 06:25:00,estimate,sw-core-01,port-id7430,uplink,25.037967
2026-01-26 06:30:00,estimate,sw-core-01,port-id7430,uplink,22.154113
2026-01-26 06:35:00,estimate,sw-core-01,port-id7430,uplink,29.847229
2026-01-26 06:40:00,estimate,sw-core-01,port-id7430,uplink,28.120762
2026-01-26 06:45:00,estimate,sw-core-01,port-id7430,uplink,28.771869
2026-01-26 06:50:00,estimate,sw-core-01,port-id7430,uplink,29.601093
2026-01-26 06:55:00,estimate,sw-core-01,port-id7430,uplink,27.336797
2026-01-26 07:00:00,estimate,sw-core-01,port-id7430,uplink,37.115788
2026-01-26 07:05:00,estimate,sw-core-01,port-id7430,uplink,26.692624
2026-01-26 07:10:00,estimate,sw-core-01,port-id7430,uplink,32.439120
2026-01-26 07:15:00,estimate,sw-core-01,port-id7430,uplink,33.590943
2026-01-26 07:20:00,estimate,sw-core-01,port-id7430,uplink,40.191050
2026-01-26 07:25:00,estimate,sw-core-01,port-id7430,uplink,35.806954
2026-01-26 07:30:00,estimate,sw-core-01,port-id7430,uplink,36.759967
2026-01-26 07:35:00,estimate,sw-core-01,port-id7430,uplink,35.559643
2026-01-26 07:40:00,estimate,sw-core-01,port-id7430,uplink,37.128828
2026-01-26 07:45:00,estimate,sw-core-01,port-id7430,uplink,37.423518
2026-01-26 07:50:00,estimate,sw-core-01,port-id7430,uplink,40.041418
2026-01-26 07:55:00,estimate,sw-core-01,port-id7430,uplink,41.248664
2026-01-26 08:00:00,estimate,sw-core-01,port-id7430,uplink,42.495280
2026-01-26 08:05:00,estimate,sw-core-01,port-id7430,uplink,42.649263
2026-01-26 08:10:00,estimate,sw-core-01,port-id7430,uplink,46.184191
2026-01-26 08:15:00,estimate,sw-core-01,port-id7430,uplink,48.735897
2026-01-26 08:20:00,estimate,sw-core-01,port-id7430,uplink,40.910406
2026-01-26 08:25:00,estimate,sw-core-01,port-id7430,uplink,43.515486
2026-01-26 08:30:00,estimate,sw-core-01,port-id7430,uplink,44.845579
2026-01-26 08:35:00,estimate,sw-core-01,port-id7430,uplink,42.752318
2026-01-26 08:40:00,estimate,sw-core-01,port-id7430,uplink,38.342446
2026-01-26 08:45:00,estimate,sw-core-01,port-id7430,uplink,36.631000
2026-01-26 08:50:00,estimate,sw-core-01,port-id7430,uplink,41.200406
2026-01-26 08:55:00,estimate,sw-core-01,port-id7430,uplink,48.150183
2026-01-26 09:00:00,estimate,sw-core-01,port-id7430,uplink,42.161562
2026-01-26 09:05:00,estimate,sw-core-01,port-id7430,uplink,50.176354
2026-01-26 09:10:00,estimate,sw-core-01,port-id7430,uplink,44.272078
2026-01-26 09:15:00,estimate,sw-core-01,port-id7430,uplink,42.428997
2026-01-26 09:20:00,estimate,sw-core-01,port-id7430,uplink,42.758885
2026-01-26 09:25:00,estimate,sw-core-01,port-id7430,uplink,42.583270
2026-01-26 09:30:00,estimate,sw-core-01,port-id7430,uplink,49.190482
2026-01-26 09:35:00,estimate,sw-core-01,port-id7430,uplink,47.478339
2026-01-26 09:40:00,estimate,sw-core-01,port-id7430,uplink,40.858220
2026-01-26 09:45:00,estimate,sw-core-01,port-id7430,uplink,39.058345
2026-01-26 09:50:00,estimate,sw-core-01,port-id7430,uplink,44.289002
2026-01-26 09:55:00,estimate,sw-core-01,port-id7430,uplink,41.926293
2026-01-26 10:00:00,estimate,sw-core-01,port-id7430,uplink,43.258592
2026-01-26 10:05:00,estimate,sw-core-01,port-id7430,uplink,45.594347
2026-01-26 10:10:00,estimate,sw-core-01,port-id7430,uplink,45.002869
2026-01-26 10:15:00,estimate,sw-core-01,port-id7430,uplink,47.664353
2026-01-26 10:20:00,estimate,sw-core-01,port-id7430,uplink,44.515883
2026-01-26 10:25:00,estimate,sw-core-01,port-id7430,uplink,42.623078
2026-01-26 10:30:00,estimate,sw-core-01,port-id7430,uplink,41.794269
2026-01-26 10:35:00,estimate,sw-core-01,port-id7430,uplink,49.036334
2026-01-26 10:40:00,estimate,sw-core-01,port-id7430,uplink,47.461012
2026-01-26 10:45:00,estimate,sw-core-01,port-id7430,uplink,43.319579
2026-01-26 10:50:00,estimate,sw-core-01,port-id7430,uplink,46.586110
2026-01-26 10:55:00,estimate,sw-core-01,port-id7430,uplink,42.190003
2026-01-26 11:00:00,estimate,sw-core-01,port-id7430,uplink,40.260581
2026-01-26 11:05:00,estimate,sw-core-01,port-id7430,uplink,45.272669
2026-01-26 11:10:00,estimate,sw-core-01,port-id7430,uplink,43.729718
2026-01-26 11:15:00,estimate,sw-core-01,port-id7430,uplink,45.696359
2026-01-26 11:20:00,estimate,sw-core-01,port-id7430,uplink,49.555879
2026-01-26 11:25:00,estimate,sw-core-01,port-id7430,uplink,42.840289
2026-01-26 11:30:00,estimate,sw-core-01,port-id7430,uplink,46.804751
2026-01-26 11:35:00,estimate,sw-core-01,port-id7430,uplink,42.795564
2026-01-26 11:40:00,estimate,sw-core-01,port-id7430,uplink,46.487780
2026-01-26 11:45:00,estimate,sw-core-01,port-id7430,uplink,46.898302
2026-01-26 11:50:00,estimate,sw-core-01,port-id7430,uplink,46.110684
2026-01-26 11:55:00,estimate,sw-core-01,port-id7430,uplink,44.709147
2026-01-26 12:00:00,estimate,sw-core-01,port-id7430,uplink,43.113346
2026-01-26 12:05:00,estimate,sw-core-01,port-id7430,uplink,45.060310
2026-01-26 12:10:00,estimate,sw-core-01,port-id7430,uplink,45.468163
2026-01-26 12:15:00,estimate,sw-core-01,port-id7430,uplink,48.325085
2026-01-26 12:20:00,estimate,sw-core-01,port-id7430,uplink,41.884635
2026-01-26 12:25:00,estimate,sw-core-01,port-id7430,uplink,44.637710
2026-01-26 12:30:00,estimate,sw-core-01,port-id7430,uplink,41.697523
2026-01-26 12:35:00,estimate,sw-core-01,port-id7430,uplink,46.395930
2026-01-26 12:40:00,estimate,sw-core-01,port-id7430,uplink,45.833426
2026-01-26 12:45:00,estimate,sw-core-01,port-id7430,uplink,45.955251
2026-01-26 12:50:00,estimate,sw-core-01,port-id7430,uplink,52.139404
2026-01-26 12:55:00,estimate,sw-core-01,port-id7430,uplink,45.796758
2026-01-26 13:00:00,estimate,sw-core-01,port-id7430,uplink,41.218049
2026-01-26 13:05:00,estimate,sw-core-01,port-id7430,uplink,44.179105
2026-01-26 13:10:00,estimate,sw-core-01,port-id7430,uplink,46.127141
2026-01-26 13:15:00,estimate,sw-core-01,port-id7430,uplink,38.708979
2026-01-26 13:20:00,estimate,sw-core-01,port-id7430,uplink,42.027753
2026-01-26 13:25:00,estimate,sw-core-01,port-id7430,uplink,47.877686
2026-01-26 13:30:00,estimate,sw-core-01,port-id7430,uplink,39.832870
2026-01-26 13:35:00,estimate,sw-core-01,port-id7430,uplink,46.672647
2026-01-26 13:40:00,estimate,sw-core-01,port-id7430,uplink,43.048323
2026-01-26 13:45:00,estimate,sw-core-01,port-id7430,uplink,41.858158
2026-01-26 13:50:00,estimate,sw-core-01,port-id7430,uplink,46.238001
2026-01-26 13:55:00,estimate,sw-core-01,port-id7430,uplink,49.345298
2026-01-26 14:00:00,estimate,sw-core-01,port-id7430,uplink,41.376899
2026-01-26 14:05:00,estimate,sw-core-01,port-id7430,uplink,43.090297
2026-01-26 14:10:00,estimate,sw-core-01,port-id7430,uplink,45.815216
2026-01-26 14:15:00,estimate,sw-core-01,port-id7430,uplink,40.686124
2026-01-26 14:20:00,estimate,sw-core-01,port-id7430,uplink,49.165075
2026-01-26 14:25:00,estimate,sw-core-01,port-id7430,uplink,50.683687
2026-01-26 14:30:00,estimate,sw-core-01,port-id7430,uplink,46.022081
2026-01-26 14:35:00,estimate,sw-core-01,port-id7430,uplink,47.849860
2026-01-26 14:40:00,estimate,sw-core-01,port-id7430,uplink,42.965370
2026-01-26 14:45:00,estimate,sw-core-01,port-id7430,uplink,44.990883
2026-01-26 14:50:00,estimate,sw-core-01,port-id7430,uplink,47.692421
2026-01-26 14:55:00,estimate,sw-core-01,port-id7430,uplink,41.349340
2026-01-26 15:00:00,estimate,sw-core-01,port-id7430,uplink,45.416356
2026-01-26 15:05:00,estimate,sw-core-01,port-id7430,uplink,47.611547
2026-01-26 15:10:00,estimate,sw-core-01,port-id7430,uplink,47.665528
2026-01-26 15:15:00,estimate,sw-core-01,port-id7430,uplink,51.113674
2026-01-26 15:20:00,estimate,sw-core-01,port-id7430,uplink,44.607207
2026-01-26 15:25:00,estimate,sw-core-01,port-id7430,uplink,44.830559
2026-01-26 15:30:00,estimate,sw-core-01,port-id7430,uplink,42.321177
2026-01-26 15:35:00,estimate,sw-core-01,port-id7430,uplink,41.707658
2026-01-26 15:40:00,estimate,sw-core-01,port-id7430,uplink,44.487351
2026-01-26 15:45:00,estimate,sw-core-01,port-id7430,uplink,48.851044
2026-01-26 15:50:00,estimate,sw-core-01,port-id7430,uplink,40.428785
2026-01-26 15:55:00,estimate,sw-core-01,port-id7430,uplink,45.329703
2026-01-26 16:00:00,estimate,sw-core-01,port-id7430,uplink,45.181319
2026-01-26 16:05:00,estimate,sw-core-01,port-id7430,uplink,40.338888
2026-01-26 16:10:00,estimate,sw-core-01,port-id7430,uplink,43.097853
2026-01-26 16:15:00,estimate,sw-core-01,port-id7430,uplink,46.840558
2026-01-26 16:20:00,estimate,sw-core-01,port-id7430,uplink,44.540995
2026-01-26 16:25:00,estimate,sw-core-01,port-id7430,uplink,44.983402
2026-01-26 16:30:00,estimate,sw-core-01,port-id7430,uplink,44.357462
2026-01-26 16:35:00,estimate,sw-core-01,port-id7430,uplink,44.345498
2026-01-26 16:40:00,estimate,sw-core-01,port-id7430,uplink,46.611920
2026-01-26 16:45:00,estimate,sw-core-01,port-id7430,uplink,40.381396
2026-01-26 16:50:00,estimate,sw-core-01,port-id7430,uplink,46.024012
2026-01-26 16:55:00,estimate,sw-core-01,port-id7430,uplink,52.244790
2026-01-26 17:00:00,estimate,sw-core-01,port-id7430,uplink,50.696117
2026-01-26 17:05:00,estimate,sw-core-01,port-id7430,uplink,48.026393
2026-01-26 17:10:00,estimate,sw-core-01,port-id7430,uplink,43.115138
2026-01-26 17:15:00,estimate,sw-core-01,port-id7430,uplink,46.064379
2026-01-26 17:20:00,estimate,sw-core-01,port-id7430,uplink,41.315053
2026-01-26 17:25:00,estimate,sw-core-01,port-id7430,uplink,49.395325
2026-01-26 17:30:00,estimate,sw-core-01,port-id7430,uplink,41.985183
2026-01-26 17:35:00,estimate,sw-core-01,port-id7430,uplink,40.990753
2026-01-26 17:40:00,estimate,sw-core-01,port-id7430,uplink,38.621182
2026-01-26 17:45:00,estimate,sw-core-01,port-id7430,uplink,46.336338
2026-01-26 17:50:00,estimate,sw-core-01,port-id7430,uplink,44.430586
2026-01-26 17:55:00,estimate,sw-core-01,port-id7430,uplink,43.707252
2026-01-26 18:00:00,estimate,sw-core-01,port-id7430,uplink,38.051866
2026-01-26 18:05:00,estimate,sw-core-01,port-id7430,uplink,42.181717
2026-01-26 18:10:00,estimate,sw-core-01,port-id7430,uplink,45.431158
2026-01-26 18:15:00,estimate,sw-core-01,port-id7430,uplink,42.398274
2026-01-26 18:20:00,estimate,sw-core-01,port-id7430,uplink,44.817322
2026-01-26 18:25:00,estimate,sw-core-01,port-id7430,uplink,42.703882
2026-01-26 18:30:00,estimate,sw-core-01,port-id7430,uplink,38.607203
2026-01-26 18:35:00,estimate,sw-core-01,port-id7430,uplink,39.038298
2026-01-26 18:40:00,estimate,sw-core-01,port-id7430,uplink,39.123719
2026-01-26 18:45:00,estimate,sw-core-01,port-id7430,uplink,38.285129
2026-01-26 18:50:00,estimate,sw-core-01,port-id7430,uplink,43.300652
2026-01-26 18:55:00,estimate,sw-core-01,port-id7430,uplink,37.240546
2026-01-26 19:00:00,estimate,sw-core-01,port-id7430,uplink,38.239071
2026-01-26 19:05:00,estimate,sw-core-01,port-id7430,uplink,39.425841
2026-01-26 19:10:00,estimate,sw-core-01,port-id7430,uplink,41.642635
2026-01-26 19:15:00,estimate,sw-core-01,port-id7430,uplink,34.618332
2026-01-26 19:20:00,estimate,sw-core-01,port-id7430,uplink,36.447729
2026-01-26 19:25:00,estimate,sw-core-01,port-id7430,uplink,32.583448
2026-01-26 19:30:00,estimate,sw-core-01,port-id7430,uplink,30.440847
2026-01-26 19:35:00,estimate,sw-core-01,port-id7430,uplink,30.811765
2026-01-26 19:40:00,estimate,sw-core-01,port-id7430,uplink,23.745216
2026-01-26 19:45:00,estimate,sw-core-01,port-id7430,uplink,30.505170
2026-01-26 19:50:00,estimate,sw-core-01,port-id7430,uplink,21.283791
2026-01-26 19:55:00,estimate,sw-core-01,port-id7430,uplink,25.471815
2026-01-26 20:00:00,estimate,sw-core-01,port-id7430,uplink,24.790565
2026-01-26 20:05:00,estimate,sw-core-01,port-id7430,uplink,22.965338
2026-01-26 20:10:00,estimate,sw-core-01,port-id7430,uplink,27.006567
2026-01-26 20:15:00,estimate,sw-core-01,port-id7430,uplink,25.311978
2026-01-26 20:20:00,estimate,sw-core-01,port-id7430,uplink,23.530015
2026-01-26 20:25:00,estimate,sw-core-01,port-id7430,uplink,15.547597
2026-01-26 20:30:00,estimate,sw-core-01,port-id7430,uplink,19.536989
2026-01-26 20:35:00,estimate,sw-core-01,port-id7430,uplink,14.250287
2026-01-26 20:40:00,estimate,sw-core-01,port-id7430,uplink,23.038242
2026-01-26 20:45:00,estimate,sw-core-01,port-id7430,uplink,14.779966
2026-01-26 20:50:00,estimate,sw-core-01,port-id7430,uplink,18.531483
2026-01-26 20:55:00,estimate,sw-core-01,port-id7430,uplink,21.248709
2026-01-26 21:00:00,estimate,sw-core-01,port-id7430,uplink,12.253505
2026-01-26 21:05:00,estimate,sw-core-01,port-id7430,uplink,21.811774
2026-01-26 21:10:00,estimate,sw-core-01,port-id7430,uplink,19.800463
2026-01-26 21:15:00,estimate,sw-core-01,port-id7430,uplink,17.702702
2026-01-26 21:20:00,estimate,sw-core-01,port-id7430,uplink,14.695698
2026-01-26 21:25:00,estimate,sw-core-01,port-id7430,uplink,17.297182
2026-01-26 21:30:00,estimate,sw-core-01,port-id7430,uplink,13.619008
2026-01-26 21:35:00,estimate,sw-core-01,port-id7430,uplink,19.159725
2026-01-26 21:40:00,estimate,sw-core-01,port-id7430,uplink,23.717672
2026-01-26 21:45:00,estimate,sw-core-01,port-id7430,uplink,20.152300
2026-01-26 21:50:00,estimate,sw-core-01,port-id7430,uplink,13.907119
2026-01-26 21:55:00,estimate,sw-core-01,port-id7430,uplink,15.665769
2026-01-26 22:00:00,estimate,sw-core-01,port-id7430,uplink,17.891424
2026-01-26 22:05:00,estimate,sw-core-01,port-id7430,uplink,17.119372
2026-01-26 22:10:00,estimate,sw-core-01,port-id7430,uplink,11.707843
2026-01-26 22:15:00,estimate,sw-core-01,port-id7430,uplink,15.170072
2026-01-26 22:20:00,estimate,sw-core-01,port-id7430,uplink,11.256834
2026-01-26 22:25:00,estimate,sw-core-01,port-id7430,uplink,15.307378
2026-01-26 22:30:00,estimate,sw-core-01,port-id7430,uplink,17.949745
2026-01-26 22:35:00,estimate,sw-core-01,port-id7430,uplink,15.758145
2026-01-26 22:40:00,estimate,sw-core-01,port-id7430,uplink,13.767841
2026-01-26 22:45:00,estimate,sw-core-01,port-id7430,uplink,18.858384
2026-01-26 22:50:00,estimate,sw-core-01,port-id7430,uplink,20.014462
2026-01-26 22:55:00,estimate,sw-core-01,port-id7430,uplink,12.686439
2026-01-26 23:00:00,estimate,sw-core-01,port-id7430,uplink,15.021487
2026-01-26 23:05:00,estimate,sw-core-01,port-id7430,uplink,10.385064
2026-01-26 23:10:00,estimate,sw-core-01,port-id7430,uplink,15.333577
2026-01-26 23:15:00,estimate,sw-core-01,port-id7430,uplink,13.697511
2026-01-26 23:20:00,estimate,sw-core-01,port-id7430,uplink,20.834741
2026-01-26 23:25:00,estimate,sw-core-01,port-id7430,uplink,12.942696
2026-01-26 23:30:00,estimate,sw-core-01,port-id7430,uplink,14.544521
2026-01-26 23:35:00,estimate,sw-core-01,port-id7430,uplink,18.358627
2026-01-26 23:40:00,estimate,sw-core-01,port-id7430,uplink,18.259942
2026-01-26 23:45:00,estimate,sw-core-01,port-id7430,uplink,17.645820
2026-01-26 23:50:00,estimate,sw-core-01,port-id7430,uplink,13.077668
2026-01-26 23:55:00,estimate,sw-core-01,port-id7430,uplink,13.861339
2026-01-27 00:00:00,estimate,sw-core-01,port-id7430,uplink,20.825694
2026-01-27 00:05:00,estimate,sw-core-01,port-id7430,uplink,10.318543
2026-01-27 00:10:00,estimate,sw-core-01,port-id7430,uplink,13.470885
2026-01-27 00:15:00,estimate,sw-core-01,port-id7430,uplink,17.029318
2026-01-27 00:20:00,estimate,sw-core-01,port-id7430,uplink,12.944302
2026-01-27 00:25:00,estimate,sw-core-01,port-id7430,uplink,18.661773
2026-01-27 00:30:00,estimate,sw-core-01,port-id7430,uplink,13.433704
2026-01-27 00:35:00,estimate,sw-core-01,port-id7430,uplink,18.347839
2026-01-27 00:40:00,estimate,sw-core-01,port-id7430,uplink,13.633689
2026-01-27 00:45:00,estimate,sw-core-01,port-id7430,uplink,16.202805
2026-01-27 00:50:00,estimate,sw-core-01,port-id7430,uplink,18.049144
2026-01-27 00:55:00,estimate,sw-core-01,port-id7430,uplink,12.628013
2026-01-27 01:00:00,estimate,sw-core-01,port-id7430,uplink,12.098946
2026-01-27 01:05:00,estimate,sw-core-01,port-id7430,uplink,10.491499
2026-01-27 01:10:00,estimate,sw-core-01,port-id7430,uplink,16.129336
2026-01-27 01:15:00,estimate,sw-core-01,port-id7430,uplink,16.772822
2026-01-27 01:20:00,estimate,sw-core-01,port-id7430,uplink,19.442192
2026-01-27 01:25:00,estimate,sw-core-01,port-id7430,uplink,20.929590
2026-01-27 01:30:00,estimate,sw-core-01,port-id7430,uplink,16.485242
2026-01-27 01:35:00,estimate,sw-core-01,port-id7430,uplink,18.390246
2026-01-27 01:40:00,estimate,sw-core-01,port-id7430,uplink,12.330078
2026-01-27 01:45:00,estimate,sw-core-01,port-id7430,uplink,13.678194
2026-01-27 01:50:00,estimate,sw-core-01,port-id7430,uplink,4.442268
2026-01-27 01:55:00,estimate,sw-core-01,port-id7430,uplink,12.490503
2026-01-27 02:00:00,estimate,sw-core-01,port-id7430,uplink,15.197633
2026-01-27 02:05:00,estimate,sw-core-01,port-id7430,uplink,16.109309
2026-01-27 02:10:00,estimate,sw-core-01,port-id7430,uplink,13.797855
2026-01-27 02:15:00,estimate,sw-core-01,port-id7430,uplink,15.466402
2026-01-27 02:20:00,estimate,sw-core-01,port-id7430,uplink,11.777945
2026-01-27 02:25:00,estimate,sw-core-01,port-id7430,uplink,10.861858
2026-01-27 02:30:00,estimate,sw-core-01,port-id7430,uplink,14.348986
2026-01-27 02:35:00,estimate,sw-core-01,port-id7430,uplink,16.307274
2026-01-27 02:40:00,estimate,sw-core-01,port-id7430,uplink,14.873490
2026-01-27 02:45:00,estimate,sw-core-01,port-id7430,uplink,12.641569
2026-01-27 02:50:00,estimate,sw-core-01,port-id7430,uplink,8.770536
2026-01-27 02:55:00,estimate,sw-core-01,port-id7430,uplink,12.031021
2026-01-27 03:00:00,estimate,sw-core-01,port-id7430,uplink,17.836853
2026-01-27 03:05:00,estimate,sw-core-01,port-id7430,uplink,14.748595
2026-01-27 03:10:00,estimate,sw-core-01,port-id7430,uplink,13.655565
2026-01-27 03:15:00,estimate,sw-core-01,port-id7430,uplink,13.004405
2026-01-27 03:20:00,estimate,sw-core-01,port-id7430,uplink,12.297496
2026-01-27 03:25:00,estimate,sw-core-01,port-id7430,uplink,14.332880
2026-01-27 03:30:00,estimate,sw-core-01,port-id7430,uplink,14.308122
2026-01-27 03:35:00,estimate,sw-core-01,port-id7430,uplink,16.485385
2026-01-27 03:40:00,estimate,sw-core-01,port-id7430,uplink,16.887950
2026-01-27 03:45:00,estimate,sw-core-01,port-id7430,uplink,12.587249
2026-01-27 03:50:00,estimate,sw-core-01,port-id7430,uplink,11.488377
2026-01-27 03:55:00,estimate,sw-core-01,port-id7430,uplink,12.231592
2026-01-27 04:00:00,estimate,sw-core-01,port-id7430,uplink,20.420615
2026-01-27 04:05:00,estimate,sw-core-01,port-id7430,uplink,17.726326
2026-01-27 04:10:00,estimate,sw-core-01,port-id7430,uplink,17.105013
2026-01-27 04:15:00,estimate,sw-core-01,port-id7430,uplink,17.061017
2026-01-27 04:20:00,estimate,sw-core-01,port-id7430,uplink,15.813528
2026-01-27 04:25:00,estimate,sw-core-01,port-id7430,uplink,13.347994
2026-01-27 04:30:00,estimate,sw-core-01,port-id7430,uplink,17.447433
2026-01-27 04:35:00,estimate,sw-core-01,port-id7430,uplink,13.550285
2026-01-27 04:40:00,estimate,sw-core-01,port-id7430,uplink,10.982207
2026-01-27 04:45:00,estimate,sw-core-01,port-id7430,uplink,19.290879
2026-01-27 04:50:00,estimate,sw-core-01,port-id7430,uplink,16.832298
2026-01-27 04:55:00,estimate,sw-core-01,port-id7430,uplink,14.131298
2026-01-27 05:00:00,estimate,sw-core-01,port-id7430,uplink,17.129722
2026-01-27 05:05:00,estimate,sw-core-01,port-id7430,uplink,16.947797
2026-01-27 05:10:00,estimate,sw-core-01,port-id7430,uplink,18.942594
2026-01-27 05:15:00,estimate,sw-core-01,port-id7430,uplink,16.369768
2026-01-27 05:20:00,estimate,sw-core-01,port-id7430,uplink,19.620005
2026-01-27 05:25:00,estimate,sw-core-01,port-id7430,uplink,15.247947
2026-01-27 05:30:00,estimate,sw-core-01,port-id7430,uplink,18.046349
2026-01-27 05:35:00,estimate,sw-core-01,port-id7430,uplink,19.010170
2026-01-27 05:40:00,estimate,sw-core-01,port-id7430,uplink,20.567405
2026-01-27 05:45:00,estimate,sw-core-01,port-id7430,uplink,18.170986
2026-01-27 05:50:00,estimate,sw-core-01,port-id7430,uplink,13.385384
2026-01-27 05:55:00,estimate,sw-core-01,port-id7430,uplink,20.595857
2026-01-27 06:00:00,estimate,sw-core-01,port-id7430,uplink,15.837076
2026-01-27 06:05:00,estimate,sw-core-01,port-id7430,uplink,22.409026
2026-01-27 06:10:00,estimate,sw-core-01,port-id7430,uplink,17.164329
2026-01-27 06:15:00,estimate,sw-core-01,port-id7430,uplink,22.689289
2026-01-27 06:20:00,estimate,sw-core-01,port-id7430,uplink,24.654336
2026-01-27 06:25:00,estimate,sw-core-01,port-id7430,uplink,24.391520
2026-01-27 06:30:00,estimate,sw-core-01,port-id7430,uplink,27.543489
2026-01-27 06:35:00,estimate,sw-core-01,port-id7430,uplink,21.098747
2026-01-27 06:40:00,estimate,sw-core-01,port-id7430,uplink,30.335505
2026-01-27 06:45:00,estimate,sw-core-01,port-id7430,uplink,30.149907
2026-01-27 06:50:00,estimate,sw-core-01,port-id7430,uplink,34.248299
2026-01-27 06:55:00,estimate,sw-core-01,port-id7430,uplink,30.340910
2026-01-27 07:00:00,estimate,sw-core-01,port-id7430,uplink,32.047672
2026-01-27 07:05:00,estimate,sw-core-01,port-id7430,uplink,27.180519
2026-01-27 07:10:00,estimate,sw-core-01,port-id7430,uplink,35.035219
2026-01-27 07:15:00,estimate,sw-core-01,port-id7430,uplink,31.432879
2026-01-27 07:20:00,estimate,sw-core-01,port-id7430,uplink,36.599294
2026-01-27 07:25:00,estimate,sw-core-01,port-id7430,uplink,32.715702
2026-01-27 07:30:00,estimate,sw-core-01,port-id7430,uplink,29.942859
2026-01-27 07:35:00,estimate,sw-core-01,port-id7430,uplink,38.140251
2026-01-27 07:40:00,estimate,sw-core-01,port-id7430,uplink,37.310654
2026-01-27 07:45:00,estimate,sw-core-01,port-id7430,uplink,34.756511
2026-01-27 07:50:00,estimate,sw-core-01,port-id7430,uplink,46.055022
2026-01-27 07:55:00,estimate,sw-core-01,port-id7430,uplink,44.520353
2026-01-27 08:00:00,estimate,sw-core-01,port-id7430,uplink,44.906391
2026-01-27 08:05:00,estimate,sw-core-01,port-id7430,uplink,42.082779
2026-01-27 08:10:00,estimate,sw-core-01,port-id7430,uplink,44.325520
2026-01-27 08:15:00,estimate,sw-core-01,port-id7430,uplink,40.443100
2026-01-27 08:20:00,estimate,sw-core-01,port-id7430,uplink,40.172107
2026-01-27 08:25:00,estimate,sw-core-01,port-id7430,uplink,37.651420
2026-01-27 08:30:00,estimate,sw-core-01,port-id7430,uplink,39.386857
2026-01-27 08:35:00,estimate,sw-core-01,port-id7430,uplink,42.011065
2026-01-27 08:40:00,estimate,sw-core-01,port-id7430,uplink,39.056132
2026-01-27 08:45:00,estimate,sw-core-01,port-id7430,uplink,40.703348
2026-01-27 08:50:00,estimate,sw-core-01,port-id7430,uplink,42.032303
2026-01-27 08:55:00,estimate,sw-core-01,port-id7430,uplink,42.514577
2026-01-27 09:00:00,estimate,sw-core-01,port-id7430,uplink,48.594090
2026-01-27 09:05:00,estimate,sw-core-01,port-id7430,uplink,44.958105
2026-01-27 09:10:00,estimate,sw-core-01,port-id7430,uplink,46.056502
2026-01-27 09:15:00,estimate,sw-core-01,port-id7430,uplink,42.050197
2026-01-27 09:20:00,estimate,sw-core-01,port-id7430,uplink,39.463107
2026-01-27 09:25:00,estimate,sw-core-01,port-id7430,uplink,43.886656
2026-01-27 09:30:00,estimate,sw-core-01,port-id7430,uplink,45.375106
2026-01-27 09:35:00,estimate,sw-core-01,port-id7430,uplink,42.764788
2026-01-27 09:40:00,estimate,sw-core-01,port-id7430,uplink,42.941775
2026-01-27 09:45:00,estimate,sw-core-01,port-id7430,uplink,45.861450
2026-01-27 09:50:00,estimate,sw-core-01,port-id7430,uplink,44.134315
2026-01-27 09:55:00,estimate,sw-core-01,port-id7430,uplink,47.277124
2026-01-27 10:00:00,estimate,sw-core-01,port-id7430,uplink,46.175285
2026-01-27 10:05:00,estimate,sw-core-01,port-id7430,uplink,42.912406
2026-01-27 10:10:00,estimate,sw-core-01,port-id7430,uplink,46.146098
2026-01-27 10:15:00,estimate,sw-core-01,port-id7430,uplink,45.944276
2026-01-27 10:20:00,estimate,sw-core-01,port-id7430,uplink,42.802307
2026-01-27 10:25:00,estimate,sw-core-01,port-id7430,uplink,45.012437
2026-01-27 10:30:00,estimate,sw-core-01,port-id7430,uplink,47.135053
2026-01-27 10:35:00,estimate,sw-core-01,port-id7430,uplink,39.509469
2026-01-27 10:40:00,estimate,sw-core-01,port-id7430,uplink,42.020053
2026-01-27 10:45:00,estimate,sw-core-01,port-id7430,uplink,40.574684
2026-01-27 10:50:00,estimate,sw-core-01,port-id7430,uplink,44.962639
2026-01-27 10:55:00,estimate,sw-core-01,port-id7430,uplink,45.249058
2026-01-27 11:00:00,estimate,sw-core-01,port-id7430,uplink,42.636857
2026-01-27 11:05:00,estimate,sw-core-01,port-id7430,uplink,45.700913
2026-01-27 11:10:00,estimate,sw-core-01,port-id7430,uplink,44.482212
2026-01-27 11:15:00,estimate,sw-core-01,port-id7430,uplink,44.966485
2026-01-27 11:20:00,estimate,sw-core-01,port-id7430,uplink,40.342765
2026-01-27 11:25:00,estimate,sw-core-01,port-id7430,uplink,41.813921
2026-01-27 11:30:00,estimate,sw-core-01,port-id7430,uplink,47.267648
2026-01-27 11:35:00,estimate,sw-core-01,port-id7430,uplink,47.351715
2026-01-27 11:40:00,estimate,sw-core-01,port-id7430,uplink,43.431561
2026-01-27 11:45:00,estimate,sw-core-01,port-id7430,uplink,40.915263
2026-01-27 11:50:00,estimate,sw-core-01,port-id7430,uplink,51.901458
2026-01-27 11:55:00,estimate,sw-core-01,port-id7430,uplink,40.046920
2026-01-27 12:00:00,estimate,sw-core-01,port-id7430,uplink,47.658304
2026-01-27 12:05:00,estimate,sw-core-01,port-id7430,uplink,45.604098
2026-01-27 12:10:00,estimate,sw-core-01,port-id7430,uplink,46.280232
2026-01-27 12:15:00,estimate,sw-core-01,port-id7430,uplink,38.157390
2026-01-27 12:20:00,estimate,sw-core-01,port-id7430,uplink,45.275369
2026-01-27 12:25:00,estimate,sw-core-01,port-id7430,uplink,45.019103
2026-01-27 12:30:00,estimate,sw-core-01,port-id7430,uplink,46.894472
2026-01-27 12:35:00,estimate,sw-core-01,port-id7430,uplink,45.781396
2026-01-27 12:40:00,estimate,sw-core-01,port-id7430,uplink,39.705523
2026-01-27 12:45:00,estimate,sw-core-01,port-id7430,uplink,46.829204
2026-01-27 12:50:00,estimate,sw-core-01,port-id7430,uplink,49.257323
2026-01-27 12:55:00,estimate,sw-core-01,port-id7430,uplink,49.797698
2026-01-27 13:00:00,estimate,sw-core-01,port-id7430,uplink,46.601634
2026-01-27 13:05:00,estimate,sw-core-01,port-id7430,uplink,43.308350
2026-01-27 13:10:00,estimate,sw-core-01,port-id7430,uplink,43.858059
2026-01-27 13:15:00,estimate,sw-core-01,port-id7430,uplink,46.908470
2026-01-27 13:20:00,estimate,sw-core-01,port-id7430,uplink,49.634072
2026-01-27 13:25:00,estimate,sw-core-01,port-id7430,uplink,43.451412
2026-01-27 13:30:00,estimate,sw-core-01,port-id7430,uplink,43.255500
2026-01-27 13:35:00,estimate,sw-core-01,port-id7430,uplink,45.305317
2026-01-27 13:40:00,estimate,sw-core-01,port-id7430,uplink,47.095141
2026-01-27 13:45:00,estimate,sw-core-01,port-id7430,uplink,44.968033
2026-01-27 13:50:00,estimate,sw-core-01,port-id7430,uplink,42.923562
2026-01-27 13:55:00,estimate,sw-core-01,port-id7430,uplink,47.797235
2026-01-27 14:00:00,estimate,sw-core-01,port-id7430,uplink,41.577784
2026-01-27 14:05:00,estimate,sw-core-01,port-id7430,uplink,50.995993
2026-01-27 14:10:00,estimate,sw-core-01,port-id7430,uplink,47.352408
2026-01-27 14:15:00,estimate,sw-core-01,port-id7430,uplink,49.404332
2026-01-27 14:20:00,estimate,sw-core-01,port-id7430,uplink,48.960044
2026-01-27 14:25:00,estimate,sw-core-01,port-id7430,uplink,44.680248
2026-01-27 14:30:00,estimate,sw-core-01,port-id7430,uplink,48.556505
2026-01-27 14:35:00,estimate,sw-core-01,port-id7430,uplink,44.600704
2026-01-27 14:40:00,estimate,sw-core-01,port-id7430,uplink,41.694739
2026-01-27 14:45:00,estimate,sw-core-01,port-id7430,uplink,49.010579
2026-01-27 14:50:00,estimate,sw-core-01,port-id7430,uplink,47.570165
2026-01-27 14:55:00,estimate,sw-core-01,port-id7430,uplink,41.098958
2026-01-27 15:00:00,estimate,sw-core-01,port-id7430,uplink,48.731099
2026-01-27 15:05:00,estimate,sw-core-01,port-id7430,uplink,45.173631
2026-01-27 15:10:00,estimate,sw-core-01,port-id7430,uplink,47.217633
2026-01-27 15:15:00,estimate,sw-core-01,port-id7430,uplink,41.403714
2026-01-27 15:20:00,estimate,sw-core-01,port-id7430,uplink,41.983275
2026-01-27 15:25:00,estimate,sw-core-01,port-id7430,uplink,44.242139
2026-01-27 15:30:00,estimate,sw-core-01,port-id7430,uplink,51.122709
2026-01-27 15:35:00,estimate,sw-core-01,port-id7430,uplink,45.459095
2026-01-27 15:40:00,estimate,sw-core-01,port-id7430,uplink,45.723156
2026-01-27 15:45:00,estimate,sw-core-01,port-id7430,uplink,48.659927
2026-01-27 15:50:00,estimate,sw-core-01,port-id7430,uplink,39.697333
2026-01-27 15:55:00,estimate,sw-core-01,port-id7430,uplink,41.664331
2026-01-27 16:00:00,estimate,sw-core-01,port-id7430,uplink,38.572528
2026-01-27 16:05:00,estimate,sw-core-01,port-id7430,uplink,50.036215
2026-01-27 16:10:00,estimate,sw-core-01,port-id7430,uplink,41.666610
2026-01-27 16:15:00,estimate,sw-core-01,port-id7430,uplink,47.360362
2026-01-27 16:20:00,estimate,sw-core-01,port-id7430,uplink,46.598793
2026-01-27 16:25:00,estimate,sw-core-01,port-id7430,uplink,42.831589
2026-01-27 16:30:00,estimate,sw-core-01,port-id7430,uplink,43.519089
2026-01-27 16:35:00,estimate,sw-core-01,port-id7430,uplink,43.091486
2026-01-27 16:40:00,estimate,sw-core-01,port-id7430,uplink,42.718398
2026-01-27 16:45:00,estimate,sw-core-01,port-id7430,uplink,43.069974
2026-01-27 16:50:00,estimate,sw-core-01,port-id7430,uplink,39.233248
2026-01-27 16:55:00,estimate,sw-core-01,port-id7430,uplink,43.966915
2026-01-27 17:00:00,estimate,sw-core-01,port-id7430,uplink,39.687754
2026-01-27 17:05:00,estimate,sw-core-01,port-id7430,uplink,38.485578
2026-01-27 17:10:00,estimate,sw-core-01,port-id7430,uplink,48.651873
2026-01-27 17:15:00,estimate,sw-core-01,port-id7430,uplink,44.185411
2026-01-27 17:20:00,estimate,sw-core-01,port-id7430,uplink,48.142225
2026-01-27 17:25:00,estimate,sw-core-01,port-id7430,uplink,44.981197
2026-01-27 17:30:00,estimate,sw-core-01,port-id7430,uplink,47.287425
2026-01-27 17:35:00,estimate,sw-core-01,port-id7430,uplink,41.415823
2026-01-27 17:40:00,estimate,sw-core-01,port-id7430,uplink,45.735553
2026-01-27 17:45:00,estimate,sw-core-01,port-id7430,uplink,41.957053
2026-01-27 17:50:00,estimate,sw-core-01,port-id7430,uplink,43.521599
2026-01-27 17:55:00,estimate,sw-core-01,port-id7430,uplink,42.868219
2026-01-27 18:00:00,estimate,sw-core-01,port-id7430,uplink,39.315057
2026-01-27 18:05:00,estimate,sw-core-01,port-id7430,uplink,39.493666
2026-01-27 18:10:00,estimate,sw-core-01,port-id7430,uplink,42.393390
2026-01-27 18:15:00,estimate,sw-core-01,port-id7430,uplink,47.528739
2026-01-27 18:20:00,estimate,sw-core-01,port-id7430,uplink,37.756293
2026-01-27 18:25:00,estimate,sw-core-01,port-id7430,uplink,40.351973
2026-01-27 18:30:00,estimate,sw-core-01,port-id7430,uplink,39.797503
2026-01-27 18:35:00,estimate,sw-core-01,port-id7430,uplink,37.043452
2026-01-27 18:40:00,estimate,sw-core-01,port-id7430,uplink,38.541560
2026-01-27 18:45:00,estimate,sw-core-01,port-id7430,uplink,36.335212
2026-01-27 18:50:00,estimate,sw-core-01,port-id7430,uplink,38.666433
2026-01-27 18:55:00,estimate,sw-core-01,port-id7430,uplink,41.563094
2026-01-27 19:00:00,estimate,sw-core-01,port-id7430,uplink,34.634795
2026-01-27 19:05:00,estimate,sw-core-01,port-id7430,uplink,35.962710
2026-01-27 19:10:00,estimate,sw-core-01,port-id7430,uplink,32.341468
2026-01-27 19:15:00,estimate,sw-core-01,port-id7430,uplink,33.621860
2026-01-27 19:20:00,estimate,sw-core-01,port-id7430,uplink,35.795925
2026-01-27 19:25:00,estimate,sw-core-01,port-id7430,uplink,36.909708
2026-01-27 19:30:00,estimate,sw-core-01,port-id7430,uplink,29.686664
2026-01-27 19:35:00,estimate,sw-core-01,port-id7430,uplink,22.991784
2026-01-27 19:40:00,estimate,sw-core-01,port-id7430,uplink,26.009763
2026-01-27 19:45:00,estimate,sw-core-01,port-id7430,uplink,25.209520
2026-01-27 19:50:00,estimate,sw-core-01,port-id7430,uplink,25.855577
2026-01-27 19:55:00,estimate,sw-core-01,port-id7430,uplink,25.132383
2026-01-27 20:00:00,estimate,sw-core-01,port-id7430,uplink,21.467685
2026-01-27 20:05:00,estimate,sw-core-01,port-id7430,uplink,24.043943
2026-01-27 20:10:00,estimate,sw-core-01,port-id7430,uplink,22.308365
2026-01-27 20:15:00,estimate,sw-core-01,port-id7430,uplink,19.716050
2026-01-27 20:20:00,estimate,sw-core-01,port-id7430,uplink,21.799140
2026-01-27 20:25:00,estimate,sw-core-01,port-id7430,uplink,18.804919
2026-01-27 20:30:00,estimate,sw-core-01,port-id7430,uplink,19.158991
2026-01-27 20:35:00,estimate,sw-core-01,port-id7430,uplink,15.454623
2026-01-27 20:40:00,estimate,sw-core-01,port-id7430,uplink,15.705842
2026-01-27 20:45:00,estimate,sw-core-01,port-id7430,uplink,24.644478
2026-01-27 20:50:00,estimate,sw-core-01,port-id7430,uplink,21.739306
2026-01-27 20:55:00,estimate,sw-core-01,port-id7430,uplink,19.928786
2026-01-27 21:00:00,estimate,sw-core-01,port-id7430,uplink,19.760335
2026-01-27 21:05:00,estimate,sw-core-01,port-id7430,uplink,14.479856
2026-01-27 21:10:00,estimate,sw-core-01,port-id7430,uplink,11.102875
2026-01-27 21:15:00,estimate,sw-core-01,port-id7430,uplink,9.304853
2026-01-27 21:20:00,estimate,sw-core-01,port-id7430,uplink,13.546566
2026-01-27 21:25:00,estimate,sw-core-01,port-id7430,uplink,17.223870
2026-01-27 21:30:00,estimate,sw-core-01,port-id7430,uplink,17.492040
2026-01-27 21:35:00,estimate,sw-core-01,port-id7430,uplink,16.765820
2026-01-27 21:40:00,estimate,sw-core-01,port-id7430,uplink,15.572832
2026-01-27 21:45:00,estimate,sw-core-01,port-id7430,uplink,15.877862
2026-01-27 21:50:00,estimate,sw-core-01,port-id7430,uplink,15.338444
2026-01-27 21:55:00,estimate,sw-core-01,port-id7430,uplink,16.316154
2026-01-27 22:00:00,estimate,sw-core-01,port-id7430,uplink,12.644709
2026-01-27 22:05:00,estimate,sw-core-01,port-id7430,uplink,15.756710
2026-01-27 22:10:00,estimate,sw-core-01,port-id7430,uplink,12.264678
2026-01-27 22:15:00,estimate,sw-core-01,port-id7430,uplink,15.503440
2026-01-27 22:20:00,estimate,sw-core-01,port-id7430,uplink,15.009297
2026-01-27 22:25:00,estimate,sw-core-01,port-id7430,uplink,19.975422
2026-01-27 22:30:00,estimate,sw-core-01,port-id7430,uplink,20.285389
2026-01-27 22:35:00,estimate,sw-core-01,port-id7430,uplink,16.118007
2026-01-27 22:40:00,estimate,sw-core-01,port-id7430,uplink,12.153314
2026-01-27 22:45:00,estimate,sw-core-01,port-id7430,uplink,20.025348
2026-01-27 22:50:00,estimate,sw-core-01,port-id7430,uplink,16.348919
2026-01-27 22:55:00,estimate,sw-core-01,port-id7430,uplink,13.992244
2026-01-27 23:00:00,estimate,sw-core-01,port-id7430,uplink,14.187406
2026-01-27 23:05:00,estimate,sw-core-01,port-id7430,uplink,15.673608
2026-01-27 23:10:00,estimate,sw-core-01,port-id7430,uplink,12.895002
2026-01-27 23:15:00,estimate,sw-core-01,port-id7430,uplink,14.078512
2026-01-27 23:20:00,estimate,sw-core-01,port-id7430,uplink,17.269627
2026-01-27 23:25:00,estimate,sw-core-01,port-id7430,uplink,15.661367
2026-01-27 23:30:00,estimate,sw-core-01,port-id7430,uplink,14.482117
2026-01-27 23:35:00,estimate,sw-core-01,port-id7430,uplink,16.582741
2026-01-27 23:40:00,estimate,sw-core-01,port-id7430,uplink,19.049632
2026-01-27 23:45:00,estimate,sw-core-01,port-id7430,uplink,19.153260
2026-01-27 23:50:00,estimate,sw-core-01,port-id7430,uplink,15.412101
2026-01-27 23:55:00,estimate,sw-core-01,port-id7430,uplink,13.790447
2026-01-28 00:00:00,estimate,sw-core-01,port-id7430,uplink,18.811547
2026-01-28 00:05:00,estimate,sw-core-01,port-id7430,uplink,8.739394
2026-01-28 00:10:00,estimate,sw-core-01,port-id7430,uplink,13.349790
2026-01-28 00:15:00,estimate,sw-core-01,port-id7430,uplink,12.630314
2026-01-28 00:20:00,estimate,sw-core-01,port-id7430,uplink,10.589310
2026-01-28 00:25:00,estimate,sw-core-01,port-id7430,uplink,20.437608
2026-01-28 00:30:00,estimate,sw-core-01,port-id7430,uplink,14.775092
2026-01-28 00:35:00,estimate,sw-core-01,port-id7430,uplink,17.283706
2026-01-28 00:40:00,estimate,sw-core-01,port-id7430,uplink,18.210561
2026-01-28 00:45:00,estimate,sw-core-01,port-id7430,uplink,20.366268
2026-01-28 00:50:00,estimate,sw-core-01,port-id7430,uplink,15.636317
2026-01-28 00:55:00,estimate,sw-core-01,port-id7430,uplink,20.605847
2026-01-28 01:00:00,estimate,sw-core-01,port-id7430,uplink,12.086283
2026-01-28 01:05:00,estimate,sw-core-01,port-id7430,uplink,19.806963
2026-01-28 01:10:00,estimate,sw-core-01,port-id7430,uplink,14.506035
2026-01-28 01:15:00,estimate,sw-core-01,port-id7430,uplink,12.695452
2026-01-28 01:20:00,estimate,sw-core-01,port-id7430,uplink,7.844042
2026-01-28 01:25:00,estimate,sw-core-01,port-id7430,uplink,15.141552
2026-01-28 01:30:00,estimate,sw-core-01,port-id7430,uplink,17.886860
2026-01-28 01:35:00,estimate,sw-core-01,port-id7430,uplink,11.544454
2026-01-28 01:40:00,estimate,sw-core-01,port-id7430,uplink,17.707269
2026-01-28 01:45:00,estimate,sw-core-01,port-id7430,uplink,16.420704
2026-01-28 01:50:00,estimate,sw-core-01,port-id7430,uplink,17.990276
2026-01-28 01:55:00,estimate,sw-core-01,port-id7430,uplink,13.202092
2026-01-28 02:00:00,estimate,sw-core-01,port-id7430,uplink,11.802152
2026-01-28 02:05:00,estimate,sw-core-01,port-id7430,uplink,13.728698
2026-01-28 02:10:00,estimate,sw-core-01,port-id7430,uplink,12.225538
2026-01-28 02:15:00,estimate,sw-core-01,port-id7430,uplink,19.238316
2026-01-28 02:20:00,estimate,sw-core-01,port-id7430,uplink,11.157611
2026-01-28 02:25:00,estimate,sw-core-01,port-id7430,uplink,16.089240
2026-01-28 02:30:00,estimate,sw-core-01,port-id7430,uplink,20.245387
2026-01-28 02:35:00,estimate,sw-core-01,port-id7430,uplink,15.529904
2026-01-28 02:40:00,estimate,sw-core-01,port-id7430,uplink,16.514784
2026-01-28 02:45:00,estimate,sw-core-01,port-id7430,uplink,12.448566
2026-01-28 02:50:00,estimate,sw-core-01,port-id7430,uplink,11.935102
2026-01-28 02:55:00,estimate,sw-core-01,port-id7430,uplink,18.564412
2026-01-28 03:00:00,estimate,sw-core-01,port-id7430,uplink,16.243062
2026-01-28 03:05:00,estimate,sw-core-01,port-id7430,uplink,11.161084
2026-01-28 03:10:00,estimate,sw-core-01,port-id7430,uplink,16.849910
2026-01-28 03:15:00,estimate,sw-core-01,port-id7430,uplink,16.435130
2026-01-28 03:20:00,estimate,sw-core-01,port-id7430,uplink,10.477853
2026-01-28 03:25:00,estimate,sw-core-01,port-id7430,uplink,17.189474
2026-01-28 03:30:00,estimate,sw-core-01,port-id7430,uplink,12.398994
2026-01-28 03:35:00,estimate,sw-core-01,port-id7430,uplink,15.877938
2026-01-28 03:40:00,estimate,sw-core-01,port-id7430,uplink,15.046664
2026-01-28 03:45:00,estimate,sw-core-01,port-id7430,uplink,12.090804
2026-01-28 03:50:00,estimate,sw-core-01,port-id7430,uplink,16.456629
2026-01-28 03:55:00,estimate,sw-core-01,port-id7430,uplink,14.304173
2026-01-28 04:00:00,estimate,sw-core-01,port-id7430,uplink,16.934459
2026-01-28 04:05:00,estimate,sw-core-01,port-id7430,uplink,11.908172
2026-01-28 04:10:00,estimate,sw-core-01,port-id7430,uplink,11.289929
2026-01-28 04:15:00,estimate,sw-core-01,port-id7430,uplink,13.825713
2026-01-28 04:20:00,estimate,sw-core-01,port-id7430,uplink,16.784948
2026-01-28 04:25:00,estimate,sw-core-01,port-id7430,uplink,11.678599
2026-01-28 04:30:00,estimate,sw-core-01,port-id7430,uplink,18.142170
2026-01-28 04:35:00,estimate,sw-core-01,port-id7430,uplink,13.599372
2026-01-28 04:40:00,estimate,sw-core-01,port-id7430,uplink,17.382010
2026-01-28 04:45:00,estimate,sw-core-01,port-id7430,uplink,13.663166
2026-01-28 04:50:00,estimate,sw-core-01,port-id7430,uplink,14.952965
2026-01-28 04:55:00,estimate,sw-core-01,port-id7430,uplink,16.168821
2026-01-28 05:00:00,estimate,sw-core-01,port-id7430,uplink,15.950703
2026-01-28 05:05:00,estimate,sw-core-01,port-id7430,uplink,14.454892
2026-01-28 05:10:00,estimate,sw-core-01,port-id7430,uplink,14.193640
2026-01-28 05:15:00,estimate,sw-core-01,port-id7430,uplink,16.889812
2026-01-28 05:20:00,estimate,sw-core-01,port-id7430,uplink,19.117122
2026-01-28 05:25:00,estimate,sw-core-01,port-id7430,uplink,15.901198
2026-01-28 05:30:00,estimate,sw-core-01,port-id7430,uplink,11.445819
2026-01-28 05:35:00,estimate,sw-core-01,port-id7430,uplink,17.406701
2026-01-28 05:40:00,estimate,sw-core-01,port-id7430,uplink,17.265067
2026-01-28 05:45:00,estimate,sw-core-01,port-id7430,uplink,20.245580
2026-01-28 05:50:00,estimate,sw-core-01,port-id7430,uplink,17.941619
2026-01-28 05:55:00,estimate,sw-core-01,port-id7430,uplink,20.533199
2026-01-28 06:00:00,estimate,sw-core-01,port-id7430,uplink,19.858758
2026-01-28 06:05:00,estimate,sw-core-01,port-id7430,uplink,14.067830
2026-01-28 06:10:00,estimate,sw-core-01,port-id7430,uplink,20.505847
2026-01-28 06:15:00,estimate,sw-core-01,port-id7430,uplink,20.578709
2026-01-28 06:20:00,estimate,sw-core-01,port-id7430,uplink,18.824391
2026-01-28 06:25:00,estimate,sw-core-01,port-id7430,uplink,24.682164
2026-01-28 06:30:00,estimate,sw-core-01,port-id7430,uplink,23.971279
2026-01-28 06:35:00,estimate,sw-core-01,port-id7430,uplink,27.224101
2026-01-28 06:40:00,estimate,sw-core-01,port-id7430,uplink,25.024729
2026-01-28 06:45:00,estimate,sw-core-01,port-id7430,uplink,24.258866
2026-01-28 06:50:00,estimate,sw-core-01,port-id7430,uplink,27.227781
2026-01-28 06:55:00,estimate,sw-core-01,port-id7430,uplink,29.076004
2026-01-28 07:00:00,estimate,sw-core-01,port-id7430,uplink,32.041386
2026-01-28 07:05:00,estimate,sw-core-01,port-id7430,uplink,31.753402
2026-01-28 07:10:00,estimate,sw-core-01,port-id7430,uplink,31.534904
2026-01-28 07:15:00,estimate,sw-core-01,port-id7430,uplink,34.181747
2026-01-28 07:20:00,estimate,sw-core-01,port-id7430,uplink,35.942625
2026-01-28 07:25:00,estimate,sw-core-01,port-id7430,uplink,40.356422
2026-01-28 07:30:00,estimate,sw-core-01,port-id7430,uplink,31.467498
2026-01-28 07:35:00,estimate,sw-core-01,port-id7430,uplink,34.907781
2026-01-28 07:40:00,estimate,sw-core-01,port-id7430,uplink,42.709231
2026-01-28 07:45:00,estimate,sw-core-01,port-id7430,uplink,37.527902
2026-01-28 07:50:00,estimate,sw-core-01,port-id7430,uplink,37.045996
2026-01-28 07:55:00,estimate,sw-core-01,port-id7430,uplink,35.326264
2026-01-28 08:00:00,estimate,sw-core-01,port-id7430,uplink,41.185384
2026-01-28 08:05:00,estimate,sw-core-01,port-id7430,uplink,40.298786
2026-01-28 08:10:00,estimate,sw-core-01,port-id7430,uplink,37.128724
2026-01-28 08:15:00,estimate,sw-core-01,port-id7430,uplink,39.727549
2026-01-28 08:20:00,estimate,sw-core-01,port-id7430,uplink,48.668326
2026-01-28 08:25:00,estimate,sw-core-01,port-id7430,uplink,40.454630
2026-01-28 08:30:00,estimate,sw-core-01,port-id7430,uplink,46.114124
2026-01-28 08:35:00,estimate,sw-core-01,port-id7430,uplink,43.233936
2026-01-28 08:40:00,estimate,sw-core-01,port-id7430,uplink,42.473177
2026-01-28 08:45:00,estimate,sw-core-01,port-id7430,uplink,39.983230
2026-01-28 08:50:00,estimate,sw-core-01,port-id7430,uplink,43.306467
2026-01-28 08:55:00,estimate,sw-core-01,port-id7430,uplink,45.282248
2026-01-28 09:00:00,estimate,sw-core-01,port-id7430,uplink,44.296899
2026-01-28 09:05:00,estimate,sw-core-01,port-id7430,uplink,46.517123
2026-01-28 09:10:00,estimate,sw-core-01,port-id7430,uplink,44.669899
2026-01-28 09:15:00,estimate,sw-core-01,port-id7430,uplink,43.131004
2026-01-28 09:20:00,estimate,sw-core-01,port-id7430,uplink,44.243233
2026-01-28 09:25:00,estimate,sw-core-01,port-id7430,uplink,42.830681
2026-01-28 09:30:00,estimate,sw-core-01,port-id7430,uplink,41.746425
2026-01-28 09:35:00,estimate,sw-core-01,port-id7430,uplink,44.684350
2026-01-28 09:40:00,estimate,sw-core-01,port-id7430,uplink,44.263964
2026-01-28 09:45:00,estimate,sw-core-01,port-id7430,uplink,39.354668
2026-01-28 09:50:00,estimate,sw-core-01,port-id7430,uplink,50.920730
2026-01-28 09:55:00,estimate,sw-core-01,port-id7430,uplink,45.728063
2026-01-28 10:00:00,estimate,sw-core-01,port-id7430,uplink,43.843260
2026-01-28 10:05:00,estimate,sw-core-01,port-id7430,uplink,42.089503
2026-01-28 10:10:00,estimate,sw-core-01,port-id7430,uplink,42.833266
2026-01-28 10:15:00,estimate,sw-core-01,port-id7430,uplink,42.355296
2026-01-28 10:20:00,estimate,sw-core-01,port-id7430,uplink,46.079193
2026-01-28 10:25:00,estimate,sw-core-01,port-id7430,uplink,45.269843
2026-01-28 10:30:00,estimate,sw-core-01,port-id7430,uplink,41.418391
2026-01-28 10:35:00,estimate,sw-core-01,port-id7430,uplink,44.965487
2026-01-28 10:40:00,estimate,sw-core-01,port-id7430,uplink,47.806281
2026-01-28 10:45:00,estimate,sw-core-01,port-id7430,uplink,46.211296
2026-01-28 10:50:00,estimate,sw-core-01,port-id7430,uplink,47.225079
2026-01-28 10:55:00,estimate,sw-core-01,port-id7430,uplink,42.177880
2026-01-28 11:00:00,estimate,sw-core-01,port-id7430,uplink,45.099553
2026-01-28 11:05:00,estimate,sw-core-01,port-id7430,uplink,41.438186
2026-01-28 11:10:00,estimate,sw-core-01,port-id7430,uplink,49.916299
2026-01-28 11:15:00,estimate,sw-core-01,port-id7430,uplink,43.798417
2026-01-28 11:20:00,estimate,sw-core-01,port-id7430,uplink,44.637663
2026-01-28 11:25:00,estimate,sw-core-01,port-id7430,uplink,45.588886
2026-01-28 11:30:00,estimate,sw-core-01,port-id7430,uplink,45.643007
2026-01-28 11:35:00,estimate,sw-core-01,port-id7430,uplink,40.395551
2026-01-28 11:40:00,estimate,sw-core-01,port-id7430,uplink,52.419628
2026-01-28 11:45:00,estimate,sw-core-01,port-id7430,uplink,46.654717
2026-01-28 11:50:00,estimate,sw-core-01,port-id7430,uplink,45.613902
2026-01-28 11:55:00,estimate,sw-core-01,port-id7430,uplink,42.233329
2026-01-28 12:00:00,estimate,sw-core-01,port-id7430,uplink,43.028809
2026-01-28 12:05:00,estimate,sw-core-01,port-id7430,uplink,49.812647
2026-01-28 12:10:00,estimate,sw-core-01,port-id7430,uplink,47.913312
2026-01-28 12:15:00,estimate,sw-core-01,port-id7430,uplink,43.205766
2026-01-28 12:20:00,estimate,sw-core-01,port-id7430,uplink,48.444871
2026-01-28 12:25:00,estimate,sw-core-01,port-id7430,uplink,42.489672
2026-01-28 12:30:00,estimate,sw-core-01,port-id7430,uplink,45.141670
2026-01-28 12:35:00,estimate,sw-core-01,port-id7430,uplink,48.369179
2026-01-28 12:40:00,estimate,sw-core-01,port-id7430,uplink,46.137411
2026-01-28 12:45:00,estimate,sw-core-01,port-id7430,uplink,43.285825
2026-01-28 12:50:00,estimate,sw-core-01,port-id7430,uplink,43.172597
2026-01-28 12:55:00,estimate,sw-core-01,port-id7430,uplink,45.228430
2026-01-28 13:00:00,estimate,sw-core-01,port-id7430,uplink,46.753086
2026-01-28 13:05:00,estimate,sw-core-01,port-id7430,uplink,42.823607
2026-01-28 13:10:00,estimate,sw-core-01,port-id7430,uplink,50.984998
2026-01-28 13:15:00,estimate,sw-core-01,port-id7430,uplink,43.412373
2026-01-28 13:20:00,estimate,sw-core-01,port-id7430,uplink,36.886791
2026-01-28 13:25:00,estimate,sw-core-01,port-id7430,uplink,43.326583
2026-01-28 13:30:00,estimate,sw-core-01,port-id7430,uplink,42.753139
2026-01-28 13:35:00,estimate,sw-core-01,port-id7430,uplink,47.093324
2026-01-28 13:40:00,estimate,sw-core-01,port-id7430,uplink,43.659896
2026-01-28 13:45:00,estimate,sw-core-01,port-id7430,uplink,44.084685
2026-01-28 13:50:00,estimate,sw-core-01,port-id7430,uplink,49.008497
2026-01-28 13:55:00,estimate,sw-core-01,port-id7430,uplink,45.166104
2026-01-28 14:00:00,estimate,sw-core-01,port-id7430,uplink,50.437272
2026-01-28 14:05:00,estimate,sw-core-01,port-id7430,uplink,44.345675
2026-01-28 14:10:00,estimate,sw-core-01,port-id7430,uplink,41.640961
2026-01-28 14:15:00,estimate,sw-core-01,port-id7430,uplink,42.983726
2026-01-28 14:20:00,estimate,sw-core-01,port-id7430,uplink,47.502143
2026-01-28 14:25:00,estimate,sw-core-01,port-id7430,uplink,46.549425
2026-01-28 14:30:00,estimate,sw-core-01,port-id7430,uplink,46.140127
2026-01-28 14:35:00,estimate,sw-core-01,port-id7430,uplink,44.903050
2026-01-28 14:40:00,estimate,sw-core-01,port-id7430,uplink,45.527669
2026-01-28 14:45:00,estimate,sw-core-01,port-id7430,uplink,44.942995
2026-01-28 14:50:00,estimate,sw-core-01,port-id7430,uplink,46.926992
2026-01-28 14:55:00,estimate,sw-core-01,port-id7430,uplink,47.090929
2026-01-28 15:00:00,estimate,sw-core-01,port-id7430,uplink,45.413984
2026-01-28 15:05:00,estimate,sw-core-01,port-id7430,uplink,48.726037
2026-01-28 15:10:00,estimate,sw-core-01,port-id7430,uplink,46.607644
2026-01-28 15:15:00,estimate,sw-core-01,port-id7430,uplink,44.558350
2026-01-28 15:20:00,estimate,sw-core-01,port-id7430,uplink,45.118140
2026-01-28 15:25:00,estimate,sw-core-01,port-id7430,uplink,44.024904
2026-01-28 15:30:00,estimate,sw-core-01,port-id7430,uplink,45.785519
2026-01-28 15:35:00,estimate,sw-core-01,port-id7430,uplink,39.999479
2026-01-28 15:40:00,estimate,sw-core-01,port-id7430,uplink,43.087026
2026-01-28 15:45:00,estimate,sw-core-01,port-id7430,uplink,51.822639
2026-01-28 15:50:00,estimate,sw-core-01,port-id7430,uplink,40.969554
2026-01-28 15:55:00,estimate,sw-core-01,port-id7430,uplink,42.441590
2026-01-28 16:00:00,estimate,sw-core-01,port-id7430,uplink,48.919917
2026-01-28 16:05:00,estimate,sw-core-01,port-id7430,uplink,46.144022
2026-01-28 16:10:00,estimate,sw-core-01,port-id7430,uplink,41.995618
2026-01-28 16:15:00,estimate,sw-core-01,port-id7430,uplink,42.381011
2026-01-28 16:20:00,estimate,sw-core-01,port-id7430,uplink,48.820022
2026-01-28 16:25:00,estimate,sw-core-01,port-id7430,uplink,42.147913
2026-01-28 16:30:00,estimate,sw-core-01,port-id7430,uplink,47.722431
2026-01-28 16:35:00,estimate,sw-core-01,port-id7430,uplink,40.190832
2026-01-28 16:40:00,estimate,sw-core-01,port-id7430,uplink,43.977723
2026-01-28 16:45:00,estimate,sw-core-01,port-id7430,uplink,41.591718
2026-01-28 16:50:00,estimate,sw-core-01,port-id7430,uplink,49.574706
2026-01-28 16:55:00,estimate,sw-core-01,port-id7430,uplink,46.670321
2026-01-28 17:00:00,estimate,sw-core-01,port-id7430,uplink,44.492371
2026-01-28 17:05:00,estimate,sw-core-01,port-id7430,uplink,48.766892
2026-01-28 17:10:00,estimate,sw-core-01,port-id7430,uplink,44.172602
2026-01-28 17:15:00,estimate,sw-core-01,port-id7430,uplink,43.602444
2026-01-28 17:20:00,estimate,sw-core-01,port-id7430,uplink,44.561497
2026-01-28 17:25:00,estimate,sw-core-01,port-id7430,uplink,44.706087
2026-01-28 17:30:00,estimate,sw-core-01,port-id7430,uplink,42.927055
2026-01-28 17:35:00,estimate,sw-core-01,port-id7430,uplink,42.726965
2026-01-28 17:40:00,estimate,sw-core-01,port-id7430,uplink,45.334732
2026-01-28 17:45:00,estimate,sw-core-01,port-id7430,uplink,47.313761
2026-01-28 17:50:00,estimate,sw-core-01,port-id7430,uplink,41.527854
2026-01-28 17:55:00,estimate,sw-core-01,port-id7430,uplink,43.634414
2026-01-28 18:00:00,estimate,sw-core-01,port-id7430,uplink,45.633465
2026-01-28 18:05:00,estimate,sw-core-01,port-id7430,uplink,44.643828
2026-01-28 18:10:00,estimate,sw-core-01,port-id7430,uplink,45.150276
2026-01-28 18:15:00,estimate,sw-core-01,port-id7430,uplink,42.594888
2026-01-28 18:20:00,estimate,sw-core-01,port-id7430,uplink,38.477382
2026-01-28 18:25:00,estimate,sw-core-01,port-id7430,uplink,39.498893
2026-01-28 18:30:00,estimate,sw-core-01,port-id7430,uplink,38.975696
2026-01-28 18:35:00,estimate,sw-core-01,port-id7430,uplink,35.960577
2026-01-28 18:40:00,estimate,sw-core-01,port-id7430,uplink,41.191033
2026-01-28 18:45:00,estimate,sw-core-01,port-id7430,uplink,39.343710
2026-01-28 18:50:00,estimate,sw-core-01,port-id7430,uplink,36.990401
2026-01-28 18:55:00,estimate,sw-core-01,port-id7430,uplink,38.619313
2026-01-28 19:00:00,estimate,sw-core-01,port-id7430,uplink,34.449605
2026-01-28 19:05:00,estimate,sw-core-01,port-id7430,uplink,35.029112
2026-01-28 19:10:00,estimate,sw-core-01,port-id7430,uplink,38.555345
2026-01-28 19:15:00,estimate,sw-core-01,port-id7430,uplink,33.161641
2026-01-28 19:20:00,estimate,sw-core-01,port-id7430,uplink,34.212023
2026-01-28 19:25:00,estimate,sw-core-01,port-id7430,uplink,30.721011
2026-01-28 19:30:00,estimate,sw-core-01,port-id7430,uplink,27.720127
2026-01-28 19:35:00,estimate,sw-core-01,port-id7430,uplink,26.161925
2026-01-28 19:40:00,estimate,sw-core-01,port-id7430,uplink,30.155206
2026-01-28 19:45:00,estimate,sw-core-01,port-id7430,uplink,27.499158
2026-01-28 19:50:00,estimate,sw-core-01,port-id7430,uplink,27.871951
2026-01-28 19:55:00,estimate,sw-core-01,port-id7430,uplink,27.927948
2026-01-28 20:00:00,estimate,sw-core-01,port-id7430,uplink,28.136468
2026-01-28 20:05:00,estimate,sw-core-01,port-id7430,uplink,24.785567
2026-01-28 20:10:00,estimate,sw-core-01,port-id7430,uplink,20.457283
2026-01-28 20:15:00,estimate,sw-core-01,port-id7430,uplink,17.589819
2026-01-28 20:20:00,estimate,sw-core-01,port-id7430,uplink,25.468996
2026-01-28 20:25:00,estimate,sw-core-01,port-id7430,uplink,24.759938
2026-01-28 20:30:00,estimate,sw-core-01,port-id7430,uplink,19.282931
2026-01-28 20:35:00,estimate,sw-core-01,port-id7430,uplink,20.731350
2026-01-28 20:40:00,estimate,sw-core-01,port-id7430,uplink,22.808319
2026-01-28 20:45:00,estimate,sw-core-01,port-id7430,uplink,21.382552
2026-01-28 20:50:00,estimate,sw-core-01,port-id7430,uplink,20.139939
2026-01-28 20:55:00,estimate,sw-core-01,port-id7430,uplink,13.899613
2026-01-28 21:00:00,estimate,sw-core-01,port-id7430,uplink,13.066427
2026-01-28 21:05:00,estimate,sw-core-01,port-id7430,uplink,19.057838
2026-01-28 21:10:00,estimate,sw-core-01,port-id7430,uplink,14.436147
2026-01-28 21:15:00,estimate,sw-core-01,port-id7430,uplink,14.547091
2026-01-28 21:20:00,estimate,sw-core-01,port-id7430,uplink,19.035754
2026-01-28 21:25:00,estimate,sw-core-01,port-id7430,uplink,13.827029
2026-01-28 21:30:00,estimate,sw-core-01,port-id7430,uplink,15.471532
2026-01-28 21:35:00,estimate,sw-core-01,port-id7430,uplink,22.842142
2026-01-28 21:40:00,estimate,sw-core-01,port-id7430,uplink,9.577915
2026-01-28 21:45:00,estimate,sw-core-01,port-id7430,uplink,18.090185
2026-01-28 21:50:00,estimate,sw-core-01,port-id7430,uplink,11.015787
2026-01-28 21:55:00,estimate,sw-core-01,port-id7430,uplink,12.959625
2026-01-28 22:00:00,estimate,sw-core-01,port-id7430,uplink,10.615260
2026-01-28 22:05:00,estimate,sw-core-01,port-id7430,uplink,14.705557
2026-01-28 22:10:00,estimate,sw-core-01,port-id7430,uplink,13.083591
2026-01-28 22:15:00,estimate,sw-core-01,port-id7430,uplink,17.059364
2026-01-28 22:20:00,estimate,sw-core-01,port-id7430,uplink,14.451006
2026-01-28 22:25:00,estimate,sw-core-01,port-id7430,uplink,12.202736
2026-01-28 22:30:00,estimate,sw-core-01,port-id7430,uplink,16.237959
2026-01-28 22:35:00,estimate,sw-core-01,port-id7430,uplink,21.247743
2026-01-28 22:40:00,estimate,sw-core-01,port-id7430,uplink,9.636818
2026-01-28 22:45:00,estimate,sw-core-01,port-id7430,uplink,12.474096
2026-01-28 22:50:00,estimate,sw-core-01,port-id7430,uplink,14.754298
2026-01-28 22:55:00,estimate,sw-core-01,port-id7430,uplink,13.066327
2026-01-28 23:00:00,estimate,sw-core-01,port-id7430,uplink,16.666854
2026-01-28 23:05:00,estimate,sw-core-01,port-id7430,uplink,15.576581
2026-01-28 23:10:00,estimate,sw-core-01,port-id7430,uplink,18.141822
2026-01-28 23:15:00,estimate,sw-core-01,port-id7430,uplink,17.832293
2026-01-28 23:20:00,estimate,sw-core-01,port-id7430,uplink,18.681582
2026-01-28 23:25:00,estimate,sw-core-01,port-id7430,uplink,18.896389
2026-01-28 23:30:00,estimate,sw-core-01,port-id7430,uplink,12.706263
2026-01-28 23:35:00,estimate,sw-core-01,port-id7430,uplink,12.443676
2026-01-28 23:40:00,estimate,sw-core-01,port-id7430,uplink,10.751753
2026-01-28 23:45:00,estimate,sw-core-01,port-id7430,uplink,18.447465
2026-01-28 23:50:00,estimate,sw-core-01,port-id7430,uplink,16.213142
2026-01-28 23:55:00,estimate,sw-core-01,port-id7430,uplink,16.665247
2026-01-29 00:00:00,estimate,sw-core-01,port-id7430,uplink,16.706129
2026-01-29 00:05:00,estimate,sw-core-01,port-id7430,uplink,12.961311
2026-01-29 00:10:00,estimate,sw-core-01,port-id7430,uplink,12.735443
2026-01-29 00:15:00,estimate,sw-core-01,port-id7430,uplink,10.456851
2026-01-29 00:20:00,estimate,sw-core-01,port-id7430,uplink,18.015446
2026-01-29 00:25:00,estimate,sw-core-01,port-id7430,uplink,13.990054
2026-01-29 00:30:00,estimate,sw-core-01,port-id7430,uplink,16.931920
2026-01-29 00:35:00,estimate,sw-core-01,port-id7430,uplink,12.675686
2026-01-29 00:40:00,estimate,sw-core-01,port-id7430,uplink,14.925478
2026-01-29 00:45:00,estimate,sw-core-01,port-id7430,uplink,14.948131
2026-01-29 00:50:00,estimate,sw-core-01,port-id7430,uplink,13.197496
2026-01-29 00:55:00,estimate,sw-core-01,port-id7430,uplink,15.771213
2026-01-29 01:00:00,estimate,sw-core-01,port-id7430,uplink,10.634282
2026-01-29 01:05:00,estimate,sw-core-01,port-id7430,uplink,11.846548
2026-01-29 01:10:00,estimate,sw-core-01,port-id7430,uplink,9.955551
2026-01-29 01:15:00,estimate,sw-core-01,port-id7430,uplink,16.598423
2026-01-29 01:20:00,estimate,sw-core-01,port-id7430,uplink,11.807679
2026-01-29 01:25:00,estimate,sw-core-01,port-id7430,uplink,15.628926
2026-01-29 01:30:00,estimate,sw-core-01,port-id7430,uplink,13.816846
2026-01-29 01:35:00,estimate,sw-core-01,port-id7430,uplink,20.684053
2026-01-29 01:40:00,estimate,sw-core-01,port-id7430,uplink,15.432378
2026-01-29 01:45:00,estimate,sw-core-01,port-id7430,uplink,14.749584
2026-01-29 01:50:00,estimate,sw-core-01,port-id7430,uplink,11.777069
2026-01-29 01:55:00,estimate,sw-core-01,port-id7430,uplink,14.866525
2026-01-29 02:00:00,estimate,sw-core-01,port-id7430,uplink,14.128047
2026-01-29 02:05:00,estimate,sw-core-01,port-id7430,uplink,14.196065
2026-01-29 02:10:00,estimate,sw-core-01,port-id7430,uplink,15.170750
2026-01-29 02:15:00,estimate,sw-core-01,port-id7430,uplink,14.234150
2026-01-29 02:20:00,estimate,sw-core-01,port-id7430,uplink,11.628205
2026-01-29 02:25:00,estimate,sw-core-01,port-id7430,uplink,14.954545
2026-01-29 02:30:00,estimate,sw-core-01,port-id7430,uplink,11.290407
2026-01-29 02:35:00,estimate,sw-core-01,port-id7430,uplink,16.619049
2026-01-29 02:40:00,estimate,sw-core-01,port-id7430,uplink,16.862976
2026-01-29 02:45:00,estimate,sw-core-01,port-id7430,uplink,18.153403
2026-01-29 02:50:00,estimate,sw-core-01,port-id7430,uplink,15.816270
2026-01-29 02:55:00,estimate,sw-core-01,port-id7430,uplink,18.425661
2026-01-29 03:00:00,estimate,sw-core-01,port-id7430,uplink,19.101786
2026-01-29 03:05:00,estimate,sw-core-01,port-id7430,uplink,9.161417
2026-01-29 03:10:00,estimate,sw-core-01,port-id7430,uplink,13.831234
2026-01-29 03:15:00,estimate,sw-core-01,port-id7430,uplink,19.835452
2026-01-29 03:20:00,estimate,sw-core-01,port-id7430,uplink,16.606013
2026-01-29 03:25:00,estimate,sw-core-01,port-id7430,uplink,13.023148
2026-01-29 03:30:00,estimate,sw-core-01,port-id7430,uplink,16.572835
2026-01-29 03:35:00,estimate,sw-core-01,port-id7430,uplink,15.374634
2026-01-29 03:40:00,estimate,sw-core-01,port-id7430,uplink,15.371514
2026-01-29 03:45:00,estimate,sw-core-01,port-id7430,uplink,19.524268
2026-01-29 03:50:00,estimate,sw-core-01,port-id7430,uplink,18.428015
2026-01-29 03:55:00,estimate,sw-core-01,port-id7430,uplink,16.570395
2026-01-29 04:00:00,estimate,sw-core-01,port-id7430,uplink,13.615743
2026-01-29 04:05:00,estimate,sw-core-01,port-id7430,uplink,16.299228
2026-01-29 04:10:00,estimate,sw-core-01,port-id7430,uplink,19.132398
2026-01-29 04:15:00,estimate,sw-core-01,port-id7430,uplink,13.360535
2026-01-29 04:20:00,estimate,sw-core-01,port-id7430,uplink,15.436082
2026-01-29 04:25:00,estimate,sw-core-01,port-id7430,uplink,12.993705
2026-01-29 04:30:00,estimate,sw-core-01,port-id7430,uplink,8.214774
2026-01-29 04:35:00,estimate,sw-core-01,port-id7430,uplink,9.365479
2026-01-29 04:40:00,estimate,sw-core-01,port-id7430,uplink,13.693437
2026-01-29 04:45:00,estimate,sw-core-01,port-id7430,uplink,15.713260
2026-01-29 04:50:00,estimate,sw-core-01,port-id7430,uplink,11.832374
2026-01-29 04:55:00,estimate,sw-core-01,port-id7430,uplink,11.440905
2026-01-29 05:00:00,estimate,sw-core-01,port-id7430,uplink,17.437667
2026-01-29 05:05:00,estimate,sw-core-01,port-id7430,uplink,15.634377
2026-01-29 05:10:00,estimate,sw-core-01,port-id7430,uplink,21.160635
2026-01-29 05:15:00,estimate,sw-core-01,port-id7430,uplink,18.358641
2026-01-29 05:20:00,estimate,sw-core-01,port-id7430,uplink,19.744978
2026-01-29 05:25:00,estimate,sw-core-01,port-id7430,uplink,13.119093
2026-01-29 05:30:00,estimate,sw-core-01,port-id7430,uplink,19.554209
2026-01-29 05:35:00,estimate,sw-core-01,port-id7430,uplink,19.413423
2026-01-29 05:40:00,estimate,sw-core-01,port-id7430,uplink,16.711379
2026-01-29 05:45:00,estimate,sw-core-01,port-id7430,uplink,18.153396
2026-01-29 05:50:00,estimate,sw-core-01,port-id7430,uplink,17.573846
2026-01-29 05:55:00,estimate,sw-core-01,port-id7430,uplink,21.913241
2026-01-29 06:00:00,estimate,sw-core-01,port-id7430,uplink,23.307118
2026-01-29 06:05:00,estimate,sw-core-01,port-id7430,uplink,23.417119
2026-01-29 06:10:00,estimate,sw-core-01,port-id7430,uplink,15.806164
2026-01-29 06:15:00,estimate,sw-core-01,port-id7430,uplink,20.427593
2026-01-29 06:20:00,estimate,sw-core-01,port-id7430,uplink,21.798281
2026-01-29 06:25:00,estimate,sw-core-01,port-id7430,uplink,20.965372
2026-01-29 06:30:00,estimate,sw-core-01,port-id7430,uplink,27.887892
2026-01-29 06:35:00,estimate,sw-core-01,port-id7430,uplink,20.444852
2026-01-29 06:40:00,estimate,sw-core-01,port-id7430,uplink,22.389761
2026-01-29 06:45:00,estimate,sw-core-01,port-id7430,uplink,28.322900
2026-01-29 06:50:00,estimate,sw-core-01,port-id7430,uplink,35.100605
2026-01-29 06:55:00,estimate,sw-core-01,port-id7430,uplink,26.811129
2026-01-29 07:00:00,estimate,sw-core-01,port-id7430,uplink,27.919180
2026-01-29 07:05:00,estimate,sw-core-01,port-id7430,uplink,27.748658
2026-01-29 07:10:00,estimate,sw-core-01,port-id7430,uplink,34.576318
2026-01-29 07:15:00,estimate,sw-core-01,port-id7430,uplink,37.147522
2026-01-29 07:20:00,estimate,sw-core-01,port-id7430,uplink,35.528693
2026-01-29 07:25:00,estimate,sw-core-01,port-id7430,uplink,30.202301
2026-01-29 07:30:00,estimate,sw-core-01,port-id7430,uplink,35.647819
2026-01-29 07:35:00,estimate,sw-core-01,port-id7430,uplink,34.290898
2026-01-29 07:40:00,estimate,sw-core-01,port-id7430,uplink,38.632415
2026-01-29 07:45:00,estimate,sw-core-01,port-id7430,uplink,38.202554
2026-01-29 07:50:00,estimate,sw-core-01,port-id7430,uplink,40.308142
2026-01-29 07:55:00,estimate,sw-core-01,port-id7430,uplink,35.479265
2026-01-29 08:00:00,estimate,sw-core-01,port-id7430,uplink,39.010164
2026-01-29 08:05:00,estimate,sw-core-01,port-id7430,uplink,38.951412
2026-01-29 08:10:00,estimate,sw-core-01,port-id7430,uplink,44.384153
2026-01-29 08:15:00,estimate,sw-core-01,port-id7430,uplink,48.888974
2026-01-29 08:20:00,estimate,sw-core-01,port-id7430,uplink,45.980250
2026-01-29 08:25:00,estimate,sw-core-01,port-id7430,uplink,44.769553
2026-01-29 08:30:00,estimate,sw-core-01,port-id7430,uplink,44.800208
2026-01-29 08:35:00,estimate,sw-core-01,port-id7430,uplink,40.624830
2026-01-29 08:40:00,estimate,sw-core-01,port-id7430,uplink,41.247621
2026-01-29 08:45:00,estimate,sw-core-01,port-id7430,uplink,42.283356
2026-01-29 08:50:00,estimate,sw-core-01,port-id7430,uplink,45.425126
2026-01-29 08:55:00,estimate,sw-core-01,port-id7430,uplink,42.342489
2026-01-29 09:00:00,estimate,sw-core-01,port-id7430,uplink,43.502539
2026-01-29 09:05:00,estimate,sw-core-01,port-id7430,uplink,46.123342
2026-01-29 09:10:00,estimate,sw-core-01,port-id7430,uplink,45.382657
2026-01-29 09:15:00,estimate,sw-core-01,port-id7430,uplink,50.214571
2026-01-29 09:20:00,estimate,sw-core-01,port-id7430,uplink,50.126850
2026-01-29 09:25:00,estimate,sw-core-01,port-id7430,uplink,43.889536
2026-01-29 09:30:00,estimate,sw-core-01,port-id7430,uplink,44.855139
2026-01-29 09:35:00,estimate,sw-core-01,port-id7430,uplink,44.244758
2026-01-29 09:40:00,estimate,sw-core-01,port-id7430,uplink,50.653377
2026-01-29 09:45:00,estimate,sw-core-01,port-id7430,uplink,43.649780
2026-01-29 09:50:00,estimate,sw-core-01,port-id7430,uplink,47.990566
2026-01-29 09:55:00,estimate,sw-core-01,port-id7430,uplink,43.024983
2026-01-29 10:00:00,estimate,sw-core-01,port-id7430,uplink,44.528054
2026-01-29 10:05:00,estimate,sw-core-01,port-id7430,uplink,42.032305
2026-01-29 10:10:00,estimate,sw-core-01,port-id7430,uplink,48.385114
2026-01-29 10:15:00,estimate,sw-core-01,port-id7430,uplink,41.905272
2026-01-29 10:20:00,estimate,sw-core-01,port-id7430,uplink,45.835258
2026-01-29 10:25:00,estimate,sw-core-01,port-id7430,uplink,45.425167
2026-01-29 10:30:00,estimate,sw-core-01,port-id7430,uplink,41.773612
2026-01-29 10:35:00,estimate,sw-core-01,port-id7430,uplink,44.611098
2026-01-29 10:40:00,estimate,sw-core-01,port-id7430,uplink,44.737238
2026-01-29 10:45:00,estimate,sw-core-01,port-id7430,uplink,45.706564
2026-01-29 10:50:00,estimate,sw-core-01,port-id7430,uplink,42.514254
2026-01-29 10:55:00,estimate,sw-core-01,port-id7430,uplink,45.756982
2026-01-29 11:00:00,estimate,sw-core-01,port-id7430,uplink,47.145262
2026-01-29 11:05:00,estimate,sw-core-01,port-id7430,uplink,42.360311
2026-01-29 11:10:00,estimate,sw-core-01,port-id7430,uplink,43.461489
2026-01-29 11:15:00,estimate,sw-core-01,port-id7430,uplink,40.218923
2026-01-29 11:20:00,estimate,sw-core-01,port-id7430,uplink,42.483014
2026-01-29 11:25:00,estimate,sw-core-01,port-id7430,uplink,46.824269
2026-01-29 11:30:00,estimate,sw-core-01,port-id7430,uplink,43.713960
2026-01-29 11:35:00,estimate,sw-core-01,port-id7430,uplink,44.643094
2026-01-29 11:40:00,estimate,sw-core-01,port-id7430,uplink,39.718740
2026-01-29 11:45:00,estimate,sw-core-01,port-id7430,uplink,44.362698
2026-01-29 11:50:00,estimate,sw-core-01,port-id7430,uplink,45.298982
2026-01-29 11:55:00,estimate,sw-core-01,port-id7430,uplink,44.591954
2026-01-29 12:00:00,estimate,sw-core-01,port-id7430,uplink,45.591651
2026-01-29 12:05:00,estimate,sw-core-01,port-id7430,uplink,48.612786
2026-01-29 12:10:00,estimate,sw-core-01,port-id7430,uplink,43.244764
2026-01-29 12:15:00,estimate,sw-core-01,port-id7430,uplink,46.454423
2026-01-29 12:20:00,estimate,sw-core-01,port-id7430,uplink,47.894273
2026-01-29 12:25:00,estimate,sw-core-01,port-id7430,uplink,47.516704
2026-01-29 12:30:00,estimate,sw-core-01,port-id7430,uplink,44.024063
2026-01-29 12:35:00,estimate,sw-core-01,port-id7430,uplink,48.437173
2026-01-29 12:40:00,estimate,sw-core-01,port-id7430,uplink,43.751620
2026-01-29 12:45:00,estimate,sw-core-01,port-id7430,uplink,46.359480
2026-01-29 12:50:00,estimate,sw-core-01,port-id7430,uplink,45.055163
2026-01-29 12:55:00,estimate,sw-core-01,port-id7430,uplink,45.161314
2026-01-29 13:00:00,estimate,sw-core-01,port-id7430,uplink,40.219094
2026-01-29 13:05:00,estimate,sw-core-01,port-id7430,uplink,45.035846
2026-01-29 13:10:00,estimate,sw-core-01,port-id7430,uplink,43.633083
2026-01-29 13:15:00,estimate,sw-core-01,port-id7430,uplink,40.363254
2026-01-29 13:20:00,estimate,sw-core-01,port-id7430,uplink,47.713271
2026-01-29 13:25:00,estimate,sw-core-01,port-id7430,uplink,43.318427
2026-01-29 13:30:00,estimate,sw-core-01,port-id7430,uplink,46.857343
2026-01-29 13:35:00,estimate,sw-core-01,port-id7430,uplink,43.967681
2026-01-29 13:40:00,estimate,sw-core-01,port-id7430,uplink,47.942269
2026-01-29 13:45:00,estimate,sw-core-01,port-id7430,uplink,43.004511
2026-01-29 13:50:00,estimate,sw-core-01,port-id7430,uplink,39.817464
2026-01-29 13:55:00,estimate,sw-core-01,port-id7430,uplink,41.417468
2026-01-29 14:00:00,estimate,sw-core-01,port-id7430,uplink,42.219567
2026-01-29 14:05:00,estimate,sw-core-01,port-id7430,uplink,42.125022
2026-01-29 14:10:00,estimate,sw-core-01,port-id7430,uplink,41.337643
2026-01-29 14:15:00,estimate,sw-core-01,port-id7430,uplink,39.881690
2026-01-29 14:20:00,estimate,sw-core-01,port-id7430,uplink,48.415233
2026-01-29 14:25:00,estimate,sw-core-01,port-id7430,uplink,48.019630
2026-01-29 14:30:00,estimate,sw-core-01,port-id7430,uplink,48.560484
2026-01-29 14:35:00,estimate,sw-core-01,port-id7430,uplink,48.405362
2026-01-29 14:40:00,estimate,sw-core-01,port-id7430,uplink,40.858820
2026-01-29 14:45:00,estimate,sw-core-01,port-id7430,uplink,47.071676
2026-01-29 14:50:00,estimate,sw-core-01,port-id7430,uplink,38.970511
2026-01-29 14:55:00,estimate,sw-core-01,port-id7430,uplink,43.922438
2026-01-29 15:00:00,estimate,sw-core-01,port-id7430,uplink,39.480764
2026-01-29 15:05:00,estimate,sw-core-01,port-id7430,uplink,49.647784
2026-01-29 15:10:00,estimate,sw-core-01,port-id7430,uplink,47.589904
2026-01-29 15:15:00,estimate,sw-core-01,port-id7430,uplink,43.341016
2026-01-29 15:20:00,estimate,sw-core-01,port-id7430,uplink,46.977524
2026-01-29 15:25:00,estimate,sw-core-01,port-id7430,uplink,48.678507
2026-01-29 15:30:00,estimate,sw-core-01,port-id7430,uplink,43.338915
2026-01-29 15:35:00,estimate,sw-core-01,port-id7430,uplink,42.710123
2026-01-29 15:40:00,estimate,sw-core-01,port-id7430,uplink,42.795528
2026-01-29 15:45:00,estimate,sw-core-01,port-id7430,uplink,46.614737
2026-01-29 15:50:00,estimate,sw-core-01,port-id7430,uplink,44.873664
2026-01-29 15:55:00,estimate,sw-core-01,port-id7430,uplink,40.665789
2026-01-29 16:00:00,estimate,sw-core-01,port-id7430,uplink,46.969791
2026-01-29 16:05:00,estimate,sw-core-01,port-id7430,uplink,47.913639
2026-01-29 16:10:00,estimate,sw-core-01,port-id7430,uplink,46.660381
2026-01-29 16:15:00,estimate,sw-core-01,port-id7430,uplink,45.959386
2026-01-29 16:20:00,estimate,sw-core-01,port-id7430,uplink,44.682757
2026-01-29 16:25:00,estimate,sw-core-01,port-id7430,uplink,44.940715
2026-01-29 16:30:00,estimate,sw-core-01,port-id7430,uplink,47.842886
2026-01-29 16:35:00,estimate,sw-core-01,port-id7430,uplink,48.037139
2026-01-29 16:40:00,estimate,sw-core-01,port-id7430,uplink,43.132286
2026-01-29 16:45:00,estimate,sw-core-01,port-id7430,uplink,43.126360
2026-01-29 16:50:00,estimate,sw-core-01,port-id7430,uplink,41.052356
2026-01-29 16:55:00,estimate,sw-core-01,port-id7430,uplink,45.733994
2026-01-29 17:00:00,estimate,sw-core-01,port-id7430,uplink,49.701800
2026-01-29 17:05:00,estimate,sw-core-01,port-id7430,uplink,44.617126
2026-01-29 17:10:00,estimate,sw-core-01,port-id7430,uplink,44.457236
2026-01-29 17:15:00,estimate,sw-core-01,port-id7430,uplink,48.775806
2026-01-29 17:20:00,estimate,sw-core-01,port-id7430,uplink,43.011004
2026-01-29 17:25:00,estimate,sw-core-01,port-id7430,uplink,42.183102
2026-01-29 17:30:00,estimate,sw-core-01,port-id7430,uplink,49.119668
2026-01-29 17:35:00,estimate,sw-core-01,port-id7430,uplink,45.830939
2026-01-29 17:40:00,estimate,sw-core-01,port-id7430,uplink,41.664836
2026-01-29 17:45:00,estimate,sw-core-01,port-id7430,uplink,44.356789
2026-01-29 17:50:00,estimate,sw-core-01,port-id7430,uplink,41.050547
2026-01-29 17:55:00,estimate,sw-core-01,port-id7430,uplink,46.810064
2026-01-29 18:00:00,estimate,sw-core-01,port-id7430,uplink,42.123047
2026-01-29 18:05:00,estimate,sw-core-01,port-id7430,uplink,43.857190
2026-01-29 18:10:00,estimate,sw-core-01,port-id7430,uplink,36.949564
2026-01-29 18:15:00,estimate,sw-core-01,port-id7430,uplink,39.065824
2026-01-29 18:20:00,estimate,sw-core-01,port-id7430,uplink,41.084711
2026-01-29 18:25:00,estimate,sw-core-01,port-id7430,uplink,38.543233
2026-01-29 18:30:00,estimate,sw-core-01,port-id7430,uplink,40.125263
2026-01-29 18:35:00,estimate,sw-core-01,port-id7430,uplink,42.439442
2026-01-29 18:40:00,estimate,sw-core-01,port-id7430,uplink,35.907135
2026-01-29 18:45:00,estimate,sw-core-01,port-id7430,uplink,34.271855
2026-01-29 18:50:00,estimate,sw-core-01,port-id7430,uplink,38.297276
2026-01-29 18:55:00,estimate,sw-core-01,port-id7430,uplink,39.616767
2026-01-29 19:00:00,estimate,sw-core-01,port-id7430,uplink,39.751986
2026-01-29 19:05:00,estimate,sw-core-01,port-id7430,uplink,31.617677
2026-01-29 19:10:00,estimate,sw-core-01,port-id7430,uplink,33.833130
2026-01-29 19:15:00,estimate,sw-core-01,port-id7430,uplink,37.670801
2026-01-29 19:20:00,estimate,sw-core-01,port-id7430,uplink,27.776133
2026-01-29 19:25:00,estimate,sw-core-01,port-id7430,uplink,38.516929
2026-01-29 19:30:00,estimate,sw-core-01,port-id7430,uplink,27.495137
2026-01-29 19:35:00,estimate,sw-core-01,port-id7430,uplink,32.334054
2026-01-29 19:40:00,estimate,sw-core-01,port-id7430,uplink,35.183771
2026-01-29 19:45:00,estimate,sw-core-01,port-id7430,uplink,23.934380
2026-01-29 19:50:00,estimate,sw-core-01,port-id7430,uplink,27.420427
2026-01-29 19:55:00,estimate,sw-core-01,port-id7430,uplink,22.782326
2026-01-29 20:00:00,estimate,sw-core-01,port-id7430,uplink,31.031822
2026-01-29 20:05:00,estimate,sw-core-01,port-id7430,uplink,18.848547
2026-01-29 20:10:00,estimate,sw-core-01,port-id7430,uplink,22.948578
2026-01-29 20:15:00,estimate,sw-core-01,port-id7430,uplink,22.801187
2026-01-29 20:20:00,estimate,sw-core-01,port-id7430,uplink,20.747622
2026-01-29 20:25:00,estimate,sw-core-01,port-id7430,uplink,19.011343
2026-01-29 20:30:00,estimate,sw-core-01,port-id7430,uplink,18.506020
2026-01-29 20:35:00,estimate,sw-core-01,port-id7430,uplink,23.243560
2026-01-29 20:40:00,estimate,sw-core-01,port-id7430,uplink,14.519222
2026-01-29 20:45:00,estimate,sw-core-01,port-id7430,uplink,19.297051
2026-01-29 20:50:00,estimate,sw-core-01,port-id7430,uplink,15.311130
2026-01-29 20:55:00,estimate,sw-core-01,port-id7430,uplink,13.862239
2026-01-29 21:00:00,estimate,sw-core-01,port-id7430,uplink,13.817258
2026-01-29 21:05:00,estimate,sw-core-01,port-id7430,uplink,12.927076
2026-01-29 21:10:00,estimate,sw-core-01,port-id7430,uplink,14.684661
2026-01-29 21:15:00,estimate,sw-core-01,port-id7430,uplink,13.034692
2026-01-29 21:20:00,estimate,sw-core-01,port-id7430,uplink,13.044683
2026-01-29 21:25:00,estimate,sw-core-01,port-id7430,uplink,15.682787
2026-01-29 21:30:00,estimate,sw-core-01,port-id7430,uplink,15.097718
2026-01-29 21:35:00,estimate,sw-core-01,port-id7430,uplink,19.308905
2026-01-29 21:40:00,estimate,sw-core-01,port-id7430,uplink,8.269319
2026-01-29 21:45:00,estimate,sw-core-01,port-id7430,uplink,17.464429
2026-01-29 21:50:00,estimate,sw-core-01,port-id7430,uplink,14.175877
2026-01-29 21:55:00,estimate,sw-core-01,port-id7430,uplink,12.672360
2026-01-29 22:00:00,estimate,sw-core-01,port-id7430,uplink,19.016157
2026-01-29 22:05:00,estimate,sw-core-01,port-id7430,uplink,20.058135
2026-01-29 22:10:00,estimate,sw-core-01,port-id7430,uplink,14.439031
2026-01-29 22:15:00,estimate,sw-core-01,port-id7430,uplink,12.692117
2026-01-29 22:20:00,estimate,sw-core-01,port-id7430,uplink,16.624283
2026-01-29 22:25:00,estimate,sw-core-01,port-id7430,uplink,12.653715
2026-01-29 22:30:00,estimate,sw-core-01,port-id7430,uplink,10.953445
2026-01-29 22:35:00,estimate,sw-core-01,port-id7430,uplink,13.337573
2026-01-29 22:40:00,estimate,sw-core-01,port-id7430,uplink,17.192709
2026-01-29 22:45:00,estimate,sw-core-01,port-id7430,uplink,17.201174
2026-01-29 22:50:00,estimate,sw-core-01,port-id7430,uplink,11.971977
2026-01-29 22:55:00,estimate,sw-core-01,port-id7430,uplink,12.522958
2026-01-29 23:00:00,estimate,sw-core-01,port-id7430,uplink,19.594642
2026-01-29 23:05:00,estimate,sw-core-01,port-id7430,uplink,13.386375
2026-01-29 23:10:00,estimate,sw-core-01,port-id7430,uplink,21.756956
2026-01-29 23:15:00,estimate,sw-core-01,port-id7430,uplink,18.526609
2026-01-29 23:20:00,estimate,sw-core-01,port-id7430,uplink,15.279409
2026-01-29 23:25:00,estimate,sw-core-01,port-id7430,uplink,16.498770
2026-01-29 23:30:00,estimate,sw-core-01,port-id7430,uplink,15.808350
2026-01-29 23:35:00,estimate,sw-core-01,port-id7430,uplink,12.571318
2026-01-29 23:40:00,estimate,sw-core-01,port-id7430,uplink,16.140275
2026-01-29 23:45:00,estimate,sw-core-01,port-id7430,uplink,14.264292
2026-01-29 23:50:00,estimate,sw-core-01,port-id7430,uplink,16.893891
2026-01-29 23:55:00,estimate,sw-core-01,port-id7430,uplink,19.177054
2026-01-30 00:00:00,estimate,sw-core-01,port-id7430,uplink,18.114987
2026-01-30 00:05:00,estimate,sw-core-01,port-id7430,uplink,10.641103
2026-01-30 00:10:00,estimate,sw-core-01,port-id7430,uplink,17.896208
2026-01-30 00:15:00,estimate,sw-core-01,port-id7430,uplink,16.782101
2026-01-30 00:20:00,estimate,sw-core-01,port-id7430,uplink,11.278813
2026-01-30 00:25:00,estimate,sw-core-01,port-id7430,uplink,19.505224
2026-01-30 00:30:00,estimate,sw-core-01,port-id7430,uplink,13.809162
2026-01-30 00:35:00,estimate,sw-core-01,port-id7430,uplink,15.536778
2026-01-30 00:40:00,estimate,sw-core-01,port-id7430,uplink,17.353486
2026-01-30 00:45:00,estimate,sw-core-01,port-id7430,uplink,19.659750
2026-01-30 00:50:00,estimate,sw-core-01,port-id7430,uplink,11.582921
2026-01-30 00:55:00,estimate,sw-core-01,port-id7430,uplink,9.999793
2026-01-30 01:00:00,estimate,sw-core-01,port-id7430,uplink,16.964098
2026-01-30 01:05:00,estimate,sw-core-01,port-id7430,uplink,14.416111
2026-01-30 01:10:00,estimate,sw-core-01,port-id7430,uplink,14.456685
2026-01-30 01:15:00,estimate,sw-core-01,port-id7430,uplink,15.150405
2026-01-30 01:20:00,estimate,sw-core-01,port-id7430,uplink,17.539960
2026-01-30 01:25:00,estimate,sw-core-01,port-id7430,uplink,11.821035
2026-01-30 01:30:00,estimate,sw-core-01,port-id7430,uplink,11.903301
2026-01-30 01:35:00,estimate,sw-core-01,port-id7430,uplink,11.563833
2026-01-30 01:40:00,estimate,sw-core-01,port-id7430,uplink,16.012537
2026-01-30 01:45:00,estimate,sw-core-01,port-id7430,uplink,16.355769
2026-01-30 01:50:00,estimate,sw-core-01,port-id7430,uplink,19.165092
2026-01-30 01:55:00,estimate,sw-core-01,port-id7430,uplink,12.625313
2026-01-30 02:00:00,estimate,sw-core-01,port-id7430,uplink,10.345781
2026-01-30 02:05:00,estimate,sw-core-01,port-id7430,uplink,11.212965
2026-01-30 02:10:00,estimate,sw-core-01,port-id7430,uplink,10.241377
2026-01-30 02:15:00,estimate,sw-core-01,port-id7430,uplink,15.698207
2026-01-30 02:20:00,estimate,sw-core-01,port-id7430,uplink,14.184122
2026-01-30 02:25:00,estimate,sw-core-01,port-id7430,uplink,8.626918
2026-01-30 02:30:00,estimate,sw-core-01,port-id7430,uplink,12.285816
2026-01-30 02:35:00,estimate,sw-core-01,port-id7430,uplink,12.648764
2026-01-30 02:40:00,estimate,sw-core-01,port-id7430,uplink,16.728226
2026-01-30 02:45:00,estimate,sw-core-01,port-id7430,uplink,13.621306
2026-01-30 02:50:00,estimate,sw-core-01,port-id7430,uplink,10.211170
2026-01-30 02:55:00,estimate,sw-core-01,port-id7430,uplink,16.225791
2026-01-30 03:00:00,estimate,sw-core-01,port-id7430,uplink,19.611189
2026-01-30 03:05:00,estimate,sw-core-01,port-id7430,uplink,11.298513
2026-01-30 03:10:00,estimate,sw-core-01,port-id7430,uplink,15.492386
2026-01-30 03:15:00,estimate,sw-core-01,port-id7430,uplink,9.306937
2026-01-30 03:20:00,estimate,sw-core-01,port-id7430,uplink,13.538366
2026-01-30 03:25:00,estimate,sw-core-01,port-id7430,uplink,16.698659
2026-01-30 03:30:00,estimate,sw-core-01,port-id7430,uplink,10.383640
2026-01-30 03:35:00,estimate,sw-core-01,port-id7430,uplink,16.449308
2026-01-30 03:40:00,estimate,sw-core-01,port-id7430,uplink,15.423704
2026-01-30 03:45:00,estimate,sw-core-01,port-id7430,uplink,16.898479
2026-01-30 03:50:00,estimate,sw-core-01,port-id7430,uplink,14.995690
2026-01-30 03:55:00,estimate,sw-core-01,port-id7430,uplink,10.862935
2026-01-30 04:00:00,estimate,sw-core-01,port-id7430,uplink,16.161603
2026-01-30 04:05:00,estimate,sw-core-01,port-id7430,uplink,19.740802
2026-01-30 04:10:00,estimate,sw-core-01,port-id7430,uplink,15.985762
2026-01-30 04:15:00,estimate,sw-core-01,port-id7430,uplink,15.200343
2026-01-30 04:20:00,estimate,sw-core-01,port-id7430,uplink,18.764493
2026-01-30 04:25:00,estimate,sw-core-01,port-id7430,uplink,15.209647
2026-01-30 04:30:00,estimate,sw-core-01,port-id7430,uplink,15.634506
2026-01-30 04:35:00,estimate,sw-core-01,port-id7430,uplink,19.062559
2026-01-30 04:40:00,estimate,sw-core-01,port-id7430,uplink,13.472827
2026-01-30 04:45:00,estimate,sw-core-01,port-id7430,uplink,12.569962
2026-01-30 04:50:00,estimate,sw-core-01,port-id7430,uplink,12.405781
2026-01-30 04:55:00,estimate,sw-core-01,port-id7430,uplink,20.510157
2026-01-30 05:00:00,estimate,sw-core-01,port-id7430,uplink,14.510147
2026-01-30 05:05:00,estimate,sw-core-01,port-id7430,uplink,17.281918
2026-01-30 05:10:00,estimate,sw-core-01,port-id7430,uplink,11.425152
2026-01-30 05:15:00,estimate,sw-core-01,port-id7430,uplink,16.072233
2026-01-30 05:20:00,estimate,sw-core-01,port-id7430,uplink,10.717763
2026-01-30 05:25:00,estimate,sw-core-01,port-id7430,uplink,22.150594
2026-01-30 05:30:00,estimate,sw-core-01,port-id7430,uplink,19.698615
2026-01-30 05:35:00,estimate,sw-core-01,port-id7430,uplink,18.214553
2026-01-30 05:40:00,estimate,sw-core-01,port-id7430,uplink,16.056657
2026-01-30 05:45:00,estimate,sw-core-01,port-id7430,uplink,18.317120
2026-01-30 05:50:00,estimate,sw-core-01,port-id7430,uplink,18.148992
2026-01-30 05:55:00,estimate,sw-core-01,port-id7430,uplink,18.768344
2026-01-30 06:00:00,estimate,sw-core-01,port-id7430,uplink,20.997880
2026-01-30 06:05:00,estimate,sw-core-01,port-id7430,uplink,17.043071
2026-01-30 06:10:00,estimate,sw-core-01,port-id7430,uplink,18.231646
2026-01-30 06:15:00,estimate,sw-core-01,port-id7430,uplink,18.771028
2026-01-30 06:20:00,estimate,sw-core-01,port-id7430,uplink,29.784214
2026-01-30 06:25:00,estimate,sw-core-01,port-id7430,uplink,24.741505
2026-01-30 06:30:00,estimate,sw-core-01,port-id7430,uplink,21.988896
2026-01-30 06:35:00,estimate,sw-core-01,port-id7430,uplink,27.767094
2026-01-30 06:40:00,estimate,sw-core-01,port-id7430,uplink,23.653697
2026-01-30 06:45:00,estimate,sw-core-01,port-id7430,uplink,23.780821
2026-01-30 06:50:00,estimate,sw-core-01,port-id7430,uplink,27.211618
2026-01-30 06:55:00,estimate,sw-core-01,port-id7430,uplink,27.738761
2026-01-30 07:00:00,estimate,sw-core-01,port-id7430,uplink,34.055934
2026-01-30 07:05:00,estimate,sw-core-01,port-id7430,uplink,28.233190
2026-01-30 07:10:00,estimate,sw-core-01,port-id7430,uplink,31.175458
2026-01-30 07:15:00,estimate,sw-core-01,port-id7430,uplink,32.453138
2026-01-30 07:20:00,estimate,sw-core-01,port-id7430,uplink,41.319760
2026-01-30 07:25:00,estimate,sw-core-01,port-id7430,uplink,32.391955
2026-01-30 07:30:00,estimate,sw-core-01,port-id7430,uplink,35.717627
2026-01-30 07:35:00,estimate,sw-core-01,port-id7430,uplink,37.796912
2026-01-30 07:40:00,estimate,sw-core-01,port-id7430,uplink,35.494927
2026-01-30 07:45:00,estimate,sw-core-01,port-id7430,uplink,38.531190
2026-01-30 07:50:00,estimate,sw-core-01,port-id7430,uplink,36.260180
2026-01-30 07:55:00,estimate,sw-core-01,port-id7430,uplink,33.728787
2026-01-30 08:00:00,estimate,sw-core-01,port-id7430,uplink,35.777147
2026-01-30 08:05:00,estimate,sw-core-01,port-id7430,uplink,40.749059
2026-01-30 08:10:00,estimate,sw-core-01,port-id7430,uplink,43.140844
2026-01-30 08:15:00,estimate,sw-core-01,port-id7430,uplink,38.449458
2026-01-30 08:20:00,estimate,sw-core-01,port-id7430,uplink,40.642879
2026-01-30 08:25:00,estimate,sw-core-01,port-id7430,uplink,44.622294
2026-01-30 08:30:00,estimate,sw-core-01,port-id7430,uplink,43.736967
2026-01-30 08:35:00,estimate,sw-core-01,port-id7430,uplink,46.986634
2026-01-30 08:40:00,estimate,sw-core-01,port-id7430,uplink,39.036697
2026-01-30 08:45:00,estimate,sw-core-01,port-id7430,uplink,37.723129
2026-01-30 08:50:00,estimate,sw-core-01,port-id7430,uplink,47.096786
2026-01-30 08:55:00,estimate,sw-core-01,port-id7430,uplink,42.988271
2026-01-30 09:00:00,estimate,sw-core-01,port-id7430,uplink,47.553668
2026-01-30 09:05:00,estimate,sw-core-01,port-id7430,uplink,44.614037
2026-01-30 09:10:00,estimate,sw-core-01,port-id7430,uplink,40.134515
2026-01-30 09:15:00,estimate,sw-core-01,port-id7430,uplink,43.074379
2026-01-30 09:20:00,estimate,sw-core-01,port-id7430,uplink,47.557743
2026-01-30 09:25:00,estimate,sw-core-01,port-id7430,uplink,43.547274
2026-01-30 09:30:00,estimate,sw-core-01,port-id7430,uplink,47.409165
2026-01-30 09:35:00,estimate,sw-core-01,port-id7430,uplink,41.612136
2026-01-30 09:40:00,estimate,sw-core-01,port-id7430,uplink,45.050938
2026-01-30 09:45:00,estimate,sw-core-01,port-id7430,uplink,43.449375
2026-01-30 09:50:00,estimate,sw-core-01,port-id7430,uplink,40.842783
2026-01-30 09:55:00,estimate,sw-core-01,port-id7430,uplink,44.172674
2026-01-30 10:00:00,estimate,sw-core-01,port-id7430,uplink,48.359110
2026-01-30 10:05:00,estimate,sw-core-01,port-id7430,uplink,44.332549
2026-01-30 10:10:00,estimate,sw-core-01,port-id7430,uplink,40.151388
2026-01-30 10:15:00,estimate,sw-core-01,port-id7430,uplink,47.274695
2026-01-30 10:20:00,estimate,sw-core-01,port-id7430,uplink,48.753766
2026-01-30 10:25:00,estimate,sw-core-01,port-id7430,uplink,43.638128
2026-01-30 10:30:00,estimate,sw-core-01,port-id7430,uplink,43.716599
2026-01-30 10:35:00,estimate,sw-core-01,port-id7430,uplink,44.418774
2026-01-30 10:40:00,estimate,sw-core-01,port-id7430,uplink,52.003321
2026-01-30 10:45:00,estimate,sw-core-01,port-id7430,uplink,49.094662
2026-01-30 10:50:00,estimate,sw-core-01,port-id7430,uplink,45.999021
2026-01-30 10:55:00,estimate,sw-core-01,port-id7430,uplink,41.756118
2026-01-30 11:00:00,estimate,sw-core-01,port-id7430,uplink,52.021928
2026-01-30 11:05:00,estimate,sw-core-01,port-id7430,uplink,38.832409
2026-01-30 11:10:00,estimate,sw-core-01,port-id7430,uplink,45.334927
2026-01-30 11:15:00,estimate,sw-core-01,port-id7430,uplink,39.043694
2026-01-30 11:20:00,estimate,sw-core-01,port-id7430,uplink,46.004061
2026-01-30 11:25:00,estimate,sw-core-01,port-id7430,uplink,47.928403
2026-01-30 11:30:00,estimate,sw-core-01,port-id7430,uplink,42.153813
2026-01-30 11:35:00,estimate,sw-core-01,port-id7430,uplink,41.945115
2026-01-30 11:40:00,estimate,sw-core-01,port-id7430,uplink,45.707125
2026-01-30 11:45:00,estimate,sw-core-01,port-id7430,uplink,40.577636
2026-01-30 11:50:00,estimate,sw-core-01,port-id7430,uplink,45.746495
2026-01-30 11:55:00,estimate,sw-core-01,port-id7430,uplink,45.140949
2026-01-30 12:00:00,estimate,sw-core-01,port-id7430,uplink,46.920657
2026-01-30 12:05:00,estimate,sw-core-01,port-id7430,uplink,41.663431
2026-01-30 12:10:00,estimate,sw-core-01,port-id7430,uplink,45.714758
2026-01-30 12:15:00,estimate,sw-core-01,port-id7430,uplink,44.600134
2026-01-30 12:20:00,estimate,sw-core-01,port-id7430,uplink,38.279500
2026-01-30 12:25:00,estimate,sw-core-01,port-id7430,uplink,45.125206
2026-01-30 12:30:00,estimate,sw-core-01,port-id7430,uplink,46.552217
2026-01-30 12:35:00,estimate,sw-core-01,port-id7430,uplink,44.682350
2026-01-30 12:40:00,estimate,sw-core-01,port-id7430,uplink,42.679385
2026-01-30 12:45:00,estimate,sw-core-01,port-id7430,uplink,42.230099
2026-01-30 12:50:00,estimate,sw-core-01,port-id7430,uplink,49.524135
2026-01-30 12:55:00,estimate,sw-core-01,port-id7430,uplink,41.983893
2026-01-30 13:00:00,estimate,sw-core-01,port-id7430,uplink,42.922212
2026-01-30 13:05:00,estimate,sw-core-01,port-id7430,uplink,44.325915
2026-01-30 13:10:00,estimate,sw-core-01,port-id7430,uplink,43.309110
2026-01-30 13:15:00,estimate,sw-core-01,port-id7430,uplink,50.688898
2026-01-30 13:20:00,estimate,sw-core-01,port-id7430,uplink,43.023553
2026-01-30 13:25:00,estimate,sw-core-01,port-id7430,uplink,42.015053
2026-01-30 13:30:00,estimate,sw-core-01,port-id7430,uplink,44.055958
2026-01-30 13:35:00,estimate,sw-core-01,port-id7430,uplink,42.558738
2026-01-30 13:40:00,estimate,sw-core-01,port-id7430,uplink,41.827710
2026-01-30 13:45:00,estimate,sw-core-01,port-id7430,uplink,37.375518
2026-01-30 13:50:00,estimate,sw-core-01,port-id7430,uplink,42.822730
2026-01-30 13:55:00,estimate,sw-core-01,port-id7430,uplink,47.809314
2026-01-30 14:00:00,estimate,sw-core-01,port-id7430,uplink,44.896325
2026-01-30 14:05:00,estimate,sw-core-01,port-id7430,uplink,41.954077
2026-01-30 14:10:00,estimate,sw-core-01,port-id7430,uplink,45.021113
2026-01-30 14:15:00,estimate,sw-core-01,port-id7430,uplink,44.265988
2026-01-30 14:20:00,estimate,sw-core-01,port-id7430,uplink,41.863435
2026-01-30 14:25:00,estimate,sw-core-01,port-id7430,uplink,46.871054
2026-01-30 14:30:00,estimate,sw-core-01,port-id7430,uplink,43.784725
2026-01-30 14:35:00,estimate,sw-core-01,port-id7430,uplink,46.364991
2026-01-30 14:40:00,estimate,sw-core-01,port-id7430,uplink,47.358728
2026-01-30 14:45:00,estimate,sw-core-01,port-id7430,uplink,45.078494
2026-01-30 14:50:00,estimate,sw-core-01,port-id7430,uplink,45.463852
2026-01-30 14:55:00,estimate,sw-core-01,port-id7430,uplink,41.818696
2026-01-30 15:00:00,estimate,sw-core-01,port-id7430,uplink,45.050996
2026-01-30 15:05:00,estimate,sw-core-01,port-id7430,uplink,44.019513
2026-01-30 15:10:00,estimate,sw-core-01,port-id7430,uplink,39.632132
2026-01-30 15:15:00,estimate,sw-core-01,port-id7430,uplink,47.776410
2026-01-30 15:20:00,estimate,sw-core-01,port-id7430,uplink,45.137954
2026-01-30 15:25:00,estimate,sw-core-01,port-id7430,uplink,45.801409
2026-01-30 15:30:00,estimate,sw-core-01,port-id7430,uplink,40.938063
2026-01-30 15:35:00,estimate,sw-core-01,port-id7430,uplink,39.816929
2026-01-30 15:40:00,estimate,sw-core-01,port-id7430,uplink,43.425757
2026-01-30 15:45:00,estimate,sw-core-01,port-id7430,uplink,47.281041
2026-01-30 15:50:00,estimate,sw-core-01,port-id7430,uplink,43.275225
2026-01-30 15:55:00,estimate,sw-core-01,port-id7430,uplink,39.506106
2026-01-30 16:00:00,estimate,sw-core-01,port-id7430,uplink,44.562242
2026-01-30 16:05:00,estimate,sw-core-01,port-id7430,uplink,42.943845
2026-01-30 16:10:00,estimate,sw-core-01,port-id7430,uplink,43.595502
2026-01-30 16:15:00,estimate,sw-core-01,port-id7430,uplink,40.245586
2026-01-30 16:20:00,estimate,sw-core-01,port-id7430,uplink,45.297554
2026-01-30 16:25:00,estimate,sw-core-01,port-id7430,uplink,42.453194
2026-01-30 16:30:00,estimate,sw-core-01,port-id7430,uplink,49.335710
2026-01-30 16:35:00,estimate,sw-core-01,port-id7430,uplink,47.197470
2026-01-30 16:40:00,estimate,sw-core-01,port-id7430,uplink,40.596169
2026-01-30 16:45:00,estimate,sw-core-01,port-id7430,uplink,42.296418
2026-01-30 16:50:00,estimate,sw-core-01,port-id7430,uplink,44.193925
2026-01-30 16:55:00,estimate,sw-core-01,port-id7430,uplink,47.484738
2026-01-30 17:00:00,estimate,sw-core-01,port-id7430,uplink,44.382906
2026-01-30 17:05:00,estimate,sw-core-01,port-id7430,uplink,47.986029
2026-01-30 17:10:00,estimate,sw-core-01,port-id7430,uplink,36.150314
2026-01-30 17:15:00,estimate,sw-core-01,port-id7430,uplink,45.355177
2026-01-30 17:20:00,estimate,sw-core-01,port-id7430,uplink,43.991032
2026-01-30 17:25:00,estimate,sw-core-01,port-id7430,uplink,37.301003
2026-01-30 17:30:00,estimate,sw-core-01,port-id7430,uplink,43.866949
2026-01-30 17:35:00,estimate,sw-core-01,port-id7430,uplink,39.970858
2026-01-30 17:40:00,estimate,sw-core-01,port-id7430,uplink,47.266584
2026-01-30 17:45:00,estimate,sw-core-01,port-id7430,uplink,44.708900
2026-01-30 17:50:00,estimate,sw-core-01,port-id7430,uplink,44.571083
2026-01-30 17:55:00,estimate,sw-core-01,port-id7430,uplink,40.432449
2026-01-30 18:00:00,estimate,sw-core-01,port-id7430,uplink,47.916295
2026-01-30 18:05:00,estimate,sw-core-01,port-id7430,uplink,41.933193
2026-01-30 18:10:00,estimate,sw-core-01,port-id7430,uplink,47.980936
2026-01-30 18:15:00,estimate,sw-core-01,port-id7430,uplink,40.023646
2026-01-30 18:20:00,estimate,sw-core-01,port-id7430,uplink,43.111580
2026-01-30 18:25:00,estimate,sw-core-01,port-id7430,uplink,38.198046
2026-01-30 18:30:00,estimate,sw-core-01,port-id7430,uplink,38.428170
2026-01-30 18:35:00,estimate,sw-core-01,port-id7430,uplink,39.091847
2026-01-30 18:40:00,estimate,sw-core-01,port-id7430,uplink,43.083267
2026-01-30 18:45:00,estimate,sw-core-01,port-id7430,uplink,30.589701
2026-01-30 18:50:00,estimate,sw-core-01,port-id7430,uplink,40.100417
2026-01-30 18:55:00,estimate,sw-core-01,port-id7430,uplink,39.518611
2026-01-30 19:00:00,estimate,sw-core-01,port-id7430,uplink,36.958474
2026-01-30 19:05:00,estimate,sw-core-01,port-id7430,uplink,34.999376
2026-01-30 19:10:00,estimate,sw-core-01,port-id7430,uplink,27.779098
2026-01-30 19:15:00,estimate,sw-core-01,port-id7430,uplink,35.413122
2026-01-30 19:20:00,estimate,sw-core-01,port-id7430,uplink,32.983083
2026-01-30 19:25:00,estimate,sw-core-01,port-id7430,uplink,35.038456
2026-01-30 19:30:00,estimate,sw-core-01,port-id7430,uplink,31.916451
2026-01-30 19:35:00,estimate,sw-core-01,port-id7430,uplink,32.692792
2026-01-30 19:40:00,estimate,sw-core-01,port-id7430,uplink,27.929191
2026-01-30 19:45:00,estimate,sw-core-01,port-id7430,uplink,30.331013
2026-01-30 19:50:00,estimate,sw-core-01,port-id7430,uplink,25.353463
2026-01-30 19:55:00,estimate,sw-core-01,port-id7430,uplink,23.528856
2026-01-30 20:00:00,estimate,sw-core-01,port-id7430,uplink,19.054726
2026-01-30 20:05:00,estimate,sw-core-01,port-id7430,uplink,25.500623
2026-01-30 20:10:00,estimate,sw-core-01,port-id7430,uplink,19.562134
2026-01-30 20:15:00,estimate,sw-core-01,port-id7430,uplink,18.722973
2026-01-30 20:20:00,estimate,sw-core-01,port-id7430,uplink,23.966455
2026-01-30 20:25:00,estimate,sw-core-01,port-id7430,uplink,23.606595
2026-01-30 20:30:00,estimate,sw-core-01,port-id7430,uplink,19.158293
2026-01-30 20:35:00,estimate,sw-core-01,port-id7430,uplink,20.816129
2026-01-30 20:40:00,estimate,sw-core-01,port-id7430,uplink,10.111063
2026-01-30 20:45:00,estimate,sw-core-01,port-id7430,uplink,19.576680
2026-01-30 20:50:00,estimate,sw-core-01,port-id7430,uplink,17.250997
2026-01-30 20:55:00,estimate,sw-core-01,port-id7430,uplink,15.835650
2026-01-30 21:00:00,estimate,sw-core-01,port-id7430,uplink,14.318533
2026-01-30 21:05:00,estimate,sw-core-01,port-id7430,uplink,15.012117
2026-01-30 21:10:00,estimate,sw-core-01,port-id7430,uplink,17.049454
2026-01-30 21:15:00,estimate,sw-core-01,port-id7430,uplink,18.356525
2026-01-30 21:20:00,estimate,sw-core-01,port-id7430,uplink,18.002766
2026-01-30 21:25:00,estimate,sw-core-01,port-id7430,uplink,9.810584
2026-01-30 21:30:00,estimate,sw-core-01,port-id7430,uplink,17.594303
2026-01-30 21:35:00,estimate,sw-core-01,port-id7430,uplink,17.466730
2026-01-30 21:40:00,estimate,sw-core-01,port-id7430,uplink,15.925953
2026-01-30 21:45:00,estimate,sw-core-01,port-id7430,uplink,15.130449
2026-01-30 21:50:00,estimate,sw-core-01,port-id7430,uplink,15.154529
2026-01-30 21:55:00,estimate,sw-core-01,port-id7430,uplink,20.487789
2026-01-30 22:00:00,estimate,sw-core-01,port-id7430,uplink,16.389212
2026-01-30 22:05:00,estimate,sw-core-01,port-id7430,uplink,19.756427
2026-01-30 22:10:00,estimate,sw-core-01,port-id7430,uplink,17.488665
2026-01-30 22:15:00,estimate,sw-core-01,port-id7430,uplink,17.563361
2026-01-30 22:20:00,estimate,sw-core-01,port-id7430,uplink,18.717197
2026-01-30 22:25:00,estimate,sw-core-01,port-id7430,uplink,16.241024
2026-01-30 22:30:00,estimate,sw-core-01,port-id7430,uplink,16.779833
2026-01-30 22:35:00,estimate,sw-core-01,port-id7430,uplink,15.503510
2026-01-30 22:40:00,estimate,sw-core-01,port-id7430,uplink,15.633624
2026-01-30 22:45:00,estimate,sw-core-01,port-id7430,uplink,17.813763
2026-01-30 22:50:00,estimate,sw-core-01,port-id7430,uplink,10.519616
2026-01-30 22:55:00,estimate,sw-core-01,port-id7430,uplink,13.636517
2026-01-30 23:00:00,estimate,sw-core-01,port-id7430,uplink,18.211840
2026-01-30 23:05:00,estimate,sw-core-01,port-id7430,uplink,15.185398
2026-01-30 23:10:00,estimate,sw-core-01,port-id7430,uplink,14.053818
2026-01-30 23:15:00,estimate,sw-core-01,port-id7430,uplink,19.830746
2026-01-30 23:20:00,estimate,sw-core-01,port-id7430,uplink,12.352763
2026-01-30 23:25:00,estimate,sw-core-01,port-id7430,uplink,16.339829
2026-01-30 23:30:00,estimate,sw-core-01,port-id7430,uplink,15.985018
2026-01-30 23:35:00,estimate,sw-core-01,port-id7430,uplink,7.674031
2026-01-30 23:40:00,estimate,sw-core-01,port-id7430,uplink,15.913387
2026-01-30 23:45:00,estimate,sw-core-01,port-id7430,uplink,15.490258
2026-01-30 23:50:00,estimate,sw-core-01,port-id7430,uplink,21.664167
2026-01-30 23:55:00,estimate,sw-core-01,port-id7430,uplink,18.701237
2026-01-31 00:00:00,estimate,sw-core-01,port-id7430,uplink,10.409144
2026-01-31 00:05:00,estimate,sw-core-01,port-id7430,uplink,8.052480
2026-01-31 00:10:00,estimate,sw-core-01,port-id7430,uplink,10.093523
2026-01-31 00:15:00,estimate,sw-core-01,port-id7430,uplink,4.398133
2026-01-31 00:20:00,estimate,sw-core-01,port-id7430,uplink,6.613717
2026-01-31 00:25:00,estimate,sw-core-01,port-id7430,uplink,12.023145
2026-01-31 00:30:00,estimate,sw-core-01,port-id7430,uplink,8.289135
2026-01-31 00:35:00,estimate,sw-core-01,port-id7430,uplink,10.652684
2026-01-31 00:40:00,estimate,sw-core-01,port-id7430,uplink,7.780229
2026-01-31 00:45:00,estimate,sw-core-01,port-id7430,uplink,10.779026
2026-01-31 00:50:00,estimate,sw-core-01,port-id7430,uplink,7.646148
2026-01-31 00:55:00,estimate,sw-core-01,port-id7430,uplink,14.644321
2026-01-31 01:00:00,estimate,sw-core-01,port-id7430,uplink,6.540915
2026-01-31 01:05:00,estimate,sw-core-01,port-id7430,uplink,9.300313
2026-01-31 01:10:00,estimate,sw-core-01,port-id7430,uplink,8.009435
2026-01-31 01:15:00,estimate,sw-core-01,port-id7430,uplink,9.283505
2026-01-31 01:20:00,estimate,sw-core-01,port-id7430,uplink,8.385464
2026-01-31 01:25:00,estimate,sw-core-01,port-id7430,uplink,8.698372
2026-01-31 01:30:00,estimate,sw-core-01,port-id7430,uplink,5.997225
2026-01-31 01:35:00,estimate,sw-core-01,port-id7430,uplink,7.247749
2026-01-31 01:40:00,estimate,sw-core-01,port-id7430,uplink,6.203031
2026-01-31 01:45:00,estimate,sw-core-01,port-id7430,uplink,9.052896
2026-01-31 01:50:00,estimate,sw-core-01,port-id7430,uplink,14.335916
2026-01-31 01:55:00,estimate,sw-core-01,port-id7430,uplink,8.331888
2026-01-31 02:00:00,estimate,sw-core-01,port-id7430,uplink,8.106734
2026-01-31 02:05:00,estimate,sw-core-01,port-id7430,uplink,8.359608
2026-01-31 02:10:00,estimate,sw-core-01,port-id7430,uplink,6.116221
2026-01-31 02:15:00,estimate,sw-core-01,port-id7430,uplink,6.294959
2026-01-31 02:20:00,estimate,sw-core-01,port-id7430,uplink,9.487489
2026-01-31 02:25:00,estimate,sw-core-01,port-id7430,uplink,8.362958
2026-01-31 02:30:00,estimate,sw-core-01,port-id7430,uplink,8.494017
2026-01-31 02:35:00,estimate,sw-core-01,port-id7430,uplink,9.859193
2026-01-31 02:40:00,estimate,sw-core-01,port-id7430,uplink,11.210858
2026-01-31 02:45:00,estimate,sw-core-01,port-id7430,uplink,9.237067
2026-01-31 02:50:00,estimate,sw-core-01,port-id7430,uplink,12.297518
2026-01-31 02:55:00,estimate,sw-core-01,port-id7430,uplink,7.088948
2026-01-31 03:00:00,estimate,sw-core-01,port-id7430,uplink,9.502262
2026-01-31 03:05:00,estimate,sw-core-01,port-id7430,uplink,8.424453
2026-01-31 03:10:00,estimate,sw-core-01,port-id7430,uplink,8.864829
2026-01-31 03:15:00,estimate,sw-core-01,port-id7430,uplink,11.673588
2026-01-31 03:20:00,estimate,sw-core-01,port-id7430,uplink,5.247951
2026-01-31 03:25:00,estimate,sw-core-01,port-id7430,uplink,10.625940
2026-01-31 03:30:00,estimate,sw-core-01,port-id7430,uplink,11.074203
2026-01-31 03:35:00,estimate,sw-core-01,port-id7430,uplink,5.912897
2026-01-31 03:40:00,estimate,sw-core-01,port-id7430,uplink,8.755888
2026-01-31 03:45:00,estimate,sw-core-01,port-id7430,uplink,2.470505
2026-01-31 03:50:00,estimate,sw-core-01,port-id7430,uplink,6.909817
2026-01-31 03:55:00,estimate,sw-core-01,port-id7430,uplink,7.867729
2026-01-31 04:00:00,estimate,sw-core-01,port-id7430,uplink,9.318932
2026-01-31 04:05:00,estimate,sw-core-01,port-id7430,uplink,8.807993
2026-01-31 04:10:00,estimate,sw-core-01,port-id7430,uplink,10.873631
2026-01-31 04:15:00,estimate,sw-core-01,port-id7430,uplink,5.630044
2026-01-31 04:20:00,estimate,sw-core-01,port-id7430,uplink,7.634325
2026-01-31 04:25:00,estimate,sw-core-01,port-id7430,uplink,9.488076
2026-01-31 04:30:00,estimate,sw-core-01,port-id7430,uplink,16.431793
2026-01-31 04:35:00,estimate,sw-core-01,port-id7430,uplink,10.098114
2026-01-31 04:40:00,estimate,sw-core-01,port-id7430,uplink,9.539798
2026-01-31 04:45:00,estimate,sw-core-01,port-id7430,uplink,7.060409
2026-01-31 04:50:00,estimate,sw-core-01,port-id7430,uplink,8.727236
2026-01-31 04:55:00,estimate,sw-core-01,port-id7430,uplink,9.731217
2026-01-31 05:00:00,estimate,sw-core-01,port-id7430,uplink,6.427249
2026-01-31 05:05:00,estimate,sw-core-01,port-id7430,uplink,11.467760
2026-01-31 05:10:00,estimate,sw-core-01,port-id7430,uplink,7.205090
2026-01-31 05:15:00,estimate,sw-core-01,port-id7430,uplink,10.738537
2026-01-31 05:20:00,estimate,sw-core-01,port-id7430,uplink,10.434542
2026-01-31 05:25:00,estimate,sw-core-01,port-id7430,uplink,7.727109
2026-01-31 05:30:00,estimate,sw-core-01,port-id7430,uplink,11.182325
2026-01-31 05:35:00,estimate,sw-core-01,port-id7430,uplink,14.378267
2026-01-31 05:40:00,estimate,sw-core-01,port-id7430,uplink,13.101085
2026-01-31 05:45:00,estimate,sw-core-01,port-id7430,uplink,6.434266
2026-01-31 05:50:00,estimate,sw-core-01,port-id7430,uplink,11.791234
2026-01-31 05:55:00,estimate,sw-core-01,port-id7430,uplink,15.679395
2026-01-31 06:00:00,estimate,sw-core-01,port-id7430,uplink,9.754170
2026-01-31 06:05:00,estimate,sw-core-01,port-id7430,uplink,8.828887
2026-01-31 06:10:00,estimate,sw-core-01,port-id7430,uplink,10.671763
2026-01-31 06:15:00,estimate,sw-core-01,port-id7430,uplink,9.697613
2026-01-31 06:20:00,estimate,sw-core-01,port-id7430,uplink,9.976377
2026-01-31 06:25:00,estimate,sw-core-01,port-id7430,uplink,14.873506
2026-01-31 06:30:00,estimate,sw-core-01,port-id7430,uplink,9.708150
2026-01-31 06:35:00,estimate,sw-core-01,port-id7430,uplink,21.467359
2026-01-31 06:40:00,estimate,sw-core-01,port-id7430,uplink,13.245270
2026-01-31 06:45:00,estimate,sw-core-01,port-id7430,uplink,14.799548
2026-01-31 06:50:00,estimate,sw-core-01,port-id7430,uplink,11.498069
2026-01-31 06:55:00,estimate,sw-core-01,port-id7430,uplink,14.073020
2026-01-31 07:00:00,estimate,sw-core-01,port-id7430,uplink,18.911756
2026-01-31 07:05:00,estimate,sw-core-01,port-id7430,uplink,22.549546
2026-01-31 07:10:00,estimate,sw-core-01,port-id7430,uplink,23.388344
2026-01-31 07:15:00,estimate,sw-core-01,port-id7430,uplink,19.065110
2026-01-31 07:20:00,estimate,sw-core-01,port-id7430,uplink,18.722526
2026-01-31 07:25:00,estimate,sw-core-01,port-id7430,uplink,20.051755
2026-01-31 07:30:00,estimate,sw-core-01,port-id7430,uplink,25.057247
2026-01-31 07:35:00,estimate,sw-core-01,port-id7430,uplink,19.652431
2026-01-31 07:40:00,estimate,sw-core-01,port-id7430,uplink,22.295045
2026-01-31 07:45:00,estimate,sw-core-01,port-id7430,uplink,21.780221
2026-01-31 07:50:00,estimate,sw-core-01,port-id7430,uplink,23.430797
2026-01-31 07:55:00,estimate,sw-core-01,port-id7430,uplink,27.015788
2026-01-31 08:00:00,estimate,sw-core-01,port-id7430,uplink,20.260543
2026-01-31 08:05:00,estimate,sw-core-01,port-id7430,uplink,30.859686
2026-01-31 08:10:00,estimate,sw-core-01,port-id7430,uplink,26.896384
2026-01-31 08:15:00,estimate,sw-core-01,port-id7430,uplink,25.817827
2026-01-31 08:20:00,estimate,sw-core-01,port-id7430,uplink,21.999446
2026-01-31 08:25:00,estimate,sw-core-01,port-id7430,uplink,29.850337
2026-01-31 08:30:00,estimate,sw-core-01,port-id7430,uplink,26.273800
2026-01-31 08:35:00,estimate,sw-core-01,port-id7430,uplink,29.212446
2026-01-31 08:40:00,estimate,sw-core-01,port-id7430,uplink,23.718379
2026-01-31 08:45:00,estimate,sw-core-01,port-id7430,uplink,25.600481
2026-01-31 08:50:00,estimate,sw-core-01,port-id7430,uplink,26.071950
2026-01-31 08:55:00,estimate,sw-core-01,port-id7430,uplink,26.023550
2026-01-31 09:00:00,estimate,sw-core-01,port-id7430,uplink,26.355872
2026-01-31 09:05:00,estimate,sw-core-01,port-id7430,uplink,25.429569
2026-01-31 09:10:00,estimate,sw-core-01,port-id7430,uplink,27.076377
2026-01-31 09:15:00,estimate,sw-core-01,port-id7430,uplink,25.691255
2026-01-31 09:20:00,estimate,sw-core-01,port-id7430,uplink,29.558314
2026-01-31 09:25:00,estimate,sw-core-01,port-id7430,uplink,28.297949
2026-01-31 09:30:00,estimate,sw-core-01,port-id7430,uplink,26.995150
2026-01-31 09:35:00,estimate,sw-core-01,port-id7430,uplink,25.633527
2026-01-31 09:40:00,estimate,sw-core-01,port-id7430,uplink,27.242317
2026-01-31 09:45:00,estimate,sw-core-01,port-id7430,uplink,28.397379
2026-01-31 09:50:00,estimate,sw-core-01,port-id7430,uplink,24.315311
2026-01-31 09:55:00,estimate,sw-core-01,port-id7430,uplink,28.582560
2026-01-31 10:00:00,estimate,sw-core-01,port-id7430,uplink,25.791436
2026-01-31 10:05:00,estimate,sw-core-01,port-id7430,uplink,26.564003
2026-01-31 10:10:00,estimate,sw-core-01,port-id7430,uplink,25.045198
2026-01-31 10:15:00,estimate,sw-core-01,port-id7430,uplink,22.517128
2026-01-31 10:20:00,estimate,sw-core-01,port-id7430,uplink,29.835452
2026-01-31 10:25:00,estimate,sw-core-01,port-id7430,uplink,26.823262
2026-01-31 10:30:00,estimate,sw-core-01,port-id7430,uplink,33.175533
2026-01-31 10:35:00,estimate,sw-core-01,port-id7430,uplink,32.005937
2026-01-31 10:40:00,estimate,sw-core-01,port-id7430,uplink,33.175083
2026-01-31 10:45:00,estimate,sw-core-01,port-id7430,uplink,24.859395
2026-01-31 10:50:00,estimate,sw-core-01,port-id7430,uplink,31.332597
2026-01-31 10:55:00,estimate,sw-core-01,port-id7430,uplink,25.521447
2026-01-31 11:00:00,estimate,sw-core-01,port-id7430,uplink,21.406218
2026-01-31 11:05:00,estimate,sw-core-01,port-id7430,uplink,29.311769
2026-01-31 11:10:00,estimate,sw-core-01,port-id7430,uplink,26.969112
2026-01-31 11:15:00,estimate,sw-core-01,port-id7430,uplink,26.989753
2026-01-31 11:20:00,estimate,sw-core-01,port-id7430,uplink,28.066604
2026-01-31 11:25:00,estimate,sw-core-01,port-id7430,uplink,26.215586
2026-01-31 11:30:00,estimate,sw-core-01,port-id7430,uplink,26.529009
2026-01-31 11:35:00,estimate,sw-core-01,port-id7430,uplink,26.762439
2026-01-31 11:40:00,estimate,sw-core-01,port-id7430,uplink,27.173701
2026-01-31 11:45:00,estimate,sw-core-01,port-id7430,uplink,25.330885
2026-01-31 11:50:00,estimate,sw-core-01,port-id7430,uplink,29.533817
2026-01-31 11:55:00,estimate,sw-core-01,port-id7430,uplink,28.817805
2026-01-31 12:00:00,estimate,sw-core-01,port-id7430,uplink,31.332779
2026-01-31 12:05:00,estimate,sw-core-01,port-id7430,uplink,23.070302
2026-01-31 12:10:00,estimate,sw-core-01,port-id7430,uplink,30.845052
2026-01-31 12:15:00,estimate,sw-core-01,port-id7430,uplink,27.268540
2026-01-31 12:20:00,estimate,sw-core-01,port-id7430,uplink,24.453736
2026-01-31 12:25:00,estimate,sw-core-01,port-id7430,uplink,26.579768
2026-01-31 12:30:00,estimate,sw-core-01,port-id7430,uplink,31.418226
2026-01-31 12:35:00,estimate,sw-core-01,port-id7430,uplink,26.914513
2026-01-31 12:40:00,estimate,sw-core-01,port-id7430,uplink,29.407049
2026-01-31 12:45:00,estimate,sw-core-01,port-id7430,uplink,31.029166
2026-01-31 12:50:00,estimate,sw-core-01,port-id7430,uplink,22.693462
2026-01-31 12:55:00,estimate,sw-core-01,port-id7430,uplink,26.312763
2026-01-31 13:00:00,estimate,sw-core-01,port-id7430,uplink,25.446313
2026-01-31 13:05:00,estimate,sw-core-01,port-id7430,uplink,25.945122
2026-01-31 13:10:00,estimate,sw-core-01,port-id7430,uplink,27.912751
2026-01-31 13:15:00,estimate,sw-core-01,port-id7430,uplink,28.587391
2026-01-31 13:20:00,estimate,sw-core-01,port-id7430,uplink,28.874982
2026-01-31 13:25:00,estimate,sw-core-01,port-id7430,uplink,25.321279
2026-01-31 13:30:00,estimate,sw-core-01,port-id7430,uplink,28.047489
2026-01-31 13:35:00,estimate,sw-core-01,port-id7430,uplink,24.517724
2026-01-31 13:40:00,estimate,sw-core-01,port-id7430,uplink,25.225864
2026-01-31 13:45:00,estimate,sw-core-01,port-id7430,uplink,31.414471
2026-01-31 13:50:00,estimate,sw-core-01,port-id7430,uplink,31.897060
2026-01-31 13:55:00,estimate,sw-core-01,port-id7430,uplink,30.587173
2026-01-31 14:00:00,estimate,sw-core-01,port-id7430,uplink,23.211650
2026-01-31 14:05:00,estimate,sw-core-01,port-id7430,uplink,30.083422
2026-01-31 14:10:00,estimate,sw-core-01,port-id7430,uplink,23.503685
2026-01-31 14:15:00,estimate,sw-core-01,port-id7430,uplink,32.071980
2026-01-31 14:20:00,estimate,sw-core-01,port-id7430,uplink,29.192575
2026-01-31 14:25:00,estimate,sw-core-01,port-id7430,uplink,26.022439
2026-01-31 14:30:00,estimate,sw-core-01,port-id7430,uplink,26.538156
2026-01-31 14:35:00,estimate,sw-core-01,port-id7430,uplink,22.516200
2026-01-31 14:40:00,estimate,sw-core-01,port-id7430,uplink,27.286526
2026-01-31 14:45:00,estimate,sw-core-01,port-id7430,uplink,33.379420
2026-01-31 14:50:00,estimate,sw-core-01,port-id7430,uplink,29.892313
2026-01-31 14:55:00,estimate,sw-core-01,port-id7430,uplink,33.517102
2026-01-31 15:00:00,estimate,sw-core-01,port-id7430,uplink,27.347535
2026-01-31 15:05:00,estimate,sw-core-01,port-id7430,uplink,26.142333
2026-01-31 15:10:00,estimate,sw-core-01,port-id7430,uplink,30.629917
2026-01-31 15:15:00,estimate,sw-core-01,port-id7430,uplink,29.829360
2026-01-31 15:20:00,estimate,sw-core-01,port-id7430,uplink,25.184001
2026-01-31 15:25:00,estimate,sw-core-01,port-id7430,uplink,24.369577
2026-01-31 15:30:00,estimate,sw-core-01,port-id7430,uplink,29.324285
2026-01-31 15:35:00,estimate,sw-core-01,port-id7430,uplink,27.307193
2026-01-31 15:40:00,estimate,sw-core-01,port-id7430,uplink,27.632971
2026-01-31 15:45:00,estimate,sw-core-01,port-id7430,uplink,24.355544
2026-01-31 15:50:00,estimate,sw-core-01,port-id7430,uplink,27.826620
2026-01-31 15:55:00,estimate,sw-core-01,port-id7430,uplink,25.315800
2026-01-31 16:00:00,estimate,sw-core-01,port-id7430,uplink,26.357660
2026-01-31 16:05:00,estimate,sw-core-01,port-id7430,uplink,24.766966
2026-01-31 16:10:00,estimate,sw-core-01,port-id7430,uplink,22.974497
2026-01-31 16:15:00,estimate,sw-core-01,port-id7430,uplink,27.483064
2026-01-31 16:20:00,estimate,sw-core-01,port-id7430,uplink,23.349268
2026-01-31 16:25:00,estimate,sw-core-01,port-id7430,uplink,32.970451
2026-01-31 16:30:00,estimate,sw-core-01,port-id7430,uplink,27.788645
2026-01-31 16:35:00,estimate,sw-core-01,port-id7430,uplink,22.248527
2026-01-31 16:40:00,estimate,sw-core-01,port-id7430,uplink,28.846387
2026-01-31 16:45:00,estimate,sw-core-01,port-id7430,uplink,27.194923
2026-01-31 16:50:00,estimate,sw-core-01,port-id7430,uplink,22.027367
2026-01-31 16:55:00,estimate,sw-core-01,port-id7430,uplink,31.368851
2026-01-31 17:00:00,estimate,sw-core-01,port-id7430,uplink,27.628083
2026-01-31 17:05:00,estimate,sw-core-01,port-id7430,uplink,26.524372
2026-01-31 17:10:00,estimate,sw-core-01,port-id7430,uplink,25.752263
2026-01-31 17:15:00,estimate,sw-core-01,port-id7430,uplink,29.364486
2026-01-31 17:20:00,estimate,sw-core-01,port-id7430,uplink,26.889286
2026-01-31 17:25:00,estimate,sw-core-01,port-id7430,uplink,27.264811
2026-01-31 17:30:00,estimate,sw-core-01,port-id7430,uplink,25.800719
2026-01-31 17:35:00,estimate,sw-core-01,port-id7430,uplink,31.588578
2026-01-31 17:40:00,estimate,sw-core-01,port-id7430,uplink,27.495489
2026-01-31 17:45:00,estimate,sw-core-01,port-id7430,uplink,24.564770
2026-01-31 17:50:00,estimate,sw-core-01,port-id7430,uplink,21.245716
2026-01-31 17:55:00,estimate,sw-core-01,port-id7430,uplink,22.950329
2026-01-31 18:00:00,estimate,sw-core-01,port-id7430,uplink,21.880928
2026-01-31 18:05:00,estimate,sw-core-01,port-id7430,uplink,22.613156
2026-01-31 18:10:00,estimate,sw-core-01,port-id7430,uplink,28.896229
2026-01-31 18:15:00,estimate,sw-core-01,port-id7430,uplink,18.881929
2026-01-31 18:20:00,estimate,sw-core-01,port-id7430,uplink,28.930157
2026-01-31 18:25:00,estimate,sw-core-01,port-id7430,uplink,26.916252
2026-01-31 18:30:00,estimate,sw-core-01,port-id7430,uplink,20.393559
2026-01-31 18:35:00,estimate,sw-core-01,port-id7430,uplink,26.799295
2026-01-31 18:40:00,estimate,sw-core-01,port-id7430,uplink,22.324226
2026-01-31 18:45:00,estimate,sw-core-01,port-id7430,uplink,23.631194
2026-01-31 18:50:00,estimate,sw-core-01,port-id7430,uplink,18.109201
2026-01-31 18:55:00,estimate,sw-core-01,port-id7430,uplink,23.118519
2026-01-31 19:00:00,estimate,sw-core-01,port-id7430,uplink,18.627481
2026-01-31 19:05:00,estimate,sw-core-01,port-id7430,uplink,19.252589
2026-01-31 19:10:00,estimate,sw-core-01,port-id7430,uplink,19.408184
2026-01-31 19:15:00,estimate,sw-core-01,port-id7430,uplink,15.765194
2026-01-31 19:20:00,estimate,sw-core-01,port-id7430,uplink,23.676620
2026-01-31 19:25:00,estimate,sw-core-01,port-id7430,uplink,20.036704
2026-01-31 19:30:00,estimate,sw-core-01,port-id7430,uplink,17.185491
2026-01-31 19:35:00,estimate,sw-core-01,port-id7430,uplink,15.333519
2026-01-31 19:40:00,estimate,sw-core-01,port-id7430,uplink,17.490920
2026-01-31 19:45:00,estimate,sw-core-01,port-id7430,uplink,14.867052
2026-01-31 19:50:00,estimate,sw-core-01,port-id7430,uplink,15.916443
2026-01-31 19:55:00,estimate,sw-core-01,port-id7430,uplink,15.155155
2026-01-31 20:00:00,estimate,sw-core-01,port-id7430,uplink,13.045762
2026-01-31 20:05:00,estimate,sw-core-01,port-id7430,uplink,13.002480
2026-01-31 20:10:00,estimate,sw-core-01,port-id7430,uplink,17.217024
2026-01-31 20:15:00,estimate,sw-core-01,port-id7430,uplink,7.939405
2026-01-31 20:20:00,estimate,sw-core-01,port-id7430,uplink,15.302321
2026-01-31 20:25:00,estimate,sw-core-01,port-id7430,uplink,5.915466
2026-01-31 20:30:00,estimate,sw-core-01,port-id7430,uplink,9.835404
2026-01-31 20:35:00,estimate,sw-core-01,port-id7430,uplink,11.368336
2026-01-31 20:40:00,estimate,sw-core-01,port-id7430,uplink,11.514155
2026-01-31 20:45:00,estimate,sw-core-01,port-id7430,uplink,11.366958
2026-01-31 20:50:00,estimate,sw-core-01,port-id7430,uplink,8.750229
2026-01-31 20:55:00,estimate,sw-core-01,port-id7430,uplink,10.908912
2026-01-31 21:00:00,estimate,sw-core-01,port-id7430,uplink,8.627286
2026-01-31 21:05:00,estimate,sw-core-01,port-id7430,uplink,5.060242
2026-01-31 21:10:00,estimate,sw-core-01,port-id7430,uplink,10.808682
2026-01-31 21:15:00,estimate,sw-core-01,port-id7430,uplink,11.605252
2026-01-31 21:20:00,estimate,sw-core-01,port-id7430,uplink,11.346406
2026-01-31 21:25:00,estimate,sw-core-01,port-id7430,uplink,8.351929
2026-01-31 21:30:00,estimate,sw-core-01,port-id7430,uplink,3.899871
2026-01-31 21:35:00,estimate,sw-core-01,port-id7430,uplink,13.685305
2026-01-31 21:40:00,estimate,sw-core-01,port-id7430,uplink,5.889190
2026-01-31 21:45:00,estimate,sw-core-01,port-id7430,uplink,2.224836
2026-01-31 21:50:00,estimate,sw-core-01,port-id7430,uplink,10.826552
2026-01-31 21:55:00,estimate,sw-core-01,port-id7430,uplink,6.702135
2026-01-31 22:00:00,estimate,sw-core-01,port-id7430,uplink,5.810727
2026-01-31 22:05:00,estimate,sw-core-01,port-id7430,uplink,5.777546
2026-01-31 22:10:00,estimate,sw-core-01,port-id7430,uplink,12.022515
2026-01-31 22:15:00,estimate,sw-core-01,port-id7430,uplink,8.836216
2026-01-31 22:20:00,estimate,sw-core-01,port-id7430,uplink,6.660862
2026-01-31 22:25:00,estimate,sw-core-01,port-id7430,uplink,9.313654
2026-01-31 22:30:00,estimate,sw-core-01,port-id7430,uplink,8.964116
2026-01-31 22:35:00,estimate,sw-core-01,port-id7430,uplink,9.636058
2026-01-31 22:40:00,estimate,sw-core-01,port-id7430,uplink,9.193042
2026-01-31 22:45:00,estimate,sw-core-01,port-id7430,uplink,10.077883
2026-01-31 22:50:00,estimate,sw-core-01,port-id7430,uplink,10.934192
2026-01-31 22:55:00,estimate,sw-core-01,port-id7430,uplink,7.631719
2026-01-31 23:00:00,estimate,sw-core-01,port-id7430,uplink,11.433310
2026-01-31 23:05:00,estimate,sw-core-01,port-id7430,uplink,8.503965
2026-01-31 23:10:00,estimate,sw-core-01,port-id7430,uplink,8.512957
2026-01-31 23:15:00,estimate,sw-core-01,port-id7430,uplink,7.173484
2026-01-31 23:20:00,estimate,sw-core-01,port-id7430,uplink,11.315295
2026-01-31 23:25:00,estimate,sw-core-01,port-id7430,uplink,6.848749
2026-01-31 23:30:00,estimate,sw-core-01,port-id7430,uplink,8.687377
2026-01-31 23:35:00,estimate,sw-core-01,port-id7430,uplink,7.253432
2026-01-31 23:40:00,estimate,sw-core-01,port-id7430,uplink,10.179316
2026-01-31 23:45:00,estimate,sw-core-01,port-id7430,uplink,10.735015
2026-01-31 23:50:00,estimate,sw-core-01,port-id7430,uplink,6.303740
2026-01-31 23:55:00,estimate,sw-core-01,port-id7430,uplink,6.295151
2026-02-01 00:00:00,estimate,sw-core-01,port-id7430,uplink,9.490383
2026-02-01 00:05:00,estimate,sw-core-01,port-id7430,uplink,8.833488
2026-02-01 00:10:00,estimate,sw-core-01,port-id7430,uplink,13.458765
2026-02-01 00:15:00,estimate,sw-core-01,port-id7430,uplink,10.135495
2026-02-01 00:20:00,estimate,sw-core-01,port-id7430,uplink,5.801304
2026-02-01 00:25:00,estimate,sw-core-01,port-id7430,uplink,6.055211
2026-02-01 00:30:00,estimate,sw-core-01,port-id7430,uplink,13.032298
2026-02-01 00:35:00,estimate,sw-core-01,port-id7430,uplink,12.796096
2026-02-01 00:40:00,estimate,sw-core-01,port-id7430,uplink,12.339293
2026-02-01 00:45:00,estimate,sw-core-01,port-id7430,uplink,7.388691
2026-02-01 00:50:00,estimate,sw-core-01,port-id7430,uplink,7.848844
2026-02-01 00:55:00,estimate,sw-core-01,port-id7430,uplink,5.567487
2026-02-01 01:00:00,estimate,sw-core-01,port-id7430,uplink,10.131681
2026-02-01 01:05:00,estimate,sw-core-01,port-id7430,uplink,10.213247
2026-02-01 01:10:00,estimate,sw-core-01,port-id7430,uplink,9.445032
2026-02-01 01:15:00,estimate,sw-core-01,port-id7430,uplink,11.196963
2026-02-01 01:20:00,estimate,sw-core-01,port-id7430,uplink,9.180588
2026-02-01 01:25:00,estimate,sw-core-01,port-id7430,uplink,6.143707
2026-02-01 01:30:00,estimate,sw-core-01,port-id7430,uplink,8.283884
2026-02-01 01:35:00,estimate,sw-core-01,port-id7430,uplink,8.180329
2026-02-01 01:40:00,estimate,sw-core-01,port-id7430,uplink,11.940583
2026-02-01 01:45:00,estimate,sw-core-01,port-id7430,uplink,11.455693
2026-02-01 01:50:00,estimate,sw-core-01,port-id7430,uplink,10.625786
2026-02-01 01:55:00,estimate,sw-core-01,port-id7430,uplink,6.556648
2026-02-01 02:00:00,estimate,sw-core-01,port-id7430,uplink,5.918579
2026-02-01 02:05:00,estimate,sw-core-01,port-id7430,uplink,10.757915
2026-02-01 02:10:00,estimate,sw-core-01,port-id7430,uplink,10.149287
2026-02-01 02:15:00,estimate,sw-core-01,port-id7430,uplink,14.420792
2026-02-01 02:20:00,estimate,sw-core-01,port-id7430,uplink,3.626731
2026-02-01 02:25:00,estimate,sw-core-01,port-id7430,uplink,10.172233
2026-02-01 02:30:00,estimate,sw-core-01,port-id7430,uplink,7.396668
2026-02-01 02:35:00,estimate,sw-core-01,port-id7430,uplink,6.277076
2026-02-01 02:40:00,estimate,sw-core-01,port-id7430,uplink,11.218247
2026-02-01 02:45:00,estimate,sw-core-01,port-id7430,uplink,11.714017
2026-02-01 02:50:00,estimate,sw-core-01,port-id7430,uplink,11.285914
2026-02-01 02:55:00,estimate,sw-core-01,port-id7430,uplink,11.212049
2026-02-01 03:00:00,estimate,sw-core-01,port-id7430,uplink,11.208364
2026-02-01 03:05:00,estimate,sw-core-01,port-id7430,uplink,13.209272
2026-02-01 03:10:00,estimate,sw-core-01,port-id7430,uplink,11.543963
2026-02-01 03:15:00,estimate,sw-core-01,port-id7430,uplink,5.718450
2026-02-01 03:20:00,estimate,sw-core-01,port-id7430,uplink,13.628814
2026-02-01 03:25:00,estimate,sw-core-01,port-id7430,uplink,7.882857
2026-02-01 03:30:00,estimate,sw-core-01,port-id7430,uplink,9.801298
2026-02-01 03:35:00,estimate,sw-core-01,port-id7430,uplink,9.371809
2026-02-01 03:40:00,estimate,sw-core-01,port-id7430,uplink,10.779534
2026-02-01 03:45:00,estimate,sw-core-01,port-id7430,uplink,13.254904
2026-02-01 03:50:00,estimate,sw-core-01,port-id7430,uplink,4.639522
2026-02-01 03:55:00,estimate,sw-core-01,port-id7430,uplink,9.966357
2026-02-01 04:00:00,estimate,sw-core-01,port-id7430,uplink,9.544818
2026-02-01 04:05:00,estimate,sw-core-01,port-id7430,uplink,8.168569
2026-02-01 04:10:00,estimate,sw-core-01,port-id7430,uplink,6.517576
2026-02-01 04:15:00,estimate,sw-core-01,port-id7430,uplink,6.471296
2026-02-01 04:20:00,estimate,sw-core-01,port-id7430,uplink,14.381736
2026-02-01 04:25:00,estimate,sw-core-01,port-id7430,uplink,12.112872
2026-02-01 04:30:00,estimate,sw-core-01,port-id7430,uplink,4.781137
2026-02-01 04:35:00,estimate,sw-core-01,port-id7430,uplink,10.358382
2026-02-01 04:40:00,estimate,sw-core-01,port-id7430,uplink,13.168051
2026-02-01 04:45:00,estimate,sw-core-01,port-id7430,uplink,12.115428
2026-02-01 04:50:00,estimate,sw-core-01,port-id7430,uplink,5.649733
2026-02-01 04:55:00,estimate,sw-core-01,port-id7430,uplink,13.427073
2026-02-01 05:00:00,estimate,sw-core-01,port-id7430,uplink,7.902832
2026-02-01 05:05:00,estimate,sw-core-01,port-id7430,uplink,10.261602
2026-02-01 05:10:00,estimate,sw-core-01,port-id7430,uplink,9.363897
2026-02-01 05:15:00,estimate,sw-core-01,port-id7430,uplink,11.991333
2026-02-01 05:20:00,estimate,sw-core-01,port-id7430,uplink,9.782917
2026-02-01 05:25:00,estimate,sw-core-01,port-id7430,uplink,6.581777
2026-02-01 05:30:00,estimate,sw-core-01,port-id7430,uplink,9.392462
2026-02-01 05:35:00,estimate,sw-core-01,port-id7430,uplink,13.119641
2026-02-01 05:40:00,estimate,sw-core-01,port-id7430,uplink,16.969600
2026-02-01 05:45:00,estimate,sw-core-01,port-id7430,uplink,9.414531
2026-02-01 05:50:00,estimate,sw-core-01,port-id7430,uplink,10.630765
2026-02-01 05:55:00,estimate,sw-core-01,port-id7430,uplink,7.581094
2026-02-01 06:00:00,estimate,sw-core-01,port-id7430,uplink,10.960406
2026-02-01 06:05:00,estimate,sw-core-01,port-id7430,uplink,10.302794
2026-02-01 06:10:00,estimate,sw-core-01,port-id7430,uplink,9.733772
2026-02-01 06:15:00,estimate,sw-core-01,port-id7430,uplink,17.126699
2026-02-01 06:20:00,estimate,sw-core-01,port-id7430,uplink,10.511984
2026-02-01 06:25:00,estimate,sw-core-01,port-id7430,uplink,11.233496
2026-02-01 06:30:00,estimate,sw-core-01,port-id7430,uplink,17.043187
2026-02-01 06:35:00,estimate,sw-core-01,port-id7430,uplink,12.272209
2026-02-01 06:40:00,estimate,sw-core-01,port-id7430,uplink,17.271402
2026-02-01 06:45:00,estimate,sw-core-01,port-id7430,uplink,17.605255
2026-02-01 06:50:00,estimate,sw-core-01,port-id7430,uplink,23.889654
2026-02-01 06:55:00,estimate,sw-core-01,port-id7430,uplink,15.075365
2026-02-01 07:00:00,estimate,sw-core-01,port-id7430,uplink,17.403418
2026-02-01 07:05:00,estimate,sw-core-01,port-id7430,uplink,20.095575
2026-02-01 07:10:00,estimate,sw-core-01,port-id7430,uplink,18.525975
2026-02-01 07:15:00,estimate,sw-core-01,port-id7430,uplink,20.122524
2026-02-01 07:20:00,estimate,sw-core-01,port-id7430,uplink,17.688363
2026-02-01 07:25:00,estimate,sw-core-01,port-id7430,uplink,19.911137
2026-02-01 07:30:00,estimate,sw-core-01,port-id7430,uplink,26.924147
2026-02-01 07:35:00,estimate,sw-core-01,port-id7430,uplink,19.748249
2026-02-01 07:40:00,estimate,sw-core-01,port-id7430,uplink,16.462587
2026-02-01 07:45:00,estimate,sw-core-01,port-id7430,uplink,21.826449
2026-02-01 07:50:00,estimate,sw-core-01,port-id7430,uplink,28.350544
2026-02-01 07:55:00,estimate,sw-core-01,port-id7430,uplink,26.216021
2026-02-01 08:00:00,estimate,sw-core-01,port-id7430,uplink,22.335991
2026-02-01 08:05:00,estimate,sw-core-01,port-id7430,uplink,23.759531
2026-02-01 08:10:00,estimate,sw-core-01,port-id7430,uplink,24.732410
2026-02-01 08:15:00,estimate,sw-core-01,port-id7430,uplink,32.463987
2026-02-01 08:20:00,estimate,sw-core-01,port-id7430,uplink,23.880446
2026-02-01 08:25:00,estimate,sw-core-01,port-id7430,uplink,23.934266
2026-02-01 08:30:00,estimate,sw-core-01,port-id7430,uplink,25.212650
2026-02-01 08:35:00,estimate,sw-core-01,port-id7430,uplink,28.768910
2026-02-01 08:40:00,estimate,sw-core-01,port-id7430,uplink,28.446538
2026-02-01 08:45:00,estimate,sw-core-01,port-id7430,uplink,27.309945
2026-02-01 08:50:00,estimate,sw-core-01,port-id7430,uplink,24.995948
2026-02-01 08:55:00,estimate,sw-core-01,port-id7430,uplink,24.729650
2026-02-01 09:00:00,estimate,sw-core-01,port-id7430,uplink,26.072795
2026-02-01 09:05:00,estimate,sw-core-01,port-id7430,uplink,25.312936
2026-02-01 09:10:00,estimate,sw-core-01,port-id7430,uplink,27.820418
2026-02-01 09:15:00,estimate,sw-core-01,port-id7430,uplink,29.387622
2026-02-01 09:20:00,estimate,sw-core-01,port-id7430,uplink,26.740834
2026-02-01 09:25:00,estimate,sw-core-01,port-id7430,uplink,21.131210
2026-02-01 09:30:00,estimate,sw-core-01,port-id7430,uplink,33.426588
2026-02-01 09:35:00,estimate,sw-core-01,port-id7430,uplink,25.696471
2026-02-01 09:40:00,estimate,sw-core-01,port-id7430,uplink,26.140873
2026-02-01 09:45:00,estimate,sw-core-01,port-id7430,uplink,28.609985
2026-02-01 09:50:00,estimate,sw-core-01,port-id7430,uplink,29.402061
2026-02-01 09:55:00,estimate,sw-core-01,port-id7430,uplink,32.220313
2026-02-01 10:00:00,estimate,sw-core-01,port-id7430,uplink,24.411386
2026-02-01 10:05:00,estimate,sw-core-01,port-id7430,uplink,27.927454
2026-02-01 10:10:00,estimate,sw-core-01,port-id7430,uplink,23.156669
2026-02-01 10:15:00,estimate,sw-core-01,port-id7430,uplink,26.829511
2026-02-01 10:20:00,estimate,sw-core-01,port-id7430,uplink,23.276518
2026-02-01 10:25:00,estimate,sw-core-01,port-id7430,uplink,29.392130
2026-02-01 10:30:00,estimate,sw-core-01,port-id7430,uplink,25.886271
2026-02-01 10:35:00,estimate,sw-core-01,port-id7430,uplink,22.464193
2026-02-01 10:40:00,estimate,sw-core-01,port-id7430,uplink,30.593049
2026-02-01 10:45:00,estimate,sw-core-01,port-id7430,uplink,30.133835
2026-02-01 10:50:00,estimate,sw-core-01,port-id7430,uplink,25.347728
2026-02-01 10:55:00,estimate,sw-core-01,port-id7430,uplink,25.722297
2026-02-01 11:00:00,estimate,sw-core-01,port-id7430,uplink,25.206595
2026-02-01 11:05:00,estimate,sw-core-01,port-id7430,uplink,23.373837
2026-02-01 11:10:00,estimate,sw-core-01,port-id7430,uplink,22.747456
2026-02-01 11:15:00,estimate,sw-core-01,port-id7430,uplink,25.689568
2026-02-01 11:20:00,estimate,sw-core-01,port-id7430,uplink,26.672948
2026-02-01 11:25:00,estimate,sw-core-01,port-id7430,uplink,25.484705
2026-02-01 11:30:00,estimate,sw-core-01,port-id7430,uplink,30.413516
2026-02-01 11:35:00,estimate,sw-core-01,port-id7430,uplink,24.292107
2026-02-01 11:40:00,estimate,sw-core-01,port-id7430,uplink,27.549259
2026-02-01 11:45:00,estimate,sw-core-01,port-id7430,uplink,28.953992
2026-02-01 11:50:00,estimate,sw-core-01,port-id7430,uplink,28.321590
2026-02-01 11:55:00,estimate,sw-core-01,port-id7430,uplink,24.423628
2026-02-01 12:00:00,estimate,sw-core-01,port-id7430,uplink,24.469516
2026-02-01 12:05:00,estimate,sw-core-01,port-id7430,uplink,29.699323
2026-02-01 12:10:00,estimate,sw-core-01,port-id7430,uplink,30.239483
2026-02-01 12:15:00,estimate,sw-core-01,port-id7430,uplink,26.463236
2026-02-01 12:20:00,estimate,sw-core-01,port-id7430,uplink,28.327867
2026-02-01 12:25:00,estimate,sw-core-01,port-id7430,uplink,32.952868
2026-02-01 12:30:00,estimate,sw-core-01,port-id7430,uplink,29.249013
2026-02-01 12:35:00,estimate,sw-core-01,port-id7430,uplink,22.946046
2026-02-01 12:40:00,estimate,sw-core-01,port-id7430,uplink,26.965441
2026-02-01 12:45:00,estimate,sw-core-01,port-id7430,uplink,24.018933
2026-02-01 12:50:00,estimate,sw-core-01,port-id7430,uplink,28.124717
2026-02-01 12:55:00,estimate,sw-core-01,port-id7430,uplink,23.015500
2026-02-01 13:00:00,estimate,sw-core-01,port-id7430,uplink,26.131601
2026-02-01 13:05:00,estimate,sw-core-01,port-id7430,uplink,28.688889
2026-02-01 13:10:00,estimate,sw-core-01,port-id7430,uplink,27.676923
2026-02-01 13:15:00,estimate,sw-core-01,port-id7430,uplink,28.231487
2026-02-01 13:20:00,estimate,sw-core-01,port-id7430,uplink,21.883777
2026-02-01 13:25:00,estimate,sw-core-01,port-id7430,uplink,28.776183
2026-02-01 13:30:00,estimate,sw-core-01,port-id7430,uplink,27.260229
2026-02-01 13:35:00,estimate,sw-core-01,port-id7430,uplink,30.886462
2026-02-01 13:40:00,estimate,sw-core-01,port-id7430,uplink,29.642995
2026-02-01 13:45:00,estimate,sw-core-01,port-id7430,uplink,28.538697
2026-02-01 13:50:00,estimate,sw-core-01,port-id7430,uplink,26.809358
2026-02-01 13:55:00,estimate,sw-core-01,port-id7430,uplink,27.743844
2026-02-01 14:00:00,estimate,sw-core-01,port-id7430,uplink,29.546507
2026-02-01 14:05:00,estimate,sw-core-01,port-id7430,uplink,26.749810
2026-02-01 14:10:00,estimate,sw-core-01,port-id7430,uplink,27.553606
2026-02-01 14:15:00,estimate,sw-core-01,port-id7430,uplink,29.638923
2026-02-01 14:20:00,estimate,sw-core-01,port-id7430,uplink,31.937875
2026-02-01 14:25:00,estimate,sw-core-01,port-id7430,uplink,29.354182
2026-02-01 14:30:00,estimate,sw-core-01,port-id7430,uplink,29.151207
2026-02-01 14:35:00,estimate,sw-core-01,port-id7430,uplink,32.618576
2026-02-01 14:40:00,estimate,sw-core-01,port-id7430,uplink,28.847844
2026-02-01 14:45:00,estimate,sw-core-01,port-id7430,uplink,25.493760
2026-02-01 14:50:00,estimate,sw-core-01,port-id7430,uplink,23.432279
2026-02-01 14:55:00,estimate,sw-core-01,port-id7430,uplink,26.366165
2026-02-01 15:00:00,estimate,sw-core-01,port-id7430,uplink,21.168581
2026-02-01 15:05:00,estimate,sw-core-01,port-id7430,uplink,22.598559
2026-02-01 15:10:00,estimate,sw-core-01,port-id7430,uplink,21.486784
2026-02-01 15:15:00,estimate,sw-core-01,port-id7430,uplink,24.670460
2026-02-01 15:20:00,estimate,sw-core-01,port-id7430,uplink,25.508321
2026-02-01 15:25:00,estimate,sw-core-01,port-id7430,uplink,23.699292
2026-02-01 15:30:00,estimate,sw-core-01,port-id7430,uplink,25.766214
2026-02-01 15:35:00,estimate,sw-core-01,port-id7430,uplink,25.523775
2026-02-01 15:40:00,estimate,sw-core-01,port-id7430,uplink,24.854449
2026-02-01 15:45:00,estimate,sw-core-01,port-id7430,uplink,28.450295
2026-02-01 15:50:00,estimate,sw-core-01,port-id7430,uplink,27.453861
2026-02-01 15:55:00,estimate,sw-core-01,port-id7430,uplink,26.516341
2026-02-01 16:00:00,estimate,sw-core-01,port-id7430,uplink,27.382170
2026-02-01 16:05:00,estimate,sw-core-01,port-id7430,uplink,26.155979
2026-02-01 16:10:00,estimate,sw-core-01,port-id7430,uplink,26.607558
2026-02-01 16:15:00,estimate,sw-core-01,port-id7430,uplink,28.475053
2026-02-01 16:20:00,estimate,sw-core-01,port-id7430,uplink,24.205118
2026-02-01 16:25:00,estimate,sw-core-01,port-id7430,uplink,26.015569
2026-02-01 16:30:00,estimate,sw-core-01,port-id7430,uplink,27.020222
2026-02-01 16:35:00,estimate,sw-core-01,port-id7430,uplink,29.905914
2026-02-01 16:40:00,estimate,sw-core-01,port-id7430,uplink,20.215918
2026-02-01 16:45:00,estimate,sw-core-01,port-id7430,uplink,24.204660
2026-02-01 16:50:00,estimate,sw-core-01,port-id7430,uplink,23.170944
2026-02-01 16:55:00,estimate,sw-core-01,port-id7430,uplink,26.739197
2026-02-01 17:00:00,estimate,sw-core-01,port-id7430,uplink,29.080924
2026-02-01 17:05:00,estimate,sw-core-01,port-id7430,uplink,29.845108
2026-02-01 17:10:00,estimate,sw-core-01,port-id7430,uplink,27.808312
2026-02-01 17:15:00,estimate,sw-core-01,port-id7430,uplink,24.612135
2026-02-01 17:20:00,estimate,sw-core-01,port-id7430,uplink,29.261168
2026-02-01 17:25:00,estimate,sw-core-01,port-id7430,uplink,28.221147
2026-02-01 17:30:00,estimate,sw-core-01,port-id7430,uplink,28.801327
2026-02-01 17:35:00,estimate,sw-core-01,port-id7430,uplink,26.002644
2026-02-01 17:40:00,estimate,sw-core-01,port-id7430,uplink,24.829318
2026-02-01 17:45:00,estimate,sw-core-01,port-id7430,uplink,29.857514
2026-02-01 17:50:00,estimate,sw-core-01,port-id7430,uplink,24.933955
2026-02-01 17:55:00,estimate,sw-core-01,port-id7430,uplink,28.042501
2026-02-01 18:00:00,estimate,sw-core-01,port-id7430,uplink,21.105453
2026-02-01 18:05:00,estimate,sw-core-01,port-id7430,uplink,23.990287
2026-02-01 18:10:00,estimate,sw-core-01,port-id7430,uplink,24.909342
2026-02-01 18:15:00,estimate,sw-core-01,port-id7430,uplink,26.953177
2026-02-01 18:20:00,estimate,sw-core-01,port-id7430,uplink,28.805405
2026-02-01 18:25:00,estimate,sw-core-01,port-id7430,uplink,24.517850
2026-02-01 18:30:00,estimate,sw-core-01,port-id7430,uplink,21.913953
2026-02-01 18:35:00,estimate,sw-core-01,port-id7430,uplink,22.994776
2026-02-01 18:40:00,estimate,sw-core-01,port-id7430,uplink,26.192376
2026-02-01 18:45:00,estimate,sw-core-01,port-id7430,uplink,19.733827
2026-02-01 18:50:00,estimate,sw-core-01,port-id7430,uplink,19.162756
2026-02-01 18:55:00,estimate,sw-core-01,port-id7430,uplink,24.147245
2026-02-01 19:00:00,estimate,sw-core-01,port-id7430,uplink,23.892831
2026-02-01 19:05:00,estimate,sw-core-01,port-id7430,uplink,18.609371
2026-02-01 19:10:00,estimate,sw-core-01,port-id7430,uplink,16.322518
2026-02-01 19:15:00,estimate,sw-core-01,port-id7430,uplink,18.648052
2026-02-01 19:20:00,estimate,sw-core-01,port-id7430,uplink,20.200268
2026-02-01 19:25:00,estimate,sw-core-01,port-id7430,uplink,19.088604
2026-02-01 19:30:00,estimate,sw-core-01,port-id7430,uplink,17.496489
2026-02-01 19:35:00,estimate,sw-core-01,port-id7430,uplink,21.716158
2026-02-01 19:40:00,estimate,sw-core-01,port-id7430,uplink,17.187748
2026-02-01 19:45:00,estimate,sw-core-01,port-id7430,uplink,19.917770
2026-02-01 19:50:00,estimate,sw-core-01,port-id7430,uplink,15.679123
2026-02-01 19:55:00,estimate,sw-core-01,port-id7430,uplink,16.082394
2026-02-01 20:00:00,estimate,sw-core-01,port-id7430,uplink,20.184200
2026-02-01 20:05:00,estimate,sw-core-01,port-id7430,uplink,13.760156
2026-02-01 20:10:00,estimate,sw-core-01,port-id7430,uplink,11.224882
2026-02-01 20:15:00,estimate,sw-core-01,port-id7430,uplink,13.971052
2026-02-01 20:20:00,estimate,sw-core-01,port-id7430,uplink,18.449579
2026-02-01 20:25:00,estimate,sw-core-01,port-id7430,uplink,12.493391
2026-02-01 20:30:00,estimate,sw-core-01,port-id7430,uplink,5.604380
2026-02-01 20:35:00,estimate,sw-core-01,port-id7430,uplink,14.613655
2026-02-01 20:40:00,estimate,sw-core-01,port-id7430,uplink,8.544045
2026-02-01 20:45:00,estimate,sw-core-01,port-id7430,uplink,10.757111
2026-02-01 20:50:00,estimate,sw-core-01,port-id7430,uplink,13.896237
2026-02-01 20:55:00,estimate,sw-core-01,port-id7430,uplink,10.681890
2026-02-01 21:00:00,estimate,sw-core-01,port-id7430,uplink,15.696080
2026-02-01 21:05:00,estimate,sw-core-01,port-id7430,uplink,11.561093
2026-02-01 21:10:00,estimate,sw-core-01,port-id7430,uplink,8.059192
2026-02-01 21:15:00,estimate,sw-core-01,port-id7430,uplink,11.703771
2026-02-01 21:20:00,estimate,sw-core-01,port-id7430,uplink,5.071807
2026-02-01 21:25:00,estimate,sw-core-01,port-id7430,uplink,12.007880
2026-02-01 21:30:00,estimate,sw-core-01,port-id7430,uplink,10.258921
2026-02-01 21:35:00,estimate,sw-core-01,port-id7430,uplink,13.383040
2026-02-01 21:40:00,estimate,sw-core-01,port-id7430,uplink,8.065334
2026-02-01 21:45:00,estimate,sw-core-01,port-id7430,uplink,6.609734
2026-02-01 21:50:00,estimate,sw-core-01,port-id7430,uplink,6.227928
2026-02-01 21:55:00,estimate,sw-core-01,port-id7430,uplink,14.237579
2026-02-01 22:00:00,estimate,sw-core-01,port-id7430,uplink,7.195204
2026-02-01 22:05:00,estimate,sw-core-01,port-id7430,uplink,7.829017
2026-02-01 22:10:00,estimate,sw-core-01,port-id7430,uplink,10.821039
2026-02-01 22:15:00,estimate,sw-core-01,port-id7430,uplink,8.348524
2026-02-01 22:20:00,estimate,sw-core-01,port-id7430,uplink,11.132514
2026-02-01 22:25:00,estimate,sw-core-01,port-id7430,uplink,9.282678
2026-02-01 22:30:00,estimate,sw-core-01,port-id7430,uplink,16.928875
2026-02-01 22:35:00,estimate,sw-core-01,port-id7430,uplink,10.503385
2026-02-01 22:40:00,estimate,sw-core-01,port-id7430,uplink,11.770599
2026-02-01 22:45:00,estimate,sw-core-01,port-id7430,uplink,6.392077
2026-02-01 22:50:00,estimate,sw-core-01,port-id7430,uplink,9.489766
2026-02-01 22:55:00,estimate,sw-core-01,port-id7430,uplink,9.770765
2026-02-01 23:00:00,estimate,sw-core-01,port-id7430,uplink,10.757226
2026-02-01 23:05:00,estimate,sw-core-01,port-id7430,uplink,9.932637
2026-02-01 23:10:00,estimate,sw-core-01,port-id7430,uplink,11.800612
2026-02-01 23:15:00,estimate,sw-core-01,port-id7430,uplink,9.498642
2026-02-01 23:20:00,estimate,sw-core-01,port-id7430,uplink,6.618145
2026-02-01 23:25:00,estimate,sw-core-01,port-id7430,uplink,13.937042
2026-02-01 23:30:00,estimate,sw-core-01,port-id7430,uplink,8.805827
2026-02-01 23:35:00,estimate,sw-core-01,port-id7430,uplink,10.952037
2026-02-01 23:40:00,estimate,sw-core-01,port-id7430,uplink,8.498767
2026-02-01 23:45:00,estimate,sw-core-01,port-id7430,uplink,7.282594
2026-02-01 23:50:00,estimate,sw-core-01,port-id7430,uplink,9.320791
2026-02-01 23:55:00,estimate,sw-core-01,port-id7430,uplink,9.189198
2026-02-02 00:00:00,estimate,sw-core-01,port-id7430,uplink,17.886229
2026-02-02 00:05:00,estimate,sw-core-01,port-id7430,uplink,8.861479
2026-02-02 00:10:00,estimate,sw-core-01,port-id7430,uplink,17.087283
2026-02-02 00:15:00,estimate,sw-core-01,port-id7430,uplink,9.567667
2026-02-02 00:20:00,estimate,sw-core-01,port-id7430,uplink,18.393016
2026-02-02 00:25:00,estimate,sw-core-01,port-id7430,uplink,14.475734
2026-02-02 00:30:00,estimate,sw-core-01,port-id7430,uplink,13.381131
2026-02-02 00:35:00,estimate,sw-core-01,port-id7430,uplink,17.920102
2026-02-02 00:40:00,estimate,sw-core-01,port-id7430,uplink,16.256771
2026-02-02 00:45:00,estimate,sw-core-01,port-id7430,uplink,12.801113
2026-02-02 00:50:00,estimate,sw-core-01,port-id7430,uplink,13.274354
2026-02-02 00:55:00,estimate,sw-core-01,port-id7430,uplink,10.754549
2026-02-02 01:00:00,estimate,sw-core-01,port-id7430,uplink,11.312005
2026-02-02 01:05:00,estimate,sw-core-01,port-id7430,uplink,15.834685
2026-02-02 01:10:00,estimate,sw-core-01,port-id7430,uplink,12.007632
2026-02-02 01:15:00,estimate,sw-core-01,port-id7430,uplink,14.110373
2026-02-02 01:20:00,estimate,sw-core-01,port-id7430,uplink,14.852355
2026-02-02 01:25:00,estimate,sw-core-01,port-id7430,uplink,19.364007
2026-02-02 01:30:00,estimate,sw-core-01,port-id7430,uplink,17.045141
2026-02-02 01:35:00,estimate,sw-core-01,port-id7430,uplink,11.762252
2026-02-02 01:40:00,estimate,sw-core-01,port-id7430,uplink,16.390297
2026-02-02 01:45:00,estimate,sw-core-01,port-id7430,uplink,11.839999
2026-02-02 01:50:00,estimate,sw-core-01,port-id7430,uplink,18.343270
2026-02-02 01:55:00,estimate,sw-core-01,port-id7430,uplink,9.633035
2026-02-02 02:00:00,estimate,sw-core-01,port-id7430,uplink,16.424007
2026-02-02 02:05:00,estimate,sw-core-01,port-id7430,uplink,14.192679
2026-02-02 02:10:00,estimate,sw-core-01,port-id7430,uplink,15.713534
2026-02-02 02:15:00,estimate,sw-core-01,port-id7430,uplink,14.432171
2026-02-02 02:20:00,estimate,sw-core-01,port-id7430,uplink,13.815755
2026-02-02 02:25:00,estimate,sw-core-01,port-id7430,uplink,15.409149
2026-02-02 02:30:00,estimate,sw-core-01,port-id7430,uplink,14.575271
2026-02-02 02:35:00,estimate,sw-core-01,port-id7430,uplink,18.280140
2026-02-02 02:40:00,estimate,sw-core-01,port-id7430,uplink,16.175591
2026-02-02 02:45:00,estimate,sw-core-01,port-id7430,uplink,15.766045
2026-02-02 02:50:00,estimate,sw-core-01,port-id7430,uplink,16.968334
2026-02-02 02:55:00,estimate,sw-core-01,port-id7430,uplink,13.052152
2026-02-02 03:00:00,estimate,sw-core-01,port-id7430,uplink,17.975878
2026-02-02 03:05:00,estimate,sw-core-01,port-id7430,uplink,14.712989
2026-02-02 03:10:00,estimate,sw-core-01,port-id7430,uplink,14.002157
2026-02-02 03:15:00,estimate,sw-core-01,port-id7430,uplink,14.655619
2026-02-02 03:20:00,estimate,sw-core-01,port-id7430,uplink,18.795157
2026-02-02 03:25:00,estimate,sw-core-01,port-id7430,uplink,17.139974
2026-02-02 03:30:00,estimate,sw-core-01,port-id7430,uplink,13.989277
2026-02-02 03:35:00,estimate,sw-core-01,port-id7430,uplink,17.112160
2026-02-02 03:40:00,estimate,sw-core-01,port-id7430,uplink,18.885405
2026-02-02 03:45:00,estimate,sw-core-01,port-id7430,uplink,15.849484
2026-02-02 03:50:00,estimate,sw-core-01,port-id7430,uplink,14.126819
2026-02-02 03:55:00,estimate,sw-core-01,port-id7430,uplink,18.679197
2026-02-02 04:00:00,estimate,sw-core-01,port-id7430,uplink,15.116755
2026-02-02 04:05:00,estimate,sw-core-01,port-id7430,uplink,16.328853
2026-02-02 04:10:00,estimate,sw-core-01,port-id7430,uplink,12.361000
2026-02-02 04:15:00,estimate,sw-core-01,port-id7430,uplink,17.317033
2026-02-02 04:20:00,estimate,sw-core-01,port-id7430,uplink,13.541096
2026-02-02 04:25:00,estimate,sw-core-01,port-id7430,uplink,9.919696
2026-02-02 04:30:00,estimate,sw-core-01,port-id7430,uplink,14.287417
2026-02-02 04:35:00,estimate,sw-core-01,port-id7430,uplink,16.170705
2026-02-02 04:40:00,estimate,sw-core-01,port-id7430,uplink,9.763748
2026-02-02 04:45:00,estimate,sw-core-01,port-id7430,uplink,17.513285
2026-02-02 04:50:00,estimate,sw-core-01,port-id7430,uplink,18.968742
2026-02-02 04:55:00,estimate,sw-core-01,port-id7430,uplink,15.635855
2026-02-02 05:00:00,estimate,sw-core-01,port-id7430,uplink,12.484181
2026-02-02 05:05:00,estimate,sw-core-01,port-id7430,uplink,15.871688
2026-02-02 05:10:00,estimate,sw-core-01,port-id7430,uplink,21.235540
2026-02-02 05:15:00,estimate,sw-core-01,port-id7430,uplink,12.137408
2026-02-02 05:20:00,estimate,sw-core-01,port-id7430,uplink,20.393122
2026-02-02 05:25:00,estimate,sw-core-01,port-id7430,uplink,16.020957
2026-02-02 05:30:00,estimate,sw-core-01,port-id7430,uplink,16.701266
2026-02-02 05:35:00,estimate,sw-core-01,port-id7430,uplink,18.102257
2026-02-02 05:40:00,estimate,sw-core-01,port-id7430,uplink,16.552032
2026-02-02 05:45:00,estimate,sw-core-01,port-id7430,uplink,17.012588
2026-02-02 05:50:00,estimate,sw-core-01,port-id7430,uplink,18.696139
2026-02-02 05:55:00,estimate,sw-core-01,port-id7430,uplink,17.845310
2026-02-02 06:00:00,estimate,sw-core-01,port-id7430,uplink,18.805426
2026-02-02 06:05:00,estimate,sw-core-01,port-id7430,uplink,19.777208
2026-02-02 06:10:00,estimate,sw-core-01,port-id7430,uplink,22.228771
2026-02-02 06:15:00,estimate,sw-core-01,port-id7430,uplink,16.681863
2026-02-02 06:20:00,estimate,sw-core-01,port-id7430,uplink,23.042888
2026-02-02 06:25:00,estimate,sw-core-01,port-id7430,uplink,18.654079
2026-02-02 06:30:00,estimate,sw-core-01,port-id7430,uplink,26.403975
2026-02-02 06:35:00,estimate,sw-core-01,port-id7430,uplink,24.160659
2026-02-02 06:40:00,estimate,sw-core-01,port-id7430,uplink,21.446936
2026-02-02 06:45:00,estimate,sw-core-01,port-id7430,uplink,32.172770
2026-02-02 06:50:00,estimate,sw-core-01,port-id7430,uplink,25.511358
2026-02-02 06:55:00,estimate,sw-core-01,port-id7430,uplink,29.551844
2026-02-02 07:00:00,estimate,sw-core-01,port-id7430,uplink,28.348303
2026-02-02 07:05:00,estimate,sw-core-01,port-id7430,uplink,33.098112
2026-02-02 07:10:00,estimate,sw-core-01,port-id7430,uplink,34.176739
2026-02-02 07:15:00,estimate,sw-core-01,port-id7430,uplink,38.720490
2026-02-02 07:20:00,estimate,sw-core-01,port-id7430,uplink,29.126625
2026-02-02 07:25:00,estimate,sw-core-01,port-id7430,uplink,35.693595
2026-02-02 07:30:00,estimate,sw-core-01,port-id7430,uplink,36.831452
2026-02-02 07:35:00,estimate,sw-core-01,port-id7430,uplink,38.196020
2026-02-02 07:40:00,estimate,sw-core-01,port-id7430,uplink,37.214810
2026-02-02 07:45:00,estimate,sw-core-01,port-id7430,uplink,36.521904
2026-02-02 07:50:00,estimate,sw-core-01,port-id7430,uplink,44.763321
2026-02-02 07:55:00,estimate,sw-core-01,port-id7430,uplink,39.847281
2026-02-02 08:00:00,estimate,sw-core-01,port-id7430,uplink,37.068555
2026-02-02 08:05:00,estimate,sw-core-01,port-id7430,uplink,42.858643
2026-02-02 08:10:00,estimate,sw-core-01,port-id7430,uplink,38.116628
2026-02-02 08:15:00,estimate,sw-core-01,port-id7430,uplink,45.360210
2026-02-02 08:20:00,estimate,sw-core-01,port-id7430,uplink,41.137755
2026-02-02 08:25:00,estimate,sw-core-01,port-id7430,uplink,42.412979
2026-02-02 08:30:00,estimate,sw-core-01,port-id7430,uplink,44.476204
2026-02-02 08:35:00,estimate,sw-core-01,port-id7430,uplink,44.578404
2026-02-02 08:40:00,estimate,sw-core-01,port-id7430,uplink,40.809211
2026-02-02 08:45:00,estimate,sw-core-01,port-id7430,uplink,43.547946
2026-02-02 08:50:00,estimate,sw-core-01,port-id7430,uplink,42.016848
2026-02-02 08:55:00,estimate,sw-core-01,port-id7430,uplink,43.381941
2026-02-02 09:00:00,estimate,sw-core-01,port-id7430,uplink,44.989015
2026-02-02 09:05:00,estimate,sw-core-01,port-id7430,uplink,47.390808
2026-02-02 09:10:00,estimate,sw-core-01,port-id7430,uplink,44.156648
2026-02-02 09:15:00,estimate,sw-core-01,port-id7430,uplink,44.066628
2026-02-02 09:20:00,estimate,sw-core-01,port-id7430,uplink,44.550318
2026-02-02 09:25:00,estimate,sw-core-01,port-id7430,uplink,40.922544
2026-02-02 09:30:00,estimate,sw-core-01,port-id7430,uplink,44.924828
2026-02-02 09:35:00,estimate,sw-core-01,port-id7430,uplink,43.003624
2026-02-02 09:40:00,estimate,sw-core-01,port-id7430,uplink,45.864242
2026-02-02 09:45:00,estimate,sw-core-01,port-id7430,uplink,44.477390
2026-02-02 09:50:00,estimate,sw-core-01,port-id7430,uplink,46.389750
2026-02-02 09:55:00,estimate,sw-core-01,port-id7430,uplink,43.266592
2026-02-02 10:00:00,estimate,sw-core-01,port-id7430,uplink,50.207443
2026-02-02 10:05:00,estimate,sw-core-01,port-id7430,uplink,45.329426
2026-02-02 10:10:00,estimate,sw-core-01,port-id7430,uplink,48.716190
2026-02-02 10:15:00,estimate,sw-core-01,port-id7430,uplink,44.079049
2026-02-02 10:20:00,estimate,sw-core-01,port-id7430,uplink,43.755345
2026-02-02 10:25:00,estimate,sw-core-01,port-id7430,uplink,42.191030
2026-02-02 10:30:00,estimate,sw-core-01,port-id7430,uplink,43.090368
2026-02-02 10:35:00,estimate,sw-core-01,port-id7430,uplink,41.720910
2026-02-02 10:40:00,estimate,sw-core-01,port-id7430,uplink,46.437322
2026-02-02 10:45:00,estimate,sw-core-01,port-id7430,uplink,46.834624
2026-02-02 10:50:00,estimate,sw-core-01,port-id7430,uplink,43.881533
2026-02-02 10:55:00,estimate,sw-core-01,port-id7430,uplink,44.536578
2026-02-02 11:00:00,estimate,sw-core-01,port-id7430,uplink,49.657515
2026-02-02 11:05:00,estimate,sw-core-01,port-id7430,uplink,43.923994
2026-02-02 11:10:00,estimate,sw-core-01,port-id7430,uplink,47.923958
2026-02-02 11:15:00,estimate,sw-core-01,port-id7430,uplink,37.508384
2026-02-02 11:20:00,estimate,sw-core-01,port-id7430,uplink,45.121621
2026-02-02 11:25:00,estimate,sw-core-01,port-id7430,uplink,39.272022
2026-02-02 11:30:00,estimate,sw-core-01,port-id7430,uplink,44.223660
2026-02-02 11:35:00,estimate,sw-core-01,port-id7430,uplink,44.190170
2026-02-02 11:40:00,estimate,sw-core-01,port-id7430,uplink,47.853642
2026-02-02 11:45:00,estimate,sw-core-01,port-id7430,uplink,45.320224
2026-02-02 11:50:00,estimate,sw-core-01,port-id7430,uplink,46.355324
2026-02-02 11:55:00,estimate,sw-core-01,port-id7430,uplink,44.291835
2026-02-02 12:00:00,estimate,sw-core-01,port-id7430,uplink,43.020345
2026-02-02 12:05:00,estimate,sw-core-01,port-id7430,uplink,42.227240
2026-02-02 12:10:00,estimate,sw-core-01,port-id7430,uplink,45.171670
2026-02-02 12:15:00,estimate,sw-core-01,port-id7430,uplink,43.611783
2026-02-02 12:20:00,estimate,sw-core-01,port-id7430,uplink,36.962600
2026-02-02 12:25:00,estimate,sw-core-01,port-id7430,uplink,48.880282
2026-02-02 12:30:00,estimate,sw-core-01,port-id7430,uplink,44.377917
2026-02-02 12:35:00,estimate,sw-core-01,port-id7430,uplink,41.478570
2026-02-02 12:40:00,estimate,sw-core-01,port-id7430,uplink,49.987422
2026-02-02 12:45:00,estimate,sw-core-01,port-id7430,uplink,48.699782
2026-02-02 12:50:00,estimate,sw-core-01,port-id7430,uplink,46.953995
2026-02-02 12:55:00,estimate,sw-core-01,port-id7430,uplink,46.532308
2026-02-02 13:00:00,estimate,sw-core-01,port-id7430,uplink,46.734897
2026-02-02 13:05:00,estimate,sw-core-01,port-id7430,uplink,41.314653
2026-02-02 13:10:00,estimate,sw-core-01,port-id7430,uplink,38.639332
2026-02-02 13:15:00,estimate,sw-core-01,port-id7430,uplink,40.950623
2026-02-02 13:20:00,estimate,sw-core-01,port-id7430,uplink,47.437361
2026-02-02 13:25:00,estimate,sw-core-01,port-id7430,uplink,41.357994
2026-02-02 13:30:00,estimate,sw-core-01,port-id7430,uplink,43.968041
2026-02-02 13:35:00,estimate,sw-core-01,port-id7430,uplink,44.324474
2026-02-02 13:40:00,estimate,sw-core-01,port-id7430,uplink,44.359519
2026-02-02 13:45:00,estimate,sw-core-01,port-id7430,uplink,45.314356
2026-02-02 13:50:00,estimate,sw-core-01,port-id7430,uplink,43.063061
2026-02-02 13:55:00,estimate,sw-core-01,port-id7430,uplink,42.832658
2026-02-02 14:00:00,estimate,sw-core-01,port-id7430,uplink,42.050978
2026-02-02 14:05:00,estimate,sw-core-01,port-id7430,uplink,38.234050
2026-02-02 14:10:00,estimate,sw-core-01,port-id7430,uplink,47.555779
2026-02-02 14:15:00,estimate,sw-core-01,port-id7430,uplink,41.913597
2026-02-02 14:20:00,estimate,sw-core-01,port-id7430,uplink,45.034744
2026-02-02 14:25:00,estimate,sw-core-01,port-id7430,uplink,43.045545
2026-02-02 14:30:00,estimate,sw-core-01,port-id7430,uplink,42.240792
2026-02-02 14:35:00,estimate,sw-core-01,port-id7430,uplink,43.031092
2026-02-02 14:40:00,estimate,sw-core-01,port-id7430,uplink,43.057460
2026-02-02 14:45:00,estimate,sw-core-01,port-id7430,uplink,48.360472
2026-02-02 14:50:00,estimate,sw-core-01,port-id7430,uplink,50.358749
2026-02-02 14:55:00,estimate,sw-core-01,port-id7430,uplink,47.066842
2026-02-02 15:00:00,estimate,sw-core-01,port-id7430,uplink,43.608605
2026-02-02 15:05:00,estimate,sw-core-01,port-id7430,uplink,49.820136
2026-02-02 15:10:00,estimate,sw-core-01,port-id7430,uplink,41.940247
2026-02-02 15:15:00,estimate,sw-core-01,port-id7430,uplink,46.830635
2026-02-02 15:20:00,estimate,sw-core-01,port-id7430,uplink,48.337318
2026-02-02 15:25:00,estimate,sw-core-01,port-id7430,uplink,46.854518
2026-02-02 15:30:00,estimate,sw-core-01,port-id7430,uplink,46.134923
2026-02-02 15:35:00,estimate,sw-core-01,port-id7430,uplink,45.102213
2026-02-02 15:40:00,estimate,sw-core-01,port-id7430,uplink,44.690638
2026-02-02 15:45:00,estimate,sw-core-01,port-id7430,uplink,42.822861
2026-02-02 15:50:00,estimate,sw-core-01,port-id7430,uplink,41.460959
2026-02-02 15:55:00,estimate,sw-core-01,port-id7430,uplink,46.511925
2026-02-02 16:00:00,estimate,sw-core-01,port-id7430,uplink,48.177461
2026-02-02 16:05:00,estimate,sw-core-01,port-id7430,uplink,39.319439
2026-02-02 16:10:00,estimate,sw-core-01,port-id7430,uplink,45.377927
2026-02-02 16:15:00,estimate,sw-core-01,port-id7430,uplink,35.843379
2026-02-02 16:20:00,estimate,sw-core-01,port-id7430,uplink,45.001922
2026-02-02 16:25:00,estimate,sw-core-01,port-id7430,uplink,42.619493
2026-02-02 16:30:00,estimate,sw-core-01,port-id7430,uplink,44.835185
2026-02-02 16:35:00,estimate,sw-core-01,port-id7430,uplink,41.742716
2026-02-02 16:40:00,estimate,sw-core-01,port-id7430,uplink,45.815531
2026-02-02 16:45:00,estimate,sw-core-01,port-id7430,uplink,40.586712
2026-02-02 16:50:00,estimate,sw-core-01,port-id7430,uplink,49.052975
2026-02-02 16:55:00,estimate,sw-core-01,port-id7430,uplink,42.886971
2026-02-02 17:00:00,estimate,sw-core-01,port-id7430,uplink,42.227110
2026-02-02 17:05:00,estimate,sw-core-01,port-id7430,uplink,44.243461
2026-02-02 17:10:00,estimate,sw-core-01,port-id7430,uplink,46.819972
2026-02-02 17:15:00,estimate,sw-core-01,port-id7430,uplink,49.151438
2026-02-02 17:20:00,estimate,sw-core-01,port-id7430,uplink,43.883221
2026-02-02 17:25:00,estimate,sw-core-01,port-id7430,uplink,43.365567
2026-02-02 17:30:00,estimate,sw-core-01,port-id7430,uplink,52.642187
2026-02-02 17:35:00,estimate,sw-core-01,port-id7430,uplink,44.755640
2026-02-02 17:40:00,estimate,sw-core-01,port-id7430,uplink,43.365939
2026-02-02 17:45:00,estimate,sw-core-01,port-id7430,uplink,41.613422
2026-02-02 17:50:00,estimate,sw-core-01,port-id7430,uplink,39.972589
2026-02-02 17:55:00,estimate,sw-core-01,port-id7430,uplink,41.618463
2026-02-02 18:00:00,estimate,sw-core-01,port-id7430,uplink,38.988439
2026-02-02 18:05:00,estimate,sw-core-01,port-id7430,uplink,40.206516
2026-02-02 18:10:00,estimate,sw-core-01,port-id7430,uplink,45.075937
2026-02-02 18:15:00,estimate,sw-core-01,port-id7430,uplink,42.829825
2026-02-02 18:20:00,estimate,sw-core-01,port-id7430,uplink,46.440286
2026-02-02 18:25:00,estimate,sw-core-01,port-id7430,uplink,40.411326
2026-02-02 18:30:00,estimate,sw-core-01,port-id7430,uplink,45.031512
2026-02-02 18:35:00,estimate,sw-core-01,port-id7430,uplink,39.157153
2026-02-02 18:40:00,estimate,sw-core-01,port-id7430,uplink,39.442192
2026-02-02 18:45:00,estimate,sw-core-01,port-id7430,uplink,34.403467
2026-02-02 18:50:00,estimate,sw-core-01,port-id7430,uplink,39.687192
2026-02-02 18:55:00,estimate,sw-core-01,port-id7430,uplink,36.336447
2026-02-02 19:00:00,estimate,sw-core-01,port-id7430,uplink,31.929073
2026-02-02 19:05:00,estimate,sw-core-01,port-id7430,uplink,29.313084
2026-02-02 19:10:00,estimate,sw-core-01,port-id7430,uplink,34.283884
2026-02-02 19:15:00,estimate,sw-core-01,port-id7430,uplink,36.971700
2026-02-02 19:20:00,estimate,sw-core-01,port-id7430,uplink,35.150876
2026-02-02 19:25:00,estimate,sw-core-01,port-id7430,uplink,29.170744
2026-02-02 19:30:00,estimate,sw-core-01,port-id7430,uplink,30.862210
2026-02-02 19:35:00,estimate,sw-core-01,port-id7430,uplink,28.907300
2026-02-02 19:40:00,estimate,sw-core-01,port-id7430,uplink,28.175734
2026-02-02 19:45:00,estimate,sw-core-01,port-id7430,uplink,25.913312
2026-02-02 19:50:00,estimate,sw-core-01,port-id7430,uplink,23.388637
2026-02-02 19:55:00,estimate,sw-core-01,port-id7430,uplink,22.718932
2026-02-02 20:00:00,estimate,sw-core-01,port-id7430,uplink,24.640168
2026-02-02 20:05:00,estimate,sw-core-01,port-id7430,uplink,24.538143
2026-02-02 20:10:00,estimate,sw-core-01,port-id7430,uplink,25.532152
2026-02-02 20:15:00,estimate,sw-core-01,port-id7430,uplink,22.056222
2026-02-02 20:20:00,estimate,sw-core-01,port-id7430,uplink,19.583516
2026-02-02 20:25:00,estimate,sw-core-01,port-id7430,uplink,23.824851
2026-02-02 20:30:00,estimate,sw-core-01,port-id7430,uplink,20.006645
2026-02-02 20:35:00,estimate,sw-core-01,port-id7430,uplink,24.148514
2026-02-02 20:40:00,estimate,sw-core-01,port-id7430,uplink,15.541947
2026-02-02 20:45:00,estimate,sw-core-01,port-id7430,uplink,18.594287
2026-02-02 20:50:00,estimate,sw-core-01,port-id7430,uplink,17.950378
2026-02-02 20:55:00,estimate,sw-core-01,port-id7430,uplink,20.951050
2026-02-02 21:00:00,estimate,sw-core-01,port-id7430,uplink,13.217043
2026-02-02 21:05:00,estimate,sw-core-01,port-id7430,uplink,13.087111
2026-02-02 21:10:00,estimate,sw-core-01,port-id7430,uplink,13.065005
2026-02-02 21:15:00,estimate,sw-core-01,port-id7430,uplink,18.136160
2026-02-02 21:20:00,estimate,sw-core-01,port-id7430,uplink,14.195063
2026-02-02 21:25:00,estimate,sw-core-01,port-id7430,uplink,10.287375
2026-02-02 21:30:00,estimate,sw-core-01,port-id7430,uplink,15.450108
2026-02-02 21:35:00,estimate,sw-core-01,port-id7430,uplink,13.943295
2026-02-02 21:40:00,estimate,sw-core-01,port-id7430,uplink,18.969144
2026-02-02 21:45:00,estimate,sw-core-01,port-id7430,uplink,14.382918
2026-02-02 21:50:00,estimate,sw-core-01,port-id7430,uplink,15.275587
2026-02-02 21:55:00,estimate,sw-core-01,port-id7430,uplink,18.104837
2026-02-02 22:00:00,estimate,sw-core-01,port-id7430,uplink,18.599695
2026-02-02 22:05:00,estimate,sw-core-01,port-id7430,uplink,17.730773
2026-02-02 22:10:00,estimate,sw-core-01,port-id7430,uplink,13.425115
2026-02-02 22:15:00,estimate,sw-core-01,port-id7430,uplink,15.990333
2026-02-02 22:20:00,estimate,sw-core-01,port-id7430,uplink,14.902417
2026-02-02 22:25:00,estimate,sw-core-01,port-id7430,uplink,13.582987
2026-02-02 22:30:00,estimate,sw-core-01,port-id7430,uplink,15.752054
2026-02-02 22:35:00,estimate,sw-core-01,port-id7430,uplink,13.781827
2026-02-02 22:40:00,estimate,sw-core-01,port-id7430,uplink,16.192981
2026-02-02 22:45:00,estimate,sw-core-01,port-id7430,uplink,10.651833
2026-02-02 22:50:00,estimate,sw-core-01,port-id7430,uplink,14.162384
2026-02-02 22:55:00,estimate,sw-core-01,port-id7430,uplink,13.212546
2026-02-02 23:00:00,estimate,sw-core-01,port-id7430,uplink,16.745814
2026-02-02 23:05:00,estimate,sw-core-01,port-id7430,uplink,12.314843
2026-02-02 23:10:00,estimate,sw-core-01,port-id7430,uplink,20.109473
2026-02-02 23:15:00,estimate,sw-core-01,port-id7430,uplink,18.393790
2026-02-02 23:20:00,estimate,sw-core-01,port-id7430,uplink,12.619678
2026-02-02 23:25:00,estimate,sw-core-01,port-id7430,uplink,14.306197
2026-02-02 23:30:00,estimate,sw-core-01,port-id7430,uplink,12.030767
2026-02-02 23:35:00,estimate,sw-core-01,port-id7430,uplink,11.152203
2026-02-02 23:40:00,estimate,sw-core-01,port-id7430,uplink,17.863567
2026-02-02 23:45:00,estimate,sw-core-01,port-id7430,uplink,12.872866
2026-02-02 23:50:00,estimate,sw-core-01,port-id7430,uplink,13.598320
2026-02-02 23:55:00,estimate,sw-core-01,port-id7430,uplink,19.099111
2026-02-03 00:00:00,estimate,sw-core-01,port-id7430,uplink,14.282576
2026-02-03 00:05:00,estimate,sw-core-01,port-id7430,uplink,14.496276
2026-02-03 00:10:00,estimate,sw-core-01,port-id7430,uplink,11.394344
2026-02-03 00:15:00,estimate,sw-core-01,port-id7430,uplink,18.413905
2026-02-03 00:20:00,estimate,sw-core-01,port-id7430,uplink,21.101055
2026-02-03 00:25:00,estimate,sw-core-01,port-id7430,uplink,9.999463
2026-02-03 00:30:00,estimate,sw-core-01,port-id7430,uplink,11.137289
2026-02-03 00:35:00,estimate,sw-core-01,port-id7430,uplink,11.265528
2026-02-03 00:40:00,estimate,sw-core-01,port-id7430,uplink,18.390749
2026-02-03 00:45:00,estimate,sw-core-01,port-id7430,uplink,16.409527
2026-02-03 00:50:00,estimate,sw-core-01,port-id7430,uplink,15.135408
2026-02-03 00:55:00,estimate,sw-core-01,port-id7430,uplink,15.698988
2026-02-03 01:00:00,estimate,sw-core-01,port-id7430,uplink,16.364890
2026-02-03 01:05:00,estimate,sw-core-01,port-id7430,uplink,16.086925
2026-02-03 01:10:00,estimate,sw-core-01,port-id7430,uplink,15.754492
2026-02-03 01:15:00,estimate,sw-core-01,port-id7430,uplink,13.600228
2026-02-03 01:20:00,estimate,sw-core-01,port-id7430,uplink,15.200313
2026-02-03 01:25:00,estimate,sw-core-01,port-id7430,uplink,17.536759
2026-02-03 01:30:00,estimate,sw-core-01,port-id7430,uplink,17.348934
2026-02-03 01:35:00,estimate,sw-core-01,port-id7430,uplink,17.281607
2026-02-03 01:40:00,estimate,sw-core-01,port-id7430,uplink,8.676210
2026-02-03 01:45:00,estimate,sw-core-01,port-id7430,uplink,15.790361
2026-02-03 01:50:00,estimate,sw-core-01,port-id7430,uplink,17.639019
2026-02-03 01:55:00,estimate,sw-core-01,port-id7430,uplink,15.489381
2026-02-03 02:00:00,estimate,sw-core-01,port-id7430,uplink,17.476867
2026-02-03 02:05:00,estimate,sw-core-01,port-id7430,uplink,8.971702
2026-02-03 02:10:00,estimate,sw-core-01,port-id7430,uplink,10.147326
2026-02-03 02:15:00,estimate,sw-core-01,port-id7430,uplink,20.668976
2026-02-03 02:20:00,estimate,sw-core-01,port-id7430,uplink,14.172447
2026-02-03 02:25:00,estimate,sw-core-01,port-id7430,uplink,14.309920
2026-02-03 02:30:00,estimate,sw-core-01,port-id7430,uplink,16.016012
2026-02-03 02:35:00,estimate,sw-core-01,port-id7430,uplink,15.334999
2026-02-03 02:40:00,estimate,sw-core-01,port-id7430,uplink,7.776734
2026-02-03 02:45:00,estimate,sw-core-01,port-id7430,uplink,13.844733
2026-02-03 02:50:00,estimate,sw-core-01,port-id7430,uplink,20.661110
2026-02-03 02:55:00,estimate,sw-core-01,port-id7430,uplink,16.173312
2026-02-03 03:00:00,estimate,sw-core-01,port-id7430,uplink,16.184315
2026-02-03 03:05:00,estimate,sw-core-01,port-id7430,uplink,12.851967
2026-02-03 03:10:00,estimate,sw-core-01,port-id7430,uplink,9.028189
2026-02-03 03:15:00,estimate,sw-core-01,port-id7430,uplink,16.536413
2026-02-03 03:20:00,estimate,sw-core-01,port-id7430,uplink,10.207760
2026-02-03 03:25:00,estimate,sw-core-01,port-id7430,uplink,11.145685
2026-02-03 03:30:00,estimate,sw-core-01,port-id7430,uplink,15.664791
2026-02-03 03:35:00,estimate,sw-core-01,port-id7430,uplink,20.451900
2026-02-03 03:40:00,estimate,sw-core-01,port-id7430,uplink,11.374474
2026-02-03 03:45:00,estimate,sw-core-01,port-id7430,uplink,17.141613
2026-02-03 03:50:00,estimate,sw-core-01,port-id7430,uplink,19.755924
2026-02-03 03:55:00,estimate,sw-core-01,port-id7430,uplink,14.225462
2026-02-03 04:00:00,estimate,sw-core-01,port-id7430,uplink,16.682156
2026-02-03 04:05:00,estimate,sw-core-01,port-id7430,uplink,16.714298
2026-02-03 04:10:00,estimate,sw-core-01,port-id7430,uplink,17.979208
2026-02-03 04:15:00,estimate,sw-core-01,port-id7430,uplink,11.451767
2026-02-03 04:20:00,estimate,sw-core-01,port-id7430,uplink,13.821761
2026-02-03 04:25:00,estimate,sw-core-01,port-id7430,uplink,19.055011
2026-02-03 04:30:00,estimate,sw-core-01,port-id7430,uplink,15.130100
2026-02-03 04:35:00,estimate,sw-core-01,port-id7430,uplink,16.120227
2026-02-03 04:40:00,estimate,sw-core-01,port-id7430,uplink,13.045223
2026-02-03 04:45:00,estimate,sw-core-01,port-id7430,uplink,15.689892
2026-02-03 04:50:00,estimate,sw-core-01,port-id7430,uplink,14.700499
2026-02-03 04:55:00,estimate,sw-core-01,port-id7430,uplink,22.303233
2026-02-03 05:00:00,estimate,sw-core-01,port-id7430,uplink,20.052904
2026-02-03 05:05:00,estimate,sw-core-01,port-id7430,uplink,20.078062
2026-02-03 05:10:00,estimate,sw-core-01,port-id7430,uplink,15.096300
2026-02-03 05:15:00,estimate,sw-core-01,port-id7430,uplink,13.925704
2026-02-03 05:20:00,estimate,sw-core-01,port-id7430,uplink,20.216921
2026-02-03 05:25:00,estimate,sw-core-01,port-id7430,uplink,16.368230
2026-02-03 05:30:00,estimate,sw-core-01,port-id7430,uplink,14.198097
2026-02-03 05:35:00,estimate,sw-core-01,port-id7430,uplink,12.596576
2026-02-03 05:40:00,estimate,sw-core-01,port-id7430,uplink,22.914341
2026-02-03 05:45:00,estimate,sw-core-01,port-id7430,uplink,17.755664
2026-02-03 05:50:00,estimate,sw-core-01,port-id7430,uplink,15.256475
2026-02-03 05:55:00,estimate,sw-core-01,port-id7430,uplink,23.625028
2026-02-03 06:00:00,estimate,sw-core-01,port-id7430,uplink,14.919612
2026-02-03 06:05:00,estimate,sw-core-01,port-id7430,uplink,19.063518
2026-02-03 06:10:00,estimate,sw-core-01,port-id7430,uplink,23.005293
2026-02-03 06:15:00,estimate,sw-core-01,port-id7430,uplink,24.347021
2026-02-03 06:20:00,estimate,sw-core-01,port-id7430,uplink,19.925486
2026-02-03 06:25:00,estimate,sw-core-01,port-id7430,uplink,22.271900
2026-02-03 06:30:00,estimate,sw-core-01,port-id7430,uplink,23.365540
2026-02-03 06:35:00,estimate,sw-core-01,port-id7430,uplink,17.297834
2026-02-03 06:40:00,estimate,sw-core-01,port-id7430,uplink,23.063937
2026-02-03 06:45:00,estimate,sw-core-01,port-id7430,uplink,31.594412
2026-02-03 06:50:00,estimate,sw-core-01,port-id7430,uplink,24.726529
2026-02-03 06:55:00,estimate,sw-core-01,port-id7430,uplink,29.155997
2026-02-03 07:00:00,estimate,sw-core-01,port-id7430,uplink,27.164123
2026-02-03 07:05:00,estimate,sw-core-01,port-id7430,uplink,32.591278
2026-02-03 07:10:00,estimate,sw-core-01,port-id7430,uplink,34.325021
2026-02-03 07:15:00,estimate,sw-core-01,port-id7430,uplink,31.531889
2026-02-03 07:20:00,estimate,sw-core-01,port-id7430,uplink,33.767417
2026-02-03 07:25:00,estimate,sw-core-01,port-id7430,uplink,39.440262
2026-02-03 07:30:00,estimate,sw-core-01,port-id7430,uplink,31.860436
2026-02-03 07:35:00,estimate,sw-core-01,port-id7430,uplink,32.934354
2026-02-03 07:40:00,estimate,sw-core-01,port-id7430,uplink,38.586040
2026-02-03 07:45:00,estimate,sw-core-01,port-id7430,uplink,46.499772
2026-02-03 07:50:00,estimate,sw-core-01,port-id7430,uplink,42.084614
2026-02-03 07:55:00,estimate,sw-core-01,port-id7430,uplink,45.486223
2026-02-03 08:00:00,estimate,sw-core-01,port-id7430,uplink,42.963057
2026-02-03 08:05:00,estimate,sw-core-01,port-id7430,uplink,39.136702
2026-02-03 08:10:00,estimate,sw-core-01,port-id7430,uplink,38.067441
2026-02-03 08:15:00,estimate,sw-core-01,port-id7430,uplink,43.317238
2026-02-03 08:20:00,estimate,sw-core-01,port-id7430,uplink,41.729451
2026-02-03 08:25:00,estimate,sw-core-01,port-id7430,uplink,46.781387
2026-02-03 08:30:00,estimate,sw-core-01,port-id7430,uplink,45.344477
2026-02-03 08:35:00,estimate,sw-core-01,port-id7430,uplink,38.669887
2026-02-03 08:40:00,estimate,sw-core-01,port-id7430,uplink,43.154316
2026-02-03 08:45:00,estimate,sw-core-01,port-id7430,uplink,49.694065
2026-02-03 08:50:00,estimate,sw-core-01,port-id7430,uplink,50.725089
2026-02-03 08:55:00,estimate,sw-core-01,port-id7430,uplink,41.982074
2026-02-03 09:00:00,estimate,sw-core-01,port-id7430,uplink,41.939595
2026-02-03 09:05:00,estimate,sw-core-01,port-id7430,uplink,49.580114
2026-02-03 09:10:00,estimate,sw-core-01,port-id7430,uplink,43.095110
2026-02-03 09:15:00,estimate,sw-core-01,port-id7430,uplink,44.894768
2026-02-03 09:20:00,estimate,sw-core-01,port-id7430,uplink,47.977411
2026-02-03 09:25:00,estimate,sw-core-01,port-id7430,uplink,47.369486
2026-02-03 09:30:00,estimate,sw-core-01,port-id7430,uplink,48.347132
2026-02-03 09:35:00,estimate,sw-core-01,port-id7430,uplink,42.527966
2026-02-03 09:40:00,estimate,sw-core-01,port-id7430,uplink,45.940248
2026-02-03 09:45:00,estimate,sw-core-01,port-id7430,uplink,42.570647
2026-02-03 09:50:00,estimate,sw-core-01,port-id7430,uplink,45.436057
2026-02-03 09:55:00,estimate,sw-core-01,port-id7430,uplink,36.510450
2026-02-03 10:00:00,estimate,sw-core-01,port-id7430,uplink,44.408345
2026-02-03 10:05:00,estimate,sw-core-01,port-id7430,uplink,47.269718
2026-02-03 10:10:00,estimate,sw-core-01,port-id7430,uplink,46.926119
2026-02-03 10:15:00,estimate,sw-core-01,port-id7430,uplink,45.104245
2026-02-03 10:20:00,estimate,sw-core-01,port-id7430,uplink,47.979893
2026-02-03 10:25:00,estimate,sw-core-01,port-id7430,uplink,43.994849
2026-02-03 10:30:00,estimate,sw-core-01,port-id7430,uplink,41.298864
2026-02-03 10:35:00,estimate,sw-core-01,port-id7430,uplink,46.642948
2026-02-03 10:40:00,estimate,sw-core-01,port-id7430,uplink,38.502593
2026-02-03 10:45:00,estimate,sw-core-01,port-id7430,uplink,43.344155
2026-02-03 10:50:00,estimate,sw-core-01,port-id7430,uplink,39.505277
2026-02-03 10:55:00,estimate,sw-core-01,port-id7430,uplink,41.678636
2026-02-03 11:00:00,estimate,sw-core-01,port-id7430,uplink,41.937673
2026-02-03 11:05:00,estimate,sw-core-01,port-id7430,uplink,46.417842
2026-02-03 11:10:00,estimate,sw-core-01,port-id7430,uplink,46.509956
2026-02-03 11:15:00,estimate,sw-core-01,port-id7430,uplink,46.378822
2026-02-03 11:20:00,estimate,sw-core-01,port-id7430,uplink,42.851821
2026-02-03 11:25:00,estimate,sw-core-01,port-id7430,uplink,49.123210
2026-02-03 11:30:00,estimate,sw-core-01,port-id7430,uplink,48.455160
2026-02-03 11:35:00,estimate,sw-core-01,port-id7430,uplink,43.132586
2026-02-03 11:40:00,estimate,sw-core-01,port-id7430,uplink,51.216466
2026-02-03 11:45:00,estimate,sw-core-01,port-id7430,uplink,43.174951
2026-02-03 11:50:00,estimate,sw-core-01,port-id7430,uplink,42.550699
2026-02-03 11:55:00,estimate,sw-core-01,port-id7430,uplink,45.387253
2026-02-03 12:00:00,estimate,sw-core-01,port-id7430,uplink,42.247337
2026-02-03 12:05:00,estimate,sw-core-01,port-id7430,uplink,48.556064
2026-02-03 12:10:00,estimate,sw-core-01,port-id7430,uplink,47.492251
2026-02-03 12:15:00,estimate,sw-core-01,port-id7430,uplink,40.578804
2026-02-03 12:20:00,estimate,sw-core-01,port-id7430,uplink,45.270741
2026-02-03 12:25:00,estimate,sw-core-01,port-id7430,uplink,44.746473
2026-02-03 12:30:00,estimate,sw-core-01,port-id7430,uplink,49.993919
2026-02-03 12:35:00,estimate,sw-core-01,port-id7430,uplink,46.096167
2026-02-03 12:40:00,estimate,sw-core-01,port-id7430,uplink,42.506047
2026-02-03 12:45:00,estimate,sw-core-01,port-id7430,uplink,45.273827
2026-02-03 12:50:00,estimate,sw-core-01,port-id7430,uplink,51.915593
2026-02-03 12:55:00,estimate,sw-core-01,port-id7430,uplink,39.415037
2026-02-03 13:00:00,estimate,sw-core-01,port-id7430,uplink,41.642902
2026-02-03 13:05:00,estimate,sw-core-01,port-id7430,uplink,45.153434
2026-02-03 13:10:00,estimate,sw-core-01,port-id7430,uplink,47.785878
2026-02-03 13:15:00,estimate,sw-core-01,port-id7430,uplink,50.257967
2026-02-03 13:20:00,estimate,sw-core-01,port-id7430,uplink,46.515102
2026-02-03 13:25:00,estimate,sw-core-01,port-id7430,uplink,43.912832
2026-02-03 13:30:00,estimate,sw-core-01,port-id7430,uplink,43.918012
2026-02-03 13:35:00,estimate,sw-core-01,port-id7430,uplink,40.953577
2026-02-03 13:40:00,estimate,sw-core-01,port-id7430,uplink,41.263435
2026-02-03 13:45:00,estimate,sw-core-01,port-id7430,uplink,48.523864
2026-02-03 13:50:00,estimate,sw-core-01,port-id7430,uplink,48.418845
2026-02-03 13:55:00,estimate,sw-core-01,port-id7430,uplink,44.040213
2026-02-03 14:00:00,estimate,sw-core-01,port-id7430,uplink,48.766085
2026-02-03 14:05:00,estimate,sw-core-01,port-id7430,uplink,44.650280
2026-02-03 14:10:00,estimate,sw-core-01,port-id7430,uplink,52.336585
2026-02-03 14:15:00,estimate,sw-core-01,port-id7430,uplink,44.588566
2026-02-03 14:20:00,estimate,sw-core-01,port-id7430,uplink,47.198860
2026-02-03 14:25:00,estimate,sw-core-01,port-id7430,uplink,48.053766
2026-02-03 14:30:00,estimate,sw-core-01,port-id7430,uplink,45.639355
2026-02-03 14:35:00,estimate,sw-core-01,port-id7430,uplink,45.746382
2026-02-03 14:40:00,estimate,sw-core-01,port-id7430,uplink,48.894121
2026-02-03 14:45:00,estimate,sw-core-01,port-id7430,uplink,46.262299
2026-02-03 14:50:00,estimate,sw-core-01,port-id7430,uplink,46.439928
2026-02-03 14:55:00,estimate,sw-core-01,port-id7430,uplink,46.268536
2026-02-03 15:00:00,estimate,sw-core-01,port-id7430,uplink,46.256844
2026-02-03 15:05:00,estimate,sw-core-01,port-id7430,uplink,42.437875
2026-02-03 15:10:00,estimate,sw-core-01,port-id7430,uplink,38.214157
2026-02-03 15:15:00,estimate,sw-core-01,port-id7430,uplink,44.386226
2026-02-03 15:20:00,estimate,sw-core-01,port-id7430,uplink,46.480970
2026-02-03 15:25:00,estimate,sw-core-01,port-id7430,uplink,40.326203
2026-02-03 15:30:00,estimate,sw-core-01,port-id7430,uplink,48.642302
2026-02-03 15:35:00,estimate,sw-core-01,port-id7430,uplink,40.823780
2026-02-03 15:40:00,estimate,sw-core-01,port-id7430,uplink,46.518535
2026-02-03 15:45:00,estimate,sw-core-01,port-id7430,uplink,46.092868
2026-02-03 15:50:00,estimate,sw-core-01,port-id7430,uplink,48.586873
2026-02-03 15:55:00,estimate,sw-core-01,port-id7430,uplink,48.950805
2026-02-03 16:00:00,estimate,sw-core-01,port-id7430,uplink,45.480648
2026-02-03 16:05:00,estimate,sw-core-01,port-id7430,uplink,42.509112
2026-02-03 16:10:00,estimate,sw-core-01,port-id7430,uplink,46.256443
2026-02-03 16:15:00,estimate,sw-core-01,port-id7430,uplink,41.980153
2026-02-03 16:20:00,estimate,sw-core-01,port-id7430,uplink,45.113794
2026-02-03 16:25:00,estimate,sw-core-01,port-id7430,uplink,45.623125
2026-02-03 16:30:00,estimate,sw-core-01,port-id7430,uplink,42.992050
2026-02-03 16:35:00,estimate,sw-core-01,port-id7430,uplink,47.397728
2026-02-03 16:40:00,estimate,sw-core-01,port-id7430,uplink,50.419290
2026-02-03 16:45:00,estimate,sw-core-01,port-id7430,uplink,41.623878
2026-02-03 16:50:00,estimate,sw-core-01,port-id7430,uplink,38.878136
2026-02-03 16:55:00,estimate,sw-core-01,port-id7430,uplink,44.514131
2026-02-03 17:00:00,estimate,sw-core-01,port-id7430,uplink,43.538981
2026-02-03 17:05:00,estimate,sw-core-01,port-id7430,uplink,48.584561
2026-02-03 17:10:00,estimate,sw-core-01,port-id7430,uplink,41.928327
2026-02-03 17:15:00,estimate,sw-core-01,port-id7430,uplink,42.778359
2026-02-03 17:20:00,estimate,sw-core-01,port-id7430,uplink,49.068143
2026-02-03 17:25:00,estimate,sw-core-01,port-id7430,uplink,42.243555
2026-02-03 17:30:00,estimate,sw-core-01,port-id7430,uplink,44.654207
2026-02-03 17:35:00,estimate,sw-core-01,port-id7430,uplink,45.510036
2026-02-03 17:40:00,estimate,sw-core-01,port-id7430,uplink,49.738923
2026-02-03 17:45:00,estimate,sw-core-01,port-id7430,uplink,40.998246
2026-02-03 17:50:00,estimate,sw-core-01,port-id7430,uplink,42.010558
2026-02-03 17:55:00,estimate,sw-core-01,port-id7430,uplink,42.762718
2026-02-03 18:00:00,estimate,sw-core-01,port-id7430,uplink,46.801881
2026-02-03 18:05:00,estimate,sw-core-01,port-id7430,uplink,43.107405
2026-02-03 18:10:00,estimate,sw-core-01,port-id7430,uplink,37.398128
2026-02-03 18:15:00,estimate,sw-core-01,port-id7430,uplink,38.854884
2026-02-03 18:20:00,estimate,sw-core-01,port-id7430,uplink,40.274561
2026-02-03 18:25:00,estimate,sw-core-01,port-id7430,uplink,40.985421
2026-02-03 18:30:00,estimate,sw-core-01,port-id7430,uplink,42.474219
2026-02-03 18:35:00,estimate,sw-core-01,port-id7430,uplink,38.641339
2026-02-03 18:40:00,estimate,sw-core-01,port-id7430,uplink,39.723230
2026-02-03 18:45:00,estimate,sw-core-01,port-id7430,uplink,37.179805
2026-02-03 18:50:00,estimate,sw-core-01,port-id7430,uplink,37.142637
2026-02-03 18:55:00,estimate,sw-core-01,port-id7430,uplink,44.779568
2026-02-03 19:00:00,estimate,sw-core-01,port-id7430,uplink,35.143256
2026-02-03 19:05:00,estimate,sw-core-01,port-id7430,uplink,37.545141
2026-02-03 19:10:00,estimate,sw-core-01,port-id7430,uplink,35.855189
2026-02-03 19:15:00,estimate,sw-core-01,port-id7430,uplink,32.383101
2026-02-03 19:20:00,estimate,sw-core-01,port-id7430,uplink,35.107603
2026-02-03 19:25:00,estimate,sw-core-01,port-id7430,uplink,29.751219
2026-02-03 19:30:00,estimate,sw-core-01,port-id7430,uplink,25.946830
2026-02-03 19:35:00,estimate,sw-core-01,port-id7430,uplink,24.857423
2026-02-03 19:40:00,estimate,sw-core-01,port-id7430,uplink,29.050071
2026-02-03 19:45:00,estimate,sw-core-01,port-id7430,uplink,31.737657
2026-02-03 19:50:00,estimate,sw-core-01,port-id7430,uplink,25.652008
2026-02-03 19:55:00,estimate,sw-core-01,port-id7430,uplink,27.437359
2026-02-03 20:00:00,estimate,sw-core-01,port-id7430,uplink,20.500146
2026-02-03 20:05:00,estimate,sw-core-01,port-id7430,uplink,21.065013
2026-02-03 20:10:00,estimate,sw-core-01,port-id7430,uplink,21.736081
2026-02-03 20:15:00,estimate,sw-core-01,port-id7430,uplink,15.405407
2026-02-03 20:20:00,estimate,sw-core-01,port-id7430,uplink,25.226193
2026-02-03 20:25:00,estimate,sw-core-01,port-id7430,uplink,17.250779
2026-02-03 20:30:00,estimate,sw-core-01,port-id7430,uplink,19.920713
2026-02-03 20:35:00,estimate,sw-core-01,port-id7430,uplink,19.583650
2026-02-03 20:40:00,estimate,sw-core-01,port-id7430,uplink,16.398343
2026-02-03 20:45:00,estimate,sw-core-01,port-id7430,uplink,17.581595
2026-02-03 20:50:00,estimate,sw-core-01,port-id7430,uplink,13.598815
2026-02-03 20:55:00,estimate,sw-core-01,port-id7430,uplink,15.634449
2026-02-03 21:00:00,estimate,sw-core-01,port-id7430,uplink,24.284791
2026-02-03 21:05:00,estimate,sw-core-01,port-id7430,uplink,17.277377
2026-02-03 21:10:00,estimate,sw-core-01,port-id7430,uplink,20.835033
2026-02-03 21:15:00,estimate,sw-core-01,port-id7430,uplink,15.011858
2026-02-03 21:20:00,estimate,sw-core-01,port-id7430,uplink,19.841329
2026-02-03 21:25:00,estimate,sw-core-01,port-id7430,uplink,14.594863
2026-02-03 21:30:00,estimate,sw-core-01,port-id7430,uplink,18.994790
2026-02-03 21:35:00,estimate,sw-core-01,port-id7430,uplink,16.069398
2026-02-03 21:40:00,estimate,sw-core-01,port-id7430,uplink,14.132816
2026-02-03 21:45:00,estimate,sw-core-01,port-id7430,uplink,14.545833
2026-02-03 21:50:00,estimate,sw-core-01,port-id7430,uplink,15.860311
2026-02-03 21:55:00,estimate,sw-core-01,port-id7430,uplink,12.560599
2026-02-03 22:00:00,estimate,sw-core-01,port-id7430,uplink,20.796989
2026-02-03 22:05:00,estimate,sw-core-01,port-id7430,uplink,14.509049
2026-02-03 22:10:00,estimate,sw-core-01,port-id7430,uplink,8.820764
2026-02-03 22:15:00,estimate,sw-core-01,port-id7430,uplink,15.428768
2026-02-03 22:20:00,estimate,sw-core-01,port-id7430,uplink,11.186734
2026-02-03 22:25:00,estimate,sw-core-01,port-id7430,uplink,17.667978
2026-02-03 22:30:00,estimate,sw-core-01,port-id7430,uplink,16.290836
2026-02-03 22:35:00,estimate,sw-core-01,port-id7430,uplink,18.027261
2026-02-03 22:40:00,estimate,sw-core-01,port-id7430,uplink,17.594407
2026-02-03 22:45:00,estimate,sw-core-01,port-id7430,uplink,12.617071
2026-02-03 22:50:00,estimate,sw-core-01,port-id7430,uplink,11.089089
2026-02-03 22:55:00,estimate,sw-core-01,port-id7430,uplink,18.025288
2026-02-03 23:00:00,estimate,sw-core-01,port-id7430,uplink,15.394499
2026-02-03 23:05:00,estimate,sw-core-01,port-id7430,uplink,12.391366
2026-02-03 23:10:00,estimate,sw-core-01,port-id7430,uplink,20.162478
2026-02-03 23:15:00,estimate,sw-core-01,port-id7430,uplink,12.221142
2026-02-03 23:20:00,estimate,sw-core-01,port-id7430,uplink,12.762691
2026-02-03 23:25:00,estimate,sw-core-01,port-id7430,uplink,13.190662
2026-02-03 23:30:00,estimate,sw-core-01,port-id7430,uplink,18.576476
2026-02-03 23:35:00,estimate,sw-core-01,port-id7430,uplink,20.538984
2026-02-03 23:40:00,estimate,sw-core-01,port-id7430,uplink,15.497937
2026-02-03 23:45:00,estimate,sw-core-01,port-id7430,uplink,11.887400
2026-02-03 23:50:00,estimate,sw-core-01,port-id7430,uplink,15.006446
2026-02-03 23:55:00,estimate,sw-core-01,port-id7430,uplink,11.472617
2026-02-04 00:00:00,estimate,sw-core-01,port-id7430,uplink,15.398485
2026-02-04 00:05:00,estimate,sw-core-01,port-id7430,uplink,17.280317
2026-02-04 00:10:00,estimate,sw-core-01,port-id7430,uplink,11.837825
2026-02-04 00:15:00,estimate,sw-core-01,port-id7430,uplink,15.294045
2026-02-04 00:20:00,estimate,sw-core-01,port-id7430,uplink,15.034357
2026-02-04 00:25:00,estimate,sw-core-01,port-id7430,uplink,12.298057
2026-02-04 00:30:00,estimate,sw-core-01,port-id7430,uplink,14.713083
2026-02-04 00:35:00,estimate,sw-core-01,port-id7430,uplink,10.293337
2026-02-04 00:40:00,estimate,sw-core-01,port-id7430,uplink,14.369183
2026-02-04 00:45:00,estimate,sw-core-01,port-id7430,uplink,17.494870
2026-02-04 00:50:00,estimate,sw-core-01,port-id7430,uplink,12.423633
2026-02-04 00:55:00,estimate,sw-core-01,port-id7430,uplink,13.699898
2026-02-04 01:00:00,estimate,sw-core-01,port-id7430,uplink,10.379293
2026-02-04 01:05:00,estimate,sw-core-01,port-id7430,uplink,16.133680
2026-02-04 01:10:00,estimate,sw-core-01,port-id7430,uplink,13.734604
2026-02-04 01:15:00,estimate,sw-core-01,port-id7430,uplink,13.371058
2026-02-04 01:20:00,estimate,sw-core-01,port-id7430,uplink,15.551381
2026-02-04 01:25:00,estimate,sw-core-01,port-id7430,uplink,16.385860
2026-02-04 01:30:00,estimate,sw-core-01,port-id7430,uplink,16.670865
2026-02-04 01:35:00,estimate,sw-core-01,port-id7430,uplink,12.498739
2026-02-04 01:40:00,estimate,sw-core-01,port-id7430,uplink,15.328578
2026-02-04 01:45:00,estimate,sw-core-01,port-id7430,uplink,13.290042
2026-02-04 01:50:00,estimate,sw-core-01,port-id7430,uplink,18.281348
2026-02-04 01:55:00,estimate,sw-core-01,port-id7430,uplink,10.164641
2026-02-04 02:00:00,estimate,sw-core-01,port-id7430,uplink,18.051749
2026-02-04 02:05:00,estimate,sw-core-01,port-id7430,uplink,13.768190
2026-02-04 02:10:00,estimate,sw-core-01,port-id7430,uplink,13.813387
2026-02-04 02:15:00,estimate,sw-core-01,port-id7430,uplink,15.570719
2026-02-04 02:20:00,estimate,sw-core-01,port-id7430,uplink,13.108287
2026-02-04 02:25:00,estimate,sw-core-01,port-id7430,uplink,19.095104
2026-02-04 02:30:00,estimate,sw-core-01,port-id7430,uplink,18.109215
2026-02-04 02:35:00,estimate,sw-core-01,port-id7430,uplink,13.486485
2026-02-04 02:40:00,estimate,sw-core-01,port-id7430,uplink,17.755601
2026-02-04 02:45:00,estimate,sw-core-01,port-id7430,uplink,20.585142
2026-02-04 02:50:00,estimate,sw-core-01,port-id7430,uplink,13.358444
2026-02-04 02:55:00,estimate,sw-core-01,port-id7430,uplink,17.264964
2026-02-04 03:00:00,estimate,sw-core-01,port-id7430,uplink,17.793148
2026-02-04 03:05:00,estimate,sw-core-01,port-id7430,uplink,17.878123
2026-02-04 03:10:00,estimate,sw-core-01,port-id7430,uplink,13.094155
2026-02-04 03:15:00,estimate,sw-core-01,port-id7430,uplink,11.051563
2026-02-04 03:20:00,estimate,sw-core-01,port-id7430,uplink,16.364229
2026-02-04 03:25:00,estimate,sw-core-01,port-id7430,uplink,15.038805
2026-02-04 03:30:00,estimate,sw-core-01,port-id7430,uplink,17.542319
2026-02-04 03:35:00,estimate,sw-core-01,port-id7430,uplink,12.479365
2026-02-04 03:40:00,estimate,sw-core-01,port-id7430,uplink,8.877658
2026-02-04 03:45:00,estimate,sw-core-01,port-id7430,uplink,19.695869
2026-02-04 03:50:00,estimate,sw-core-01,port-id7430,uplink,14.480480
2026-02-04 03:55:00,estimate,sw-core-01,port-id7430,uplink,15.343657
2026-02-04 04:00:00,estimate,sw-core-01,port-id7430,uplink,17.336563
2026-02-04 04:05:00,estimate,sw-core-01,port-id7430,uplink,14.409750
2026-02-04 04:10:00,estimate,sw-core-01,port-id7430,uplink,13.841945
2026-02-04 04:15:00,estimate,sw-core-01,port-id7430,uplink,11.557238
2026-02-04 04:20:00,estimate,sw-core-01,port-id7430,uplink,14.058849
2026-02-04 04:25:00,estimate,sw-core-01,port-id7430,uplink,18.496864
2026-02-04 04:30:00,estimate,sw-core-01,port-id7430,uplink,14.409615
2026-02-04 04:35:00,estimate,sw-core-01,port-id7430,uplink,13.671873
2026-02-04 04:40:00,estimate,sw-core-01,port-id7430,uplink,12.404848
2026-02-04 04:45:00,estimate,sw-core-01,port-id7430,uplink,18.833710
2026-02-04 04:50:00,estimate,sw-core-01,port-id7430,uplink,16.151430
2026-02-04 04:55:00,estimate,sw-core-01,port-id7430,uplink,14.384019
2026-02-04 05:00:00,estimate,sw-core-01,port-id7430,uplink,17.895843
2026-02-04 05:05:00,estimate,sw-core-01,port-id7430,uplink,12.728896
2026-02-04 05:10:00,estimate,sw-core-01,port-id7430,uplink,15.958590
2026-02-04 05:15:00,estimate,sw-core-01,port-id7430,uplink,13.616586
2026-02-04 05:20:00,estimate,sw-core-01,port-id7430,uplink,16.060766
2026-02-04 05:25:00,estimate,sw-core-01,port-id7430,uplink,18.317187
2026-02-04 05:30:00,estimate,sw-core-01,port-id7430,uplink,20.761956
2026-02-04 05:35:00,estimate,sw-core-01,port-id7430,uplink,15.744490
2026-02-04 05:40:00,estimate,sw-core-01,port-id7430,uplink,15.558014
2026-02-04 05:45:00,estimate,sw-core-01,port-id7430,uplink,19.259767
2026-02-04 05:50:00,estimate,sw-core-01,port-id7430,uplink,23.307750
2026-02-04 05:55:00,estimate,sw-core-01,port-id7430,uplink,20.805644
2026-02-04 06:00:00,estimate,sw-core-01,port-id7430,uplink,24.148419
2026-02-04 06:05:00,estimate,sw-core-01,port-id7430,uplink,19.902209
2026-02-04 06:10:00,estimate,sw-core-01,port-id7430,uplink,23.188507
2026-02-04 06:15:00,estimate,sw-core-01,port-id7430,uplink,16.104428
2026-02-04 06:20:00,estimate,sw-core-01,port-id7430,uplink,23.788689
2026-02-04 06:25:00,estimate,sw-core-01,port-id7430,uplink,28.621260
2026-02-04 06:30:00,estimate,sw-core-01,port-id7430,uplink,23.443522
2026-02-04 06:35:00,estimate,sw-core-01,port-id7430,uplink,26.727129
2026-02-04 06:40:00,estimate,sw-core-01,port-id7430,uplink,23.551078
2026-02-04 06:45:00,estimate,sw-core-01,port-id7430,uplink,29.829776
2026-02-04 06:50:00,estimate,sw-core-01,port-id7430,uplink,32.743822
2026-02-04 06:55:00,estimate,sw-core-01,port-id7430,uplink,29.673930
2026-02-04 07:00:00,estimate,sw-core-01,port-id7430,uplink,33.411546
2026-02-04 07:05:00,estimate,sw-core-01,port-id7430,uplink,34.608486
2026-02-04 07:10:00,estimate,sw-core-01,port-id7430,uplink,31.682778
2026-02-04 07:15:00,estimate,sw-core-01,port-id7430,uplink,35.380100
2026-02-04 07:20:00,estimate,sw-core-01,port-id7430,uplink,32.277646
2026-02-04 07:25:00,estimate,sw-core-01,port-id7430,uplink,34.343177
2026-02-04 07:30:00,estimate,sw-core-01,port-id7430,uplink,35.075128
2026-02-04 07:35:00,estimate,sw-core-01,port-id7430,uplink,31.790334
2026-02-04 07:40:00,estimate,sw-core-01,port-id7430,uplink,38.828069
2026-02-04 07:45:00,estimate,sw-core-01,port-id7430,uplink,42.622743
2026-02-04 07:50:00,estimate,sw-core-01,port-id7430,uplink,42.296419
2026-02-04 07:55:00,estimate,sw-core-01,port-id7430,uplink,45.795768
2026-02-04 08:00:00,estimate,sw-core-01,port-id7430,uplink,36.105140
2026-02-04 08:05:00,estimate,sw-core-01,port-id7430,uplink,38.102743
2026-02-04 08:10:00,estimate,sw-core-01,port-id7430,uplink,38.490237
2026-02-04 08:15:00,estimate,sw-core-01,port-id7430,uplink,34.904047
2026-02-04 08:20:00,estimate,sw-core-01,port-id7430,uplink,42.397201
2026-02-04 08:25:00,estimate,sw-core-01,port-id7430,uplink,48.665299
2026-02-04 08:30:00,estimate,sw-core-01,port-id7430,uplink,44.678521
2026-02-04 08:35:00,estimate,sw-core-01,port-id7430,uplink,42.041106
2026-02-04 08:40:00,estimate,sw-core-01,port-id7430,uplink,45.010761
2026-02-04 08:45:00,estimate,sw-core-01,port-id7430,uplink,39.997887
2026-02-04 08:50:00,estimate,sw-core-01,port-id7430,uplink,40.489517
2026-02-04 08:55:00,estimate,sw-core-01,port-id7430,uplink,40.264463
2026-02-04 09:00:00,estimate,sw-core-01,port-id7430,uplink,42.414486
2026-02-04 09:05:00,estimate,sw-core-01,port-id7430,uplink,40.006478
2026-02-04 09:10:00,estimate,sw-core-01,port-id7430,uplink,46.428085
2026-02-04 09:15:00,estimate,sw-core-01,port-id7430,uplink,43.250758
2026-02-04 09:20:00,estimate,sw-core-01,port-id7430,uplink,49.000357
2026-02-04 09:25:00,estimate,sw-core-01,port-id7430,uplink,46.963166
2026-02-04 09:30:00,estimate,sw-core-01,port-id7430,uplink,46.185902
2026-02-04 09:35:00,estimate,sw-core-01,port-id7430,uplink,40.434849
2026-02-04 09:40:00,estimate,sw-core-01,port-id7430,uplink,42.861023
2026-02-04 09:45:00,estimate,sw-core-01,port-id7430,uplink,43.856460
2026-02-04 09:50:00,estimate,sw-core-01,port-id7430,uplink,40.333087
2026-02-04 09:55:00,estimate,sw-core-01,port-id7430,uplink,41.897394
2026-02-04 10:00:00,estimate,sw-core-01,port-id7430,uplink,42.557851
2026-02-04 10:05:00,estimate,sw-core-01,port-id7430,uplink,49.293366
2026-02-04 10:10:00,estimate,sw-core-01,port-id7430,uplink,40.394904
2026-02-04 10:15:00,estimate,sw-core-01,port-id7430,uplink,48.406062
2026-02-04 10:20:00,estimate,sw-core-01,port-id7430,uplink,41.851967
2026-02-04 10:25:00,estimate,sw-core-01,port-id7430,uplink,47.550027
2026-02-04 10:30:00,estimate,sw-core-01,port-id7430,uplink,44.959292
2026-02-04 10:35:00,estimate,sw-core-01,port-id7430,uplink,43.284317
2026-02-04 10:40:00,estimate,sw-core-01,port-id7430,uplink,46.538821
2026-02-04 10:45:00,estimate,sw-core-01,port-id7430,uplink,51.562471
2026-02-04 10:50:00,estimate,sw-core-01,port-id7430,uplink,44.473885
2026-02-04 10:55:00,estimate,sw-core-01,port-id7430,uplink,48.815528
2026-02-04 11:00:00,estimate,sw-core-01,port-id7430,uplink,37.957062
2026-02-04 11:05:00,estimate,sw-core-01,port-id7430,uplink,45.968647
2026-02-04 11:10:00,estimate,sw-core-01,port-id7430,uplink,47.534816
2026-02-04 11:15:00,estimate,sw-core-01,port-id7430,uplink,45.308944
2026-02-04 11:20:00,estimate,sw-core-01,port-id7430,uplink,48.849901
2026-02-04 11:25:00,estimate,sw-core-01,port-id7430,uplink,45.431956
2026-02-04 11:30:00,estimate,sw-core-01,port-id7430,uplink,44.903976
2026-02-04 11:35:00,estimate,sw-core-01,port-id7430,uplink,42.882645
2026-02-04 11:40:00,estimate,sw-core-01,port-id7430,uplink,52.952764
2026-02-04 11:45:00,estimate,sw-core-01,port-id7430,uplink,49.225585
2026-02-04 11:50:00,estimate,sw-core-01,port-id7430,uplink,43.668214
2026-02-04 11:55:00,estimate,sw-core-01,port-id7430,uplink,41.795986
2026-02-04 12:00:00,estimate,sw-core-01,port-id7430,uplink,41.931138
2026-02-04 12:05:00,estimate,sw-core-01,port-id7430,uplink,40.712971
2026-02-04 12:10:00,estimate,sw-core-01,port-id7430,uplink,44.139288
2026-02-04 12:15:00,estimate,sw-core-01,port-id7430,uplink,40.923304
2026-02-04 12:20:00,estimate,sw-core-01,port-id7430,uplink,45.760863
2026-02-04 12:25:00,estimate,sw-core-01,port-id7430,uplink,45.062552
2026-02-04 12:30:00,estimate,sw-core-01,port-id7430,uplink,45.675080
2026-02-04 12:35:00,estimate,sw-core-01,port-id7430,uplink,45.797185
2026-02-04 12:40:00,estimate,sw-core-01,port-id7430,uplink,46.469709
2026-02-04 12:45:00,estimate,sw-core-01,port-id7430,uplink,46.627034
2026-02-04 12:50:00,estimate,sw-core-01,port-id7430,uplink,51.992841
2026-02-04 12:55:00,estimate,sw-core-01,port-id7430,uplink,47.780501
2026-02-04 13:00:00,estimate,sw-core-01,port-id7430,uplink,46.288842
2026-02-04 13:05:00,estimate,sw-core-01,port-id7430,uplink,46.994605
2026-02-04 13:10:00,estimate,sw-core-01,port-id7430,uplink,45.497181
2026-02-04 13:15:00,estimate,sw-core-01,port-id7430,uplink,46.083432
2026-02-04 13:20:00,estimate,sw-core-01,port-id7430,uplink,42.407089
2026-02-04 13:25:00,estimate,sw-core-01,port-id7430,uplink,44.303455
2026-02-04 13:30:00,estimate,sw-core-01,port-id7430,uplink,45.055669
2026-02-04 13:35:00,estimate,sw-core-01,port-id7430,uplink,47.848936
2026-02-04 13:40:00,estimate,sw-core-01,port-id7430,uplink,45.922284
2026-02-04 13:45:00,estimate,sw-core-01,port-id7430,uplink,40.744952
2026-02-04 13:50:00,estimate,sw-core-01,port-id7430,uplink,49.198053
2026-02-04 13:55:00,estimate,sw-core-01,port-id7430,uplink,42.751246
2026-02-04 14:00:00,estimate,sw-core-01,port-id7430,uplink,48.990541
2026-02-04 14:05:00,estimate,sw-core-01,port-id7430,uplink,47.540623
2026-02-04 14:10:00,estimate,sw-core-01,port-id7430,uplink,44.358362
2026-02-04 14:15:00,estimate,sw-core-01,port-id7430,uplink,44.962679
2026-02-04 14:20:00,estimate,sw-core-01,port-id7430,uplink,46.912297
2026-02-04 14:25:00,estimate,sw-core-01,port-id7430,uplink,38.085899
2026-02-04 14:30:00,estimate,sw-core-01,port-id7430,uplink,43.199395
2026-02-04 14:35:00,estimate,sw-core-01,port-id7430,uplink,44.597645
2026-02-04 14:40:00,estimate,sw-core-01,port-id7430,uplink,46.138978
2026-02-04 14:45:00,estimate,sw-core-01,port-id7430,uplink,44.375673
2026-02-04 14:50:00,estimate,sw-core-01,port-id7430,uplink,42.398696
2026-02-04 14:55:00,estimate,sw-core-01,port-id7430,uplink,48.407569
2026-02-04 15:00:00,estimate,sw-core-01,port-id7430,uplink,44.954447
2026-02-04 15:05:00,estimate,sw-core-01,port-id7430,uplink,44.487767
2026-02-04 15:10:00,estimate,sw-core-01,port-id7430,uplink,38.591142
2026-02-04 15:15:00,estimate,sw-core-01,port-id7430,uplink,42.057740
2026-02-04 15:20:00,estimate,sw-core-01,port-id7430,uplink,49.838669
2026-02-04 15:25:00,estimate,sw-core-01,port-id7430,uplink,42.145809
2026-02-04 15:30:00,estimate,sw-core-01,port-id7430,uplink,41.630928
2026-02-04 15:35:00,estimate,sw-core-01,port-id7430,uplink,41.639319
2026-02-04 15:40:00,estimate,sw-core-01,port-id7430,uplink,41.591720
2026-02-04 15:45:00,estimate,sw-core-01,port-id7430,uplink,43.136409
2026-02-04 15:50:00,estimate,sw-core-01,port-id7430,uplink,47.688330
2026-02-04 15:55:00,estimate,sw-core-01,port-id7430,uplink,43.999165
2026-02-04 16:00:00,estimate,sw-core-01,port-id7430,uplink,47.952339
2026-02-04 16:05:00,estimate,sw-core-01,port-id7430,uplink,44.171005
2026-02-04 16:10:00,estimate,sw-core-01,port-id7430,uplink,46.800266
2026-02-04 16:15:00,estimate,sw-core-01,port-id7430,uplink,43.338212
2026-02-04 16:20:00,estimate,sw-core-01,port-id7430,uplink,44.259135
2026-02-04 16:25:00,estimate,sw-core-01,port-id7430,uplink,43.857440
2026-02-04 16:30:00,estimate,sw-core-01,port-id7430,uplink,39.573939
2026-02-04 16:35:00,estimate,sw-core-01,port-id7430,uplink,47.128275
2026-02-04 16:40:00,estimate,sw-core-01,port-id7430,uplink,49.506632
2026-02-04 16:45:00,estimate,sw-core-01,port-id7430,uplink,45.824307
2026-02-04 16:50:00,estimate,sw-core-01,port-id7430,uplink,47.320722
2026-02-04 16:55:00,estimate,sw-core-01,port-id7430,uplink,47.979180
2026-02-04 17:00:00,estimate,sw-core-01,port-id7430,uplink,41.852529
2026-02-04 17:05:00,estimate,sw-core-01,port-id7430,uplink,45.782022
2026-02-04 17:10:00,estimate,sw-core-01,port-id7430,uplink,45.633443
2026-02-04 17:15:00,estimate,sw-core-01,port-id7430,uplink,42.062851
2026-02-04 17:20:00,estimate,sw-core-01,port-id7430,uplink,47.100472
2026-02-04 17:25:00,estimate,sw-core-01,port-id7430,uplink,39.413061
2026-02-04 17:30:00,estimate,sw-core-01,port-id7430,uplink,41.063909
2026-02-04 17:35:00,estimate,sw-core-01,port-id7430,uplink,51.682568
2026-02-04 17:40:00,estimate,sw-core-01,port-id7430,uplink,44.074677
2026-02-04 17:45:00,estimate,sw-core-01,port-id7430,uplink,42.602037
2026-02-04 17:50:00,estimate,sw-core-01,port-id7430,uplink,42.674657
2026-02-04 17:55:00,estimate,sw-core-01,port-id7430,uplink,43.342243
2026-02-04 18:00:00,estimate,sw-core-01,port-id7430,uplink,49.756127
2026-02-04 18:05:00,estimate,sw-core-01,port-id7430,uplink,41.571656
2026-02-04 18:10:00,estimate,sw-core-01,port-id7430,uplink,35.867286
2026-02-04 18:15:00,estimate,sw-core-01,port-id7430,uplink,44.232288
2026-02-04 18:20:00,estimate,sw-core-01,port-id7430,uplink,41.998835
2026-02-04 18:25:00,estimate,sw-core-01,port-id7430,uplink,46.392247
2026-02-04 18:30:00,estimate,sw-core-01,port-id7430,uplink,37.120095
2026-02-04 18:35:00,estimate,sw-core-01,port-id7430,uplink,40.555658
2026-02-04 18:40:00,estimate,sw-core-01,port-id7430,uplink,39.506780
2026-02-04 18:45:00,estimate,sw-core-01,port-id7430,uplink,38.496842
2026-02-04 18:50:00,estimate,sw-core-01,port-id7430,uplink,39.739665
2026-02-04 18:55:00,estimate,sw-core-01,port-id7430,uplink,34.260226
2026-02-04 19:00:00,estimate,sw-core-01,port-id7430,uplink,35.467334
2026-02-04 19:05:00,estimate,sw-core-01,port-id7430,uplink,41.893874
2026-02-04 19:10:00,estimate,sw-core-01,port-id7430,uplink,31.211399
2026-02-04 19:15:00,estimate,sw-core-01,port-id7430,uplink,33.549949
2026-02-04 19:20:00,estimate,sw-core-01,port-id7430,uplink,35.049233
2026-02-04 19:25:00,estimate,sw-core-01,port-id7430,uplink,33.443450
2026-02-04 19:30:00,estimate,sw-core-01,port-id7430,uplink,24.776320
2026-02-04 19:35:00,estimate,sw-core-01,port-id7430,uplink,30.775780
2026-02-04 19:40:00,estimate,sw-core-01,port-id7430,uplink,26.050458
2026-02-04 19:45:00,estimate,sw-core-01,port-id7430,uplink,27.062162
2026-02-04 19:50:00,estimate,sw-core-01,port-id7430,uplink,25.355911
2026-02-04 19:55:00,estimate,sw-core-01,port-id7430,uplink,23.709870
2026-02-04 20:00:00,estimate,sw-core-01,port-id7430,uplink,28.614064
2026-02-04 20:05:00,estimate,sw-core-01,port-id7430,uplink,19.448979
2026-02-04 20:10:00,estimate,sw-core-01,port-id7430,uplink,21.323967
2026-02-04 20:15:00,estimate,sw-core-01,port-id7430,uplink,18.274018
2026-02-04 20:20:00,estimate,sw-core-01,port-id7430,uplink,22.618648
2026-02-04 20:25:00,estimate,sw-core-01,port-id7430,uplink,19.971347
2026-02-04 20:30:00,estimate,sw-core-01,port-id7430,uplink,18.661882
2026-02-04 20:35:00,estimate,sw-core-01,port-id7430,uplink,16.876865
2026-02-04 20:40:00,estimate,sw-core-01,port-id7430,uplink,20.005330
2026-02-04 20:45:00,estimate,sw-core-01,port-id7430,uplink,17.888420
2026-02-04 20:50:00,estimate,sw-core-01,port-id7430,uplink,20.263318
2026-02-04 20:55:00,estimate,sw-core-01,port-id7430,uplink,13.700519
2026-02-04 21:00:00,estimate,sw-core-01,port-id7430,uplink,15.883072
2026-02-04 21:05:00,estimate,sw-core-01,port-id7430,uplink,19.680262
2026-02-04 21:10:00,estimate,sw-core-01,port-id7430,uplink,20.952919
2026-02-04 21:15:00,estimate,sw-core-01,port-id7430,uplink,13.976596
2026-02-04 21:20:00,estimate,sw-core-01,port-id7430,uplink,13.667418
2026-02-04 21:25:00,estimate,sw-core-01,port-id7430,uplink,16.494434
2026-02-04 21:30:00,estimate,sw-core-01,port-id7430,uplink,16.282983
2026-02-04 21:35:00,estimate,sw-core-01,port-id7430,uplink,13.831818
2026-02-04 21:40:00,estimate,sw-core-01,port-id7430,uplink,17.041621
2026-02-04 21:45:00,estimate,sw-core-01,port-id7430,uplink,9.988273
2026-02-04 21:50:00,estimate,sw-core-01,port-id7430,uplink,14.132663
2026-02-04 21:55:00,estimate,sw-core-01,port-id7430,uplink,16.629345
2026-02-04 22:00:00,estimate,sw-core-01,port-id7430,uplink,15.630688
2026-02-04 22:05:00,estimate,sw-core-01,port-id7430,uplink,16.999043
2026-02-04 22:10:00,estimate,sw-core-01,port-id7430,uplink,20.312677
2026-02-04 22:15:00,estimate,sw-core-01,port-id7430,uplink,15.741754
2026-02-04 22:20:00,estimate,sw-core-01,port-id7430,uplink,13.892961
2026-02-04 22:25:00,estimate,sw-core-01,port-id7430,uplink,6.607052
2026-02-04 22:30:00,estimate,sw-core-01,port-id7430,uplink,15.148865
2026-02-04 22:35:00,estimate,sw-core-01,port-id7430,uplink,9.066777
2026-02-04 22:40:00,estimate,sw-core-01,port-id7430,uplink,12.643731
2026-02-04 22:45:00,estimate,sw-core-01,port-id7430,uplink,11.845364
2026-02-04 22:50:00,estimate,sw-core-01,port-id7430,uplink,14.700260
2026-02-04 22:55:00,estimate,sw-core-01,port-id7430,uplink,16.570262
2026-02-04 23:00:00,estimate,sw-core-01,port-id7430,uplink,9.714301
2026-02-04 23:05:00,estimate,sw-core-01,port-id7430,uplink,12.853976
2026-02-04 23:10:00,estimate,sw-core-01,port-id7430,uplink,14.159239
2026-02-04 23:15:00,estimate,sw-core-01,port-id7430,uplink,15.242339
2026-02-04 23:20:00,estimate,sw-core-01,port-id7430,uplink,12.369258
2026-02-04 23:25:00,estimate,sw-core-01,port-id7430,uplink,17.220103
2026-02-04 23:30:00,estimate,sw-core-01,port-id7430,uplink,12.241147
2026-02-04 23:35:00,estimate,sw-core-01,port-id7430,uplink,13.044718
2026-02-04 23:40:00,estimate,sw-core-01,port-id7430,uplink,9.921151
2026-02-04 23:45:00,estimate,sw-core-01,port-id7430,uplink,14.277019
2026-02-04 23:50:00,estimate,sw-core-01,port-id7430,uplink,11.813156
2026-02-04 23:55:00,estimate,sw-core-01,port-id7430,uplink,13.334583
2026-02-05 00:00:00,estimate,sw-core-01,port-id7430,uplink,19.583354
2026-02-05 00:05:00,estimate,sw-core-01,port-id7430,uplink,11.678429
2026-02-05 00:10:00,estimate,sw-core-01,port-id7430,uplink,8.565444
2026-02-05 00:15:00,estimate,sw-core-01,port-id7430,uplink,10.821726
2026-02-05 00:20:00,estimate,sw-core-01,port-id7430,uplink,9.329270
2026-02-05 00:25:00,estimate,sw-core-01,port-id7430,uplink,14.027771
2026-02-05 00:30:00,estimate,sw-core-01,port-id7430,uplink,10.948283
2026-02-05 00:35:00,estimate,sw-core-01,port-id7430,uplink,16.611743
2026-02-05 00:40:00,estimate,sw-core-01,port-id7430,uplink,12.652000
2026-02-05 00:45:00,estimate,sw-core-01,port-id7430,uplink,18.404878
2026-02-05 00:50:00,estimate,sw-core-01,port-id7430,uplink,15.248747
2026-02-05 00:55:00,estimate,sw-core-01,port-id7430,uplink,12.395535
2026-02-05 01:00:00,estimate,sw-core-01,port-id7430,uplink,13.767305
2026-02-05 01:05:00,estimate,sw-core-01,port-id7430,uplink,13.173077
2026-02-05 01:10:00,estimate,sw-core-01,port-id7430,uplink,20.329600
2026-02-05 01:15:00,estimate,sw-core-01,port-id7430,uplink,15.642493
2026-02-05 01:20:00,estimate,sw-core-01,port-id7430,uplink,16.635709
2026-02-05 01:25:00,estimate,sw-core-01,port-id7430,uplink,20.810005
2026-02-05 01:30:00,estimate,sw-core-01,port-id7430,uplink,20.210372
2026-02-05 01:35:00,estimate,sw-core-01,port-id7430,uplink,16.834970
2026-02-05 01:40:00,estimate,sw-core-01,port-id7430,uplink,18.899349
2026-02-05 01:45:00,estimate,sw-core-01,port-id7430,uplink,13.694783
2026-02-05 01:50:00,estimate,sw-core-01,port-id7430,uplink,17.938183
2026-02-05 01:55:00,estimate,sw-core-01,port-id7430,uplink,17.402561
2026-02-05 02:00:00,estimate,sw-core-01,port-id7430,uplink,15.735219
2026-02-05 02:05:00,estimate,sw-core-01,port-id7430,uplink,9.187174
2026-02-05 02:10:00,estimate,sw-core-01,port-id7430,uplink,16.484504
2026-02-05 02:15:00,estimate,sw-core-01,port-id7430,uplink,19.224086
2026-02-05 02:20:00,estimate,sw-core-01,port-id7430,uplink,17.590761
2026-02-05 02:25:00,estimate,sw-core-01,port-id7430,uplink,16.132983
2026-02-05 02:30:00,estimate,sw-core-01,port-id7430,uplink,17.950712
2026-02-05 02:35:00,estimate,sw-core-01,port-id7430,uplink,14.848975
2026-02-05 02:40:00,estimate,sw-core-01,port-id7430,uplink,13.014006
2026-02-05 02:45:00,estimate,sw-core-01,port-id7430,uplink,9.659182
2026-02-05 02:50:00,estimate,sw-core-01,port-id7430,uplink,19.262529
2026-02-05 02:55:00,estimate,sw-core-01,port-id7430,uplink,11.928442
2026-02-05 03:00:00,estimate,sw-core-01,port-id7430,uplink,12.724669
2026-02-05 03:05:00,estimate,sw-core-01,port-id7430,uplink,12.113398
2026-02-05 03:10:00,estimate,sw-core-01,port-id7430,uplink,10.609719
2026-02-05 03:15:00,estimate,sw-core-01,port-id7430,uplink,12.197086
2026-02-05 03:20:00,estimate,sw-core-01,port-id7430,uplink,14.958154
2026-02-05 03:25:00,estimate,sw-core-01,port-id7430,uplink,16.553124
2026-02-05 03:30:00,estimate,sw-core-01,port-id7430,uplink,13.131239
2026-02-05 03:35:00,estimate,sw-core-01,port-id7430,uplink,15.661981
2026-02-05 03:40:00,estimate,sw-core-01,port-id7430,uplink,16.871659
2026-02-05 03:45:00,estimate,sw-core-01,port-id7430,uplink,12.247141
2026-02-05 03:50:00,estimate,sw-core-01,port-id7430,uplink,12.670643
2026-02-05 03:55:00,estimate,sw-core-01,port-id7430,uplink,14.046824
2026-02-05 04:00:00,estimate,sw-core-01,port-id7430,uplink,16.295986
2026-02-05 04:05:00,estimate,sw-core-01,port-id7430,uplink,14.973451
2026-02-05 04:10:00,estimate,sw-core-01,port-id7430,uplink,17.192474
2026-02-05 04:15:00,estimate,sw-core-01,port-id7430,uplink,17.391973
2026-02-05 04:20:00,estimate,sw-core-01,port-id7430,uplink,13.818313
2026-02-05 04:25:00,estimate,sw-core-01,port-id7430,uplink,19.058035
2026-02-05 04:30:00,estimate,sw-core-01,port-id7430,uplink,19.757177
2026-02-05 04:35:00,estimate,sw-core-01,port-id7430,uplink,11.847120
2026-02-05 04:40:00,estimate,sw-core-01,port-id7430,uplink,22.732304
2026-02-05 04:45:00,estimate,sw-core-01,port-id7430,uplink,14.812793
2026-02-05 04:50:00,estimate,sw-core-01,port-id7430,uplink,20.674954
2026-02-05 04:55:00,estimate,sw-core-01,port-id7430,uplink,17.745032
2026-02-05 05:00:00,estimate,sw-core-01,port-id7430,uplink,10.830727
2026-02-05 05:05:00,estimate,sw-core-01,port-id7430,uplink,15.763508
2026-02-05 05:10:00,estimate,sw-core-01,port-id7430,uplink,13.754245
2026-02-05 05:15:00,estimate,sw-core-01,port-id7430,uplink,13.615957
2026-02-05 05:20:00,estimate,sw-core-01,port-id7430,uplink,9.966573
2026-02-05 05:25:00,estimate,sw-core-01,port-id7430,uplink,18.989405
2026-02-05 05:30:00,estimate,sw-core-01,port-id7430,uplink,16.823741
2026-02-05 05:35:00,estimate,sw-core-01,port-id7430,uplink,21.139936
2026-02-05 05:40:00,estimate,sw-core-01,port-id7430,uplink,18.678336
2026-02-05 05:45:00,estimate,sw-core-01,port-id7430,uplink,17.319665
2026-02-05 05:50:00,estimate,sw-core-01,port-id7430,uplink,16.644830
2026-02-05 05:55:00,estimate,sw-core-01,port-id7430,uplink,13.914915
2026-02-05 06:00:00,estimate,sw-core-01,port-id7430,uplink,19.482258
2026-02-05 06:05:00,estimate,sw-core-01,port-id7430,uplink,16.932256
2026-02-05 06:10:00,estimate,sw-core-01,port-id7430,uplink,22.836485
2026-02-05 06:15:00,estimate,sw-core-01,port-id7430,uplink,22.465377
2026-02-05 06:20:00,estimate,sw-core-01,port-id7430,uplink,19.099067
2026-02-05 06:25:00,estimate,sw-core-01,port-id7430,uplink,24.473793
2026-02-05 06:30:00,estimate,sw-core-01,port-id7430,uplink,25.523502
2026-02-05 06:35:00,estimate,sw-core-01,port-id7430,uplink,29.524309
2026-02-05 06:40:00,estimate,sw-core-01,port-id7430,uplink,28.935976
2026-02-05 06:45:00,estimate,sw-core-01,port-id7430,uplink,29.877582
2026-02-05 06:50:00,estimate,sw-core-01,port-id7430,uplink,26.803613
2026-02-05 06:55:00,estimate,sw-core-01,port-id7430,uplink,31.728434
2026-02-05 07:00:00,estimate,sw-core-01,port-id7430,uplink,25.091932
2026-02-05 07:05:00,estimate,sw-core-01,port-id7430,uplink,35.697208
2026-02-05 07:10:00,estimate,sw-core-01,port-id7430,uplink,29.241227
2026-02-05 07:15:00,estimate,sw-core-01,port-id7430,uplink,33.392796
2026-02-05 07:20:00,estimate,sw-core-01,port-id7430,uplink,28.330563
2026-02-05 07:25:00,estimate,sw-core-01,port-id7430,uplink,33.872837
2026-02-05 07:30:00,estimate,sw-core-01,port-id7430,uplink,39.628321
2026-02-05 07:35:00,estimate,sw-core-01,port-id7430,uplink,39.587833
2026-02-05 07:40:00,estimate,sw-core-01,port-id7430,uplink,36.493822
2026-02-05 07:45:00,estimate,sw-core-01,port-id7430,uplink,41.206112
2026-02-05 07:50:00,estimate,sw-core-01,port-id7430,uplink,39.888889
2026-02-05 07:55:00,estimate,sw-core-01,port-id7430,uplink,42.149200
2026-02-05 08:00:00,estimate,sw-core-01,port-id7430,uplink,39.018528
2026-02-05 08:05:00,estimate,sw-core-01,port-id7430,uplink,42.462157
2026-02-05 08:10:00,estimate,sw-core-01,port-id7430,uplink,39.458811
2026-02-05 08:15:00,estimate,sw-core-01,port-id7430,uplink,40.585080
2026-02-05 08:20:00,estimate,sw-core-01,port-id7430,uplink,40.679969
2026-02-05 08:25:00,estimate,sw-core-01,port-id7430,uplink,40.159729
2026-02-05 08:30:00,estimate,sw-core-01,port-id7430,uplink,43.515994
2026-02-05 08:35:00,estimate,sw-core-01,port-id7430,uplink,41.396670
2026-02-05 08:40:00,estimate,sw-core-01,port-id7430,uplink,40.607287
2026-02-05 08:45:00,estimate,sw-core-01,port-id7430,uplink,44.932591
2026-02-05 08:50:00,estimate,sw-core-01,port-id7430,uplink,40.834413
2026-02-05 08:55:00,estimate,sw-core-01,port-id7430,uplink,42.891234
2026-02-05 09:00:00,estimate,sw-core-01,port-id7430,uplink,39.286817
2026-02-05 09:05:00,estimate,sw-core-01,port-id7430,uplink,48.708048
2026-02-05 09:10:00,estimate,sw-core-01,port-id7430,uplink,43.078827
2026-02-05 09:15:00,estimate,sw-core-01,port-id7430,uplink,44.151728
2026-02-05 09:20:00,estimate,sw-core-01,port-id7430,uplink,46.553378
2026-02-05 09:25:00,estimate,sw-core-01,port-id7430,uplink,36.840703
2026-02-05 09:30:00,estimate,sw-core-01,port-id7430,uplink,45.999071
2026-02-05 09:35:00,estimate,sw-core-01,port-id7430,uplink,42.201523
2026-02-05 09:40:00,estimate,sw-core-01,port-id7430,uplink,46.010441
2026-02-05 09:45:00,estimate,sw-core-01,port-id7430,uplink,40.900055
2026-02-05 09:50:00,estimate,sw-core-01,port-id7430,uplink,45.052358
2026-02-05 09:55:00,estimate,sw-core-01,port-id7430,uplink,48.154980
2026-02-05 10:00:00,estimate,sw-core-01,port-id7430,uplink,45.890888
2026-02-05 10:05:00,estimate,sw-core-01,port-id7430,uplink,44.706904
2026-02-05 10:10:00,estimate,sw-core-01,port-id7430,uplink,46.913901
2026-02-05 10:15:00,estimate,sw-core-01,port-id7430,uplink,41.909415
2026-02-05 10:20:00,estimate,sw-core-01,port-id7430,uplink,42.050848
2026-02-05 10:25:00,estimate,sw-core-01,port-id7430,uplink,41.653149
2026-02-05 10:30:00,estimate,sw-core-01,port-id7430,uplink,47.815127
2026-02-05 10:35:00,estimate,sw-core-01,port-id7430,uplink,46.403324
2026-02-05 10:40:00,estimate,sw-core-01,port-id7430,uplink,46.482971
2026-02-05 10:45:00,estimate,sw-core-01,port-id7430,uplink,46.456212
2026-02-05 10:50:00,estimate,sw-core-01,port-id7430,uplink,51.325523
2026-02-05 10:55:00,estimate,sw-core-01,port-id7430,uplink,43.047671
2026-02-05 11:00:00,estimate,sw-core-01,port-id7430,uplink,45.329685
2026-02-05 11:05:00,estimate,sw-core-01,port-id7430,uplink,42.906985
2026-02-05 11:10:00,estimate,sw-core-01,port-id7430,uplink,48.832188
2026-02-05 11:15:00,estimate,sw-core-01,port-id7430,uplink,44.806610
2026-02-05 11:20:00,estimate,sw-core-01,port-id7430,uplink,43.028737
2026-02-05 11:25:00,estimate,sw-core-01,port-id7430,uplink,46.208410
2026-02-05 11:30:00,estimate,sw-core-01,port-id7430,uplink,44.551505
2026-02-05 11:35:00,estimate,sw-core-01,port-id7430,uplink,47.259424
2026-02-05 11:40:00,estimate,sw-core-01,port-id7430,uplink,43.044130
2026-02-05 11:45:00,estimate,sw-core-01,port-id7430,uplink,43.157246
2026-02-05 11:50:00,estimate,sw-core-01,port-id7430,uplink,44.200524
2026-02-05 11:55:00,estimate,sw-core-01,port-id7430,uplink,49.429102
2026-02-05 12:00:00,estimate,sw-core-01,port-id7430,uplink,46.396502
2026-02-05 12:05:00,estimate,sw-core-01,port-id7430,uplink,47.450625
2026-02-05 12:10:00,estimate,sw-core-01,port-id7430,uplink,45.613103
2026-02-05 12:15:00,estimate,sw-core-01,port-id7430,uplink,49.143991
2026-02-05 12:20:00,estimate,sw-core-01,port-id7430,uplink,42.017432
2026-02-05 12:25:00,estimate,sw-core-01,port-id7430,uplink,43.766909
2026-02-05 12:30:00,estimate,sw-core-01,port-id7430,uplink,44.862485
2026-02-05 12:35:00,estimate,sw-core-01,port-id7430,uplink,45.584553
2026-02-05 12:40:00,estimate,sw-core-01,port-id7430,uplink,49.625020
2026-02-05 12:45:00,estimate,sw-core-01,port-id7430,uplink,38.445342
2026-02-05 12:50:00,estimate,sw-core-01,port-id7430,uplink,41.344025
2026-02-05 12:55:00,estimate,sw-core-01,port-id7430,uplink,49.054840
2026-02-05 13:00:00,estimate,sw-core-01,port-id7430,uplink,44.482332
2026-02-05 13:05:00,estimate,sw-core-01,port-id7430,uplink,46.074744
2026-02-05 13:10:00,estimate,sw-core-01,port-id7430,uplink,50.117688
2026-02-05 13:15:00,estimate,sw-core-01,port-id7430,uplink,46.112640
2026-02-05 13:20:00,estimate,sw-core-01,port-id7430,uplink,48.783599
2026-02-05 13:25:00,estimate,sw-core-01,port-id7430,uplink,45.406630
2026-02-05 13:30:00,estimate,sw-core-01,port-id7430,uplink,43.683617
2026-02-05 13:35:00,estimate,sw-core-01,port-id7430,uplink,43.302025
2026-02-05 13:40:00,estimate,sw-core-01,port-id7430,uplink,44.067521
2026-02-05 13:45:00,estimate,sw-core-01,port-id7430,uplink,40.520683
2026-02-05 13:50:00,estimate,sw-core-01,port-id7430,uplink,48.764961
2026-02-05 13:55:00,estimate,sw-core-01,port-id7430,uplink,42.931106
2026-02-05 14:00:00,estimate,sw-core-01,port-id7430,uplink,44.715761
2026-02-05 14:05:00,estimate,sw-core-01,port-id7430,uplink,43.878692
2026-02-05 14:10:00,estimate,sw-core-01,port-id7430,uplink,48.968174
2026-02-05 14:15:00,estimate,sw-core-01,port-id7430,uplink,44.070462
2026-02-05 14:20:00,estimate,sw-core-01,port-id7430,uplink,47.589916
2026-02-05 14:25:00,estimate,sw-core-01,port-id7430,uplink,42.891489
2026-02-05 14:30:00,estimate,sw-core-01,port-id7430,uplink,46.071677
2026-02-05 14:35:00,estimate,sw-core-01,port-id7430,uplink,46.541388
2026-02-05 14:40:00,estimate,sw-core-01,port-id7430,uplink,51.517475
2026-02-05 14:45:00,estimate,sw-core-01,port-id7430,uplink,40.770064
2026-02-05 14:50:00,estimate,sw-core-01,port-id7430,uplink,47.625762
2026-02-05 14:55:00,estimate,sw-core-01,port-id7430,uplink,41.038238
2026-02-05 15:00:00,estimate,sw-core-01,port-id7430,uplink,43.322964
2026-02-05 15:05:00,estimate,sw-core-01,port-id7430,uplink,43.549939
2026-02-05 15:10:00,estimate,sw-core-01,port-id7430,uplink,47.513547
2026-02-05 15:15:00,estimate,sw-core-01,port-id7430,uplink,45.577642
2026-02-05 15:20:00,estimate,sw-core-01,port-id7430,uplink,43.030900
2026-02-05 15:25:00,estimate,sw-core-01,port-id7430,uplink,44.525412
2026-02-05 15:30:00,estimate,sw-core-01,port-id7430,uplink,44.848198
2026-02-05 15:35:00,estimate,sw-core-01,port-id7430,uplink,42.791585
2026-02-05 15:40:00,estimate,sw-core-01,port-id7430,uplink,41.496819
2026-02-05 15:45:00,estimate,sw-core-01,port-id7430,uplink,44.222388
2026-02-05 15:50:00,estimate,sw-core-01,port-id7430,uplink,46.625621
2026-02-05 15:55:00,estimate,sw-core-01,port-id7430,uplink,46.684073
2026-02-05 16:00:00,estimate,sw-core-01,port-id7430,uplink,47.197802
2026-02-05 16:05:00,estimate,sw-core-01,port-id7430,uplink,44.468602
2026-02-05 16:10:00,estimate,sw-core-01,port-id7430,uplink,52.633198
2026-02-05 16:15:00,estimate,sw-core-01,port-id7430,uplink,45.736000
2026-02-05 16:20:00,estimate,sw-core-01,port-id7430,uplink,40.339242
2026-02-05 16:25:00,estimate,sw-core-01,port-id7430,uplink,40.569224
2026-02-05 16:30:00,estimate,sw-core-01,port-id7430,uplink,42.803153
2026-02-05 16:35:00,estimate,sw-core-01,port-id7430,uplink,44.387031
2026-02-05 16:40:00,estimate,sw-core-01,port-id7430,uplink,46.786590
2026-02-05 16:45:00,estimate,sw-core-01,port-id7430,uplink,46.562236
2026-02-05 16:50:00,estimate,sw-core-01,port-id7430,uplink,47.994885
2026-02-05 16:55:00,estimate,sw-core-01,port-id7430,uplink,45.110990
2026-02-05 17:00:00,estimate,sw-core-01,port-id7430,uplink,41.548525
2026-02-05 17:05:00,estimate,sw-core-01,port-id7430,uplink,47.411986
2026-02-05 17:10:00,estimate,sw-core-01,port-id7430,uplink,46.133923
2026-02-05 17:15:00,estimate,sw-core-01,port-id7430,uplink,37.976369
2026-02-05 17:20:00,estimate,sw-core-01,port-id7430,uplink,44.658848
2026-02-05 17:25:00,estimate,sw-core-01,port-id7430,uplink,40.127897
2026-02-05 17:30:00,estimate,sw-core-01,port-id7430,uplink,51.021477
2026-02-05 17:35:00,estimate,sw-core-01,port-id7430,uplink,43.369765
2026-02-05 17:40:00,estimate,sw-core-01,port-id7430,uplink,42.689968
2026-02-05 17:45:00,estimate,sw-core-01,port-id7430,uplink,46.428051
2026-02-05 17:50:00,estimate,sw-core-01,port-id7430,uplink,48.823645
2026-02-05 17:55:00,estimate,sw-core-01,port-id7430,uplink,37.018953
2026-02-05 18:00:00,estimate,sw-core-01,port-id7430,uplink,40.933125
2026-02-05 18:05:00,estimate,sw-core-01,port-id7430,uplink,41.519292
2026-02-05 18:10:00,estimate,sw-core-01,port-id7430,uplink,40.701504
2026-02-05 18:15:00,estimate,sw-core-01,port-id7430,uplink,45.434823
2026-02-05 18:20:00,estimate,sw-core-01,port-id7430,uplink,40.079893
2026-02-05 18:25:00,estimate,sw-core-01,port-id7430,uplink,40.938440
2026-02-05 18:30:00,estimate,sw-core-01,port-id7430,uplink,42.596788
2026-02-05 18:35:00,estimate,sw-core-01,port-id7430,uplink,34.234778
2026-02-05 18:40:00,estimate,sw-core-01,port-id7430,uplink,37.518849
2026-02-05 18:45:00,estimate,sw-core-01,port-id7430,uplink,37.156762
2026-02-05 18:50:00,estimate,sw-core-01,port-id7430,uplink,37.858206
2026-02-05 18:55:00,estimate,sw-core-01,port-id7430,uplink,42.147985
2026-02-05 19:00:00,estimate,sw-core-01,port-id7430,uplink,43.208117
2026-02-05 19:05:00,estimate,sw-core-01,port-id7430,uplink,32.885061
2026-02-05 19:10:00,estimate,sw-core-01,port-id7430,uplink,35.216987
2026-02-05 19:15:00,estimate,sw-core-01,port-id7430,uplink,27.739804
2026-02-05 19:20:00,estimate,sw-core-01,port-id7430,uplink,30.964716
2026-02-05 19:25:00,estimate,sw-core-01,port-id7430,uplink,28.185861
2026-02-05 19:30:00,estimate,sw-core-01,port-id7430,uplink,35.276237
2026-02-05 19:35:00,estimate,sw-core-01,port-id7430,uplink,19.836777
2026-02-05 19:40:00,estimate,sw-core-01,port-id7430,uplink,32.255103
2026-02-05 19:45:00,estimate,sw-core-01,port-id7430,uplink,29.262192
2026-02-05 19:50:00,estimate,sw-core-01,port-id7430,uplink,23.055162
2026-02-05 19:55:00,estimate,sw-core-01,port-id7430,uplink,26.842570
2026-02-05 20:00:00,estimate,sw-core-01,port-id7430,uplink,20.155550
2026-02-05 20:05:00,estimate,sw-core-01,port-id7430,uplink,24.333377
2026-02-05 20:10:00,estimate,sw-core-01,port-id7430,uplink,20.932167
2026-02-05 20:15:00,estimate,sw-core-01,port-id7430,uplink,23.861336
2026-02-05 20:20:00,estimate,sw-core-01,port-id7430,uplink,18.334293
2026-02-05 20:25:00,estimate,sw-core-01,port-id7430,uplink,22.426687
2026-02-05 20:30:00,estimate,sw-core-01,port-id7430,uplink,18.412301
2026-02-05 20:35:00,estimate,sw-core-01,port-id7430,uplink,19.640196
2026-02-05 20:40:00,estimate,sw-core-01,port-id7430,uplink,21.336641
2026-02-05 20:45:00,estimate,sw-core-01,port-id7430,uplink,19.487499
2026-02-05 20:50:00,estimate,sw-core-01,port-id7430,uplink,16.609489
2026-02-05 20:55:00,estimate,sw-core-01,port-id7430,uplink,17.776106
2026-02-05 21:00:00,estimate,sw-core-01,port-id7430,uplink,16.627782
2026-02-05 21:05:00,estimate,sw-core-01,port-id7430,uplink,11.466133
2026-02-05 21:10:00,estimate,sw-core-01,port-id7430,uplink,17.680150
2026-02-05 21:15:00,estimate,sw-core-01,port-id7430,uplink,17.673193
2026-02-05 21:20:00,estimate,sw-core-01,port-id7430,uplink,16.470498
2026-02-05 21:25:00,estimate,sw-core-01,port-id7430,uplink,8.824012
2026-02-05 21:30:00,estimate,sw-core-01,port-id7430,uplink,13.414710
2026-02-05 21:35:00,estimate,sw-core-01,port-id7430,uplink,18.027900
2026-02-05 21:40:00,estimate,sw-core-01,port-id7430,uplink,17.013980
2026-02-05 21:45:00,estimate,sw-core-01,port-id7430,uplink,12.026285
2026-02-05 21:50:00,estimate,sw-core-01,port-id7430,uplink,14.725776
2026-02-05 21:55:00,estimate,sw-core-01,port-id7430,uplink,19.521121
2026-02-05 22:00:00,estimate,sw-core-01,port-id7430,uplink,13.201370
2026-02-05 22:05:00,estimate,sw-core-01,port-id7430,uplink,5.948923
2026-02-05 22:10:00,estimate,sw-core-01,port-id7430,uplink,20.582731
2026-02-05 22:15:00,estimate,sw-core-01,port-id7430,uplink,13.866134
2026-02-05 22:20:00,estimate,sw-core-01,port-id7430,uplink,12.858263
2026-02-05 22:25:00,estimate,sw-core-01,port-id7430,uplink,13.179417
2026-02-05 22:30:00,estimate,sw-core-01,port-id7430,uplink,20.307401
2026-02-05 22:35:00,estimate,sw-core-01,port-id7430,uplink,17.141458
2026-02-05 22:40:00,estimate,sw-core-01,port-id7430,uplink,16.116284
2026-02-05 22:45:00,estimate,sw-core-01,port-id7430,uplink,15.163962
2026-02-05 22:50:00,estimate,sw-core-01,port-id7430,uplink,15.173651
2026-02-05 22:55:00,estimate,sw-core-01,port-id7430,uplink,18.878763
2026-02-05 23:00:00,estimate,sw-core-01,port-id7430,uplink,14.256484
2026-02-05 23:05:00,estimate,sw-core-01,port-id7430,uplink,13.306506
2026-02-05 23:10:00,estimate,sw-core-01,port-id7430,uplink,12.997892
2026-02-05 23:15:00,estimate,sw-core-01,port-id7430,uplink,13.826237
2026-02-05 23:20:00,estimate,sw-core-01,port-id7430,uplink,17.841606
2026-02-05 23:25:00,estimate,sw-core-01,port-id7430,uplink,13.556395
2026-02-05 23:30:00,estimate,sw-core-01,port-id7430,uplink,16.280064
2026-02-05 23:35:00,estimate,sw-core-01,port-id7430,uplink,12.794547
2026-02-05 23:40:00,estimate,sw-core-01,port-id7430,uplink,14.593074
2026-02-05 23:45:00,estimate,sw-core-01,port-id7430,uplink,19.250562
2026-02-05 23:50:00,estimate,sw-core-01,port-id7430,uplink,15.161925
2026-02-05 23:55:00,estimate,sw-core-01,port-id7430,uplink,14.278563
2026-02-06 00:00:00,estimate,sw-core-01,port-id7430,uplink,12.424844
2026-02-06 00:05:00,estimate,sw-core-01,port-id7430,uplink,20.057610
2026-02-06 00:10:00,estimate,sw-core-01,port-id7430,uplink,12.759210
2026-02-06 00:15:00,estimate,sw-core-01,port-id7430,uplink,13.496516
2026-02-06 00:20:00,estimate,sw-core-01,port-id7430,uplink,18.760362
2026-02-06 00:25:00,estimate,sw-core-01,port-id7430,uplink,11.571441
2026-02-06 00:30:00,estimate,sw-core-01,port-id7430,uplink,14.765800
2026-02-06 00:35:00,estimate,sw-core-01,port-id7430,uplink,14.951661
2026-02-06 00:40:00,estimate,sw-core-01,port-id7430,uplink,13.607405
2026-02-06 00:45:00,estimate,sw-core-01,port-id7430,uplink,11.852225
2026-02-06 00:50:00,estimate,sw-core-01,port-id7430,uplink,12.043257
2026-02-06 00:55:00,estimate,sw-core-01,port-id7430,uplink,19.232708
2026-02-06 01:00:00,estimate,sw-core-01,port-id7430,uplink,13.370921
2026-02-06 01:05:00,estimate,sw-core-01,port-id7430,uplink,23.452348
2026-02-06 01:10:00,estimate,sw-core-01,port-id7430,uplink,10.036802
2026-02-06 01:15:00,estimate,sw-core-01,port-id7430,uplink,17.445906
2026-02-06 01:20:00,estimate,sw-core-01,port-id7430,uplink,13.440643
2026-02-06 01:25:00,estimate,sw-core-01,port-id7430,uplink,19.604348
2026-02-06 01:30:00,estimate,sw-core-01,port-id7430,uplink,14.194507
2026-02-06 01:35:00,estimate,sw-core-01,port-id7430,uplink,12.232009
2026-02-06 01:40:00,estimate,sw-core-01,port-id7430,uplink,15.024861
2026-02-06 01:45:00,estimate,sw-core-01,port-id7430,uplink,11.537414
2026-02-06 01:50:00,estimate,sw-core-01,port-id7430,uplink,17.143595
2026-02-06 01:55:00,estimate,sw-core-01,port-id7430,uplink,13.351039
2026-02-06 02:00:00,estimate,sw-core-01,port-id7430,uplink,12.362335
2026-02-06 02:05:00,estimate,sw-core-01,port-id7430,uplink,20.007007
2026-02-06 02:10:00,estimate,sw-core-01,port-id7430,uplink,12.658626
2026-02-06 02:15:00,estimate,sw-core-01,port-id7430,uplink,17.282772
2026-02-06 02:20:00,estimate,sw-core-01,port-id7430,uplink,11.704782
2026-02-06 02:25:00,estimate,sw-core-01,port-id7430,uplink,14.559268
2026-02-06 02:30:00,estimate,sw-core-01,port-id7430,uplink,9.929247
2026-02-06 02:35:00,estimate,sw-core-01,port-id7430,uplink,20.155094
2026-02-06 02:40:00,estimate,sw-core-01,port-id7430,uplink,14.213979
2026-02-06 02:45:00,estimate,sw-core-01,port-id7430,uplink,16.070776
2026-02-06 02:50:00,estimate,sw-core-01,port-id7430,uplink,15.389825
2026-02-06 02:55:00,estimate,sw-core-01,port-id7430,uplink,18.519275
2026-02-06 03:00:00,estimate,sw-core-01,port-id7430,uplink,21.613625
2026-02-06 03:05:00,estimate,sw-core-01,port-id7430,uplink,14.731956
2026-02-06 03:10:00,estimate,sw-core-01,port-id7430,uplink,8.198278
2026-02-06 03:15:00,estimate,sw-core-01,port-id7430,uplink,17.674676
2026-02-06 03:20:00,estimate,sw-core-01,port-id7430,uplink,12.437338
2026-02-06 03:25:00,estimate,sw-core-01,port-id7430,uplink,16.111676
2026-02-06 03:30:00,estimate,sw-core-01,port-id7430,uplink,12.087478
2026-02-06 03:35:00,estimate,sw-core-01,port-id7430,uplink,16.025780
2026-02-06 03:40:00,estimate,sw-core-01,port-id7430,uplink,12.377853
2026-02-06 03:45:00,estimate,sw-core-01,port-id7430,uplink,14.290281
2026-02-06 03:50:00,estimate,sw-core-01,port-id7430,uplink,19.857005
2026-02-06 03:55:00,estimate,sw-core-01,port-id7430,uplink,13.833640
2026-02-06 04:00:00,estimate,sw-core-01,port-id7430,uplink,12.867309
2026-02-06 04:05:00,estimate,sw-core-01,port-id7430,uplink,12.104696
2026-02-06 04:10:00,estimate,sw-core-01,port-id7430,uplink,15.035966
2026-02-06 04:15:00,estimate,sw-core-01,port-id7430,uplink,16.152782
2026-02-06 04:20:00,estimate,sw-core-01,port-id7430,uplink,16.084157
2026-02-06 04:25:00,estimate,sw-core-01,port-id7430,uplink,12.605266
2026-02-06 04:30:00,estimate,sw-core-01,port-id7430,uplink,16.156806
2026-02-06 04:35:00,estimate,sw-core-01,port-id7430,uplink,12.957309
2026-02-06 04:40:00,estimate,sw-core-01,port-id7430,uplink,14.421723
2026-02-06 04:45:00,estimate,sw-core-01,port-id7430,uplink,12.410531
2026-02-06 04:50:00,estimate,sw-core-01,port-id7430,uplink,17.172174
2026-02-06 04:55:00,estimate,sw-core-01,port-id7430,uplink,13.234333
2026-02-06 05:00:00,estimate,sw-core-01,port-id7430,uplink,17.457905
2026-02-06 05:05:00,estimate,sw-core-01,port-id7430,uplink,14.265141
2026-02-06 05:10:00,estimate,sw-core-01,port-id7430,uplink,14.723845
2026-02-06 05:15:00,estimate,sw-core-01,port-id7430,uplink,14.729269
2026-02-06 05:20:00,estimate,sw-core-01,port-id7430,uplink,18.516247
2026-02-06 05:25:00,estimate,sw-core-01,port-id7430,uplink,14.666848
2026-02-06 05:30:00,estimate,sw-core-01,port-id7430,uplink,24.092364
2026-02-06 05:35:00,estimate,sw-core-01,port-id7430,uplink,16.266806
2026-02-06 05:40:00,estimate,sw-core-01,port-id7430,uplink,19.195251
2026-02-06 05:45:00,estimate,sw-core-01,port-id7430,uplink,18.343240
2026-02-06 05:50:00,estimate,sw-core-01,port-id7430,uplink,18.624071
2026-02-06 05:55:00,estimate,sw-core-01,port-id7430,uplink,20.696464
2026-02-06 06:00:00,estimate,sw-core-01,port-id7430,uplink,23.621172
2026-02-06 06:05:00,estimate,sw-core-01,port-id7430,uplink,17.417645
2026-02-06 06:10:00,estimate,sw-core-01,port-id7430,uplink,24.314145
2026-02-06 06:15:00,estimate,sw-core-01,port-id7430,uplink,18.506074
2026-02-06 06:20:00,estimate,sw-core-01,port-id7430,uplink,22.952447
2026-02-06 06:25:00,estimate,sw-core-01,port-id7430,uplink,18.486210
2026-02-06 06:30:00,estimate,sw-core-01,port-id7430,uplink,26.590607
2026-02-06 06:35:00,estimate,sw-core-01,port-id7430,uplink,27.127189
2026-02-06 06:40:00,estimate,sw-core-01,port-id7430,uplink,18.558945
2026-02-06 06:45:00,estimate,sw-core-01,port-id7430,uplink,32.530791
2026-02-06 06:50:00,estimate,sw-core-01,port-id7430,uplink,26.557104
2026-02-06 06:55:00,estimate,sw-core-01,port-id7430,uplink,26.199788
2026-02-06 07:00:00,estimate,sw-core-01,port-id7430,uplink,30.497977
2026-02-06 07:05:00,estimate,sw-core-01,port-id7430,uplink,31.453305
2026-02-06 07:10:00,estimate,sw-core-01,port-id7430,uplink,32.010364
2026-02-06 07:15:00,estimate,sw-core-01,port-id7430,uplink,34.449400
2026-02-06 07:20:00,estimate,sw-core-01,port-id7430,uplink,36.042331
2026-02-06 07:25:00,estimate,sw-core-01,port-id7430,uplink,36.344248
2026-02-06 07:30:00,estimate,sw-core-01,port-id7430,uplink,33.549796
2026-02-06 07:35:00,estimate,sw-core-01,port-id7430,uplink,34.988663
2026-02-06 07:40:00,estimate,sw-core-01,port-id7430,uplink,35.574403
2026-02-06 07:45:00,estimate,sw-core-01,port-id7430,uplink,33.103856
2026-02-06 07:50:00,estimate,sw-core-01,port-id7430,uplink,38.631291
2026-02-06 07:55:00,estimate,sw-core-01,port-id7430,uplink,38.224603
2026-02-06 08:00:00,estimate,sw-core-01,port-id7430,uplink,39.516816
2026-02-06 08:05:00,estimate,sw-core-01,port-id7430,uplink,39.814814
2026-02-06 08:10:00,estimate,sw-core-01,port-id7430,uplink,42.704316
2026-02-06 08:15:00,estimate,sw-core-01,port-id7430,uplink,38.071336
2026-02-06 08:20:00,estimate,sw-core-01,port-id7430,uplink,41.217210
2026-02-06 08:25:00,estimate,sw-core-01,port-id7430,uplink,44.749159
2026-02-06 08:30:00,estimate,sw-core-01,port-id7430,uplink,43.173976
2026-02-06 08:35:00,estimate,sw-core-01,port-id7430,uplink,43.931631
2026-02-06 08:40:00,estimate,sw-core-01,port-id7430,uplink,41.840515
2026-02-06 08:45:00,estimate,sw-core-01,port-id7430,uplink,44.297501
2026-02-06 08:50:00,estimate,sw-core-01,port-id7430,uplink,41.532374
2026-02-06 08:55:00,estimate,sw-core-01,port-id7430,uplink,44.407599
2026-02-06 09:00:00,estimate,sw-core-01,port-id7430,uplink,44.764418
2026-02-06 09:05:00,estimate,sw-core-01,port-id7430,uplink,37.697172
2026-02-06 09:10:00,estimate,sw-core-01,port-id7430,uplink,43.849129
2026-02-06 09:15:00,estimate,sw-core-01,port-id7430,uplink,41.103254
2026-02-06 09:20:00,estimate,sw-core-01,port-id7430,uplink,45.216423
2026-02-06 09:25:00,estimate,sw-core-01,port-id7430,uplink,41.570220
2026-02-06 09:30:00,estimate,sw-core-01,port-id7430,uplink,43.170032
2026-02-06 09:35:00,estimate,sw-core-01,port-id7430,uplink,46.836358
2026-02-06 09:40:00,estimate,sw-core-01,port-id7430,uplink,38.685305
2026-02-06 09:45:00,estimate,sw-core-01,port-id7430,uplink,34.378751
2026-02-06 09:50:00,estimate,sw-core-01,port-id7430,uplink,45.657003
2026-02-06 09:55:00,estimate,sw-core-01,port-id7430,uplink,41.836340
2026-02-06 10:00:00,estimate,sw-core-01,port-id7430,uplink,42.033281
2026-02-06 10:05:00,estimate,sw-core-01,port-id7430,uplink,43.458552
2026-02-06 10:10:00,estimate,sw-core-01,port-id7430,uplink,42.843955
2026-02-06 10:15:00,estimate,sw-core-01,port-id7430,uplink,41.733884
2026-02-06 10:20:00,estimate,sw-core-01,port-id7430,uplink,44.923740
2026-02-06 10:25:00,estimate,sw-core-01,port-id7430,uplink,47.582649
2026-02-06 10:30:00,estimate,sw-core-01,port-id7430,uplink,45.712540
2026-02-06 10:35:00,estimate,sw-core-01,port-id7430,uplink,40.409978
2026-02-06 10:40:00,estimate,sw-core-01,port-id7430,uplink,41.237322
2026-02-06 10:45:00,estimate,sw-core-01,port-id7430,uplink,46.830860
2026-02-06 10:50:00,estimate,sw-core-01,port-id7430,uplink,40.920962
2026-02-06 10:55:00,estimate,sw-core-01,port-id7430,uplink,44.013882
2026-02-06 11:00:00,estimate,sw-core-01,port-id7430,uplink,38.981209
2026-02-06 11:05:00,estimate,sw-core-01,port-id7430,uplink,44.739400
2026-02-06 11:10:00,estimate,sw-core-01,port-id7430,uplink,48.055152
2026-02-06 11:15:00,estimate,sw-core-01,port-id7430,uplink,43.150559
2026-02-06 11:20:00,estimate,sw-core-01,port-id7430,uplink,43.332979
2026-02-06 11:25:00,estimate,sw-core-01,port-id7430,uplink,45.028160
2026-02-06 11:30:00,estimate,sw-core-01,port-id7430,uplink,46.612591
2026-02-06 11:35:00,estimate,sw-core-01,port-id7430,uplink,44.036762
2026-02-06 11:40:00,estimate,sw-core-01,port-id7430,uplink,41.045846
2026-02-06 11:45:00,estimate,sw-core-01,port-id7430,uplink,48.580843
2026-02-06 11:50:00,estimate,sw-core-01,port-id7430,uplink,47.949895
2026-02-06 11:55:00,estimate,sw-core-01,port-id7430,uplink,45.395782
2026-02-06 12:00:00,estimate,sw-core-01,port-id7430,uplink,44.709733
2026-02-06 12:05:00,estimate,sw-core-01,port-id7430,uplink,44.269111
2026-02-06 12:10:00,estimate,sw-core-01,port-id7430,uplink,40.172297
2026-02-06 12:15:00,estimate,sw-core-01,port-id7430,uplink,46.621258
2026-02-06 12:20:00,estimate,sw-core-01,port-id7430,uplink,49.773270
2026-02-06 12:25:00,estimate,sw-core-01,port-id7430,uplink,44.472295
2026-02-06 12:30:00,estimate,sw-core-01,port-id7430,uplink,43.176893
2026-02-06 12:35:00,estimate,sw-core-01,port-id7430,uplink,46.042231
2026-02-06 12:40:00,estimate,sw-core-01,port-id7430,uplink,43.258216
2026-02-06 12:45:00,estimate,sw-core-01,port-id7430,uplink,44.572085
2026-02-06 12:50:00,estimate,sw-core-01,port-id7430,uplink,45.141820
2026-02-06 12:55:00,estimate,sw-core-01,port-id7430,uplink,44.788417
2026-02-06 13:00:00,estimate,sw-core-01,port-id7430,uplink,46.092085
2026-02-06 13:05:00,estimate,sw-core-01,port-id7430,uplink,44.369475
2026-02-06 13:10:00,estimate,sw-core-01,port-id7430,uplink,47.254503
2026-02-06 13:15:00,estimate,sw-core-01,port-id7430,uplink,44.022955
2026-02-06 13:20:00,estimate,sw-core-01,port-id7430,uplink,47.267955
2026-02-06 13:25:00,estimate,sw-core-01,port-id7430,uplink,40.683140
2026-02-06 13:30:00,estimate,sw-core-01,port-id7430,uplink,47.294021
2026-02-06 13:35:00,estimate,sw-core-01,port-id7430,uplink,46.228636
2026-02-06 13:40:00,estimate,sw-core-01,port-id7430,uplink,51.199735
2026-02-06 13:45:00,estimate,sw-core-01,port-id7430,uplink,45.335095
2026-02-06 13:50:00,estimate,sw-core-01,port-id7430,uplink,43.016682
2026-02-06 13:55:00,estimate,sw-core-01,port-id7430,uplink,44.516635
2026-02-06 14:00:00,estimate,sw-core-01,port-id7430,uplink,40.538442
2026-02-06 14:05:00,estimate,sw-core-01,port-id7430,uplink,42.085639
2026-02-06 14:10:00,estimate,sw-core-01,port-id7430,uplink,43.359569
2026-02-06 14:15:00,estimate,sw-core-01,port-id7430,uplink,44.275687
2026-02-06 14:20:00,estimate,sw-core-01,port-id7430,uplink,47.186224
2026-02-06 14:25:00,estimate,sw-core-01,port-id7430,uplink,44.723506
2026-02-06 14:30:00,estimate,sw-core-01,port-id7430,uplink,49.402095
2026-02-06 14:35:00,estimate,sw-core-01,port-id7430,uplink,45.313475
2026-02-06 14:40:00,estimate,sw-core-01,port-id7430,uplink,49.465565
2026-02-06 14:45:00,estimate,sw-core-01,port-id7430,uplink,42.520305
2026-02-06 14:50:00,estimate,sw-core-01,port-id7430,uplink,47.763459
2026-02-06 14:55:00,estimate,sw-core-01,port-id7430,uplink,46.131658
2026-02-06 15:00:00,estimate,sw-core-01,port-id7430,uplink,45.574993
2026-02-06 15:05:00,estimate,sw-core-01,port-id7430,uplink,47.760338
2026-02-06 15:10:00,estimate,sw-core-01,port-id7430,uplink,45.982111
2026-02-06 15:15:00,estimate,sw-core-01,port-id7430,uplink,48.544877
2026-02-06 15:20:00,estimate,sw-core-01,port-id7430,uplink,47.457618
2026-02-06 15:25:00,estimate,sw-core-01,port-id7430,uplink,47.828253
2026-02-06 15:30:00,estimate,sw-core-01,port-id7430,uplink,43.711614
2026-02-06 15:35:00,estimate,sw-core-01,port-id7430,uplink,44.078993
2026-02-06 15:40:00,estimate,sw-core-01,port-id7430,uplink,43.511395
2026-02-06 15:45:00,estimate,sw-core-01,port-id7430,uplink,40.573306
2026-02-06 15:50:00,estimate,sw-core-01,port-id7430,uplink,42.486065
2026-02-06 15:55:00,estimate,sw-core-01,port-id7430,uplink,42.502779
2026-02-06 16:00:00,estimate,sw-core-01,port-id7430,uplink,46.336293
2026-02-06 16:05:00,estimate,sw-core-01,port-id7430,uplink,43.432827
2026-02-06 16:10:00,estimate,sw-core-01,port-id7430,uplink,41.127179
2026-02-06 16:15:00,estimate,sw-core-01,port-id7430,uplink,47.427353
2026-02-06 16:20:00,estimate,sw-core-01,port-id7430,uplink,41.979758
2026-02-06 16:25:00,estimate,sw-core-01,port-id7430,uplink,42.394747
2026-02-06 16:30:00,estimate,sw-core-01,port-id7430,uplink,46.849141
2026-02-06 16:35:00,estimate,sw-core-01,port-id7430,uplink,44.235026
2026-02-06 16:40:00,estimate,sw-core-01,port-id7430,uplink,48.462214
2026-02-06 16:45:00,estimate,sw-core-01,port-id7430,uplink,43.213311
2026-02-06 16:50:00,estimate,sw-core-01,port-id7430,uplink,45.077378
2026-02-06 16:55:00,estimate,sw-core-01,port-id7430,uplink,45.499934
2026-02-06 17:00:00,estimate,sw-core-01,port-id7430,uplink,42.124887
2026-02-06 17:05:00,estimate,sw-core-01,port-id7430,uplink,49.774741
2026-02-06 17:10:00,estimate,sw-core-01,port-id7430,uplink,44.792012
2026-02-06 17:15:00,estimate,sw-core-01,port-id7430,uplink,49.420727
2026-02-06 17:20:00,estimate,sw-core-01,port-id7430,uplink,49.849919
2026-02-06 17:25:00,estimate,sw-core-01,port-id7430,uplink,41.482003
2026-02-06 17:30:00,estimate,sw-core-01,port-id7430,uplink,43.511756
2026-02-06 17:35:00,estimate,sw-core-01,port-id7430,uplink,48.222825
2026-02-06 17:40:00,estimate,sw-core-01,port-id7430,uplink,46.970696
2026-02-06 17:45:00,estimate,sw-core-01,port-id7430,uplink,38.293192
2026-02-06 17:50:00,estimate,sw-core-01,port-id7430,uplink,41.188971
2026-02-06 17:55:00,estimate,sw-core-01,port-id7430,uplink,42.531491
2026-02-06 18:00:00,estimate,sw-core-01,port-id7430,uplink,40.804699
2026-02-06 18:05:00,estimate,sw-core-01,port-id7430,uplink,43.567543
2026-02-06 18:10:00,estimate,sw-core-01,port-id7430,uplink,38.414299
2026-02-06 18:15:00,estimate,sw-core-01,port-id7430,uplink,38.921369
2026-02-06 18:20:00,estimate,sw-core-01,port-id7430,uplink,42.465988
2026-02-06 18:25:00,estimate,sw-core-01,port-id7430,uplink,47.086761
2026-02-06 18:30:00,estimate,sw-core-01,port-id7430,uplink,39.312578
2026-02-06 18:35:00,estimate,sw-core-01,port-id7430,uplink,40.427383
2026-02-06 18:40:00,estimate,sw-core-01,port-id7430,uplink,35.028040
2026-02-06 18:45:00,estimate,sw-core-01,port-id7430,uplink,31.468786
2026-02-06 18:50:00,estimate,sw-core-01,port-id7430,uplink,34.716752
2026-02-06 18:55:00,estimate,sw-core-01,port-id7430,uplink,40.921290
2026-02-06 19:00:00,estimate,sw-core-01,port-id7430,uplink,37.766136
2026-02-06 19:05:00,estimate,sw-core-01,port-id7430,uplink,36.898201
2026-02-06 19:10:00,estimate,sw-core-01,port-id7430,uplink,31.461424
2026-02-06 19:15:00,estimate,sw-core-01,port-id7430,uplink,29.787773
2026-02-06 19:20:00,estimate,sw-core-01,port-id7430,uplink,36.423571
2026-02-06 19:25:00,estimate,sw-core-01,port-id7430,uplink,27.399430
2026-02-06 19:30:00,estimate,sw-core-01,port-id7430,uplink,30.484581
2026-02-06 19:35:00,estimate,sw-core-01,port-id7430,uplink,33.351406
2026-02-06 19:40:00,estimate,sw-core-01,port-id7430,uplink,27.777555
2026-02-06 19:45:00,estimate,sw-core-01,port-id7430,uplink,30.803287
2026-02-06 19:50:00,estimate,sw-core-01,port-id7430,uplink,17.307828
2026-02-06 19:55:00,estimate,sw-core-01,port-id7430,uplink,19.449844
2026-02-06 20:00:00,estimate,sw-core-01,port-id7430,uplink,22.702171
2026-02-06 20:05:00,estimate,sw-core-01,port-id7430,uplink,20.194854
2026-02-06 20:10:00,estimate,sw-core-01,port-id7430,uplink,26.331827
2026-02-06 20:15:00,estimate,sw-core-01,port-id7430,uplink,14.579884
2026-02-06 20:20:00,estimate,sw-core-01,port-id7430,uplink,24.003667
2026-02-06 20:25:00,estimate,sw-core-01,port-id7430,uplink,27.732048
2026-02-06 20:30:00,estimate,sw-core-01,port-id7430,uplink,20.028351
2026-02-06 20:35:00,estimate,sw-core-01,port-id7430,uplink,17.393665
2026-02-06 20:40:00,estimate,sw-core-01,port-id7430,uplink,19.240696
2026-02-06 20:45:00,estimate,sw-core-01,port-id7430,uplink,15.739784
2026-02-06 20:50:00,estimate,sw-core-01,port-id7430,uplink,19.948350
2026-02-06 20:55:00,estimate,sw-core-01,port-id7430,uplink,14.195959
2026-02-06 21:00:00,estimate,sw-core-01,port-id7430,uplink,15.083265
2026-02-06 21:05:00,estimate,sw-core-01,port-id7430,uplink,20.833260
2026-02-06 21:10:00,estimate,sw-core-01,port-id7430,uplink,19.367647
2026-02-06 21:15:00,estimate,sw-core-01,port-id7430,uplink,13.113721
2026-02-06 21:20:00,estimate,sw-core-01,port-id7430,uplink,16.382350
2026-02-06 21:25:00,estimate,sw-core-01,port-id7430,uplink,18.447194
2026-02-06 21:30:00,estimate,sw-core-01,port-id7430,uplink,13.168713
2026-02-06 21:35:00,estimate,sw-core-01,port-id7430,uplink,17.840563
2026-02-06 21:40:00,estimate,sw-core-01,port-id7430,uplink,16.636756
2026-02-06 21:45:00,estimate,sw-core-01,port-id7430,uplink,15.512448
2026-02-06 21:50:00,estimate,sw-core-01,port-id7430,uplink,13.436471
2026-02-06 21:55:00,estimate,sw-core-01,port-id7430,uplink,16.995817
2026-02-06 22:00:00,estimate,sw-core-01,port-id7430,uplink,18.168075
2026-02-06 22:05:00,estimate,sw-core-01,port-id7430,uplink,8.509450
2026-02-06 22:10:00,estimate,sw-core-01,port-id7430,uplink,17.248101
2026-02-06 22:15:00,estimate,sw-core-01,port-id7430,uplink,9.401615
2026-02-06 22:20:00,estimate,sw-core-01,port-id7430,uplink,18.261320
2026-02-06 22:25:00,estimate,sw-core-01,port-id7430,uplink,19.422815
2026-02-06 22:30:00,estimate,sw-core-01,port-id7430,uplink,17.823017
2026-02-06 22:35:00,estimate,sw-core-01,port-id7430,uplink,13.785146
2026-02-06 22:40:00,estimate,sw-core-01,port-id7430,uplink,17.016638
2026-02-06 22:45:00,estimate,sw-core-01,port-id7430,uplink,15.341843
2026-02-06 22:50:00,estimate,sw-core-01,port-id7430,uplink,13.869061
2026-02-06 22:55:00,estimate,sw-core-01,port-id7430,uplink,15.740089
2026-02-06 23:00:00,estimate,sw-core-01,port-id7430,uplink,14.617659
2026-02-06 23:05:00,estimate,sw-core-01,port-id7430,uplink,11.979189
2026-02-06 23:10:00,estimate,sw-core-01,port-id7430,uplink,19.362841
2026-02-06 23:15:00,estimate,sw-core-01,port-id7430,uplink,16.910488
2026-02-06 23:20:00,estimate,sw-core-01,port-id7430,uplink,11.803326
2026-02-06 23:25:00,estimate,sw-core-01,port-id7430,uplink,14.423991
2026-02-06 23:30:00,estimate,sw-core-01,port-id7430,uplink,14.600881
2026-02-06 23:35:00,estimate,sw-core-01,port-id7430,uplink,12.810027
2026-02-06 23:40:00,estimate,sw-core-01,port-id7430,uplink,16.430487
2026-02-06 23:45:00,estimate,sw-core-01,port-id7430,uplink,16.074917
2026-02-06 23:50:00,estimate,sw-core-01,port-id7430,uplink,15.485042
2026-02-06 23:55:00,estimate,sw-core-01,port-id7430,uplink,14.002620
2026-02-07 00:00:00,estimate,sw-core-01,port-id7430,uplink,10.565735
2026-02-07 00:05:00,estimate,sw-core-01,port-id7430,uplink,8.996100
2026-02-07 00:10:00,estimate,sw-core-01,port-id7430,uplink,8.913950
2026-02-07 00:15:00,estimate,sw-core-01,port-id7430,uplink,10.769836
2026-02-07 00:20:00,estimate,sw-core-01,port-id7430,uplink,11.825486
2026-02-07 00:25:00,estimate,sw-core-01,port-id7430,uplink,9.524512
2026-02-07 00:30:00,estimate,sw-core-01,port-id7430,uplink,6.323224
2026-02-07 00:35:00,estimate,sw-core-01,port-id7430,uplink,10.307085
2026-02-07 00:40:00,estimate,sw-core-01,port-id7430,uplink,8.131599
2026-02-07 00:45:00,estimate,sw-core-01,port-id7430,uplink,14.714874
2026-02-07 00:50:00,estimate,sw-core-01,port-id7430,uplink,8.988996
2026-02-07 00:55:00,estimate,sw-core-01,port-id7430,uplink,10.589478
2026-02-07 01:00:00,estimate,sw-core-01,port-id7430,uplink,5.541357
2026-02-07 01:05:00,estimate,sw-core-01,port-id7430,uplink,6.693358
2026-02-07 01:10:00,estimate,sw-core-01,port-id7430,uplink,8.603950
2026-02-07 01:15:00,estimate,sw-core-01,port-id7430,uplink,5.702466
2026-02-07 01:20:00,estimate,sw-core-01,port-id7430,uplink,7.528146
2026-02-07 01:25:00,estimate,sw-core-01,port-id7430,uplink,8.749649
2026-02-07 01:30:00,estimate,sw-core-01,port-id7430,uplink,5.835853
2026-02-07 01:35:00,estimate,sw-core-01,port-id7430,uplink,8.586927
2026-02-07 01:40:00,estimate,sw-core-01,port-id7430,uplink,6.713699
2026-02-07 01:45:00,estimate,sw-core-01,port-id7430,uplink,11.725161
2026-02-07 01:50:00,estimate,sw-core-01,port-id7430,uplink,5.986637
2026-02-07 01:55:00,estimate,sw-core-01,port-id7430,uplink,7.298577
2026-02-07 02:00:00,estimate,sw-core-01,port-id7430,uplink,5.518964
2026-02-07 02:05:00,estimate,sw-core-01,port-id7430,uplink,8.533806
2026-02-07 02:10:00,estimate,sw-core-01,port-id7430,uplink,8.637668
2026-02-07 02:15:00,estimate,sw-core-01,port-id7430,uplink,11.005615
2026-02-07 02:20:00,estimate,sw-core-01,port-id7430,uplink,9.123211
2026-02-07 02:25:00,estimate,sw-core-01,port-id7430,uplink,8.456281
2026-02-07 02:30:00,estimate,sw-core-01,port-id7430,uplink,8.275393
2026-02-07 02:35:00,estimate,sw-core-01,port-id7430,uplink,9.752709
2026-02-07 02:40:00,estimate,sw-core-01,port-id7430,uplink,6.756027
2026-02-07 02:45:00,estimate,sw-core-01,port-id7430,uplink,10.760032
2026-02-07 02:50:00,estimate,sw-core-01,port-id7430,uplink,11.049930
2026-02-07 02:55:00,estimate,sw-core-01,port-id7430,uplink,11.139091
2026-02-07 03:00:00,estimate,sw-core-01,port-id7430,uplink,8.035304
2026-02-07 03:05:00,estimate,sw-core-01,port-id7430,uplink,9.197088
2026-02-07 03:10:00,estimate,sw-core-01,port-id7430,uplink,12.477570
2026-02-07 03:15:00,estimate,sw-core-01,port-id7430,uplink,12.379019
2026-02-07 03:20:00,estimate,sw-core-01,port-id7430,uplink,6.274195
2026-02-07 03:25:00,estimate,sw-core-01,port-id7430,uplink,7.854822
2026-02-07 03:30:00,estimate,sw-core-01,port-id7430,uplink,12.663081
2026-02-07 03:35:00,estimate,sw-core-01,port-id7430,uplink,9.855374
2026-02-07 03:40:00,estimate,sw-core-01,port-id7430,uplink,5.948185
2026-02-07 03:45:00,estimate,sw-core-01,port-id7430,uplink,10.775914
2026-02-07 03:50:00,estimate,sw-core-01,port-id7430,uplink,6.240605
2026-02-07 03:55:00,estimate,sw-core-01,port-id7430,uplink,0.532286
2026-02-07 04:00:00,estimate,sw-core-01,port-id7430,uplink,10.636578
2026-02-07 04:05:00,estimate,sw-core-01,port-id7430,uplink,7.326601
2026-02-07 04:10:00,estimate,sw-core-01,port-id7430,uplink,5.574483
2026-02-07 04:15:00,estimate,sw-core-01,port-id7430,uplink,10.945750
2026-02-07 04:20:00,estimate,sw-core-01,port-id7430,uplink,9.995029
2026-02-07 04:25:00,estimate,sw-core-01,port-id7430,uplink,12.026533
2026-02-07 04:30:00,estimate,sw-core-01,port-id7430,uplink,11.630565
2026-02-07 04:35:00,estimate,sw-core-01,port-id7430,uplink,5.459257
2026-02-07 04:40:00,estimate,sw-core-01,port-id7430,uplink,9.420354
2026-02-07 04:45:00,estimate,sw-core-01,port-id7430,uplink,12.794907
2026-02-07 04:50:00,estimate,sw-core-01,port-id7430,uplink,10.543114
2026-02-07 04:55:00,estimate,sw-core-01,port-id7430,uplink,11.545531
2026-02-07 05:00:00,estimate,sw-core-01,port-id7430,uplink,9.994632
2026-02-07 05:05:00,estimate,sw-core-01,port-id7430,uplink,10.859373
2026-02-07 05:10:00,estimate,sw-core-01,port-id7430,uplink,5.261711
2026-02-07 05:15:00,estimate,sw-core-01,port-id7430,uplink,6.297788
2026-02-07 05:20:00,estimate,sw-core-01,port-id7430,uplink,8.063697
2026-02-07 05:25:00,estimate,sw-core-01,port-id7430,uplink,7.933949
2026-02-07 05:30:00,estimate,sw-core-01,port-id7430,uplink,8.296028
2026-02-07 05:35:00,estimate,sw-core-01,port-id7430,uplink,13.911297
2026-02-07 05:40:00,estimate,sw-core-01,port-id7430,uplink,4.659788
2026-02-07 05:45:00,estimate,sw-core-01,port-id7430,uplink,5.105750
2026-02-07 05:50:00,estimate,sw-core-01,port-id7430,uplink,11.898922
2026-02-07 05:55:00,estimate,sw-core-01,port-id7430,uplink,7.841915
2026-02-07 06:00:00,estimate,sw-core-01,port-id7430,uplink,7.277306
2026-02-07 06:05:00,estimate,sw-core-01,port-id7430,uplink,16.580922
2026-02-07 06:10:00,estimate,sw-core-01,port-id7430,uplink,11.666441
2026-02-07 06:15:00,estimate,sw-core-01,port-id7430,uplink,12.448538
2026-02-07 06:20:00,estimate,sw-core-01,port-id7430,uplink,14.973857
2026-02-07 06:25:00,estimate,sw-core-01,port-id7430,uplink,12.553754
2026-02-07 06:30:00,estimate,sw-core-01,port-id7430,uplink,9.098817
2026-02-07 06:35:00,estimate,sw-core-01,port-id7430,uplink,15.226332
2026-02-07 06:40:00,estimate,sw-core-01,port-id7430,uplink,11.605184
2026-02-07 06:45:00,estimate,sw-core-01,port-id7430,uplink,17.323847
2026-02-07 06:50:00,estimate,sw-core-01,port-id7430,uplink,15.156073
2026-02-07 06:55:00,estimate,sw-core-01,port-id7430,uplink,18.753074
2026-02-07 07:00:00,estimate,sw-core-01,port-id7430,uplink,16.466300
2026-02-07 07:05:00,estimate,sw-core-01,port-id7430,uplink,19.151589
2026-02-07 07:10:00,estimate,sw-core-01,port-id7430,uplink,26.521295
2026-02-07 07:15:00,estimate,sw-core-01,port-id7430,uplink,22.515083
2026-02-07 07:20:00,estimate,sw-core-01,port-id7430,uplink,16.948631
2026-02-07 07:25:00,estimate,sw-core-01,port-id7430,uplink,19.046215
2026-02-07 07:30:00,estimate,sw-core-01,port-id7430,uplink,22.916743
2026-02-07 07:35:00,estimate,sw-core-01,port-id7430,uplink,25.966235
2026-02-07 07:40:00,estimate,sw-core-01,port-id7430,uplink,25.364844
2026-02-07 07:45:00,estimate,sw-core-01,port-id7430,uplink,27.449713
2026-02-07 07:50:00,estimate,sw-core-01,port-id7430,uplink,23.411334
2026-02-07 07:55:00,estimate,sw-core-01,port-id7430,uplink,30.854881
2026-02-07 08:00:00,estimate,sw-core-01,port-id7430,uplink,21.663614
2026-02-07 08:05:00,estimate,sw-core-01,port-id7430,uplink,22.154942
2026-02-07 08:10:00,estimate,sw-core-01,port-id7430,uplink,26.642685
2026-02-07 08:15:00,estimate,sw-core-01,port-id7430,uplink,23.656740
2026-02-07 08:20:00,estimate,sw-core-01,port-id7430,uplink,22.911618
2026-02-07 08:25:00,estimate,sw-core-01,port-id7430,uplink,30.845206
2026-02-07 08:30:00,estimate,sw-core-01,port-id7430,uplink,27.800785
2026-02-07 08:35:00,estimate,sw-core-01,port-id7430,uplink,22.785178
2026-02-07 08:40:00,estimate,sw-core-01,port-id7430,uplink,32.063794
2026-02-07 08:45:00,estimate,sw-core-01,port-id7430,uplink,26.435155
2026-02-07 08:50:00,estimate,sw-core-01,port-id7430,uplink,30.735653
2026-02-07 08:55:00,estimate,sw-core-01,port-id7430,uplink,24.256402
2026-02-07 09:00:00,estimate,sw-core-01,port-id7430,uplink,24.824634
2026-02-07 09:05:00,estimate,sw-core-01,port-id7430,uplink,25.747634
2026-02-07 09:10:00,estimate,sw-core-01,port-id7430,uplink,26.492240
2026-02-07 09:15:00,estimate,sw-core-01,port-id7430,uplink,26.442587
2026-02-07 09:20:00,estimate,sw-core-01,port-id7430,uplink,27.189914
2026-02-07 09:25:00,estimate,sw-core-01,port-id7430,uplink,27.714823
2026-02-07 09:30:00,estimate,sw-core-01,port-id7430,uplink,31.549630
2026-02-07 09:35:00,estimate,sw-core-01,port-id7430,uplink,22.954861
2026-02-07 09:40:00,estimate,sw-core-01,port-id7430,uplink,28.836103
2026-02-07 09:45:00,estimate,sw-core-01,port-id7430,uplink,23.828770
2026-02-07 09:50:00,estimate,sw-core-01,port-id7430,uplink,27.254843
2026-02-07 09:55:00,estimate,sw-core-01,port-id7430,uplink,28.732190
2026-02-07 10:00:00,estimate,sw-core-01,port-id7430,uplink,25.555180
2026-02-07 10:05:00,estimate,sw-core-01,port-id7430,uplink,25.496071
2026-02-07 10:10:00,estimate,sw-core-01,port-id7430,uplink,27.917576
2026-02-07 10:15:00,estimate,sw-core-01,port-id7430,uplink,26.752787
2026-02-07 10:20:00,estimate,sw-core-01,port-id7430,uplink,22.296245
2026-02-07 10:25:00,estimate,sw-core-01,port-id7430,uplink,25.051778
2026-02-07 10:30:00,estimate,sw-core-01,port-id7430,uplink,27.420385
2026-02-07 10:35:00,estimate,sw-core-01,port-id7430,uplink,22.776524
2026-02-07 10:40:00,estimate,sw-core-01,port-id7430,uplink,28.953339
2026-02-07 10:45:00,estimate,sw-core-01,port-id7430,uplink,22.230302
2026-02-07 10:50:00,estimate,sw-core-01,port-id7430,uplink,27.447722
2026-02-07 10:55:00,estimate,sw-core-01,port-id7430,uplink,31.854120
2026-02-07 11:00:00,estimate,sw-core-01,port-id7430,uplink,19.740515
2026-02-07 11:05:00,estimate,sw-core-01,port-id7430,uplink,29.309201
2026-02-07 11:10:00,estimate,sw-core-01,port-id7430,uplink,26.737438
2026-02-07 11:15:00,estimate,sw-core-01,port-id7430,uplink,27.787423
2026-02-07 11:20:00,estimate,sw-core-01,port-id7430,uplink,23.173632
2026-02-07 11:25:00,estimate,sw-core-01,port-id7430,uplink,26.575659
2026-02-07 11:30:00,estimate,sw-core-01,port-id7430,uplink,28.812963
2026-02-07 11:35:00,estimate,sw-core-01,port-id7430,uplink,29.636698
2026-02-07 11:40:00,estimate,sw-core-01,port-id7430,uplink,26.169323
2026-02-07 11:45:00,estimate,sw-core-01,port-id7430,uplink,28.350476
2026-02-07 11:50:00,estimate,sw-core-01,port-id7430,uplink,24.561356
2026-02-07 11:55:00,estimate,sw-core-01,port-id7430,uplink,29.034911
2026-02-07 12:00:00,estimate,sw-core-01,port-id7430,uplink,30.755829
2026-02-07 12:05:00,estimate,sw-core-01,port-id7430,uplink,27.157633
2026-02-07 12:10:00,estimate,sw-core-01,port-id7430,uplink,26.416791
2026-02-07 12:15:00,estimate,sw-core-01,port-id7430,uplink,29.232555
2026-02-07 12:20:00,estimate,sw-core-01,port-id7430,uplink,27.781341
2026-02-07 12:25:00,estimate,sw-core-01,port-id7430,uplink,30.897415
2026-02-07 12:30:00,estimate,sw-core-01,port-id7430,uplink,27.470845
2026-02-07 12:35:00,estimate,sw-core-01,port-id7430,uplink,29.886445
2026-02-07 12:40:00,estimate,sw-core-01,port-id7430,uplink,30.043765
2026-02-07 12:45:00,estimate,sw-core-01,port-id7430,uplink,25.538653
2026-02-07 12:50:00,estimate,sw-core-01,port-id7430,uplink,30.535362
2026-02-07 12:55:00,estimate,sw-core-01,port-id7430,uplink,24.908246
2026-02-07 13:00:00,estimate,sw-core-01,port-id7430,uplink,25.055432
2026-02-07 13:05:00,estimate,sw-core-01,port-id7430,uplink,27.661020
2026-02-07 13:10:00,estimate,sw-core-01,port-id7430,uplink,31.682196
2026-02-07 13:15:00,estimate,sw-core-01,port-id7430,uplink,29.321800
2026-02-07 13:20:00,estimate,sw-core-01,port-id7430,uplink,22.916538
2026-02-07 13:25:00,estimate,sw-core-01,port-id7430,uplink,27.110658
2026-02-07 13:30:00,estimate,sw-core-01,port-id7430,uplink,25.142411
2026-02-07 13:35:00,estimate,sw-core-01,port-id7430,uplink,26.940838
2026-02-07 13:40:00,estimate,sw-core-01,port-id7430,uplink,26.913558
2026-02-07 13:45:00,estimate,sw-core-01,port-id7430,uplink,28.032170
2026-02-07 13:50:00,estimate,sw-core-01,port-id7430,uplink,32.309101
2026-02-07 13:55:00,estimate,sw-core-01,port-id7430,uplink,30.403793
2026-02-07 14:00:00,estimate,sw-core-01,port-id7430,uplink,30.510597
2026-02-07 14:05:00,estimate,sw-core-01,port-id7430,uplink,26.708931
2026-02-07 14:10:00,estimate,sw-core-01,port-id7430,uplink,30.355813
2026-02-07 14:15:00,estimate,sw-core-01,port-id7430,uplink,27.217042
2026-02-07 14:20:00,estimate,sw-core-01,port-id7430,uplink,25.625042
2026-02-07 14:25:00,estimate,sw-core-01,port-id7430,uplink,26.967066
2026-02-07 14:30:00,estimate,sw-core-01,port-id7430,uplink,25.485365
2026-02-07 14:35:00,estimate,sw-core-01,port-id7430,uplink,32.033365
2026-02-07 14:40:00,estimate,sw-core-01,port-id7430,uplink,24.188556
2026-02-07 14:45:00,estimate,sw-core-01,port-id7430,uplink,28.091714
2026-02-07 14:50:00,estimate,sw-core-01,port-id7430,uplink,29.597635
2026-02-07 14:55:00,estimate,sw-core-01,port-id7430,uplink,28.760441
2026-02-07 15:00:00,estimate,sw-core-01,port-id7430,uplink,27.842278
2026-02-07 15:05:00,estimate,sw-core-01,port-id7430,uplink,25.711942
2026-02-07 15:10:00,estimate,sw-core-01,port-id7430,uplink,26.701692
2026-02-07 15:15:00,estimate,sw-core-01,port-id7430,uplink,16.452419
2026-02-07 15:20:00,estimate,sw-core-01,port-id7430,uplink,26.724751
2026-02-07 15:25:00,estimate,sw-core-01,port-id7430,uplink,26.296098
2026-02-07 15:30:00,estimate,sw-core-01,port-id7430,uplink,26.266748
2026-02-07 15:35:00,estimate,sw-core-01,port-id7430,uplink,23.242908
2026-02-07 15:40:00,estimate,sw-core-01,port-id7430,uplink,29.122987
2026-02-07 15:45:00,estimate,sw-core-01,port-id7430,uplink,27.245056
2026-02-07 15:50:00,estimate,sw-core-01,port-id7430,uplink,26.166635
2026-02-07 15:55:00,estimate,sw-core-01,port-id7430,uplink,23.246160
2026-02-07 16:00:00,estimate,sw-core-01,port-id7430,uplink,28.864663
2026-02-07 16:05:00,estimate,sw-core-01,port-id7430,uplink,24.845646
2026-02-07 16:10:00,estimate,sw-core-01,port-id7430,uplink,26.778926
2026-02-07 16:15:00,estimate,sw-core-01,port-id7430,uplink,26.659213
2026-02-07 16:20:00,estimate,sw-core-01,port-id7430,uplink,23.315214
2026-02-07 16:25:00,estimate,sw-core-01,port-id7430,uplink,26.197869
2026-02-07 16:30:00,estimate,sw-core-01,port-id7430,uplink,27.539496
2026-02-07 16:35:00,estimate,sw-core-01,port-id7430,uplink,23.986426
2026-02-07 16:40:00,estimate,sw-core-01,port-id7430,uplink,28.140440
2026-02-07 16:45:00,estimate,sw-core-01,port-id7430,uplink,23.863316
2026-02-07 16:50:00,estimate,sw-core-01,port-id7430,uplink,29.065502
2026-02-07 16:55:00,estimate,sw-core-01,port-id7430,uplink,27.702679
2026-02-07 17:00:00,estimate,sw-core-01,port-id7430,uplink,28.677033
2026-02-07 17:05:00,estimate,sw-core-01,port-id7430,uplink,27.785812
2026-02-07 17:10:00,estimate,sw-core-01,port-id7430,uplink,29.634999
2026-02-07 17:15:00,estimate,sw-core-01,port-id7430,uplink,28.956737
2026-02-07 17:20:00,estimate,sw-core-01,port-id7430,uplink,24.922299
2026-02-07 17:25:00,estimate,sw-core-01,port-id7430,uplink,28.861084
2026-02-07 17:30:00,estimate,sw-core-01,port-id7430,uplink,26.592589
2026-02-07 17:35:00,estimate,sw-core-01,port-id7430,uplink,23.834468
2026-02-07 17:40:00,estimate,sw-core-01,port-id7430,uplink,28.842589
2026-02-07 17:45:00,estimate,sw-core-01,port-id7430,uplink,26.268338
2026-02-07 17:50:00,estimate,sw-core-01,port-id7430,uplink,26.260496
2026-02-07 17:55:00,estimate,sw-core-01,port-id7430,uplink,23.773433
2026-02-07 18:00:00,estimate,sw-core-01,port-id7430,uplink,25.474786
2026-02-07 18:05:00,estimate,sw-core-01,port-id7430,uplink,19.845268
2026-02-07 18:10:00,estimate,sw-core-01,port-id7430,uplink,25.146264
2026-02-07 18:15:00,estimate,sw-core-01,port-id7430,uplink,30.317900
2026-02-07 18:20:00,estimate,sw-core-01,port-id7430,uplink,26.349597
2026-02-07 18:25:00,estimate,sw-core-01,port-id7430,uplink,23.307931
2026-02-07 18:30:00,estimate,sw-core-01,port-id7430,uplink,28.509497
2026-02-07 18:35:00,estimate,sw-core-01,port-id7430,uplink,28.823612
2026-02-07 18:40:00,estimate,sw-core-01,port-id7430,uplink,20.582994
2026-02-07 18:45:00,estimate,sw-core-01,port-id7430,uplink,24.758581
2026-02-07 18:50:00,estimate,sw-core-01,port-id7430,uplink,20.942637
2026-02-07 18:55:00,estimate,sw-core-01,port-id7430,uplink,21.092361
2026-02-07 19:00:00,estimate,sw-core-01,port-id7430,uplink,20.282109
2026-02-07 19:05:00,estimate,sw-core-01,port-id7430,uplink,18.911450
2026-02-07 19:10:00,estimate,sw-core-01,port-id7430,uplink,21.579055
2026-02-07 19:15:00,estimate,sw-core-01,port-id7430,uplink,23.346066
2026-02-07 19:20:00,estimate,sw-core-01,port-id7430,uplink,18.877353
2026-02-07 19:25:00,estimate,sw-core-01,port-id7430,uplink,22.112289
2026-02-07 19:30:00,estimate,sw-core-01,port-id7430,uplink,21.361504
2026-02-07 19:35:00,estimate,sw-core-01,port-id7430,uplink,16.823879
2026-02-07 19:40:00,estimate,sw-core-01,port-id7430,uplink,18.277938
2026-02-07 19:45:00,estimate,sw-core-01,port-id7430,uplink,22.112094
2026-02-07 19:50:00,estimate,sw-core-01,port-id7430,uplink,14.833195
2026-02-07 19:55:00,estimate,sw-core-01,port-id7430,uplink,20.581260
2026-02-07 20:00:00,estimate,sw-core-01,port-id7430,uplink,18.008045
2026-02-07 20:05:00,estimate,sw-core-01,port-id7430,uplink,14.351375
2026-02-07 20:10:00,estimate,sw-core-01,port-id7430,uplink,16.053759
2026-02-07 20:15:00,estimate,sw-core-01,port-id7430,uplink,15.424777
2026-02-07 20:20:00,estimate,sw-core-01,port-id7430,uplink,13.190944
2026-02-07 20:25:00,estimate,sw-core-01,port-id7430,uplink,11.276712
2026-02-07 20:30:00,estimate,sw-core-01,port-id7430,uplink,13.698858
2026-02-07 20:35:00,estimate,sw-core-01,port-id7430,uplink,14.003689
2026-02-07 20:40:00,estimate,sw-core-01,port-id7430,uplink,9.971582
2026-02-07 20:45:00,estimate,sw-core-01,port-id7430,uplink,12.173832
2026-02-07 20:50:00,estimate,sw-core-01,port-id7430,uplink,9.330334
2026-02-07 20:55:00,estimate,sw-core-01,port-id7430,uplink,9.373131
2026-02-07 21:00:00,estimate,sw-core-01,port-id7430,uplink,7.496675
2026-02-07 21:05:00,estimate,sw-core-01,port-id7430,uplink,14.445435
2026-02-07 21:10:00,estimate,sw-core-01,port-id7430,uplink,9.358305
2026-02-07 21:15:00,estimate,sw-core-01,port-id7430,uplink,8.804633
2026-02-07 21:20:00,estimate,sw-core-01,port-id7430,uplink,7.840656
2026-02-07 21:25:00,estimate,sw-core-01,port-id7430,uplink,8.326197
2026-02-07 21:30:00,estimate,sw-core-01,port-id7430,uplink,9.140725
2026-02-07 21:35:00,estimate,sw-core-01,port-id7430,uplink,12.903640
2026-02-07 21:40:00,estimate,sw-core-01,port-id7430,uplink,8.824471
2026-02-07 21:45:00,estimate,sw-core-01,port-id7430,uplink,4.004239
2026-02-07 21:50:00,estimate,sw-core-01,port-id7430,uplink,4.444804
2026-02-07 21:55:00,estimate,sw-core-01,port-id7430,uplink,8.856812
2026-02-07 22:00:00,estimate,sw-core-01,port-id7430,uplink,9.445833
2026-02-07 22:05:00,estimate,sw-core-01,port-id7430,uplink,10.798405
2026-02-07 22:10:00,estimate,sw-core-01,port-id7430,uplink,9.209845
2026-02-07 22:15:00,estimate,sw-core-01,port-id7430,uplink,6.214414
2026-02-07 22:20:00,estimate,sw-core-01,port-id7430,uplink,9.787369
2026-02-07 22:25:00,estimate,sw-core-01,port-id7430,uplink,8.195335
2026-02-07 22:30:00,estimate,sw-core-01,port-id7430,uplink,4.142177
2026-02-07 22:35:00,estimate,sw-core-01,port-id7430,uplink,11.412968
2026-02-07 22:40:00,estimate,sw-core-01,port-id7430,uplink,4.186670
2026-02-07 22:45:00,estimate,sw-core-01,port-id7430,uplink,8.068671
2026-02-07 22:50:00,estimate,sw-core-01,port-id7430,uplink,11.299974
2026-02-07 22:55:00,estimate,sw-core-01,port-id7430,uplink,10.480904
2026-02-07 23:00:00,estimate,sw-core-01,port-id7430,uplink,1.358135
2026-02-07 23:05:00,estimate,sw-core-01,port-id7430,uplink,9.809090
2026-02-07 23:10:00,estimate,sw-core-01,port-id7430,uplink,10.470956
2026-02-07 23:15:00,estimate,sw-core-01,port-id7430,uplink,10.073134
2026-02-07 23:20:00,estimate,sw-core-01,port-id7430,uplink,6.617602
2026-02-07 23:25:00,estimate,sw-core-01,port-id7430,uplink,11.556513
2026-02-07 23:30:00,estimate,sw-core-01,port-id7430,uplink,6.994703
2026-02-07 23:35:00,estimate,sw-core-01,port-id7430,uplink,8.941950
2026-02-07 23:40:00,estimate,sw-core-01,port-id7430,uplink,8.262942
2026-02-07 23:45:00,estimate,sw-core-01,port-id7430,uplink,10.900776
2026-02-07 23:50:00,estimate,sw-core-01,port-id7430,uplink,11.879689
2026-02-07 23:55:00,estimate,sw-core-01,port-id7430,uplink,7.075830
2026-02-08 00:00:00,estimate,sw-core-01,port-id7430,uplink,8.808257
2026-02-08 00:05:00,estimate,sw-core-01,port-id7430,uplink,11.034476
2026-02-08 00:10:00,estimate,sw-core-01,port-id7430,uplink,7.552160
2026-02-08 00:15:00,estimate,sw-core-01,port-id7430,uplink,6.138299
2026-02-08 00:20:00,estimate,sw-core-01,port-id7430,uplink,13.866304
2026-02-08 00:25:00,estimate,sw-core-01,port-id7430,uplink,7.831603
2026-02-08 00:30:00,estimate,sw-core-01,port-id7430,uplink,6.778019
2026-02-08 00:35:00,estimate,sw-core-01,port-id7430,uplink,10.474379
2026-02-08 00:40:00,estimate,sw-core-01,port-id7430,uplink,8.697525
2026-02-08 00:45:00,estimate,sw-core-01,port-id7430,uplink,8.721305
2026-02-08 00:50:00,estimate,sw-core-01,port-id7430,uplink,3.367282
2026-02-08 00:55:00,estimate,sw-core-01,port-id7430,uplink,11.989420
2026-02-08 01:00:00,estimate,sw-core-01,port-id7430,uplink,9.901076
2026-02-08 01:05:00,estimate,sw-core-01,port-id7430,uplink,15.479783
2026-02-08 01:10:00,estimate,sw-core-01,port-id7430,uplink,7.693606
2026-02-08 01:15:00,estimate,sw-core-01,port-id7430,uplink,8.117067
2026-02-08 01:20:00,estimate,sw-core-01,port-id7430,uplink,9.467493
2026-02-08 01:25:00,estimate,sw-core-01,port-id7430,uplink,14.748996
2026-02-08 01:30:00,estimate,sw-core-01,port-id7430,uplink,7.731194
2026-02-08 01:35:00,estimate,sw-core-01,port-id7430,uplink,9.746454
2026-02-08 01:40:00,estimate,sw-core-01,port-id7430,uplink,2.354922
2026-02-08 01:45:00,estimate,sw-core-01,port-id7430,uplink,6.866285
2026-02-08 01:50:00,estimate,sw-core-01,port-id7430,uplink,6.520205
2026-02-08 01:55:00,estimate,sw-core-01,port-id7430,uplink,8.575885
2026-02-08 02:00:00,estimate,sw-core-01,port-id7430,uplink,6.159862
2026-02-08 02:05:00,estimate,sw-core-01,port-id7430,uplink,14.100390
2026-02-08 02:10:00,estimate,sw-core-01,port-id7430,uplink,9.892850
2026-02-08 02:15:00,estimate,sw-core-01,port-id7430,uplink,12.013331
2026-02-08 02:20:00,estimate,sw-core-01,port-id7430,uplink,10.584717
2026-02-08 02:25:00,estimate,sw-core-01,port-id7430,uplink,15.737310
2026-02-08 02:30:00,estimate,sw-core-01,port-id7430,uplink,12.154575
2026-02-08 02:35:00,estimate,sw-core-01,port-id7430,uplink,11.773496
2026-02-08 02:40:00,estimate,sw-core-01,port-id7430,uplink,3.155155
2026-02-08 02:45:00,estimate,sw-core-01,port-id7430,uplink,3.944826
2026-02-08 02:50:00,estimate,sw-core-01,port-id7430,uplink,11.443533
2026-02-08 02:55:00,estimate,sw-core-01,port-id7430,uplink,10.267199
2026-02-08 03:00:00,estimate,sw-core-01,port-id7430,uplink,15.352139
2026-02-08 03:05:00,estimate,sw-core-01,port-id7430,uplink,11.922777
2026-02-08 03:10:00,estimate,sw-core-01,port-id7430,uplink,8.500422
2026-02-08 03:15:00,estimate,sw-core-01,port-id7430,uplink,8.214648
2026-02-08 03:20:00,estimate,sw-core-01,port-id7430,uplink,10.025510
2026-02-08 03:25:00,estimate,sw-core-01,port-id7430,uplink,8.483303
2026-02-08 03:30:00,estimate,sw-core-01,port-id7430,uplink,12.761862
2026-02-08 03:35:00,estimate,sw-core-01,port-id7430,uplink,5.079041
2026-02-08 03:40:00,estimate,sw-core-01,port-id7430,uplink,9.782185
2026-02-08 03:45:00,estimate,sw-core-01,port-id7430,uplink,7.233979
2026-02-08 03:50:00,estimate,sw-core-01,port-id7430,uplink,12.294403
2026-02-08 03:55:00,estimate,sw-core-01,port-id7430,uplink,10.492053
2026-02-08 04:00:00,estimate,sw-core-01,port-id7430,uplink,9.524475
2026-02-08 04:05:00,estimate,sw-core-01,port-id7430,uplink,8.198282
2026-02-08 04:10:00,estimate,sw-core-01,port-id7430,uplink,8.231298
2026-02-08 04:15:00,estimate,sw-core-01,port-id7430,uplink,8.904159
2026-02-08 04:20:00,estimate,sw-core-01,port-id7430,uplink,11.347893
2026-02-08 04:25:00,estimate,sw-core-01,port-id7430,uplink,7.676487
2026-02-08 04:30:00,estimate,sw-core-01,port-id7430,uplink,7.505063
2026-02-08 04:35:00,estimate,sw-core-01,port-id7430,uplink,11.582163
2026-02-08 04:40:00,estimate,sw-core-01,port-id7430,uplink,9.645522
2026-02-08 04:45:00,estimate,sw-core-01,port-id7430,uplink,11.804538
2026-02-08 04:50:00,estimate,sw-core-01,port-id7430,uplink,1.878930
2026-02-08 04:55:00,estimate,sw-core-01,port-id7430,uplink,9.736906
2026-02-08 05:00:00,estimate,sw-core-01,port-id7430,uplink,12.730357
2026-02-08 05:05:00,estimate,sw-core-01,port-id7430,uplink,13.920636
2026-02-08 05:10:00,estimate,sw-core-01,port-id7430,uplink,12.351436
2026-02-08 05:15:00,estimate,sw-core-01,port-id7430,uplink,4.726418
2026-02-08 05:20:00,estimate,sw-core-01,port-id7430,uplink,8.003556
2026-02-08 05:25:00,estimate,sw-core-01,port-id7430,uplink,13.183894
2026-02-08 05:30:00,estimate,sw-core-01,port-id7430,uplink,8.307520
2026-02-08 05:35:00,estimate,sw-core-01,port-id7430,uplink,16.934303
2026-02-08 05:40:00,estimate,sw-core-01,port-id7430,uplink,6.135424
2026-02-08 05:45:00,estimate,sw-core-01,port-id7430,uplink,9.925198
2026-02-08 05:50:00,estimate,sw-core-01,port-id7430,uplink,18.308429
2026-02-08 05:55:00,estimate,sw-core-01,port-id7430,uplink,13.510876
2026-02-08 06:00:00,estimate,sw-core-01,port-id7430,uplink,8.934732
2026-02-08 06:05:00,estimate,sw-core-01,port-id7430,uplink,9.201341
2026-02-08 06:10:00,estimate,sw-core-01,port-id7430,uplink,12.589717
2026-02-08 06:15:00,estimate,sw-core-01,port-id7430,uplink,13.728945
2026-02-08 06:20:00,estimate,sw-core-01,port-id7430,uplink,17.240382
2026-02-08 06:25:00,estimate,sw-core-01,port-id7430,uplink,12.587135
2026-02-08 06:30:00,estimate,sw-core-01,port-id7430,uplink,19.224167
2026-02-08 06:35:00,estimate,sw-core-01,port-id7430,uplink,12.510215
2026-02-08 06:40:00,estimate,sw-core-01,port-id7430,uplink,12.893674
2026-02-08 06:45:00,estimate,sw-core-01,port-id7430,uplink,15.704459
2026-02-08 06:50:00,estimate,sw-core-01,port-id7430,uplink,13.014352
2026-02-08 06:55:00,estimate,sw-core-01,port-id7430,uplink,19.400606
2026-02-08 07:00:00,estimate,sw-core-01,port-id7430,uplink,21.988950
2026-02-08 07:05:00,estimate,sw-core-01,port-id7430,uplink,13.313966
2026-02-08 07:10:00,estimate,sw-core-01,port-id7430,uplink,20.236955
2026-02-08 07:15:00,estimate,sw-core-01,port-id7430,uplink,14.331069
2026-02-08 07:20:00,estimate,sw-core-01,port-id7430,uplink,18.995663
2026-02-08 07:25:00,estimate,sw-core-01,port-id7430,uplink,21.634882
2026-02-08 07:30:00,estimate,sw-core-01,port-id7430,uplink,17.769819
2026-02-08 07:35:00,estimate,sw-core-01,port-id7430,uplink,25.377269
2026-02-08 07:40:00,estimate,sw-core-01,port-id7430,uplink,21.515476
2026-02-08 07:45:00,estimate,sw-core-01,port-id7430,uplink,22.779664
2026-02-08 07:50:00,estimate,sw-core-01,port-id7430,uplink,31.621161
2026-02-08 07:55:00,estimate,sw-core-01,port-id7430,uplink,24.889411
2026-02-08 08:00:00,estimate,sw-core-01,port-id7430,uplink,33.354402
2026-02-08 08:05:00,estimate,sw-core-01,port-id7430,uplink,29.255447
2026-02-08 08:10:00,estimate,sw-core-01,port-id7430,uplink,21.109981
2026-02-08 08:15:00,estimate,sw-core-01,port-id7430,uplink,25.888768
2026-02-08 08:20:00,estimate,sw-core-01,port-id7430,uplink,27.025839
2026-02-08 08:25:00,estimate,sw-core-01,port-id7430,uplink,24.901750
2026-02-08 08:30:00,estimate,sw-core-01,port-id7430,uplink,25.977057
2026-02-08 08:35:00,estimate,sw-core-01,port-id7430,uplink,24.761717
2026-02-08 08:40:00,estimate,sw-core-01,port-id7430,uplink,23.650789
2026-02-08 08:45:00,estimate,sw-core-01,port-id7430,uplink,23.464011
2026-02-08 08:50:00,estimate,sw-core-01,port-id7430,uplink,31.925079
2026-02-08 08:55:00,estimate,sw-core-01,port-id7430,uplink,24.739043
2026-02-08 09:00:00,estimate,sw-core-01,port-id7430,uplink,34.550973
2026-02-08 09:05:00,estimate,sw-core-01,port-id7430,uplink,26.715593
2026-02-08 09:10:00,estimate,sw-core-01,port-id7430,uplink,26.625758
2026-02-08 09:15:00,estimate,sw-core-01,port-id7430,uplink,31.315683
2026-02-08 09:20:00,estimate,sw-core-01,port-id7430,uplink,29.208770
2026-02-08 09:25:00,estimate,sw-core-01,port-id7430,uplink,24.233589
2026-02-08 09:30:00,estimate,sw-core-01,port-id7430,uplink,32.622060
2026-02-08 09:35:00,estimate,sw-core-01,port-id7430,uplink,30.111483
2026-02-08 09:40:00,estimate,sw-core-01,port-id7430,uplink,27.484384
2026-02-08 09:45:00,estimate,sw-core-01,port-id7430,uplink,26.675489
2026-02-08 09:50:00,estimate,sw-core-01,port-id7430,uplink,26.446561
2026-02-08 09:55:00,estimate,sw-core-01,port-id7430,uplink,32.687770
2026-02-08 10:00:00,estimate,sw-core-01,port-id7430,uplink,28.039573
2026-02-08 10:05:00,estimate,sw-core-01,port-id7430,uplink,27.038333
2026-02-08 10:10:00,estimate,sw-core-01,port-id7430,uplink,32.445883
2026-02-08 10:15:00,estimate,sw-core-01,port-id7430,uplink,27.062025
2026-02-08 10:20:00,estimate,sw-core-01,port-id7430,uplink,23.462259
2026-02-08 10:25:00,estimate,sw-core-01,port-id7430,uplink,26.460464
2026-02-08 10:30:00,estimate,sw-core-01,port-id7430,uplink,25.232023
2026-02-08 10:35:00,estimate,sw-core-01,port-id7430,uplink,22.857504
2026-02-08 10:40:00,estimate,sw-core-01,port-id7430,uplink,31.040388
2026-02-08 10:45:00,estimate,sw-core-01,port-id7430,uplink,27.011425
2026-02-08 10:50:00,estimate,sw-core-01,port-id7430,uplink,27.680492
2026-02-08 10:55:00,estimate,sw-core-01,port-id7430,uplink,29.488725
2026-02-08 11:00:00,estimate,sw-core-01,port-id7430,uplink,25.422375
2026-02-08 11:05:00,estimate,sw-core-01,port-id7430,uplink,24.390725
2026-02-08 11:10:00,estimate,sw-core-01,port-id7430,uplink,26.967221
2026-02-08 11:15:00,estimate,sw-core-01,port-id7430,uplink,32.590305
2026-02-08 11:20:00,estimate,sw-core-01,port-id7430,uplink,32.532412
2026-02-08 11:25:00,estimate,sw-core-01,port-id7430,uplink,27.799057
2026-02-08 11:30:00,estimate,sw-core-01,port-id7430,uplink,27.390698
2026-02-08 11:35:00,estimate,sw-core-01,port-id7430,uplink,31.239554
2026-02-08 11:40:00,estimate,sw-core-01,port-id7430,uplink,22.309418
2026-02-08 11:45:00,estimate,sw-core-01,port-id7430,uplink,27.687262
2026-02-08 11:50:00,estimate,sw-core-01,port-id7430,uplink,30.203421
2026-02-08 11:55:00,estimate,sw-core-01,port-id7430,uplink,27.028042
2026-02-08 12:00:00,estimate,sw-core-01,port-id7430,uplink,20.113995
2026-02-08 12:05:00,estimate,sw-core-01,port-id7430,uplink,25.995423
2026-02-08 12:10:00,estimate,sw-core-01,port-id7430,uplink,27.049874
2026-02-08 12:15:00,estimate,sw-core-01,port-id7430,uplink,29.668223
2026-02-08 12:20:00,estimate,sw-core-01,port-id7430,uplink,22.089462
2026-02-08 12:25:00,estimate,sw-core-01,port-id7430,uplink,23.263895
2026-02-08 12:30:00,estimate,sw-core-01,port-id7430,uplink,24.621603
2026-02-08 12:35:00,estimate,sw-core-01,port-id7430,uplink,25.110459
2026-02-08 12:40:00,estimate,sw-core-01,port-id7430,uplink,30.512573
2026-02-08 12:45:00,estimate,sw-core-01,port-id7430,uplink,26.039987
2026-02-08 12:50:00,estimate,sw-core-01,port-id7430,uplink,27.939873
2026-02-08 12:55:00,estimate,sw-core-01,port-id7430,uplink,23.830453
2026-02-08 13:00:00,estimate,sw-core-01,port-id7430,uplink,28.710462
2026-02-08 13:05:00,estimate,sw-core-01,port-id7430,uplink,29.198370
2026-02-08 13:10:00,estimate,sw-core-01,port-id7430,uplink,24.062265
2026-02-08 13:15:00,estimate,sw-core-01,port-id7430,uplink,25.989685
2026-02-08 13:20:00,estimate,sw-core-01,port-id7430,uplink,25.710941
2026-02-08 13:25:00,estimate,sw-core-01,port-id7430,uplink,28.953766
2026-02-08 13:30:00,estimate,sw-core-01,port-id7430,uplink,23.965362
2026-02-08 13:35:00,estimate,sw-core-01,port-id7430,uplink,27.244310
2026-02-08 13:40:00,estimate,sw-core-01,port-id7430,uplink,23.870507
2026-02-08 13:45:00,estimate,sw-core-01,port-id7430,uplink,26.505872
2026-02-08 13:50:00,estimate,sw-core-01,port-id7430,uplink,23.812145
2026-02-08 13:55:00,estimate,sw-core-01,port-id7430,uplink,26.547260
2026-02-08 14:00:00,estimate,sw-core-01,port-id7430,uplink,23.493617
2026-02-08 14:05:00,estimate,sw-core-01,port-id7430,uplink,28.641208
2026-02-08 14:10:00,estimate,sw-core-01,port-id7430,uplink,22.220705
2026-02-08 14:15:00,estimate,sw-core-01,port-id7430,uplink,23.382952
2026-02-08 14:20:00,estimate,sw-core-01,port-id7430,uplink,26.498398
2026-02-08 14:25:00,estimate,sw-core-01,port-id7430,uplink,27.590830
2026-02-08 14:30:00,estimate,sw-core-01,port-id7430,uplink,29.562156
2026-02-08 14:35:00,estimate,sw-core-01,port-id7430,uplink,22.173074
2026-02-08 14:40:00,estimate,sw-core-01,port-id7430,uplink,26.074541
2026-02-08 14:45:00,estimate,sw-core-01,port-id7430,uplink,23.485887
2026-02-08 14:50:00,estimate,sw-core-01,port-id7430,uplink,25.440930
2026-02-08 14:55:00,estimate,sw-core-01,port-id7430,uplink,24.895588
2026-02-08 15:00:00,estimate,sw-core-01,port-id7430,uplink,25.096919
2026-02-08 15:05:00,estimate,sw-core-01,port-id7430,uplink,28.934148
2026-02-08 15:10:00,estimate,sw-core-01,port-id7430,uplink,27.380749
2026-02-08 15:15:00,estimate,sw-core-01,port-id7430,uplink,28.559688
2026-02-08 15:20:00,estimate,sw-core-01,port-id7430,uplink,24.792546
2026-02-08 15:25:00,estimate,sw-core-01,port-id7430,uplink,29.509583
2026-02-08 15:30:00,estimate,sw-core-01,port-id7430,uplink,25.831161
2026-02-08 15:35:00,estimate,sw-core-01,port-id7430,uplink,29.833426
2026-02-08 15:40:00,estimate,sw-core-01,port-id7430,uplink,29.103833
2026-02-08 15:45:00,estimate,sw-core-01,port-id7430,uplink,23.453290
2026-02-08 15:50:00,estimate,sw-core-01,port-id7430,uplink,30.082889
2026-02-08 15:55:00,estimate,sw-core-01,port-id7430,uplink,23.960808
2026-02-08 16:00:00,estimate,sw-core-01,port-id7430,uplink,28.299548
2026-02-08 16:05:00,estimate,sw-core-01,port-id7430,uplink,26.391315
2026-02-08 16:10:00,estimate,sw-core-01,port-id7430,uplink,29.390154
2026-02-08 16:15:00,estimate,sw-core-01,port-id7430,uplink,25.143280
2026-02-08 16:20:00,estimate,sw-core-01,port-id7430,uplink,26.264356
2026-02-08 16:25:00,estimate,sw-core-01,port-id7430,uplink,25.420990
2026-02-08 16:30:00,estimate,sw-core-01,port-id7430,uplink,22.734653
2026-02-08 16:35:00,estimate,sw-core-01,port-id7430,uplink,28.741413
2026-02-08 16:40:00,estimate,sw-core-01,port-id7430,uplink,32.057531
2026-02-08 16:45:00,estimate,sw-core-01,port-id7430,uplink,21.813642
2026-02-08 16:50:00,estimate,sw-core-01,port-id7430,uplink,29.911220
2026-02-08 16:55:00,estimate,sw-core-01,port-id7430,uplink,29.186155
2026-02-08 17:00:00,estimate,sw-core-01,port-id7430,uplink,21.242834
2026-02-08 17:05:00,estimate,sw-core-01,port-id7430,uplink,28.131918
2026-02-08 17:10:00,estimate,sw-core-01,port-id7430,uplink,23.531727
2026-02-08 17:15:00,estimate,sw-core-01,port-id7430,uplink,26.816530
2026-02-08 17:20:00,estimate,sw-core-01,port-id7430,uplink,25.222534
2026-02-08 17:25:00,estimate,sw-core-01,port-id7430,uplink,26.641368
2026-02-08 17:30:00,estimate,sw-core-01,port-id7430,uplink,26.873185
2026-02-08 17:35:00,estimate,sw-core-01,port-id7430,uplink,25.148897
2026-02-08 17:40:00,estimate,sw-core-01,port-id7430,uplink,22.054935
2026-02-08 17:45:00,estimate,sw-core-01,port-id7430,uplink,23.240613
2026-02-08 17:50:00,estimate,sw-core-01,port-id7430,uplink,25.036708
2026-02-08 17:55:00,estimate,sw-core-01,port-id7430,uplink,25.729625
2026-02-08 18:00:00,estimate,sw-core-01,port-id7430,uplink,25.628545
2026-02-08 18:05:00,estimate,sw-core-01,port-id7430,uplink,26.725909
2026-02-08 18:10:00,estimate,sw-core-01,port-id7430,uplink,23.808951
2026-02-08 18:15:00,estimate,sw-core-01,port-id7430,uplink,25.618879
2026-02-08 18:20:00,estimate,sw-core-01,port-id7430,uplink,26.289659
2026-02-08 18:25:00,estimate,sw-core-01,port-id7430,uplink,24.744554
2026-02-08 18:30:00,estimate,sw-core-01,port-id7430,uplink,24.395012
2026-02-08 18:35:00,estimate,sw-core-01,port-id7430,uplink,21.403542
2026-02-08 18:40:00,estimate,sw-core-01,port-id7430,uplink,30.740974
2026-02-08 18:45:00,estimate,sw-core-01,port-id7430,uplink,27.265875
2026-02-08 18:50:00,estimate,sw-core-01,port-id7430,uplink,19.417152
2026-02-08 18:55:00,estimate,sw-core-01,port-id7430,uplink,20.779604
2026-02-08 19:00:00,estimate,sw-core-01,port-id7430,uplink,19.740028
2026-02-08 19:05:00,estimate,sw-core-01,port-id7430,uplink,15.596993
2026-02-08 19:10:00,estimate,sw-core-01,port-id7430,uplink,23.887405
2026-02-08 19:15:00,estimate,sw-core-01,port-id7430,uplink,22.550881
2026-02-08 19:20:00,estimate,sw-core-01,port-id7430,uplink,13.928541
2026-02-08 19:25:00,estimate,sw-core-01,port-id7430,uplink,15.483868
2026-02-08 19:30:00,estimate,sw-core-01,port-id7430,uplink,20.959618
2026-02-08 19:35:00,estimate,sw-core-01,port-id7430,uplink,12.121268
2026-02-08 19:40:00,estimate,sw-core-01,port-id7430,uplink,21.164620
2026-02-08 19:45:00,estimate,sw-core-01,port-id7430,uplink,13.897468
2026-02-08 19:50:00,estimate,sw-core-01,port-id7430,uplink,17.039443
2026-02-08 19:55:00,estimate,sw-core-01,port-id7430,uplink,14.721247
2026-02-08 20:00:00,estimate,sw-core-01,port-id7430,uplink,7.750224
2026-02-08 20:05:00,estimate,sw-core-01,port-id7430,uplink,14.243626
2026-02-08 20:10:00,estimate,sw-core-01,port-id7430,uplink,15.731078
2026-02-08 20:15:00,estimate,sw-core-01,port-id7430,uplink,15.200237
2026-02-08 20:20:00,estimate,sw-core-01,port-id7430,uplink,12.683714
2026-02-08 20:25:00,estimate,sw-core-01,port-id7430,uplink,12.906006
2026-02-08 20:30:00,estimate,sw-core-01,port-id7430,uplink,12.129319
2026-02-08 20:35:00,estimate,sw-core-01,port-id7430,uplink,10.203701
2026-02-08 20:40:00,estimate,sw-core-01,port-id7430,uplink,8.851845
2026-02-08 20:45:00,estimate,sw-core-01,port-id7430,uplink,11.064817
2026-02-08 20:50:00,estimate,sw-core-01,port-id7430,uplink,6.077720
2026-02-08 20:55:00,estimate,sw-core-01,port-id7430,uplink,6.670132
2026-02-08 21:00:00,estimate,sw-core-01,port-id7430,uplink,13.260474
2026-02-08 21:05:00,estimate,sw-core-01,port-id7430,uplink,3.490227
2026-02-08 21:10:00,estimate,sw-core-01,port-id7430,uplink,12.843754
2026-02-08 21:15:00,estimate,sw-core-01,port-id7430,uplink,7.061930
2026-02-08 21:20:00,estimate,sw-core-01,port-id7430,uplink,7.751999
2026-02-08 21:25:00,estimate,sw-core-01,port-id7430,uplink,5.634711
2026-02-08 21:30:00,estimate,sw-core-01,port-id7430,uplink,8.934726
2026-02-08 21:35:00,estimate,sw-core-01,port-id7430,uplink,6.985174
2026-02-08 21:40:00,estimate,sw-core-01,port-id7430,uplink,7.090023
2026-02-08 21:45:00,estimate,sw-core-01,port-id7430,uplink,10.350820
2026-02-08 21:50:00,estimate,sw-core-01,port-id7430,uplink,9.904833
2026-02-08 21:55:00,estimate,sw-core-01,port-id7430,uplink,10.525204
2026-02-08 22:00:00,estimate,sw-core-01,port-id7430,uplink,12.030316
2026-02-08 22:05:00,estimate,sw-core-01,port-id7430,uplink,9.631111
2026-02-08 22:10:00,estimate,sw-core-01,port-id7430,uplink,11.598631
2026-02-08 22:15:00,estimate,sw-core-01,port-id7430,uplink,11.700676
2026-02-08 22:20:00,estimate,sw-core-01,port-id7430,uplink,10.640607
2026-02-08 22:25:00,estimate,sw-core-01,port-id7430,uplink,12.216776
2026-02-08 22:30:00,estimate,sw-core-01,port-id7430,uplink,8.348052
2026-02-08 22:35:00,estimate,sw-core-01,port-id7430,uplink,11.520562
2026-02-08 22:40:00,estimate,sw-core-01,port-id7430,uplink,12.190068
2026-02-08 22:45:00,estimate,sw-core-01,port-id7430,uplink,4.806910
2026-02-08 22:50:00,estimate,sw-core-01,port-id7430,uplink,7.934985
2026-02-08 22:55:00,estimate,sw-core-01,port-id7430,uplink,10.571313
2026-02-08 23:00:00,estimate,sw-core-01,port-id7430,uplink,2.944645
2026-02-08 23:05:00,estimate,sw-core-01,port-id7430,uplink,10.963771
2026-02-08 23:10:00,estimate,sw-core-01,port-id7430,uplink,7.689497
2026-02-08 23:15:00,estimate,sw-core-01,port-id7430,uplink,6.141199
2026-02-08 23:20:00,estimate,sw-core-01,port-id7430,uplink,4.958262
2026-02-08 23:25:00,estimate,sw-core-01,port-id7430,uplink,4.902126
2026-02-08 23:30:00,estimate,sw-core-01,port-id7430,uplink,7.267290
2026-02-08 23:35:00,estimate,sw-core-01,port-id7430,uplink,8.936713
2026-02-08 23:40:00,estimate,sw-core-01,port-id7430,uplink,5.076114
2026-02-08 23:45:00,estimate,sw-core-01,port-id7430,uplink,9.332291
2026-02-08 23:50:00,estimate,sw-core-01,port-id7430,uplink,7.567204
2026-02-08 23:55:00,estimate,sw-core-01,port-id7430,uplink,9.876220
2026-02-09 00:00:00,estimate,sw-core-01,port-id7430,uplink,15.690525
2026-02-09 00:05:00,estimate,sw-core-01,port-id7430,uplink,17.329038
2026-02-09 00:10:00,estimate,sw-core-01,port-id7430,uplink,16.214982
2026-02-09 00:15:00,estimate,sw-core-01,port-id7430,uplink,18.846974
2026-02-09 00:20:00,estimate,sw-core-01,port-id7430,uplink,13.954189
2026-02-09 00:25:00,estimate,sw-core-01,port-id7430,uplink,12.058641
2026-02-09 00:30:00,estimate,sw-core-01,port-id7430,uplink,16.777131
2026-02-09 00:35:00,estimate,sw-core-01,port-id7430,uplink,16.282575
2026-02-09 00:40:00,estimate,sw-core-01,port-id7430,uplink,14.158772
2026-02-09 00:45:00,estimate,sw-core-01,port-id7430,uplink,10.233925
2026-02-09 00:50:00,estimate,sw-core-01,port-id7430,uplink,13.152463
2026-02-09 00:55:00,estimate,sw-core-01,port-id7430,uplink,11.671489
2026-02-09 01:00:00,estimate,sw-core-01,port-id7430,uplink,15.313173
2026-02-09 01:05:00,estimate,sw-core-01,port-id7430,uplink,11.435824
2026-02-09 01:10:00,estimate,sw-core-01,port-id7430,uplink,14.612306
2026-02-09 01:15:00,estimate,sw-core-01,port-id7430,uplink,13.274566
2026-02-09 01:20:00,estimate,sw-core-01,port-id7430,uplink,12.406065
2026-02-09 01:25:00,estimate,sw-core-01,port-id7430,uplink,14.693901
2026-02-09 01:30:00,estimate,sw-core-01,port-id7430,uplink,20.979197
2026-02-09 01:35:00,estimate,sw-core-01,port-id7430,uplink,14.045315
2026-02-09 01:40:00,estimate,sw-core-01,port-id7430,uplink,12.852065
2026-02-09 01:45:00,estimate,sw-core-01,port-id7430,uplink,18.874358
2026-02-09 01:50:00,estimate,sw-core-01,port-id7430,uplink,13.104000
2026-02-09 01:55:00,estimate,sw-core-01,port-id7430,uplink,13.843548
2026-02-09 02:00:00,estimate,sw-core-01,port-id7430,uplink,15.723086
2026-02-09 02:05:00,estimate,sw-core-01,port-id7430,uplink,19.803719
2026-02-09 02:10:00,estimate,sw-core-01,port-id7430,uplink,12.303473
2026-02-09 02:15:00,estimate,sw-core-01,port-id7430,uplink,12.974082
2026-02-09 02:20:00,estimate,sw-core-01,port-id7430,uplink,10.979175
2026-02-09 02:25:00,estimate,sw-core-01,port-id7430,uplink,13.473099
2026-02-09 02:30:00,estimate,sw-core-01,port-id7430,uplink,15.442084
2026-02-09 02:35:00,estimate,sw-core-01,port-id7430,uplink,13.393706
2026-02-09 02:40:00,estimate,sw-core-01,port-id7430,uplink,15.996157
2026-02-09 02:45:00,estimate,sw-core-01,port-id7430,uplink,12.295996
2026-02-09 02:50:00,estimate,sw-core-01,port-id7430,uplink,18.759684
2026-02-09 02:55:00,estimate,sw-core-01,port-id7430,uplink,12.217345
2026-02-09 03:00:00,estimate,sw-core-01,port-id7430,uplink,16.672749
2026-02-09 03:05:00,estimate,sw-core-01,port-id7430,uplink,14.288314
2026-02-09 03:10:00,estimate,sw-core-01,port-id7430,uplink,13.578421
2026-02-09 03:15:00,estimate,sw-core-01,port-id7430,uplink,10.877446
2026-02-09 03:20:00,estimate,sw-core-01,port-id7430,uplink,15.540613
2026-02-09 03:25:00,estimate,sw-core-01,port-id7430,uplink,14.899025
2026-02-09 03:30:00,estimate,sw-core-01,port-id7430,uplink,14.584960
2026-02-09 03:35:00,estimate,sw-core-01,port-id7430,uplink,14.482184
2026-02-09 03:40:00,estimate,sw-core-01,port-id7430,uplink,15.008397
2026-02-09 03:45:00,estimate,sw-core-01,port-id7430,uplink,12.206027
2026-02-09 03:50:00,estimate,sw-core-01,port-id7430,uplink,17.676571
2026-02-09 03:55:00,estimate,sw-core-01,port-id7430,uplink,8.588488
2026-02-09 04:00:00,estimate,sw-core-01,port-id7430,uplink,13.562166
2026-02-09 04:05:00,estimate,sw-core-01,port-id7430,uplink,16.471159
2026-02-09 04:10:00,estimate,sw-core-01,port-id7430,uplink,16.585086
2026-02-09 04:15:00,estimate,sw-core-01,port-id7430,uplink,9.256986
2026-02-09 04:20:00,estimate,sw-core-01,port-id7430,uplink,16.113894
2026-02-09 04:25:00,estimate,sw-core-01,port-id7430,uplink,16.292152
2026-02-09 04:30:00,estimate,sw-core-01,port-id7430,uplink,17.866782
2026-02-09 04:35:00,estimate,sw-core-01,port-id7430,uplink,13.956003
2026-02-09 04:40:00,estimate,sw-core-01,port-id7430,uplink,19.392539
2026-02-09 04:45:00,estimate,sw-core-01,port-id7430,uplink,13.094941
2026-02-09 04:50:00,estimate,sw-core-01,port-id7430,uplink,19.416063
2026-02-09 04:55:00,estimate,sw-core-01,port-id7430,uplink,20.108823
2026-02-09 05:00:00,estimate,sw-core-01,port-id7430,uplink,18.895074
2026-02-09 05:05:00,estimate,sw-core-01,port-id7430,uplink,17.209548
2026-02-09 05:10:00,estimate,sw-core-01,port-id7430,uplink,12.481733
2026-02-09 05:15:00,estimate,sw-core-01,port-id7430,uplink,16.727109
2026-02-09 05:20:00,estimate,sw-core-01,port-id7430,uplink,17.267642
2026-02-09 05:25:00,estimate,sw-core-01,port-id7430,uplink,17.871030
2026-02-09 05:30:00,estimate,sw-core-01,port-id7430,uplink,14.373239
2026-02-09 05:35:00,estimate,sw-core-01,port-id7430,uplink,16.838698
2026-02-09 05:40:00,estimate,sw-core-01,port-id7430,uplink,17.688995
2026-02-09 05:45:00,estimate,sw-core-01,port-id7430,uplink,18.550563
2026-02-09 05:50:00,estimate,sw-core-01,port-id7430,uplink,17.665187
2026-02-09 05:55:00,estimate,sw-core-01,port-id7430,uplink,16.894290
2026-02-09 06:00:00,estimate,sw-core-01,port-id7430,uplink,22.727230
2026-02-09 06:05:00,estimate,sw-core-01,port-id7430,uplink,20.266779
2026-02-09 06:10:00,estimate,sw-core-01,port-id7430,uplink,22.182346
2026-02-09 06:15:00,estimate,sw-core-01,port-id7430,uplink,26.120965
2026-02-09 06:20:00,estimate,sw-core-01,port-id7430,uplink,33.063835
2026-02-09 06:25:00,estimate,sw-core-01,port-id7430,uplink,25.102959
2026-02-09 06:30:00,estimate,sw-core-01,port-id7430,uplink,27.374602
2026-02-09 06:35:00,estimate,sw-core-01,port-id7430,uplink,26.650581
2026-02-09 06:40:00,estimate,sw-core-01,port-id7430,uplink,27.323081
2026-02-09 06:45:00,estimate,sw-core-01,port-id7430,uplink,32.179023
2026-02-09 06:50:00,estimate,sw-core-01,port-id7430,uplink,26.615016
2026-02-09 06:55:00,estimate,sw-core-01,port-id7430,uplink,29.330874
2026-02-09 07:00:00,estimate,sw-core-01,port-id7430,uplink,32.746103
2026-02-09 07:05:00,estimate,sw-core-01,port-id7430,uplink,29.777138
2026-02-09 07:10:00,estimate,sw-core-01,port-id7430,uplink,33.856140
2026-02-09 07:15:00,estimate,sw-core-01,port-id7430,uplink,33.352976
2026-02-09 07:20:00,estimate,sw-core-01,port-id7430,uplink,30.156527
2026-02-09 07:25:00,estimate,sw-core-01,port-id7430,uplink,36.773730
2026-02-09 07:30:00,estimate,sw-core-01,port-id7430,uplink,31.830321
2026-02-09 07:35:00,estimate,sw-core-01,port-id7430,uplink,40.324685
2026-02-09 07:40:00,estimate,sw-core-01,port-id7430,uplink,30.771471
2026-02-09 07:45:00,estimate,sw-core-01,port-id7430,uplink,38.335071
2026-02-09 07:50:00,estimate,sw-core-01,port-id7430,uplink,43.651944
2026-02-09 07:55:00,estimate,sw-core-01,port-id7430,uplink,37.504435
2026-02-09 08:00:00,estimate,sw-core-01,port-id7430,uplink,40.856924
2026-02-09 08:05:00,estimate,sw-core-01,port-id7430,uplink,38.701291
2026-02-09 08:10:00,estimate,sw-core-01,port-id7430,uplink,41.266910
2026-02-09 08:15:00,estimate,sw-core-01,port-id7430,uplink,44.720625
2026-02-09 08:20:00,estimate,sw-core-01,port-id7430,uplink,43.682748
2026-02-09 08:25:00,estimate,sw-core-01,port-id7430,uplink,40.918446
2026-02-09 08:30:00,estimate,sw-core-01,port-id7430,uplink,41.936984
2026-02-09 08:35:00,estimate,sw-core-01,port-id7430,uplink,44.087583
2026-02-09 08:40:00,estimate,sw-core-01,port-id7430,uplink,44.382295
2026-02-09 08:45:00,estimate,sw-core-01,port-id7430,uplink,39.840867
2026-02-09 08:50:00,estimate,sw-core-01,port-id7430,uplink,42.114075
2026-02-09 08:55:00,estimate,sw-core-01,port-id7430,uplink,50.102227
2026-02-09 09:00:00,estimate,sw-core-01,port-id7430,uplink,44.235392
2026-02-09 09:05:00,estimate,sw-core-01,port-id7430,uplink,41.485121
2026-02-09 09:10:00,estimate,sw-core-01,port-id7430,uplink,47.673366
2026-02-09 09:15:00,estimate,sw-core-01,port-id7430,uplink,41.980932
2026-02-09 09:20:00,estimate,sw-core-01,port-id7430,uplink,44.193373
2026-02-09 09:25:00,estimate,sw-core-01,port-id7430,uplink,44.301737
2026-02-09 09:30:00,estimate,sw-core-01,port-id7430,uplink,49.256140
2026-02-09 09:35:00,estimate,sw-core-01,port-id7430,uplink,44.650618
2026-02-09 09:40:00,estimate,sw-core-01,port-id7430,uplink,42.393350
2026-02-09 09:45:00,estimate,sw-core-01,port-id7430,uplink,42.828947
2026-02-09 09:50:00,estimate,sw-core-01,port-id7430,uplink,40.753550
2026-02-09 09:55:00,estimate,sw-core-01,port-id7430,uplink,44.913122
2026-02-09 10:00:00,estimate,sw-core-01,port-id7430,uplink,45.631050
2026-02-09 10:05:00,estimate,sw-core-01,port-id7430,uplink,45.685715
2026-02-09 10:10:00,estimate,sw-core-01,port-id7430,uplink,47.794023
2026-02-09 10:15:00,estimate,sw-core-01,port-id7430,uplink,42.276040
2026-02-09 10:20:00,estimate,sw-core-01,port-id7430,uplink,38.865181
2026-02-09 10:25:00,estimate,sw-core-01,port-id7430,uplink,45.322152
2026-02-09 10:30:00,estimate,sw-core-01,port-id7430,uplink,49.093156
2026-02-09 10:35:00,estimate,sw-core-01,port-id7430,uplink,41.517852
2026-02-09 10:40:00,estimate,sw-core-01,port-id7430,uplink,46.713336
2026-02-09 10:45:00,estimate,sw-core-01,port-id7430,uplink,45.826723
2026-02-09 10:50:00,estimate,sw-core-01,port-id7430,uplink,43.413781
2026-02-09 10:55:00,estimate,sw-core-01,port-id7430,uplink,43.918097
2026-02-09 11:00:00,estimate,sw-core-01,port-id7430,uplink,46.453115
2026-02-09 11:05:00,estimate,sw-core-01,port-id7430,uplink,48.182511
2026-02-09 11:10:00,estimate,sw-core-01,port-id7430,uplink,42.334889
2026-02-09 11:15:00,estimate,sw-core-01,port-id7430,uplink,48.187029
2026-02-09 11:20:00,estimate,sw-core-01,port-id7430,uplink,44.491317
2026-02-09 11:25:00,estimate,sw-core-01,port-id7430,uplink,46.665621
2026-02-09 11:30:00,estimate,sw-core-01,port-id7430,uplink,45.193651
2026-02-09 11:35:00,estimate,sw-core-01,port-id7430,uplink,41.994997
2026-02-09 11:40:00,estimate,sw-core-01,port-id7430,uplink,42.822659
2026-02-09 11:45:00,estimate,sw-core-01,port-id7430,uplink,43.415405
2026-02-09 11:50:00,estimate,sw-core-01,port-id7430,uplink,42.870132
2026-02-09 11:55:00,estimate,sw-core-01,port-id7430,uplink,47.805581
2026-02-09 12:00:00,estimate,sw-core-01,port-id7430,uplink,43.495726
2026-02-09 12:05:00,estimate,sw-core-01,port-id7430,uplink,47.045383
2026-02-09 12:10:00,estimate,sw-core-01,port-id7430,uplink,42.311037
2026-02-09 12:15:00,estimate,sw-core-01,port-id7430,uplink,41.249334
2026-02-09 12:20:00,estimate,sw-core-01,port-id7430,uplink,46.527289
2026-02-09 12:25:00,estimate,sw-core-01,port-id7430,uplink,47.396244
2026-02-09 12:30:00,estimate,sw-core-01,port-id7430,uplink,43.276122
2026-02-09 12:35:00,estimate,sw-core-01,port-id7430,uplink,49.497308
2026-02-09 12:40:00,estimate,sw-core-01,port-id7430,uplink,46.592935
2026-02-09 12:45:00,estimate,sw-core-01,port-id7430,uplink,43.489059
2026-02-09 12:50:00,estimate,sw-core-01,port-id7430,uplink,43.135650
2026-02-09 12:55:00,estimate,sw-core-01,port-id7430,uplink,45.091500
2026-02-09 13:00:00,estimate,sw-core-01,port-id7430,uplink,39.622679
2026-02-09 13:05:00,estimate,sw-core-01,port-id7430,uplink,49.650422
2026-02-09 13:10:00,estimate,sw-core-01,port-id7430,uplink,44.796311
2026-02-09 13:15:00,estimate,sw-core-01,port-id7430,uplink,39.920237
2026-02-09 13:20:00,estimate,sw-core-01,port-id7430,uplink,49.779272
2026-02-09 13:25:00,estimate,sw-core-01,port-id7430,uplink,42.628772
2026-02-09 13:30:00,estimate,sw-core-01,port-id7430,uplink,44.059526
2026-02-09 13:35:00,estimate,sw-core-01,port-id7430,uplink,43.506958
2026-02-09 13:40:00,estimate,sw-core-01,port-id7430,uplink,45.750881
2026-02-09 13:45:00,estimate,sw-core-01,port-id7430,uplink,43.292651
2026-02-09 13:50:00,estimate,sw-core-01,port-id7430,uplink,39.606584
2026-02-09 13:55:00,estimate,sw-core-01,port-id7430,uplink,38.711848
2026-02-09 14:00:00,estimate,sw-core-01,port-id7430,uplink,40.203364
2026-02-09 14:05:00,estimate,sw-core-01,port-id7430,uplink,44.372184
2026-02-09 14:10:00,estimate,sw-core-01,port-id7430,uplink,46.041502
2026-02-09 14:15:00,estimate,sw-core-01,port-id7430,uplink,49.926043
2026-02-09 14:20:00,estimate,sw-core-01,port-id7430,uplink,43.328528
2026-02-09 14:25:00,estimate,sw-core-01,port-id7430,uplink,45.706910
2026-02-09 14:30:00,estimate,sw-core-01,port-id7430,uplink,45.527936
2026-02-09 14:35:00,estimate,sw-core-01,port-id7430,uplink,41.573201
2026-02-09 14:40:00,estimate,sw-core-01,port-id7430,uplink,40.887294
2026-02-09 14:45:00,estimate,sw-core-01,port-id7430,uplink,42.986099
2026-02-09 14:50:00,estimate,sw-core-01,port-id7430,uplink,43.836071
2026-02-09 14:55:00,estimate,sw-core-01,port-id7430,uplink,41.467491
2026-02-09 15:00:00,estimate,sw-core-01,port-id7430,uplink,48.407562
2026-02-09 15:05:00,estimate,sw-core-01,port-id7430,uplink,37.732504
2026-02-09 15:10:00,estimate,sw-core-01,port-id7430,uplink,43.022028
2026-02-09 15:15:00,estimate,sw-core-01,port-id7430,uplink,40.219339
2026-02-09 15:20:00,estimate,sw-core-01,port-id7430,uplink,44.183767
2026-02-09 15:25:00,estimate,sw-core-01,port-id7430,uplink,47.609767
2026-02-09 15:30:00,estimate,sw-core-01,port-id7430,uplink,40.999559
2026-02-09 15:35:00,estimate,sw-core-01,port-id7430,uplink,46.649254
2026-02-09 15:40:00,estimate,sw-core-01,port-id7430,uplink,50.296452
2026-02-09 15:45:00,estimate,sw-core-01,port-id7430,uplink,45.633451
2026-02-09 15:50:00,estimate,sw-core-01,port-id7430,uplink,44.570409
2026-02-09 15:55:00,estimate,sw-core-01,port-id7430,uplink,45.677928
2026-02-09 16:00:00,estimate,sw-core-01,port-id7430,uplink,45.172078
2026-02-09 16:05:00,estimate,sw-core-01,port-id7430,uplink,48.893904
2026-02-09 16:10:00,estimate,sw-core-01,port-id7430,uplink,46.827421
2026-02-09 16:15:00,estimate,sw-core-01,port-id7430,uplink,42.746829
2026-02-09 16:20:00,estimate,sw-core-01,port-id7430,uplink,45.104424
2026-02-09 16:25:00,estimate,sw-core-01,port-id7430,uplink,49.990181
2026-02-09 16:30:00,estimate,sw-core-01,port-id7430,uplink,45.970587
2026-02-09 16:35:00,estimate,sw-core-01,port-id7430,uplink,47.123358
2026-02-09 16:40:00,estimate,sw-core-01,port-id7430,uplink,51.237196
2026-02-09 16:45:00,estimate,sw-core-01,port-id7430,uplink,41.852975
2026-02-09 16:50:00,estimate,sw-core-01,port-id7430,uplink,45.709911
2026-02-09 16:55:00,estimate,sw-core-01,port-id7430,uplink,40.299198
2026-02-09 17:00:00,estimate,sw-core-01,port-id7430,uplink,45.512629
2026-02-09 17:05:00,estimate,sw-core-01,port-id7430,uplink,48.375822
2026-02-09 17:10:00,estimate,sw-core-01,port-id7430,uplink,42.863334
2026-02-09 17:15:00,estimate,sw-core-01,port-id7430,uplink,45.722233
2026-02-09 17:20:00,estimate,sw-core-01,port-id7430,uplink,40.238927
2026-02-09 17:25:00,estimate,sw-core-01,port-id7430,uplink,39.047184
2026-02-09 17:30:00,estimate,sw-core-01,port-id7430,uplink,43.018963
2026-02-09 17:35:00,estimate,sw-core-01,port-id7430,uplink,44.420467
2026-02-09 17:40:00,estimate,sw-core-01,port-id7430,uplink,43.393014
2026-02-09 17:45:00,estimate,sw-core-01,port-id7430,uplink,42.665270
2026-02-09 17:50:00,estimate,sw-core-01,port-id7430,uplink,49.128271
2026-02-09 17:55:00,estimate,sw-core-01,port-id7430,uplink,47.331887
2026-02-09 18:00:00,estimate,sw-core-01,port-id7430,uplink,42.486432
2026-02-09 18:05:00,estimate,sw-core-01,port-id7430,uplink,45.017161
2026-02-09 18:10:00,estimate,sw-core-01,port-id7430,uplink,37.832571
2026-02-09 18:15:00,estimate,sw-core-01,port-id7430,uplink,37.695221
2026-02-09 18:20:00,estimate,sw-core-01,port-id7430,uplink,32.899291
2026-02-09 18:25:00,estimate,sw-core-01,port-id7430,uplink,43.950641
2026-02-09 18:30:00,estimate,sw-core-01,port-id7430,uplink,39.299860
2026-02-09 18:35:00,estimate,sw-core-01,port-id7430,uplink,39.366645
2026-02-09 18:40:00,estimate,sw-core-01,port-id7430,uplink,34.836060
2026-02-09 18:45:00,estimate,sw-core-01,port-id7430,uplink,42.588355
2026-02-09 18:50:00,estimate,sw-core-01,port-id7430,uplink,32.614474
2026-02-09 18:55:00,estimate,sw-core-01,port-id7430,uplink,36.742155
2026-02-09 19:00:00,estimate,sw-core-01,port-id7430,uplink,32.788779
2026-02-09 19:05:00,estimate,sw-core-01,port-id7430,uplink,36.285462
2026-02-09 19:10:00,estimate,sw-core-01,port-id7430,uplink,32.790348
2026-02-09 19:15:00,estimate,sw-core-01,port-id7430,uplink,27.775200
2026-02-09 19:20:00,estimate,sw-core-01,port-id7430,uplink,31.699707
2026-02-09 19:25:00,estimate,sw-core-01,port-id7430,uplink,31.776510
2026-02-09 19:30:00,estimate,sw-core-01,port-id7430,uplink,36.373395
2026-02-09 19:35:00,estimate,sw-core-01,port-id7430,uplink,28.760880
2026-02-09 19:40:00,estimate,sw-core-01,port-id7430,uplink,26.518576
2026-02-09 19:45:00,estimate,sw-core-01,port-id7430,uplink,22.066439
2026-02-09 19:50:00,estimate,sw-core-01,port-id7430,uplink,28.492123
2026-02-09 19:55:00,estimate,sw-core-01,port-id7430,uplink,24.946746
2026-02-09 20:00:00,estimate,sw-core-01,port-id7430,uplink,27.216286
2026-02-09 20:05:00,estimate,sw-core-01,port-id7430,uplink,27.678952
2026-02-09 20:10:00,estimate,sw-core-01,port-id7430,uplink,25.697358
2026-02-09 20:15:00,estimate,sw-core-01,port-id7430,uplink,21.082813
2026-02-09 20:20:00,estimate,sw-core-01,port-id7430,uplink,14.506639
2026-02-09 20:25:00,estimate,sw-core-01,port-id7430,uplink,19.721825
2026-02-09 20:30:00,estimate,sw-core-01,port-id7430,uplink,22.497039
2026-02-09 20:35:00,estimate,sw-core-01,port-id7430,uplink,15.715108
2026-02-09 20:40:00,estimate,sw-core-01,port-id7430,uplink,18.052198
2026-02-09 20:45:00,estimate,sw-core-01,port-id7430,uplink,17.288587
2026-02-09 20:50:00,estimate,sw-core-01,port-id7430,uplink,18.991280
2026-02-09 20:55:00,estimate,sw-core-01,port-id7430,uplink,21.258864
2026-02-09 21:00:00,estimate,sw-core-01,port-id7430,uplink,22.319402
2026-02-09 21:05:00,estimate,sw-core-01,port-id7430,uplink,21.141948
2026-02-09 21:10:00,estimate,sw-core-01,port-id7430,uplink,16.836781
2026-02-09 21:15:00,estimate,sw-core-01,port-id7430,uplink,17.770557
2026-02-09 21:20:00,estimate,sw-core-01,port-id7430,uplink,15.863894
2026-02-09 21:25:00,estimate,sw-core-01,port-id7430,uplink,21.817438
2026-02-09 21:30:00,estimate,sw-core-01,port-id7430,uplink,22.434023
2026-02-09 21:35:00,estimate,sw-core-01,port-id7430,uplink,11.449363
2026-02-09 21:40:00,estimate,sw-core-01,port-id7430,uplink,16.869222
2026-02-09 21:45:00,estimate,sw-core-01,port-id7430,uplink,23.120835
2026-02-09 21:50:00,estimate,sw-core-01,port-id7430,uplink,17.439479
2026-02-09 21:55:00,estimate,sw-core-01,port-id7430,uplink,17.415240
2026-02-09 22:00:00,estimate,sw-core-01,port-id7430,uplink,17.271075
2026-02-09 22:05:00,estimate,sw-core-01,port-id7430,uplink,15.602103
2026-02-09 22:10:00,estimate,sw-core-01,port-id7430,uplink,12.128811
2026-02-09 22:15:00,estimate,sw-core-01,port-id7430,uplink,12.102497
2026-02-09 22:20:00,estimate,sw-core-01,port-id7430,uplink,20.477434
2026-02-09 22:25:00,estimate,sw-core-01,port-id7430,uplink,13.196978
2026-02-09 22:30:00,estimate,sw-core-01,port-id7430,uplink,11.145663
2026-02-09 22:35:00,estimate,sw-core-01,port-id7430,uplink,20.750106
2026-02-09 22:40:00,estimate,sw-core-01,port-id7430,uplink,17.932285
2026-02-09 22:45:00,estimate,sw-core-01,port-id7430,uplink,13.322588
2026-02-09 22:50:00,estimate,sw-core-01,port-id7430,uplink,18.558538
2026-02-09 22:55:00,estimate,sw-core-01,port-id7430,uplink,20.912375
2026-02-09 23:00:00,estimate,sw-core-01,port-id7430,uplink,15.750432
2026-02-09 23:05:00,estimate,sw-core-01,port-id7430,uplink,19.351347
2026-02-09 23:10:00,estimate,sw-core-01,port-id7430,uplink,14.851223
2026-02-09 23:15:00,estimate,sw-core-01,port-id7430,uplink,15.239550
2026-02-09 23:20:00,estimate,sw-core-01,port-id7430,uplink,15.461167
2026-02-09 23:25:00,estimate,sw-core-01,port-id7430,uplink,21.351107
2026-02-09 23:30:00,estimate,sw-core-01,port-id7430,uplink,20.166433
2026-02-09 23:35:00,estimate,sw-core-01,port-id7430,uplink,11.635283
2026-02-09 23:40:00,estimate,sw-core-01,port-id7430,uplink,11.456893
2026-02-09 23:45:00,estimate,sw-core-01,port-id7430,uplink,15.237256
2026-02-09 23:50:00,estimate,sw-core-01,port-id7430,uplink,20.703170
2026-02-09 23:55:00,estimate,sw-core-01,port-id7430,uplink,13.437964
2026-02-10 00:00:00,estimate,sw-core-01,port-id7430,uplink,15.169790
2026-02-10 00:05:00,estimate,sw-core-01,port-id7430,uplink,12.809613
2026-02-10 00:10:00,estimate,sw-core-01,port-id7430,uplink,12.750809
2026-02-10 00:15:00,estimate,sw-core-01,port-id7430,uplink,18.925045
2026-02-10 00:20:00,estimate,sw-core-01,port-id7430,uplink,17.850428
2026-02-10 00:25:00,estimate,sw-core-01,port-id7430,uplink,11.982415
2026-02-10 00:30:00,estimate,sw-core-01,port-id7430,uplink,14.957430
2026-02-10 00:35:00,estimate,sw-core-01,port-id7430,uplink,13.828575
2026-02-10 00:40:00,estimate,sw-core-01,port-id7430,uplink,10.519068
2026-02-10 00:45:00,estimate,sw-core-01,port-id7430,uplink,10.965778
2026-02-10 00:50:00,estimate,sw-core-01,port-id7430,uplink,9.826918
2026-02-10 00:55:00,estimate,sw-core-01,port-id7430,uplink,13.735151
2026-02-10 01:00:00,estimate,sw-core-01,port-id7430,uplink,14.073919
2026-02-10 01:05:00,estimate,sw-core-01,port-id7430,uplink,13.947785
2026-02-10 01:10:00,estimate,sw-core-01,port-id7430,uplink,11.333511
2026-02-10 01:15:00,estimate,sw-core-01,port-id7430,uplink,18.698940
2026-02-10 01:20:00,estimate,sw-core-01,port-id7430,uplink,11.026370
2026-02-10 01:25:00,estimate,sw-core-01,port-id7430,uplink,18.493218
2026-02-10 01:30:00,estimate,sw-core-01,port-id7430,uplink,13.381881
2026-02-10 01:35:00,estimate,sw-core-01,port-id7430,uplink,11.069933
2026-02-10 01:40:00,estimate,sw-core-01,port-id7430,uplink,12.040161
2026-02-10 01:45:00,estimate,sw-core-01,port-id7430,uplink,17.380749
2026-02-10 01:50:00,estimate,sw-core-01,port-id7430,uplink,17.540943
2026-02-10 01:55:00,estimate,sw-core-01,port-id7430,uplink,18.960823
2026-02-10 02:00:00,estimate,sw-core-01,port-id7430,uplink,13.841481
2026-02-10 02:05:00,estimate,sw-core-01,port-id7430,uplink,18.907346
2026-02-10 02:10:00,estimate,sw-core-01,port-id7430,uplink,19.146468
2026-02-10 02:15:00,estimate,sw-core-01,port-id7430,uplink,13.790260
2026-02-10 02:20:00,estimate,sw-core-01,port-id7430,uplink,15.199412
2026-02-10 02:25:00,estimate,sw-core-01,port-id7430,uplink,14.463325
2026-02-10 02:30:00,estimate,sw-core-01,port-id7430,uplink,13.980995
2026-02-10 02:35:00,estimate,sw-core-01,port-id7430,uplink,19.126632
2026-02-10 02:40:00,estimate,sw-core-01,port-id7430,uplink,12.784256
2026-02-10 02:45:00,estimate,sw-core-01,port-id7430,uplink,13.379828
2026-02-10 02:50:00,estimate,sw-core-01,port-id7430,uplink,16.912063
2026-02-10 02:55:00,estimate,sw-core-01,port-id7430,uplink,15.057906
2026-02-10 03:00:00,estimate,sw-core-01,port-id7430,uplink,20.430783
2026-02-10 03:05:00,estimate,sw-core-01,port-id7430,uplink,14.491235
2026-02-10 03:10:00,estimate,sw-core-01,port-id7430,uplink,15.513816
2026-02-10 03:15:00,estimate,sw-core-01,port-id7430,uplink,13.953305
2026-02-10 03:20:00,estimate,sw-core-01,port-id7430,uplink,7.436226
2026-02-10 03:25:00,estimate,sw-core-01,port-id7430,uplink,13.309181
2026-02-10 03:30:00,estimate,sw-core-01,port-id7430,uplink,12.421455
2026-02-10 03:35:00,estimate,sw-core-01,port-id7430,uplink,17.823907
2026-02-10 03:40:00,estimate,sw-core-01,port-id7430,uplink,16.507956
2026-02-10 03:45:00,estimate,sw-core-01,port-id7430,uplink,14.691581
2026-02-10 03:50:00,estimate,sw-core-01,port-id7430,uplink,11.374185
2026-02-10 03:55:00,estimate,sw-core-01,port-id7430,uplink,15.242810
2026-02-10 04:00:00,estimate,sw-core-01,port-id7430,uplink,13.816758
2026-02-10 04:05:00,estimate,sw-core-01,port-id7430,uplink,15.383224
2026-02-10 04:10:00,estimate,sw-core-01,port-id7430,uplink,13.773797
2026-02-10 04:15:00,estimate,sw-core-01,port-id7430,uplink,14.692353
2026-02-10 04:20:00,estimate,sw-core-01,port-id7430,uplink,12.710627
2026-02-10 04:25:00,estimate,sw-core-01,port-id7430,uplink,14.012627
2026-02-10 04:30:00,estimate,sw-core-01,port-id7430,uplink,20.579549
2026-02-10 04:35:00,estimate,sw-core-01,port-id7430,uplink,21.032503
2026-02-10 04:40:00,estimate,sw-core-01,port-id7430,uplink,12.109526
2026-02-10 04:45:00,estimate,sw-core-01,port-id7430,uplink,16.038984
2026-02-10 04:50:00,estimate,sw-core-01,port-id7430,uplink,17.429199
2026-02-10 04:55:00,estimate,sw-core-01,port-id7430,uplink,20.653030
2026-02-10 05:00:00,estimate,sw-core-01,port-id7430,uplink,17.128539
2026-02-10 05:05:00,estimate,sw-core-01,port-id7430,uplink,17.075353
2026-02-10 05:10:00,estimate,sw-core-01,port-id7430,uplink,13.021454
2026-02-10 05:15:00,estimate,sw-core-01,port-id7430,uplink,15.913532
2026-02-10 05:20:00,estimate,sw-core-01,port-id7430,uplink,18.541599
2026-02-10 05:25:00,estimate,sw-core-01,port-id7430,uplink,13.973407
2026-02-10 05:30:00,estimate,sw-core-01,port-id7430,uplink,20.472553
2026-02-10 05:35:00,estimate,sw-core-01,port-id7430,uplink,15.881641
2026-02-10 05:40:00,estimate,sw-core-01,port-id7430,uplink,16.953559
2026-02-10 05:45:00,estimate,sw-core-01,port-id7430,uplink,21.616739
2026-02-10 05:50:00,estimate,sw-core-01,port-id7430,uplink,20.958963
2026-02-10 05:55:00,estimate,sw-core-01,port-id7430,uplink,21.385088
2026-02-10 06:00:00,estimate,sw-core-01,port-id7430,uplink,13.184025
2026-02-10 06:05:00,estimate,sw-core-01,port-id7430,uplink,20.686294
2026-02-10 06:10:00,estimate,sw-core-01,port-id7430,uplink,24.101701
2026-02-10 06:15:00,estimate,sw-core-01,port-id7430,uplink,19.026713
2026-02-10 06:20:00,estimate,sw-core-01,port-id7430,uplink,14.505878
2026-02-10 06:25:00,estimate,sw-core-01,port-id7430,uplink,26.180524
2026-02-10 06:30:00,estimate,sw-core-01,port-id7430,uplink,28.568856
2026-02-10 06:35:00,estimate,sw-core-01,port-id7430,uplink,26.456066
2026-02-10 06:40:00,estimate,sw-core-01,port-id7430,uplink,21.932213
2026-02-10 06:45:00,estimate,sw-core-01,port-id7430,uplink,29.501960
2026-02-10 06:50:00,estimate,sw-core-01,port-id7430,uplink,33.296945
2026-02-10 06:55:00,estimate,sw-core-01,port-id7430,uplink,31.046492
2026-02-10 07:00:00,estimate,sw-core-01,port-id7430,uplink,32.544054
2026-02-10 07:05:00,estimate,sw-core-01,port-id7430,uplink,31.973340
2026-02-10 07:10:00,estimate,sw-core-01,port-id7430,uplink,26.737273
2026-02-10 07:15:00,estimate,sw-core-01,port-id7430,uplink,32.040633
2026-02-10 07:20:00,estimate,sw-core-01,port-id7430,uplink,32.356411
2026-02-10 07:25:00,estimate,sw-core-01,port-id7430,uplink,39.478096
2026-02-10 07:30:00,estimate,sw-core-01,port-id7430,uplink,33.245394
2026-02-10 07:35:00,estimate,sw-core-01,port-id7430,uplink,37.356106
2026-02-10 07:40:00,estimate,sw-core-01,port-id7430,uplink,40.721010
2026-02-10 07:45:00,estimate,sw-core-01,port-id7430,uplink,42.005725
2026-02-10 07:50:00,estimate,sw-core-01,port-id7430,uplink,38.793943
2026-02-10 07:55:00,estimate,sw-core-01,port-id7430,uplink,42.737674
2026-02-10 08:00:00,estimate,sw-core-01,port-id7430,uplink,39.559679
2026-02-10 08:05:00,estimate,sw-core-01,port-id7430,uplink,44.290308
2026-02-10 08:10:00,estimate,sw-core-01,port-id7430,uplink,38.710807
2026-02-10 08:15:00,estimate,sw-core-01,port-id7430,uplink,46.866483
2026-02-10 08:20:00,estimate,sw-core-01,port-id7430,uplink,40.520071
2026-02-10 08:25:00,estimate,sw-core-01,port-id7430,uplink,43.880454
2026-02-10 08:30:00,estimate,sw-core-01,port-id7430,uplink,47.162847
2026-02-10 08:35:00,estimate,sw-core-01,port-id7430,uplink,47.849994
2026-02-10 08:40:00,estimate,sw-core-01,port-id7430,uplink,40.941901
2026-02-10 08:45:00,estimate,sw-core-01,port-id7430,uplink,42.200058
2026-02-10 08:50:00,estimate,sw-core-01,port-id7430,uplink,48.467093
2026-02-10 08:55:00,estimate,sw-core-01,port-id7430,uplink,41.002799
2026-02-10 09:00:00,estimate,sw-core-01,port-id7430,uplink,48.757337
2026-02-10 09:05:00,estimate,sw-core-01,port-id7430,uplink,44.573133
2026-02-10 09:10:00,estimate,sw-core-01,port-id7430,uplink,45.555942
2026-02-10 09:15:00,estimate,sw-core-01,port-id7430,uplink,48.102957
2026-02-10 09:20:00,estimate,sw-core-01,port-id7430,uplink,44.134407
2026-02-10 09:25:00,estimate,sw-core-01,port-id7430,uplink,45.121273
2026-02-10 09:30:00,estimate,sw-core-01,port-id7430,uplink,46.266213
2026-02-10 09:35:00,estimate,sw-core-01,port-id7430,uplink,46.387137
2026-02-10 09:40:00,estimate,sw-core-01,port-id7430,uplink,41.758726
2026-02-10 09:45:00,estimate,sw-core-01,port-id7430,uplink,47.037336
2026-02-10 09:50:00,estimate,sw-core-01,port-id7430,uplink,45.088287
2026-02-10 09:55:00,estimate,sw-core-01,port-id7430,uplink,42.109212
2026-02-10 10:00:00,estimate,sw-core-01,port-id7430,uplink,40.520102
2026-02-10 10:05:00,estimate,sw-core-01,port-id7430,uplink,47.381573
2026-02-10 10:10:00,estimate,sw-core-01,port-id7430,uplink,41.541222
2026-02-10 10:15:00,estimate,sw-core-01,port-id7430,uplink,41.266027
2026-02-10 10:20:00,estimate,sw-core-01,port-id7430,uplink,43.653175
2026-02-10 10:25:00,estimate,sw-core-01,port-id7430,uplink,42.775308
2026-02-10 10:30:00,estimate,sw-core-01,port-id7430,uplink,44.360485
2026-02-10 10:35:00,estimate,sw-core-01,port-id7430,uplink,46.485548
2026-02-10 10:40:00,estimate,sw-core-01,port-id7430,uplink,41.671754
2026-02-10 10:45:00,estimate,sw-core-01,port-id7430,uplink,45.481354
2026-02-10 10:50:00,estimate,sw-core-01,port-id7430,uplink,44.642732
2026-02-10 10:55:00,estimate,sw-core-01,port-id7430,uplink,42.392222
2026-02-10 11:00:00,estimate,sw-core-01,port-id7430,uplink,49.447957
2026-02-10 11:05:00,estimate,sw-core-01,port-id7430,uplink,49.453534
2026-02-10 11:10:00,estimate,sw-core-01,port-id7430,uplink,44.414590
2026-02-10 11:15:00,estimate,sw-core-01,port-id7430,uplink,47.813052
2026-02-10 11:20:00,estimate,sw-core-01,port-id7430,uplink,42.713079
2026-02-10 11:25:00,estimate,sw-core-01,port-id7430,uplink,47.970022
2026-02-10 11:30:00,estimate,sw-core-01,port-id7430,uplink,47.697271
2026-02-10 11:35:00,estimate,sw-core-01,port-id7430,uplink,48.023832
2026-02-10 11:40:00,estimate,sw-core-01,port-id7430,uplink,43.158001
2026-02-10 11:45:00,estimate,sw-core-01,port-id7430,uplink,43.284405
2026-02-10 11:50:00,estimate,sw-core-01,port-id7430,uplink,44.989126
2026-02-10 11:55:00,estimate,sw-core-01,port-id7430,uplink,43.084299
2026-02-10 12:00:00,estimate,sw-core-01,port-id7430,uplink,43.073584
2026-02-10 12:05:00,estimate,sw-core-01,port-id7430,uplink,49.956928
2026-02-10 12:10:00,estimate,sw-core-01,port-id7430,uplink,45.584956
2026-02-10 12:15:00,estimate,sw-core-01,port-id7430,uplink,42.818905
2026-02-10 12:20:00,estimate,sw-core-01,port-id7430,uplink,49.403946
2026-02-10 12:25:00,estimate,sw-core-01,port-id7430,uplink,43.874862
2026-02-10 12:30:00,estimate,sw-core-01,port-id7430,uplink,48.544942
2026-02-10 12:35:00,estimate,sw-core-01,port-id7430,uplink,40.366033
2026-02-10 12:40:00,estimate,sw-core-01,port-id7430,uplink,42.187178
2026-02-10 12:45:00,estimate,sw-core-01,port-id7430,uplink,52.411482
2026-02-10 12:50:00,estimate,sw-core-01,port-id7430,uplink,42.787460
2026-02-10 12:55:00,estimate,sw-core-01,port-id7430,uplink,48.190990
2026-02-10 13:00:00,estimate,sw-core-01,port-id7430,uplink,44.421873
2026-02-10 13:05:00,estimate,sw-core-01,port-id7430,uplink,44.899359
2026-02-10 13:10:00,estimate,sw-core-01,port-id7430,uplink,43.424385
2026-02-10 13:15:00,estimate,sw-core-01,port-id7430,uplink,44.781164
2026-02-10 13:20:00,estimate,sw-core-01,port-id7430,uplink,44.226410
2026-02-10 13:25:00,estimate,sw-core-01,port-id7430,uplink,45.012994
2026-02-10 13:30:00,estimate,sw-core-01,port-id7430,uplink,47.685420
2026-02-10 13:35:00,estimate,sw-core-01,port-id7430,uplink,38.928714
2026-02-10 13:40:00,estimate,sw-core-01,port-id7430,uplink,48.555338
2026-02-10 13:45:00,estimate,sw-core-01,port-id7430,uplink,50.092436
2026-02-10 13:50:00,estimate,sw-core-01,port-id7430,uplink,47.144945
2026-02-10 13:55:00,estimate,sw-core-01,port-id7430,uplink,44.319478
2026-02-10 14:00:00,estimate,sw-core-01,port-id7430,uplink,47.407300
2026-02-10 14:05:00,estimate,sw-core-01,port-id7430,uplink,42.222693
2026-02-10 14:10:00,estimate,sw-core-01,port-id7430,uplink,41.206153
2026-02-10 14:15:00,estimate,sw-core-01,port-id7430,uplink,45.519372
2026-02-10 14:20:00,estimate,sw-core-01,port-id7430,uplink,46.834394
2026-02-10 14:25:00,estimate,sw-core-01,port-id7430,uplink,45.094903
2026-02-10 14:30:00,estimate,sw-core-01,port-id7430,uplink,46.670746
2026-02-10 14:35:00,estimate,sw-core-01,port-id7430,uplink,43.378482
2026-02-10 14:40:00,estimate,sw-core-01,port-id7430,uplink,43.195492
2026-02-10 14:45:00,estimate,sw-core-01,port-id7430,uplink,46.388113
2026-02-10 14:50:00,estimate,sw-core-01,port-id7430,uplink,49.318204
2026-02-10 14:55:00,estimate,sw-core-01,port-id7430,uplink,40.067900
2026-02-10 15:00:00,estimate,sw-core-01,port-id7430,uplink,47.834994
2026-02-10 15:05:00,estimate,sw-core-01,port-id7430,uplink,39.711118
2026-02-10 15:10:00,estimate,sw-core-01,port-id7430,uplink,48.898747
2026-02-10 15:15:00,estimate,sw-core-01,port-id7430,uplink,41.988574
2026-02-10 15:20:00,estimate,sw-core-01,port-id7430,uplink,44.718461
2026-02-10 15:25:00,estimate,sw-core-01,port-id7430,uplink,41.356489
2026-02-10 15:30:00,estimate,sw-core-01,port-id7430,uplink,49.148089
2026-02-10 15:35:00,estimate,sw-core-01,port-id7430,uplink,48.721117
2026-02-10 15:40:00,estimate,sw-core-01,port-id7430,uplink,48.158720
2026-02-10 15:45:00,estimate,sw-core-01,port-id7430,uplink,43.038295
2026-02-10 15:50:00,estimate,sw-core-01,port-id7430,uplink,44.002850
2026-02-10 15:55:00,estimate,sw-core-01,port-id7430,uplink,47.771540
2026-02-10 16:00:00,estimate,sw-core-01,port-id7430,uplink,46.835162
2026-02-10 16:05:00,estimate,sw-core-01,port-id7430,uplink,48.362237
2026-02-10 16:10:00,estimate,sw-core-01,port-id7430,uplink,40.514651
2026-02-10 16:15:00,estimate,sw-core-01,port-id7430,uplink,44.964024
2026-02-10 16:20:00,estimate,sw-core-01,port-id7430,uplink,47.204438
2026-02-10 16:25:00,estimate,sw-core-01,port-id7430,uplink,51.118503
2026-02-10 16:30:00,estimate,sw-core-01,port-id7430,uplink,39.279835
2026-02-10 16:35:00,estimate,sw-core-01,port-id7430,uplink,44.636429
2026-02-10 16:40:00,estimate,sw-core-01,port-id7430,uplink,43.239111
2026-02-10 16:45:00,estimate,sw-core-01,port-id7430,uplink,40.697183
2026-02-10 16:50:00,estimate,sw-core-01,port-id7430,uplink,46.729303
2026-02-10 16:55:00,estimate,sw-core-01,port-id7430,uplink,46.155149
2026-02-10 17:00:00,estimate,sw-core-01,port-id7430,uplink,45.938924
2026-02-10 17:05:00,estimate,sw-core-01,port-id7430,uplink,47.992918
2026-02-10 17:10:00,estimate,sw-core-01,port-id7430,uplink,41.981642
2026-02-10 17:15:00,estimate,sw-core-01,port-id7430,uplink,47.243381
2026-02-10 17:20:00,estimate,sw-core-01,port-id7430,uplink,45.298697
2026-02-10 17:25:00,estimate,sw-core-01,port-id7430,uplink,41.213291
2026-02-10 17:30:00,estimate,sw-core-01,port-id7430,uplink,41.733200
2026-02-10 17:35:00,estimate,sw-core-01,port-id7430,uplink,47.145284
2026-02-10 17:40:00,estimate,sw-core-01,port-id7430,uplink,41.071097
2026-02-10 17:45:00,estimate,sw-core-01,port-id7430,uplink,44.903922
2026-02-10 17:50:00,estimate,sw-core-01,port-id7430,uplink,47.371023
2026-02-10 17:55:00,estimate,sw-core-01,port-id7430,uplink,48.398626
2026-02-10 18:00:00,estimate,sw-core-01,port-id7430,uplink,44.172139
2026-02-10 18:05:00,estimate,sw-core-01,port-id7430,uplink,40.777590
2026-02-10 18:10:00,estimate,sw-core-01,port-id7430,uplink,46.497520
2026-02-10 18:15:00,estimate,sw-core-01,port-id7430,uplink,39.104943
2026-02-10 18:20:00,estimate,sw-core-01,port-id7430,uplink,38.610594
2026-02-10 18:25:00,estimate,sw-core-01,port-id7430,uplink,44.378156
2026-02-10 18:30:00,estimate,sw-core-01,port-id7430,uplink,39.007893
2026-02-10 18:35:00,estimate,sw-core-01,port-id7430,uplink,38.265556
2026-02-10 18:40:00,estimate,sw-core-01,port-id7430,uplink,30.699232
2026-02-10 18:45:00,estimate,sw-core-01,port-id7430,uplink,36.928370
2026-02-10 18:50:00,estimate,sw-core-01,port-id7430,uplink,36.357802
2026-02-10 18:55:00,estimate,sw-core-01,port-id7430,uplink,36.448069
2026-02-10 19:00:00,estimate,sw-core-01,port-id7430,uplink,34.679960
2026-02-10 19:05:00,estimate,sw-core-01,port-id7430,uplink,30.940501
2026-02-10 19:10:00,estimate,sw-core-01,port-id7430,uplink,30.201868
2026-02-10 19:15:00,estimate,sw-core-01,port-id7430,uplink,31.273821
2026-02-10 19:20:00,estimate,sw-core-01,port-id7430,uplink,36.689471
2026-02-10 19:25:00,estimate,sw-core-01,port-id7430,uplink,32.508839
2026-02-10 19:30:00,estimate,sw-core-01,port-id7430,uplink,31.004620
2026-02-10 19:35:00,estimate,sw-core-01,port-id7430,uplink,34.046211
2026-02-10 19:40:00,estimate,sw-core-01,port-id7430,uplink,24.447387
2026-02-10 19:45:00,estimate,sw-core-01,port-id7430,uplink,33.434829
2026-02-10 19:50:00,estimate,sw-core-01,port-id7430,uplink,23.966797
2026-02-10 19:55:00,estimate,sw-core-01,port-id7430,uplink,26.047347
2026-02-10 20:00:00,estimate,sw-core-01,port-id7430,uplink,28.248878
2026-02-10 20:05:00,estimate,sw-core-01,port-id7430,uplink,21.136858
2026-02-10 20:10:00,estimate,sw-core-01,port-id7430,uplink,22.081122
2026-02-10 20:15:00,estimate,sw-core-01,port-id7430,uplink,14.879304
2026-02-10 20:20:00,estimate,sw-core-01,port-id7430,uplink,14.766238
2026-02-10 20:25:00,estimate,sw-core-01,port-id7430,uplink,27.073627
2026-02-10 20:30:00,estimate,sw-core-01,port-id7430,uplink,19.402881
2026-02-10 20:35:00,estimate,sw-core-01,port-id7430,uplink,24.326066
2026-02-10 20:40:00,estimate,sw-core-01,port-id7430,uplink,16.608140
2026-02-10 20:45:00,estimate,sw-core-01,port-id7430,uplink,10.716294
2026-02-10 20:50:00,estimate,sw-core-01,port-id7430,uplink,17.648905
2026-02-10 20:55:00,estimate,sw-core-01,port-id7430,uplink,16.740780
2026-02-10 21:00:00,estimate,sw-core-01,port-id7430,uplink,19.514578
2026-02-10 21:05:00,estimate,sw-core-01,port-id7430,uplink,12.499056
2026-02-10 21:10:00,estimate,sw-core-01,port-id7430,uplink,19.361065
2026-02-10 21:15:00,estimate,sw-core-01,port-id7430,uplink,16.269311
2026-02-10 21:20:00,estimate,sw-core-01,port-id7430,uplink,13.328685
2026-02-10 21:25:00,estimate,sw-core-01,port-id7430,uplink,18.313803
2026-02-10 21:30:00,estimate,sw-core-01,port-id7430,uplink,23.548449
2026-02-10 21:35:00,estimate,sw-core-01,port-id7430,uplink,12.113910
2026-02-10 21:40:00,estimate,sw-core-01,port-id7430,uplink,20.637257
2026-02-10 21:45:00,estimate,sw-core-01,port-id7430,uplink,10.721269
2026-02-10 21:50:00,estimate,sw-core-01,port-id7430,uplink,17.760277
2026-02-10 21:55:00,estimate,sw-core-01,port-id7430,uplink,17.251321
2026-02-10 22:00:00,estimate,sw-core-01,port-id7430,uplink,17.439105
2026-02-10 22:05:00,estimate,sw-core-01,port-id7430,uplink,15.819698
2026-02-10 22:10:00,estimate,sw-core-01,port-id7430,uplink,14.331875
2026-02-10 22:15:00,estimate,sw-core-01,port-id7430,uplink,18.958844
2026-02-10 22:20:00,estimate,sw-core-01,port-id7430,uplink,14.471337
2026-02-10 22:25:00,estimate,sw-core-01,port-id7430,uplink,17.423204
2026-02-10 22:30:00,estimate,sw-core-01,port-id7430,uplink,17.509759
2026-02-10 22:35:00,estimate,sw-core-01,port-id7430,uplink,14.629531
2026-02-10 22:40:00,estimate,sw-core-01,port-id7430,uplink,14.224883
2026-02-10 22:45:00,estimate,sw-core-01,port-id7430,uplink,15.372625
2026-02-10 22:50:00,estimate,sw-core-01,port-id7430,uplink,20.470424
2026-02-10 22:55:00,estimate,sw-core-01,port-id7430,uplink,13.353541
2026-02-10 23:00:00,estimate,sw-core-01,port-id7430,uplink,15.785233
2026-02-10 23:05:00,estimate,sw-core-01,port-id7430,uplink,11.754112
2026-02-10 23:10:00,estimate,sw-core-01,port-id7430,uplink,14.799586
2026-02-10 23:15:00,estimate,sw-core-01,port-id7430,uplink,13.522887
2026-02-10 23:20:00,estimate,sw-core-01,port-id7430,uplink,12.592104
2026-02-10 23:25:00,estimate,sw-core-01,port-id7430,uplink,11.915196
2026-02-10 23:30:00,estimate,sw-core-01,port-id7430,uplink,17.350623
2026-02-10 23:35:00,estimate,sw-core-01,port-id7430,uplink,17.242847
2026-02-10 23:40:00,estimate,sw-core-01,port-id7430,uplink,14.331118
2026-02-10 23:45:00,estimate,sw-core-01,port-id7430,uplink,10.778924
2026-02-10 23:50:00,estimate,sw-core-01,port-id7430,uplink,15.121545
2026-02-10 23:55:00,estimate,sw-core-01,port-id7430,uplink,11.460599
2026-02-11 00:00:00,estimate,sw-core-01,port-id7430,uplink,8.970630
2026-02-11 00:05:00,estimate,sw-core-01,port-id7430,uplink,16.410661
2026-02-11 00:10:00,estimate,sw-core-01,port-id7430,uplink,8.284818
2026-02-11 00:15:00,estimate,sw-core-01,port-id7430,uplink,13.353834
2026-02-11 00:20:00,estimate,sw-core-01,port-id7430,uplink,17.458991
2026-02-11 00:25:00,estimate,sw-core-01,port-id7430,uplink,9.972978
2026-02-11 00:30:00,estimate,sw-core-01,port-id7430,uplink,14.860572
2026-02-11 00:35:00,estimate,sw-core-01,port-id7430,uplink,18.315705
2026-02-11 00:40:00,estimate,sw-core-01,port-id7430,uplink,13.027128
2026-02-11 00:45:00,estimate,sw-core-01,port-id7430,uplink,16.630941
2026-02-11 00:50:00,estimate,sw-core-01,port-id7430,uplink,15.239467
2026-02-11 00:55:00,estimate,sw-core-01,port-id7430,uplink,18.403903
2026-02-11 01:00:00,estimate,sw-core-01,port-id7430,uplink,10.337937
2026-02-11 01:05:00,estimate,sw-core-01,port-id7430,uplink,15.886132
2026-02-11 01:10:00,estimate,sw-core-01,port-id7430,uplink,14.172539
2026-02-11 01:15:00,estimate,sw-core-01,port-id7430,uplink,10.094541
2026-02-11 01:20:00,estimate,sw-core-01,port-id7430,uplink,14.564252
2026-02-11 01:25:00,estimate,sw-core-01,port-id7430,uplink,11.051924
2026-02-11 01:30:00,estimate,sw-core-01,port-id7430,uplink,10.892019
2026-02-11 01:35:00,estimate,sw-core-01,port-id7430,uplink,12.495076
2026-02-11 01:40:00,estimate,sw-core-01,port-id7430,uplink,14.773915
2026-02-11 01:45:00,estimate,sw-core-01,port-id7430,uplink,18.268175
2026-02-11 01:50:00,estimate,sw-core-01,port-id7430,uplink,16.456054
2026-02-11 01:55:00,estimate,sw-core-01,port-id7430,uplink,14.302099
2026-02-11 02:00:00,estimate,sw-core-01,port-id7430,uplink,16.697934
2026-02-11 02:05:00,estimate,sw-core-01,port-id7430,uplink,8.236256
2026-02-11 02:10:00,estimate,sw-core-01,port-id7430,uplink,14.571308
2026-02-11 02:15:00,estimate,sw-core-01,port-id7430,uplink,11.998576
2026-02-11 02:20:00,estimate,sw-core-01,port-id7430,uplink,12.310298
2026-02-11 02:25:00,estimate,sw-core-01,port-id7430,uplink,15.505829
2026-02-11 02:30:00,estimate,sw-core-01,port-id7430,uplink,10.572032
2026-02-11 02:35:00,estimate,sw-core-01,port-id7430,uplink,20.953944
2026-02-11 02:40:00,estimate,sw-core-01,port-id7430,uplink,15.418808
2026-02-11 02:45:00,estimate,sw-core-01,port-id7430,uplink,13.782277
2026-02-11 02:50:00,estimate,sw-core-01,port-id7430,uplink,9.694131
2026-02-11 02:55:00,estimate,sw-core-01,port-id7430,uplink,15.179527
2026-02-11 03:00:00,estimate,sw-core-01,port-id7430,uplink,16.488409
2026-02-11 03:05:00,estimate,sw-core-01,port-id7430,uplink,23.933335
2026-02-11 03:10:00,estimate,sw-core-01,port-id7430,uplink,12.049681
2026-02-11 03:15:00,estimate,sw-core-01,port-id7430,uplink,8.776828
2026-02-11 03:20:00,estimate,sw-core-01,port-id7430,uplink,13.199256
2026-02-11 03:25:00,estimate,sw-core-01,port-id7430,uplink,16.386567
2026-02-11 03:30:00,estimate,sw-core-01,port-id7430,uplink,6.219154
2026-02-11 03:35:00,estimate,sw-core-01,port-id7430,uplink,13.159121
2026-02-11 03:40:00,estimate,sw-core-01,port-id7430,uplink,14.459857
2026-02-11 03:45:00,estimate,sw-core-01,port-id7430,uplink,13.637091
2026-02-11 03:50:00,estimate,sw-core-01,port-id7430,uplink,14.900334
2026-02-11 03:55:00,estimate,sw-core-01,port-id7430,uplink,16.141019
2026-02-11 04:00:00,estimate,sw-core-01,port-id7430,uplink,13.828729
2026-02-11 04:05:00,estimate,sw-core-01,port-id7430,uplink,14.236619
2026-02-11 04:10:00,estimate,sw-core-01,port-id7430,uplink,13.058751
2026-02-11 04:15:00,estimate,sw-core-01,port-id7430,uplink,17.079753
2026-02-11 04:20:00,estimate,sw-core-01,port-id7430,uplink,18.787630
2026-02-11 04:25:00,estimate,sw-core-01,port-id7430,uplink,12.600975
2026-02-11 04:30:00,estimate,sw-core-01,port-id7430,uplink,15.038805
2026-02-11 04:35:00,estimate,sw-core-01,port-id7430,uplink,14.118462
2026-02-11 04:40:00,estimate,sw-core-01,port-id7430,uplink,16.072312
2026-02-11 04:45:00,estimate,sw-core-01,port-id7430,uplink,11.812318
2026-02-11 04:50:00,estimate,sw-core-01,port-id7430,uplink,17.098160
2026-02-11 04:55:00,estimate,sw-core-01,port-id7430,uplink,14.654341
2026-02-11 05:00:00,estimate,sw-core-01,port-id7430,uplink,17.332085
2026-02-11 05:05:00,estimate,sw-core-01,port-id7430,uplink,19.542749
2026-02-11 05:10:00,estimate,sw-core-01,port-id7430,uplink,17.392943
2026-02-11 05:15:00,estimate,sw-core-01,port-id7430,uplink,15.498286
2026-02-11 05:20:00,estimate,sw-core-01,port-id7430,uplink,21.347985
2026-02-11 05:25:00,estimate,sw-core-01,port-id7430,uplink,15.283738
2026-02-11 05:30:00,estimate,sw-core-01,port-id7430,uplink,15.410654
2026-02-11 05:35:00,estimate,sw-core-01,port-id7430,uplink,16.215300
2026-02-11 05:40:00,estimate,sw-core-01,port-id7430,uplink,15.211531
2026-02-11 05:45:00,estimate,sw-core-01,port-id7430,uplink,15.672444
2026-02-11 05:50:00,estimate,sw-core-01,port-id7430,uplink,21.827281
2026-02-11 05:55:00,estimate,sw-core-01,port-id7430,uplink,21.356978
2026-02-11 06:00:00,estimate,sw-core-01,port-id7430,uplink,17.564747
2026-02-11 06:05:00,estimate,sw-core-01,port-id7430,uplink,25.917503
2026-02-11 06:10:00,estimate,sw-core-01,port-id7430,uplink,20.233739
2026-02-11 06:15:00,estimate,sw-core-01,port-id7430,uplink,20.271886
2026-02-11 06:20:00,estimate,sw-core-01,port-id7430,uplink,24.433815
2026-02-11 06:25:00,estimate,sw-core-01,port-id7430,uplink,27.223693
2026-02-11 06:30:00,estimate,sw-core-01,port-id7430,uplink,23.331182
2026-02-11 06:35:00,estimate,sw-core-01,port-id7430,uplink,23.715755
2026-02-11 06:40:00,estimate,sw-core-01,port-id7430,uplink,27.469897
2026-02-11 06:45:00,estimate,sw-core-01,port-id7430,uplink,27.460306
2026-02-11 06:50:00,estimate,sw-core-01,port-id7430,uplink,24.416200
2026-02-11 06:55:00,estimate,sw-core-01,port-id7430,uplink,25.185568
2026-02-11 07:00:00,estimate,sw-core-01,port-id7430,uplink,28.089257
2026-02-11 07:05:00,estimate,sw-core-01,port-id7430,uplink,35.101511
2026-02-11 07:10:00,estimate,sw-core-01,port-id7430,uplink,34.139054
2026-02-11 07:15:00,estimate,sw-core-01,port-id7430,uplink,31.074701
2026-02-11 07:20:00,estimate,sw-core-01,port-id7430,uplink,33.643108
2026-02-11 07:25:00,estimate,sw-core-01,port-id7430,uplink,33.173380
2026-02-11 07:30:00,estimate,sw-core-01,port-id7430,uplink,35.623819
2026-02-11 07:35:00,estimate,sw-core-01,port-id7430,uplink,34.941346
2026-02-11 07:40:00,estimate,sw-core-01,port-id7430,uplink,37.812342
2026-02-11 07:45:00,estimate,sw-core-01,port-id7430,uplink,37.756188
2026-02-11 07:50:00,estimate,sw-core-01,port-id7430,uplink,46.366608
2026-02-11 07:55:00,estimate,sw-core-01,port-id7430,uplink,41.470927
2026-02-11 08:00:00,estimate,sw-core-01,port-id7430,uplink,41.881974
2026-02-11 08:05:00,estimate,sw-core-01,port-id7430,uplink,39.138454
2026-02-11 08:10:00,estimate,sw-core-01,port-id7430,uplink,37.998025
2026-02-11 08:15:00,estimate,sw-core-01,port-id7430,uplink,47.202762
2026-02-11 08:20:00,estimate,sw-core-01,port-id7430,uplink,43.657526
2026-02-11 08:25:00,estimate,sw-core-01,port-id7430,uplink,42.551013
2026-02-11 08:30:00,estimate,sw-core-01,port-id7430,uplink,43.626693
2026-02-11 08:35:00,estimate,sw-core-01,port-id7430,uplink,41.218641
2026-02-11 08:40:00,estimate,sw-core-01,port-id7430,uplink,45.798560
2026-02-11 08:45:00,estimate,sw-core-01,port-id7430,uplink,40.902595
2026-02-11 08:50:00,estimate,sw-core-01,port-id7430,uplink,51.759963
2026-02-11 08:55:00,estimate,sw-core-01,port-id7430,uplink,42.924643
2026-02-11 09:00:00,estimate,sw-core-01,port-id7430,uplink,43.295362
2026-02-11 09:05:00,estimate,sw-core-01,port-id7430,uplink,38.610904
2026-02-11 09:10:00,estimate,sw-core-01,port-id7430,uplink,43.793931
2026-02-11 09:15:00,estimate,sw-core-01,port-id7430,uplink,43.308422
2026-02-11 09:20:00,estimate,sw-core-01,port-id7430,uplink,42.942210
2026-02-11 09:25:00,estimate,sw-core-01,port-id7430,uplink,50.591604
2026-02-11 09:30:00,estimate,sw-core-01,port-id7430,uplink,45.050105
2026-02-11 09:35:00,estimate,sw-core-01,port-id7430,uplink,42.441294
2026-02-11 09:40:00,estimate,sw-core-01,port-id7430,uplink,41.378609
2026-02-11 09:45:00,estimate,sw-core-01,port-id7430,uplink,47.534612
2026-02-11 09:50:00,estimate,sw-core-01,port-id7430,uplink,49.514467
2026-02-11 09:55:00,estimate,sw-core-01,port-id7430,uplink,42.388001
2026-02-11 10:00:00,estimate,sw-core-01,port-id7430,uplink,42.388887
2026-02-11 10:05:00,estimate,sw-core-01,port-id7430,uplink,49.311912
2026-02-11 10:10:00,estimate,sw-core-01,port-id7430,uplink,45.170879
2026-02-11 10:15:00,estimate,sw-core-01,port-id7430,uplink,43.444726
2026-02-11 10:20:00,estimate,sw-core-01,port-id7430,uplink,46.860665
2026-02-11 10:25:00,estimate,sw-core-01,port-id7430,uplink,43.074023
2026-02-11 10:30:00,estimate,sw-core-01,port-id7430,uplink,44.843910
2026-02-11 10:35:00,estimate,sw-core-01,port-id7430,uplink,44.062901
2026-02-11 10:40:00,estimate,sw-core-01,port-id7430,uplink,44.734341
2026-02-11 10:45:00,estimate,sw-core-01,port-id7430,uplink,45.325129
2026-02-11 10:50:00,estimate,sw-core-01,port-id7430,uplink,49.272200
2026-02-11 10:55:00,estimate,sw-core-01,port-id7430,uplink,43.487071
2026-02-11 11:00:00,estimate,sw-core-01,port-id7430,uplink,40.743299
2026-02-11 11:05:00,estimate,sw-core-01,port-id7430,uplink,45.939902
2026-02-11 11:10:00,estimate,sw-core-01,port-id7430,uplink,44.952952
2026-02-11 11:15:00,estimate,sw-core-01,port-id7430,uplink,42.859009
2026-02-11 11:20:00,estimate,sw-core-01,port-id7430,uplink,42.530286
2026-02-11 11:25:00,estimate,sw-core-01,port-id7430,uplink,41.729263
2026-02-11 11:30:00,estimate,sw-core-01,port-id7430,uplink,36.667087
2026-02-11 11:35:00,estimate,sw-core-01,port-id7430,uplink,45.760824
2026-02-11 11:40:00,estimate,sw-core-01,port-id7430,uplink,47.219577
2026-02-11 11:45:00,estimate,sw-core-01,port-id7430,uplink,42.244742
2026-02-11 11:50:00,estimate,sw-core-01,port-id7430,uplink,46.898464
2026-02-11 11:55:00,estimate,sw-core-01,port-id7430,uplink,41.743163
2026-02-11 12:00:00,estimate,sw-core-01,port-id7430,uplink,45.893193
2026-02-11 12:05:00,estimate,sw-core-01,port-id7430,uplink,41.974182
2026-02-11 12:10:00,estimate,sw-core-01,port-id7430,uplink,48.371202
2026-02-11 12:15:00,estimate,sw-core-01,port-id7430,uplink,47.709974
2026-02-11 12:20:00,estimate,sw-core-01,port-id7430,uplink,48.301282
2026-02-11 12:25:00,estimate,sw-core-01,port-id7430,uplink,49.598049
2026-02-11 12:30:00,estimate,sw-core-01,port-id7430,uplink,49.200108
2026-02-11 12:35:00,estimate,sw-core-01,port-id7430,uplink,44.288876
2026-02-11 12:40:00,estimate,sw-core-01,port-id7430,uplink,42.847274
2026-02-11 12:45:00,estimate,sw-core-01,port-id7430,uplink,43.874868
2026-02-11 12:50:00,estimate,sw-core-01,port-id7430,uplink,43.229359
2026-02-11 12:55:00,estimate,sw-core-01,port-id7430,uplink,46.586090
2026-02-11 13:00:00,estimate,sw-core-01,port-id7430,uplink,45.118317
2026-02-11 13:05:00,estimate,sw-core-01,port-id7430,uplink,43.720014
2026-02-11 13:10:00,estimate,sw-core-01,port-id7430,uplink,41.218699
2026-02-11 13:15:00,estimate,sw-core-01,port-id7430,uplink,45.130747
2026-02-11 13:20:00,estimate,sw-core-01,port-id7430,uplink,41.799930
2026-02-11 13:25:00,estimate,sw-core-01,port-id7430,uplink,43.760745
2026-02-11 13:30:00,estimate,sw-core-01,port-id7430,uplink,46.599707
2026-02-11 13:35:00,estimate,sw-core-01,port-id7430,uplink,43.316891
2026-02-11 13:40:00,estimate,sw-core-01,port-id7430,uplink,43.923489
2026-02-11 13:45:00,estimate,sw-core-01,port-id7430,uplink,48.263312
2026-02-11 13:50:00,estimate,sw-core-01,port-id7430,uplink,47.846206
2026-02-11 13:55:00,estimate,sw-core-01,port-id7430,uplink,47.265404
2026-02-11 14:00:00,estimate,sw-core-01,port-id7430,uplink,45.067579
2026-02-11 14:05:00,estimate,sw-core-01,port-id7430,uplink,45.494710
2026-02-11 14:10:00,estimate,sw-core-01,port-id7430,uplink,45.944662
2026-02-11 14:15:00,estimate,sw-core-01,port-id7430,uplink,41.683872
2026-02-11 14:20:00,estimate,sw-core-01,port-id7430,uplink,40.019893
2026-02-11 14:25:00,estimate,sw-core-01,port-id7430,uplink,45.343077
2026-02-11 14:30:00,estimate,sw-core-01,port-id7430,uplink,42.681517
2026-02-11 14:35:00,estimate,sw-core-01,port-id7430,uplink,45.163433
2026-02-11 14:40:00,estimate,sw-core-01,port-id7430,uplink,46.246125
2026-02-11 14:45:00,estimate,sw-core-01,port-id7430,uplink,38.301268
2026-02-11 14:50:00,estimate,sw-core-01,port-id7430,uplink,45.727674
2026-02-11 14:55:00,estimate,sw-core-01,port-id7430,uplink,46.082918
2026-02-11 15:00:00,estimate,sw-core-01,port-id7430,uplink,45.048891
2026-02-11 15:05:00,estimate,sw-core-01,port-id7430,uplink,50.811227
2026-02-11 15:10:00,estimate,sw-core-01,port-id7430,uplink,48.365155
2026-02-11 15:15:00,estimate,sw-core-01,port-id7430,uplink,43.020893
2026-02-11 15:20:00,estimate,sw-core-01,port-id7430,uplink,45.644726
2026-02-11 15:25:00,estimate,sw-core-01,port-id7430,uplink,43.328877
2026-02-11 15:30:00,estimate,sw-core-01,port-id7430,uplink,45.899323
2026-02-11 15:35:00,estimate,sw-core-01,port-id7430,uplink,44.143357
2026-02-11 15:40:00,estimate,sw-core-01,port-id7430,uplink,40.251031
2026-02-11 15:45:00,estimate,sw-core-01,port-id7430,uplink,47.815642
2026-02-11 15:50:00,estimate,sw-core-01,port-id7430,uplink,51.168832
2026-02-11 15:55:00,estimate,sw-core-01,port-id7430,uplink,41.938238
2026-02-11 16:00:00,estimate,sw-core-01,port-id7430,uplink,45.627496
2026-02-11 16:05:00,estimate,sw-core-01,port-id7430,uplink,42.640609
2026-02-11 16:10:00,estimate,sw-core-01,port-id7430,uplink,43.855412
2026-02-11 16:15:00,estimate,sw-core-01,port-id7430,uplink,46.807509
2026-02-11 16:20:00,estimate,sw-core-01,port-id7430,uplink,43.949331
2026-02-11 16:25:00,estimate,sw-core-01,port-id7430,uplink,48.392829
2026-02-11 16:30:00,estimate,sw-core-01,port-id7430,uplink,43.023428
2026-02-11 16:35:00,estimate,sw-core-01,port-id7430,uplink,45.142964
2026-02-11 16:40:00,estimate,sw-core-01,port-id7430,uplink,43.061309
2026-02-11 16:45:00,estimate,sw-core-01,port-id7430,uplink,46.658758
2026-02-11 16:50:00,estimate,sw-core-01,port-id7430,uplink,43.192632
2026-02-11 16:55:00,estimate,sw-core-01,port-id7430,uplink,42.939892
2026-02-11 17:00:00,estimate,sw-core-01,port-id7430,uplink,44.723851
2026-02-11 17:05:00,estimate,sw-core-01,port-id7430,uplink,50.335792
2026-02-11 17:10:00,estimate,sw-core-01,port-id7430,uplink,49.162343
2026-02-11 17:15:00,estimate,sw-core-01,port-id7430,uplink,47.269575
2026-02-11 17:20:00,estimate,sw-core-01,port-id7430,uplink,41.840742
2026-02-11 17:25:00,estimate,sw-core-01,port-id7430,uplink,42.641572
2026-02-11 17:30:00,estimate,sw-core-01,port-id7430,uplink,50.727074
2026-02-11 17:35:00,estimate,sw-core-01,port-id7430,uplink,39.266950
2026-02-11 17:40:00,estimate,sw-core-01,port-id7430,uplink,39.044540
2026-02-11 17:45:00,estimate,sw-core-01,port-id7430,uplink,44.108835
2026-02-11 17:50:00,estimate,sw-core-01,port-id7430,uplink,41.796495
2026-02-11 17:55:00,estimate,sw-core-01,port-id7430,uplink,42.451459
2026-02-11 18:00:00,estimate,sw-core-01,port-id7430,uplink,42.493149
2026-02-11 18:05:00,estimate,sw-core-01,port-id7430,uplink,41.692210
2026-02-11 18:10:00,estimate,sw-core-01,port-id7430,uplink,45.134810
2026-02-11 18:15:00,estimate,sw-core-01,port-id7430,uplink,45.163364
2026-02-11 18:20:00,estimate,sw-core-01,port-id7430,uplink,44.429680
2026-02-11 18:25:00,estimate,sw-core-01,port-id7430,uplink,44.395598
2026-02-11 18:30:00,estimate,sw-core-01,port-id7430,uplink,44.003389
2026-02-11 18:35:00,estimate,sw-core-01,port-id7430,uplink,37.393120
2026-02-11 18:40:00,estimate,sw-core-01,port-id7430,uplink,40.754465
2026-02-11 18:45:00,estimate,sw-core-01,port-id7430,uplink,36.531325
2026-02-11 18:50:00,estimate,sw-core-01,port-id7430,uplink,41.324959
2026-02-11 18:55:00,estimate,sw-core-01,port-id7430,uplink,34.449877
2026-02-11 19:00:00,estimate,sw-core-01,port-id7430,uplink,31.363988
2026-02-11 19:05:00,estimate,sw-core-01,port-id7430,uplink,35.868129
2026-02-11 19:10:00,estimate,sw-core-01,port-id7430,uplink,32.435827
2026-02-11 19:15:00,estimate,sw-core-01,port-id7430,uplink,36.239854
2026-02-11 19:20:00,estimate,sw-core-01,port-id7430,uplink,35.298356
2026-02-11 19:25:00,estimate,sw-core-01,port-id7430,uplink,37.360861
2026-02-11 19:30:00,estimate,sw-core-01,port-id7430,uplink,30.895386
2026-02-11 19:35:00,estimate,sw-core-01,port-id7430,uplink,31.560056
2026-02-11 19:40:00,estimate,sw-core-01,port-id7430,uplink,32.612067
2026-02-11 19:45:00,estimate,sw-core-01,port-id7430,uplink,24.239893
2026-02-11 19:50:00,estimate,sw-core-01,port-id7430,uplink,30.382715
2026-02-11 19:55:00,estimate,sw-core-01,port-id7430,uplink,22.258188
2026-02-11 20:00:00,estimate,sw-core-01,port-id7430,uplink,21.119441
2026-02-11 20:05:00,estimate,sw-core-01,port-id7430,uplink,23.103515
2026-02-11 20:10:00,estimate,sw-core-01,port-id7430,uplink,17.788262
2026-02-11 20:15:00,estimate,sw-core-01,port-id7430,uplink,17.577513
2026-02-11 20:20:00,estimate,sw-core-01,port-id7430,uplink,25.013587
2026-02-11 20:25:00,estimate,sw-core-01,port-id7430,uplink,20.507196
2026-02-11 20:30:00,estimate,sw-core-01,port-id7430,uplink,21.034179
2026-02-11 20:35:00,estimate,sw-core-01,port-id7430,uplink,20.069631
2026-02-11 20:40:00,estimate,sw-core-01,port-id7430,uplink,15.952654
2026-02-11 20:45:00,estimate,sw-core-01,port-id7430,uplink,23.146276
2026-02-11 20:50:00,estimate,sw-core-01,port-id7430,uplink,18.609743
2026-02-11 20:55:00,estimate,sw-core-01,port-id7430,uplink,14.283025
2026-02-11 21:00:00,estimate,sw-core-01,port-id7430,uplink,19.555466
2026-02-11 21:05:00,estimate,sw-core-01,port-id7430,uplink,17.978339
2026-02-11 21:10:00,estimate,sw-core-01,port-id7430,uplink,14.880461
2026-02-11 21:15:00,estimate,sw-core-01,port-id7430,uplink,15.274843
2026-02-11 21:20:00,estimate,sw-core-01,port-id7430,uplink,17.506427
2026-02-11 21:25:00,estimate,sw-core-01,port-id7430,uplink,14.774789
2026-02-11 21:30:00,estimate,sw-core-01,port-id7430,uplink,11.541937
2026-02-11 21:35:00,estimate,sw-core-01,port-id7430,uplink,14.898255
2026-02-11 21:40:00,estimate,sw-core-01,port-id7430,uplink,10.565329
2026-02-11 21:45:00,estimate,sw-core-01,port-id7430,uplink,17.260936
2026-02-11 21:50:00,estimate,sw-core-01,port-id7430,uplink,13.431552
2026-02-11 21:55:00,estimate,sw-core-01,port-id7430,uplink,12.557491
2026-02-11 22:00:00,estimate,sw-core-01,port-id7430,uplink,13.880935
2026-02-11 22:05:00,estimate,sw-core-01,port-id7430,uplink,20.607945
2026-02-11 22:10:00,estimate,sw-core-01,port-id7430,uplink,12.728685
2026-02-11 22:15:00,estimate,sw-core-01,port-id7430,uplink,17.517327
2026-02-11 22:20:00,estimate,sw-core-01,port-id7430,uplink,13.815476
2026-02-11 22:25:00,estimate,sw-core-01,port-id7430,uplink,12.987690
2026-02-11 22:30:00,estimate,sw-core-01,port-id7430,uplink,13.013843
2026-02-11 22:35:00,estimate,sw-core-01,port-id7430,uplink,8.661922
2026-02-11 22:40:00,estimate,sw-core-01,port-id7430,uplink,19.329118
2026-02-11 22:45:00,estimate,sw-core-01,port-id7430,uplink,15.350235
2026-02-11 22:50:00,estimate,sw-core-01,port-id7430,uplink,18.668282
2026-02-11 22:55:00,estimate,sw-core-01,port-id7430,uplink,17.568087
2026-02-11 23:00:00,estimate,sw-core-01,port-id7430,uplink,14.980016
2026-02-11 23:05:00,estimate,sw-core-01,port-id7430,uplink,16.993902
2026-02-11 23:10:00,estimate,sw-core-01,port-id7430,uplink,18.813669
2026-02-11 23:15:00,estimate,sw-core-01,port-id7430,uplink,9.418501
2026-02-11 23:20:00,estimate,sw-core-01,port-id7430,uplink,14.476331
2026-02-11 23:25:00,estimate,sw-core-01,port-id7430,uplink,12.663313
2026-02-11 23:30:00,estimate,sw-core-01,port-id7430,uplink,8.651495
2026-02-11 23:35:00,estimate,sw-core-01,port-id7430,uplink,15.550277
2026-02-11 23:40:00,estimate,sw-core-01,port-id7430,uplink,16.925582
2026-02-11 23:45:00,estimate,sw-core-01,port-id7430,uplink,13.808564
2026-02-11 23:50:00,estimate,sw-core-01,port-id7430,uplink,14.950210
2026-02-11 23:55:00,estimate,sw-core-01,port-id7430,uplink,12.549060
2026-02-12 00:00:00,estimate,sw-core-01,port-id7430,uplink,18.324188
2026-02-12 00:05:00,estimate,sw-core-01,port-id7430,uplink,17.115956
2026-02-12 00:10:00,estimate,sw-core-01,port-id7430,uplink,18.632567
2026-02-12 00:15:00,estimate,sw-core-01,port-id7430,uplink,11.736714
2026-02-12 00:20:00,estimate,sw-core-01,port-id7430,uplink,12.034913
2026-02-12 00:25:00,estimate,sw-core-01,port-id7430,uplink,18.426396
2026-02-12 00:30:00,estimate,sw-core-01,port-id7430,uplink,17.061299
2026-02-12 00:35:00,estimate,sw-core-01,port-id7430,uplink,17.347458
2026-02-12 00:40:00,estimate,sw-core-01,port-id7430,uplink,14.143263
2026-02-12 00:45:00,estimate,sw-core-01,port-id7430,uplink,9.859241
2026-02-12 00:50:00,estimate,sw-core-01,port-id7430,uplink,15.345816
2026-02-12 00:55:00,estimate,sw-core-01,port-id7430,uplink,16.584325
2026-02-12 01:00:00,estimate,sw-core-01,port-id7430,uplink,15.146362
2026-02-12 01:05:00,estimate,sw-core-01,port-id7430,uplink,15.046295
2026-02-12 01:10:00,estimate,sw-core-01,port-id7430,uplink,18.394306
2026-02-12 01:15:00,estimate,sw-core-01,port-id7430,uplink,17.607629
2026-02-12 01:20:00,estimate,sw-core-01,port-id7430,uplink,17.958965
2026-02-12 01:25:00,estimate,sw-core-01,port-id7430,uplink,11.029013
2026-02-12 01:30:00,estimate,sw-core-01,port-id7430,uplink,17.183462
2026-02-12 01:35:00,estimate,sw-core-01,port-id7430,uplink,13.257271
2026-02-12 01:40:00,estimate,sw-core-01,port-id7430,uplink,16.721672
2026-02-12 01:45:00,estimate,sw-core-01,port-id7430,uplink,16.561344
2026-02-12 01:50:00,estimate,sw-core-01,port-id7430,uplink,18.688827
2026-02-12 01:55:00,estimate,sw-core-01,port-id7430,uplink,15.024713
2026-02-12 02:00:00,estimate,sw-core-01,port-id7430,uplink,10.607758
2026-02-12 02:05:00,estimate,sw-core-01,port-id7430,uplink,15.297958
2026-02-12 02:10:00,estimate,sw-core-01,port-id7430,uplink,12.043439
2026-02-12 02:15:00,estimate,sw-core-01,port-id7430,uplink,13.504872
2026-02-12 02:20:00,estimate,sw-core-01,port-id7430,uplink,14.583336
2026-02-12 02:25:00,estimate,sw-core-01,port-id7430,uplink,10.456179
2026-02-12 02:30:00,estimate,sw-core-01,port-id7430,uplink,17.598076
2026-02-12 02:35:00,estimate,sw-core-01,port-id7430,uplink,14.459107
2026-02-12 02:40:00,estimate,sw-core-01,port-id7430,uplink,14.788366
2026-02-12 02:45:00,estimate,sw-core-01,port-id7430,uplink,14.894872
2026-02-12 02:50:00,estimate,sw-core-01,port-id7430,uplink,12.242276
2026-02-12 02:55:00,estimate,sw-core-01,port-id7430,uplink,12.956070
2026-02-12 03:00:00,estimate,sw-core-01,port-id7430,uplink,14.192084
2026-02-12 03:05:00,estimate,sw-core-01,port-id7430,uplink,18.254101
2026-02-12 03:10:00,estimate,sw-core-01,port-id7430,uplink,17.971002
2026-02-12 03:15:00,estimate,sw-core-01,port-id7430,uplink,12.826741
2026-02-12 03:20:00,estimate,sw-core-01,port-id7430,uplink,11.533191
2026-02-12 03:25:00,estimate,sw-core-01,port-id7430,uplink,11.858312
2026-02-12 03:30:00,estimate,sw-core-01,port-id7430,uplink,11.653711
2026-02-12 03:35:00,estimate,sw-core-01,port-id7430,uplink,20.661876
2026-02-12 03:40:00,estimate,sw-core-01,port-id7430,uplink,13.098375
2026-02-12 03:45:00,estimate,sw-core-01,port-id7430,uplink,9.436796
2026-02-12 03:50:00,estimate,sw-core-01,port-id7430,uplink,11.506102
2026-02-12 03:55:00,estimate,sw-core-01,port-id7430,uplink,12.480512
2026-02-12 04:00:00,estimate,sw-core-01,port-id7430,uplink,10.400381
2026-02-12 04:05:00,estimate,sw-core-01,port-id7430,uplink,16.303676
2026-02-12 04:10:00,estimate,sw-core-01,port-id7430,uplink,9.501707
2026-02-12 04:15:00,estimate,sw-core-01,port-id7430,uplink,16.321919
2026-02-12 04:20:00,estimate,sw-core-01,port-id7430,uplink,16.388986
2026-02-12 04:25:00,estimate,sw-core-01,port-id7430,uplink,15.155438
2026-02-12 04:30:00,estimate,sw-core-01,port-id7430,uplink,20.586194
2026-02-12 04:35:00,estimate,sw-core-01,port-id7430,uplink,14.918917
2026-02-12 04:40:00,estimate,sw-core-01,port-id7430,uplink,19.043008
2026-02-12 04:45:00,estimate,sw-core-01,port-id7430,uplink,17.051975
2026-02-12 04:50:00,estimate,sw-core-01,port-id7430,uplink,16.706456
2026-02-12 04:55:00,estimate,sw-core-01,port-id7430,uplink,14.637669
2026-02-12 05:00:00,estimate,sw-core-01,port-id7430,uplink,11.356752
2026-02-12 05:05:00,estimate,sw-core-01,port-id7430,uplink,20.100553
2026-02-12 05:10:00,estimate,sw-core-01,port-id7430,uplink,15.189887
2026-02-12 05:15:00,estimate,sw-core-01,port-id7430,uplink,14.984928
2026-02-12 05:20:00,estimate,sw-core-01,port-id7430,uplink,14.074298
2026-02-12 05:25:00,estimate,sw-core-01,port-id7430,uplink,18.423298
2026-02-12 05:30:00,estimate,sw-core-01,port-id7430,uplink,23.059502
2026-02-12 05:35:00,estimate,sw-core-01,port-id7430,uplink,22.690418
2026-02-12 05:40:00,estimate,sw-core-01,port-id7430,uplink,17.201610
2026-02-12 05:45:00,estimate,sw-core-01,port-id7430,uplink,19.687130
2026-02-12 05:50:00,estimate,sw-core-01,port-id7430,uplink,12.889685
2026-02-12 05:55:00,estimate,sw-core-01,port-id7430,uplink,20.277670
2026-02-12 06:00:00,estimate,sw-core-01,port-id7430,uplink,19.026525
2026-02-12 06:05:00,estimate,sw-core-01,port-id7430,uplink,23.352707
2026-02-12 06:10:00,estimate,sw-core-01,port-id7430,uplink,20.227103
2026-02-12 06:15:00,estimate,sw-core-01,port-id7430,uplink,13.707804
2026-02-12 06:20:00,estimate,sw-core-01,port-id7430,uplink,20.920775
2026-02-12 06:25:00,estimate,sw-core-01,port-id7430,uplink,23.832303
2026-02-12 06:30:00,estimate,sw-core-01,port-id7430,uplink,23.071755
2026-02-12 06:35:00,estimate,sw-core-01,port-id7430,uplink,30.847487
2026-02-12 06:40:00,estimate,sw-core-01,port-id7430,uplink,26.680476
2026-02-12 06:45:00,estimate,sw-core-01,port-id7430,uplink,23.336343
2026-02-12 06:50:00,estimate,sw-core-01,port-id7430,uplink,28.554574
2026-02-12 06:55:00,estimate,sw-core-01,port-id7430,uplink,29.722410
2026-02-12 07:00:00,estimate,sw-core-01,port-id7430,uplink,27.519886
2026-02-12 07:05:00,estimate,sw-core-01,port-id7430,uplink,26.329227
2026-02-12 07:10:00,estimate,sw-core-01,port-id7430,uplink,31.669151
2026-02-12 07:15:00,estimate,sw-core-01,port-id7430,uplink,33.775911
2026-02-12 07:20:00,estimate,sw-core-01,port-id7430,uplink,31.089716
2026-02-12 07:25:00,estimate,sw-core-01,port-id7430,uplink,34.737655
2026-02-12 07:30:00,estimate,sw-core-01,port-id7430,uplink,30.987878
2026-02-12 07:35:00,estimate,sw-core-01,port-id7430,uplink,34.119686
2026-02-12 07:40:00,estimate,sw-core-01,port-id7430,uplink,35.160748
2026-02-12 07:45:00,estimate,sw-core-01,port-id7430,uplink,40.946509
2026-02-12 07:50:00,estimate,sw-core-01,port-id7430,uplink,40.018448
2026-02-12 07:55:00,estimate,sw-core-01,port-id7430,uplink,43.398781
2026-02-12 08:00:00,estimate,sw-core-01,port-id7430,uplink,39.973182
2026-02-12 08:05:00,estimate,sw-core-01,port-id7430,uplink,36.281351
2026-02-12 08:10:00,estimate,sw-core-01,port-id7430,uplink,35.487176
2026-02-12 08:15:00,estimate,sw-core-01,port-id7430,uplink,41.322935
2026-02-12 08:20:00,estimate,sw-core-01,port-id7430,uplink,44.092039
2026-02-12 08:25:00,estimate,sw-core-01,port-id7430,uplink,41.467497
2026-02-12 08:30:00,estimate,sw-core-01,port-id7430,uplink,37.715230
2026-02-12 08:35:00,estimate,sw-core-01,port-id7430,uplink,42.433936
2026-02-12 08:40:00,estimate,sw-core-01,port-id7430,uplink,45.477170
2026-02-12 08:45:00,estimate,sw-core-01,port-id7430,uplink,41.041908
2026-02-12 08:50:00,estimate,sw-core-01,port-id7430,uplink,42.789638
2026-02-12 08:55:00,estimate,sw-core-01,port-id7430,uplink,44.295954
2026-02-12 09:00:00,estimate,sw-core-01,port-id7430,uplink,40.621516
2026-02-12 09:05:00,estimate,sw-core-01,port-id7430,uplink,41.639758
2026-02-12 09:10:00,estimate,sw-core-01,port-id7430,uplink,45.953508
2026-02-12 09:15:00,estimate,sw-core-01,port-id7430,uplink,45.198480
2026-02-12 09:20:00,estimate,sw-core-01,port-id7430,uplink,47.933594
2026-02-12 09:25:00,estimate,sw-core-01,port-id7430,uplink,43.719278
2026-02-12 09:30:00,estimate,sw-core-01,port-id7430,uplink,46.381838
2026-02-12 09:35:00,estimate,sw-core-01,port-id7430,uplink,43.176959
2026-02-12 09:40:00,estimate,sw-core-01,port-id7430,uplink,45.372497
2026-02-12 09:45:00,estimate,sw-core-01,port-id7430,uplink,45.053499
2026-02-12 09:50:00,estimate,sw-core-01,port-id7430,uplink,48.985083
2026-02-12 09:55:00,estimate,sw-core-01,port-id7430,uplink,40.948815
2026-02-12 10:00:00,estimate,sw-core-01,port-id7430,uplink,48.448344
2026-02-12 10:05:00,estimate,sw-core-01,port-id7430,uplink,46.872226
2026-02-12 10:10:00,estimate,sw-core-01,port-id7430,uplink,48.636352
2026-02-12 10:15:00,estimate,sw-core-01,port-id7430,uplink,46.718460
2026-02-12 10:20:00,estimate,sw-core-01,port-id7430,uplink,52.185299
2026-02-12 10:25:00,estimate,sw-core-01,port-id7430,uplink,39.278791
2026-02-12 10:30:00,estimate,sw-core-01,port-id7430,uplink,45.214577
2026-02-12 10:35:00,estimate,sw-core-01,port-id7430,uplink,41.522801
2026-02-12 10:40:00,estimate,sw-core-01,port-id7430,uplink,42.190405
2026-02-12 10:45:00,estimate,sw-core-01,port-id7430,uplink,47.371281
2026-02-12 10:50:00,estimate,sw-core-01,port-id7430,uplink,45.550300
2026-02-12 10:55:00,estimate,sw-core-01,port-id7430,uplink,50.268734
2026-02-12 11:00:00,estimate,sw-core-01,port-id7430,uplink,44.534658
2026-02-12 11:05:00,estimate,sw-core-01,port-id7430,uplink,45.908133
2026-02-12 11:10:00,estimate,sw-core-01,port-id7430,uplink,43.781467
2026-02-12 11:15:00,estimate,sw-core-01,port-id7430,uplink,46.317762
2026-02-12 11:20:00,estimate,sw-core-01,port-id7430,uplink,47.139954
2026-02-12 11:25:00,estimate,sw-core-01,port-id7430,uplink,41.533165
2026-02-12 11:30:00,estimate,sw-core-01,port-id7430,uplink,41.114401
2026-02-12 11:35:00,estimate,sw-core-01,port-id7430,uplink,47.377385
2026-02-12 11:40:00,estimate,sw-core-01,port-id7430,uplink,43.540303
2026-02-12 11:45:00,estimate,sw-core-01,port-id7430,uplink,43.211383
2026-02-12 11:50:00,estimate,sw-core-01,port-id7430,uplink,41.272520
2026-02-12 11:55:00,estimate,sw-core-01,port-id7430,uplink,39.163768
2026-02-12 12:00:00,estimate,sw-core-01,port-id7430,uplink,42.479920
2026-02-12 12:05:00,estimate,sw-core-01,port-id7430,uplink,48.233728
2026-02-12 12:10:00,estimate,sw-core-01,port-id7430,uplink,40.592286
2026-02-12 12:15:00,estimate,sw-core-01,port-id7430,uplink,49.981029
2026-02-12 12:20:00,estimate,sw-core-01,port-id7430,uplink,45.511581
2026-02-12 12:25:00,estimate,sw-core-01,port-id7430,uplink,45.952703
2026-02-12 12:30:00,estimate,sw-core-01,port-id7430,uplink,45.610019
2026-02-12 12:35:00,estimate,sw-core-01,port-id7430,uplink,49.173609
2026-02-12 12:40:00,estimate,sw-core-01,port-id7430,uplink,44.238647
2026-02-12 12:45:00,estimate,sw-core-01,port-id7430,uplink,43.447077
2026-02-12 12:50:00,estimate,sw-core-01,port-id7430,uplink,42.972225
2026-02-12 12:55:00,estimate,sw-core-01,port-id7430,uplink,40.893382
2026-02-12 13:00:00,estimate,sw-core-01,port-id7430,uplink,46.564602
2026-02-12 13:05:00,estimate,sw-core-01,port-id7430,uplink,38.579495
2026-02-12 13:10:00,estimate,sw-core-01,port-id7430,uplink,44.956239
2026-02-12 13:15:00,estimate,sw-core-01,port-id7430,uplink,43.097512
2026-02-12 13:20:00,estimate,sw-core-01,port-id7430,uplink,47.420994
2026-02-12 13:25:00,estimate,sw-core-01,port-id7430,uplink,46.320013
2026-02-12 13:30:00,estimate,sw-core-01,port-id7430,uplink,41.199834
2026-02-12 13:35:00,estimate,sw-core-01,port-id7430,uplink,49.198853
2026-02-12 13:40:00,estimate,sw-core-01,port-id7430,uplink,40.900078
2026-02-12 13:45:00,estimate,sw-core-01,port-id7430,uplink,43.711454
2026-02-12 13:50:00,estimate,sw-core-01,port-id7430,uplink,44.383426
2026-02-12 13:55:00,estimate,sw-core-01,port-id7430,uplink,46.031196
2026-02-12 14:00:00,estimate,sw-core-01,port-id7430,uplink,46.439721
2026-02-12 14:05:00,estimate,sw-core-01,port-id7430,uplink,45.632340
2026-02-12 14:10:00,estimate,sw-core-01,port-id7430,uplink,47.180452
2026-02-12 14:15:00,estimate,sw-core-01,port-id7430,uplink,43.336263
2026-02-12 14:20:00,estimate,sw-core-01,port-id7430,uplink,44.287094
2026-02-12 14:25:00,estimate,sw-core-01,port-id7430,uplink,42.548074
2026-02-12 14:30:00,estimate,sw-core-01,port-id7430,uplink,41.344259
2026-02-12 14:35:00,estimate,sw-core-01,port-id7430,uplink,44.789787
2026-02-12 14:40:00,estimate,sw-core-01,port-id7430,uplink,43.517843
2026-02-12 14:45:00,estimate,sw-core-01,port-id7430,uplink,41.118018
2026-02-12 14:50:00,estimate,sw-core-01,port-id7430,uplink,43.161033
2026-02-12 14:55:00,estimate,sw-core-01,port-id7430,uplink,44.488433
2026-02-12 15:00:00,estimate,sw-core-01,port-id7430,uplink,41.253050
2026-02-12 15:05:00,estimate,sw-core-01,port-id7430,uplink,41.442288
2026-02-12 15:10:00,estimate,sw-core-01,port-id7430,uplink,43.388480
2026-02-12 15:15:00,estimate,sw-core-01,port-id7430,uplink,44.100809
2026-02-12 15:20:00,estimate,sw-core-01,port-id7430,uplink,48.810965
2026-02-12 15:25:00,estimate,sw-core-01,port-id7430,uplink,44.090287
2026-02-12 15:30:00,estimate,sw-core-01,port-id7430,uplink,46.731547
2026-02-12 15:35:00,estimate,sw-core-01,port-id7430,uplink,50.654872
2026-02-12 15:40:00,estimate,sw-core-01,port-id7430,uplink,49.614929
2026-02-12 15:45:00,estimate,sw-core-01,port-id7430,uplink,42.322891
2026-02-12 15:50:00,estimate,sw-core-01,port-id7430,uplink,45.533360
2026-02-12 15:55:00,estimate,sw-core-01,port-id7430,uplink,43.868967
2026-02-12 16:00:00,estimate,sw-core-01,port-id7430,uplink,43.984582
2026-02-12 16:05:00,estimate,sw-core-01,port-id7430,uplink,43.196733
2026-02-12 16:10:00,estimate,sw-core-01,port-id7430,uplink,49.463584
2026-02-12 16:15:00,estimate,sw-core-01,port-id7430,uplink,43.721443
2026-02-12 16:20:00,estimate,sw-core-01,port-id7430,uplink,41.457747
2026-02-12 16:25:00,estimate,sw-core-01,port-id7430,uplink,46.617482
2026-02-12 16:30:00,estimate,sw-core-01,port-id7430,uplink,47.126657
2026-02-12 16:35:00,estimate,sw-core-01,port-id7430,uplink,43.014809
2026-02-12 16:40:00,estimate,sw-core-01,port-id7430,uplink,44.341350
2026-02-12 16:45:00,estimate,sw-core-01,port-id7430,uplink,46.368785
2026-02-12 16:50:00,estimate,sw-core-01,port-id7430,uplink,44.021850
2026-02-12 16:55:00,estimate,sw-core-01,port-id7430,uplink,46.821224
2026-02-12 17:00:00,estimate,sw-core-01,port-id7430,uplink,43.166573
2026-02-12 17:05:00,estimate,sw-core-01,port-id7430,uplink,50.693278
2026-02-12 17:10:00,estimate,sw-core-01,port-id7430,uplink,48.493573
2026-02-12 17:15:00,estimate,sw-core-01,port-id7430,uplink,40.519071
2026-02-12 17:20:00,estimate,sw-core-01,port-id7430,uplink,46.969456
2026-02-12 17:25:00,estimate,sw-core-01,port-id7430,uplink,48.542861
2026-02-12 17:30:00,estimate,sw-core-01,port-id7430,uplink,40.571798
2026-02-12 17:35:00,estimate,sw-core-01,port-id7430,uplink,42.222459
2026-02-12 17:40:00,estimate,sw-core-01,port-id7430,uplink,43.042751
2026-02-12 17:45:00,estimate,sw-core-01,port-id7430,uplink,45.309289
2026-02-12 17:50:00,estimate,sw-core-01,port-id7430,uplink,37.205998
2026-02-12 17:55:00,estimate,sw-core-01,port-id7430,uplink,40.368294
2026-02-12 18:00:00,estimate,sw-core-01,port-id7430,uplink,43.277543
2026-02-12 18:05:00,estimate,sw-core-01,port-id7430,uplink,46.102851
2026-02-12 18:10:00,estimate,sw-core-01,port-id7430,uplink,42.745068
2026-02-12 18:15:00,estimate,sw-core-01,port-id7430,uplink,43.258053
2026-02-12 18:20:00,estimate,sw-core-01,port-id7430,uplink,41.542673
2026-02-12 18:25:00,estimate,sw-core-01,port-id7430,uplink,40.371404
2026-02-12 18:30:00,estimate,sw-core-01,port-id7430,uplink,42.818710
2026-02-12 18:35:00,estimate,sw-core-01,port-id7430,uplink,42.241888
2026-02-12 18:40:00,estimate,sw-core-01,port-id7430,uplink,45.591726
2026-02-12 18:45:00,estimate,sw-core-01,port-id7430,uplink,39.200400
2026-02-12 18:50:00,estimate,sw-core-01,port-id7430,uplink,38.498722
2026-02-12 18:55:00,estimate,sw-core-01,port-id7430,uplink,29.422522
2026-02-12 19:00:00,estimate,sw-core-01,port-id7430,uplink,34.323632
2026-02-12 19:05:00,estimate,sw-core-01,port-id7430,uplink,34.806647
2026-02-12 19:10:00,estimate,sw-core-01,port-id7430,uplink,28.902073
2026-02-12 19:15:00,estimate,sw-core-01,port-id7430,uplink,36.107962
2026-02-12 19:20:00,estimate,sw-core-01,port-id7430,uplink,35.473612
2026-02-12 19:25:00,estimate,sw-core-01,port-id7430,uplink,27.063306
2026-02-12 19:30:00,estimate,sw-core-01,port-id7430,uplink,31.223442
2026-02-12 19:35:00,estimate,sw-core-01,port-id7430,uplink,31.689583
2026-02-12 19:40:00,estimate,sw-core-01,port-id7430,uplink,27.942362
2026-02-12 19:45:00,estimate,sw-core-01,port-id7430,uplink,25.412208
2026-02-12 19:50:00,estimate,sw-core-01,port-id7430,uplink,30.658520
2026-02-12 19:55:00,estimate,sw-core-01,port-id7430,uplink,25.743213
2026-02-12 20:00:00,estimate,sw-core-01,port-id7430,uplink,27.304889
2026-02-12 20:05:00,estimate,sw-core-01,port-id7430,uplink,22.593859
2026-02-12 20:10:00,estimate,sw-core-01,port-id7430,uplink,24.004959
2026-02-12 20:15:00,estimate,sw-core-01,port-id7430,uplink,19.657195
2026-02-12 20:20:00,estimate,sw-core-01,port-id7430,uplink,18.912120
2026-02-12 20:25:00,estimate,sw-core-01,port-id7430,uplink,23.528349
2026-02-12 20:30:00,estimate,sw-core-01,port-id7430,uplink,26.525245
2026-02-12 20:35:00,estimate,sw-core-01,port-id7430,uplink,19.094338
2026-02-12 20:40:00,estimate,sw-core-01,port-id7430,uplink,17.739174
2026-02-12 20:45:00,estimate,sw-core-01,port-id7430,uplink,20.289101
2026-02-12 20:50:00,estimate,sw-core-01,port-id7430,uplink,14.922165
2026-02-12 20:55:00,estimate,sw-core-01,port-id7430,uplink,15.078729
2026-02-12 21:00:00,estimate,sw-core-01,port-id7430,uplink,21.337180
2026-02-12 21:05:00,estimate,sw-core-01,port-id7430,uplink,20.248390
2026-02-12 21:10:00,estimate,sw-core-01,port-id7430,uplink,15.037647
2026-02-12 21:15:00,estimate,sw-core-01,port-id7430,uplink,10.935552
2026-02-12 21:20:00,estimate,sw-core-01,port-id7430,uplink,19.807307
2026-02-12 21:25:00,estimate,sw-core-01,port-id7430,uplink,23.148811
2026-02-12 21:30:00,estimate,sw-core-01,port-id7430,uplink,18.785511
2026-02-12 21:35:00,estimate,sw-core-01,port-id7430,uplink,16.684577
2026-02-12 21:40:00,estimate,sw-core-01,port-id7430,uplink,13.465791
2026-02-12 21:45:00,estimate,sw-core-01,port-id7430,uplink,21.471151
2026-02-12 21:50:00,estimate,sw-core-01,port-id7430,uplink,16.021233
2026-02-12 21:55:00,estimate,sw-core-01,port-id7430,uplink,15.070927
2026-02-12 22:00:00,estimate,sw-core-01,port-id7430,uplink,12.134281
2026-02-12 22:05:00,estimate,sw-core-01,port-id7430,uplink,16.903642
2026-02-12 22:10:00,estimate,sw-core-01,port-id7430,uplink,14.308836
2026-02-12 22:15:00,estimate,sw-core-01,port-id7430,uplink,15.447308
2026-02-12 22:20:00,estimate,sw-core-01,port-id7430,uplink,13.922211
2026-02-12 22:25:00,estimate,sw-core-01,port-id7430,uplink,12.854361
2026-02-12 22:30:00,estimate,sw-core-01,port-id7430,uplink,11.151682
2026-02-12 22:35:00,estimate,sw-core-01,port-id7430,uplink,9.642854
2026-02-12 22:40:00,estimate,sw-core-01,port-id7430,uplink,14.604560
2026-02-12 22:45:00,estimate,sw-core-01,port-id7430,uplink,16.669676
2026-02-12 22:50:00,estimate,sw-core-01,port-id7430,uplink,11.947052
2026-02-12 22:55:00,estimate,sw-core-01,port-id7430,uplink,17.147106
2026-02-12 23:00:00,estimate,sw-core-01,port-id7430,uplink,13.137715
2026-02-12 23:05:00,estimate,sw-core-01,port-id7430,uplink,15.503706
2026-02-12 23:10:00,estimate,sw-core-01,port-id7430,uplink,17.562031
2026-02-12 23:15:00,estimate,sw-core-01,port-id7430,uplink,12.636605
2026-02-12 23:20:00,estimate,sw-core-01,port-id7430,uplink,19.805362
2026-02-12 23:25:00,estimate,sw-core-01,port-id7430,uplink,11.585775
2026-02-12 23:30:00,estimate,sw-core-01,port-id7430,uplink,13.247552
2026-02-12 23:35:00,estimate,sw-core-01,port-id7430,uplink,15.688465
2026-02-12 23:40:00,estimate,sw-core-01,port-id7430,uplink,18.282422
2026-02-12 23:45:00,estimate,sw-core-01,port-id7430,uplink,8.467938
2026-02-12 23:50:00,estimate,sw-core-01,port-id7430,uplink,12.528995
2026-02-12 23:55:00,estimate,sw-core-01,port-id7430,uplink,17.631002
2026-02-13 00:00:00,estimate,sw-core-01,port-id7430,uplink,14.888831
2026-02-13 00:05:00,estimate,sw-core-01,port-id7430,uplink,16.186079
2026-02-13 00:10:00,estimate,sw-core-01,port-id7430,uplink,12.471433
2026-02-13 00:15:00,estimate,sw-core-01,port-id7430,uplink,9.732401
2026-02-13 00:20:00,estimate,sw-core-01,port-id7430,uplink,11.671918
2026-02-13 00:25:00,estimate,sw-core-01,port-id7430,uplink,17.067960
2026-02-13 00:30:00,estimate,sw-core-01,port-id7430,uplink,11.994496
2026-02-13 00:35:00,estimate,sw-core-01,port-id7430,uplink,10.553606
2026-02-13 00:40:00,estimate,sw-core-01,port-id7430,uplink,9.425158
2026-02-13 00:45:00,estimate,sw-core-01,port-id7430,uplink,17.519734
2026-02-13 00:50:00,estimate,sw-core-01,port-id7430,uplink,17.653843
2026-02-13 00:55:00,estimate,sw-core-01,port-id7430,uplink,8.898294
2026-02-13 01:00:00,estimate,sw-core-01,port-id7430,uplink,14.552075
2026-02-13 01:05:00,estimate,sw-core-01,port-id7430,uplink,14.698924
2026-02-13 01:10:00,estimate,sw-core-01,port-id7430,uplink,17.069144
2026-02-13 01:15:00,estimate,sw-core-01,port-id7430,uplink,14.459328
2026-02-13 01:20:00,estimate,sw-core-01,port-id7430,uplink,10.412656
2026-02-13 01:25:00,estimate,sw-core-01,port-id7430,uplink,11.901962
2026-02-13 01:30:00,estimate,sw-core-01,port-id7430,uplink,14.661518
2026-02-13 01:35:00,estimate,sw-core-01,port-id7430,uplink,11.705264
2026-02-13 01:40:00,estimate,sw-core-01,port-id7430,uplink,15.123479
2026-02-13 01:45:00,estimate,sw-core-01,port-id7430,uplink,17.776274
2026-02-13 01:50:00,estimate,sw-core-01,port-id7430,uplink,13.512926
2026-02-13 01:55:00,estimate,sw-core-01,port-id7430,uplink,10.578779
2026-02-13 02:00:00,estimate,sw-core-01,port-id7430,uplink,15.997825
2026-02-13 02:05:00,estimate,sw-core-01,port-id7430,uplink,16.028174
2026-02-13 02:10:00,estimate,sw-core-01,port-id7430,uplink,16.063024
2026-02-13 02:15:00,estimate,sw-core-01,port-id7430,uplink,15.834595
2026-02-13 02:20:00,estimate,sw-core-01,port-id7430,uplink,19.197207
2026-02-13 02:25:00,estimate,sw-core-01,port-id7430,uplink,14.104837
2026-02-13 02:30:00,estimate,sw-core-01,port-id7430,uplink,17.881303
2026-02-13 02:35:00,estimate,sw-core-01,port-id7430,uplink,11.211877
2026-02-13 02:40:00,estimate,sw-core-01,port-id7430,uplink,16.415404
2026-02-13 02:45:00,estimate,sw-core-01,port-id7430,uplink,11.766273
2026-02-13 02:50:00,estimate,sw-core-01,port-id7430,uplink,11.847010
2026-02-13 02:55:00,estimate,sw-core-01,port-id7430,uplink,16.229165
2026-02-13 03:00:00,estimate,sw-core-01,port-id7430,uplink,12.291407
2026-02-13 03:05:00,estimate,sw-core-01,port-id7430,uplink,14.211471
2026-02-13 03:10:00,estimate,sw-core-01,port-id7430,uplink,15.963130
2026-02-13 03:15:00,estimate,sw-core-01,port-id7430,uplink,16.128790
2026-02-13 03:20:00,estimate,sw-core-01,port-id7430,uplink,11.586651
2026-02-13 03:25:00,estimate,sw-core-01,port-id7430,uplink,15.157097
2026-02-13 03:30:00,estimate,sw-core-01,port-id7430,uplink,17.614786
2026-02-13 03:35:00,estimate,sw-core-01,port-id7430,uplink,14.153555
2026-02-13 03:40:00,estimate,sw-core-01,port-id7430,uplink,18.520895
2026-02-13 03:45:00,estimate,sw-core-01,port-id7430,uplink,17.502526
2026-02-13 03:50:00,estimate,sw-core-01,port-id7430,uplink,15.364099
2026-02-13 03:55:00,estimate,sw-core-01,port-id7430,uplink,14.696565
2026-02-13 04:00:00,estimate,sw-core-01,port-id7430,uplink,13.552866
2026-02-13 04:05:00,estimate,sw-core-01,port-id7430,uplink,17.154168
2026-02-13 04:10:00,estimate,sw-core-01,port-id7430,uplink,12.600710
2026-02-13 04:15:00,estimate,sw-core-01,port-id7430,uplink,15.993675
2026-02-13 04:20:00,estimate,sw-core-01,port-id7430,uplink,10.158887
2026-02-13 04:25:00,estimate,sw-core-01,port-id7430,uplink,15.527195
2026-02-13 04:30:00,estimate,sw-core-01,port-id7430,uplink,15.593756
2026-02-13 04:35:00,estimate,sw-core-01,port-id7430,uplink,21.655865
2026-02-13 04:40:00,estimate,sw-core-01,port-id7430,uplink,24.397273
2026-02-13 04:45:00,estimate,sw-core-01,port-id7430,uplink,11.424053
2026-02-13 04:50:00,estimate,sw-core-01,port-id7430,uplink,18.111685
2026-02-13 04:55:00,estimate,sw-core-01,port-id7430,uplink,18.298887
2026-02-13 05:00:00,estimate,sw-core-01,port-id7430,uplink,13.286042
2026-02-13 05:05:00,estimate,sw-core-01,port-id7430,uplink,15.555698
2026-02-13 05:10:00,estimate,sw-core-01,port-id7430,uplink,16.735500
2026-02-13 05:15:00,estimate,sw-core-01,port-id7430,uplink,15.089746
2026-02-13 05:20:00,estimate,sw-core-01,port-id7430,uplink,15.193575
2026-02-13 05:25:00,estimate,sw-core-01,port-id7430,uplink,12.762120
2026-02-13 05:30:00,estimate,sw-core-01,port-id7430,uplink,16.895284
2026-02-13 05:35:00,estimate,sw-core-01,port-id7430,uplink,12.702268
2026-02-13 05:40:00,estimate,sw-core-01,port-id7430,uplink,15.222712
2026-02-13 05:45:00,estimate,sw-core-01,port-id7430,uplink,15.920376
2026-02-13 05:50:00,estimate,sw-core-01,port-id7430,uplink,11.577964
2026-02-13 05:55:00,estimate,sw-core-01,port-id7430,uplink,17.049359
2026-02-13 06:00:00,estimate,sw-core-01,port-id7430,uplink,21.244131
2026-02-13 06:05:00,estimate,sw-core-01,port-id7430,uplink,21.308349
2026-02-13 06:10:00,estimate,sw-core-01,port-id7430,uplink,23.020518
2026-02-13 06:15:00,estimate,sw-core-01,port-id7430,uplink,21.665016
2026-02-13 06:20:00,estimate,sw-core-01,port-id7430,uplink,21.215154
2026-02-13 06:25:00,estimate,sw-core-01,port-id7430,uplink,20.478543
2026-02-13 06:30:00,estimate,sw-core-01,port-id7430,uplink,21.191133
2026-02-13 06:35:00,estimate,sw-core-01,port-id7430,uplink,24.029411
2026-02-13 06:40:00,estimate,sw-core-01,port-id7430,uplink,24.891415
2026-02-13 06:45:00,estimate,sw-core-01,port-id7430,uplink,29.975540
2026-02-13 06:50:00,estimate,sw-core-01,port-id7430,uplink,28.465312
2026-02-13 06:55:00,estimate,sw-core-01,port-id7430,uplink,26.934077
2026-02-13 07:00:00,estimate,sw-core-01,port-id7430,uplink,31.197426
2026-02-13 07:05:00,estimate,sw-core-01,port-id7430,uplink,24.983073
2026-02-13 07:10:00,estimate,sw-core-01,port-id7430,uplink,37.206001
2026-02-13 07:15:00,estimate,sw-core-01,port-id7430,uplink,29.583083
2026-02-13 07:20:00,estimate,sw-core-01,port-id7430,uplink,36.420209
2026-02-13 07:25:00,estimate,sw-core-01,port-id7430,uplink,33.880606
2026-02-13 07:30:00,estimate,sw-core-01,port-id7430,uplink,36.954726
2026-02-13 07:35:00,estimate,sw-core-01,port-id7430,uplink,40.677369
2026-02-13 07:40:00,estimate,sw-core-01,port-id7430,uplink,33.103857
2026-02-13 07:45:00,estimate,sw-core-01,port-id7430,uplink,38.061604
2026-02-13 07:50:00,estimate,sw-core-01,port-id7430,uplink,39.401381
2026-02-13 07:55:00,estimate,sw-core-01,port-id7430,uplink,36.777565
2026-02-13 08:00:00,estimate,sw-core-01,port-id7430,uplink,42.592765
2026-02-13 08:05:00,estimate,sw-core-01,port-id7430,uplink,45.144069
2026-02-13 08:10:00,estimate,sw-core-01,port-id7430,uplink,40.379624
2026-02-13 08:15:00,estimate,sw-core-01,port-id7430,uplink,45.754928
2026-02-13 08:20:00,estimate,sw-core-01,port-id7430,uplink,42.376767
2026-02-13 08:25:00,estimate,sw-core-01,port-id7430,uplink,44.512771
2026-02-13 08:30:00,estimate,sw-core-01,port-id7430,uplink,37.841255
2026-02-13 08:35:00,estimate,sw-core-01,port-id7430,uplink,46.349000
2026-02-13 08:40:00,estimate,sw-core-01,port-id7430,uplink,41.138149
2026-02-13 08:45:00,estimate,sw-core-01,port-id7430,uplink,38.836032
2026-02-13 08:50:00,estimate,sw-core-01,port-id7430,uplink,42.369693
2026-02-13 08:55:00,estimate,sw-core-01,port-id7430,uplink,43.813490
2026-02-13 09:00:00,estimate,sw-core-01,port-id7430,uplink,48.154954
2026-02-13 09:05:00,estimate,sw-core-01,port-id7430,uplink,41.714519
2026-02-13 09:10:00,estimate,sw-core-01,port-id7430,uplink,48.762665
2026-02-13 09:15:00,estimate,sw-core-01,port-id7430,uplink,41.840339
2026-02-13 09:20:00,estimate,sw-core-01,port-id7430,uplink,42.160180
2026-02-13 09:25:00,estimate,sw-core-01,port-id7430,uplink,44.656249
2026-02-13 09:30:00,estimate,sw-core-01,port-id7430,uplink,48.728444
2026-02-13 09:35:00,estimate,sw-core-01,port-id7430,uplink,48.564270
2026-02-13 09:40:00,estimate,sw-core-01,port-id7430,uplink,43.541048
2026-02-13 09:45:00,estimate,sw-core-01,port-id7430,uplink,48.015453
2026-02-13 09:50:00,estimate,sw-core-01,port-id7430,uplink,50.213387
2026-02-13 09:55:00,estimate,sw-core-01,port-id7430,uplink,42.802971
2026-02-13 10:00:00,estimate,sw-core-01,port-id7430,uplink,44.106362
2026-02-13 10:05:00,estimate,sw-core-01,port-id7430,uplink,44.919282
2026-02-13 10:10:00,estimate,sw-core-01,port-id7430,uplink,47.364670
2026-02-13 10:15:00,estimate,sw-core-01,port-id7430,uplink,43.128942
2026-02-13 10:20:00,estimate,sw-core-01,port-id7430,uplink,48.096546
2026-02-13 10:25:00,estimate,sw-core-01,port-id7430,uplink,41.446662
2026-02-13 10:30:00,estimate,sw-core-01,port-id7430,uplink,46.491795
2026-02-13 10:35:00,estimate,sw-core-01,port-id7430,uplink,46.263183
2026-02-13 10:40:00,estimate,sw-core-01,port-id7430,uplink,46.936203
2026-02-13 10:45:00,estimate,sw-core-01,port-id7430,uplink,43.786181
2026-02-13 10:50:00,estimate,sw-core-01,port-id7430,uplink,41.512645
2026-02-13 10:55:00,estimate,sw-core-01,port-id7430,uplink,45.569288
2026-02-13 11:00:00,estimate,sw-core-01,port-id7430,uplink,48.502341
2026-02-13 11:05:00,estimate,sw-core-01,port-id7430,uplink,42.866409
2026-02-13 11:10:00,estimate,sw-core-01,port-id7430,uplink,47.367345
2026-02-13 11:15:00,estimate,sw-core-01,port-id7430,uplink,44.390556
2026-02-13 11:20:00,estimate,sw-core-01,port-id7430,uplink,48.951566
2026-02-13 11:25:00,estimate,sw-core-01,port-id7430,uplink,44.631838
2026-02-13 11:30:00,estimate,sw-core-01,port-id7430,uplink,43.879858
2026-02-13 11:35:00,estimate,sw-core-01,port-id7430,uplink,46.417692
2026-02-13 11:40:00,estimate,sw-core-01,port-id7430,uplink,51.244550
2026-02-13 11:45:00,estimate,sw-core-01,port-id7430,uplink,48.056101
2026-02-13 11:50:00,estimate,sw-core-01,port-id7430,uplink,43.442530
2026-02-13 11:55:00,estimate,sw-core-01,port-id7430,uplink,49.059558
2026-02-13 12:00:00,estimate,sw-core-01,port-id7430,uplink,42.665248
2026-02-13 12:05:00,estimate,sw-core-01,port-id7430,uplink,52.218595
2026-02-13 12:10:00,estimate,sw-core-01,port-id7430,uplink,45.546300
2026-02-13 12:15:00,estimate,sw-core-01,port-id7430,uplink,49.575095
2026-02-13 12:20:00,estimate,sw-core-01,port-id7430,uplink,45.483265
2026-02-13 12:25:00,estimate,sw-core-01,port-id7430,uplink,45.506739
2026-02-13 12:30:00,estimate,sw-core-01,port-id7430,uplink,40.345213
2026-02-13 12:35:00,estimate,sw-core-01,port-id7430,uplink,44.577351
2026-02-13 12:40:00,estimate,sw-core-01,port-id7430,uplink,45.764726
2026-02-13 12:45:00,estimate,sw-core-01,port-id7430,uplink,41.929442
2026-02-13 12:50:00,estimate,sw-core-01,port-id7430,uplink,48.384691
2026-02-13 12:55:00,estimate,sw-core-01,port-id7430,uplink,46.044884
2026-02-13 13:00:00,estimate,sw-core-01,port-id7430,uplink,45.521287
2026-02-13 13:05:00,estimate,sw-core-01,port-id7430,uplink,47.902921
2026-02-13 13:10:00,estimate,sw-core-01,port-id7430,uplink,42.120559
2026-02-13 13:15:00,estimate,sw-core-01,port-id7430,uplink,53.641731
2026-02-13 13:20:00,estimate,sw-core-01,port-id7430,uplink,41.189539
2026-02-13 13:25:00,estimate,sw-core-01,port-id7430,uplink,46.331321
2026-02-13 13:30:00,estimate,sw-core-01,port-id7430,uplink,47.138070
2026-02-13 13:35:00,estimate,sw-core-01,port-id7430,uplink,43.907048
2026-02-13 13:40:00,estimate,sw-core-01,port-id7430,uplink,46.785153
2026-02-13 13:45:00,estimate,sw-core-01,port-id7430,uplink,49.654658
2026-02-13 13:50:00,estimate,sw-core-01,port-id7430,uplink,38.930972
2026-02-13 13:55:00,estimate,sw-core-01,port-id7430,uplink,50.850310
2026-02-13 14:00:00,estimate,sw-core-01,port-id7430,uplink,46.700143
2026-02-13 14:05:00,estimate,sw-core-01,port-id7430,uplink,42.185825
2026-02-13 14:10:00,estimate,sw-core-01,port-id7430,uplink,45.503928
2026-02-13 14:15:00,estimate,sw-core-01,port-id7430,uplink,48.964170
2026-02-13 14:20:00,estimate,sw-core-01,port-id7430,uplink,46.464683
2026-02-13 14:25:00,estimate,sw-core-01,port-id7430,uplink,41.262771
2026-02-13 14:30:00,estimate,sw-core-01,port-id7430,uplink,46.830077
2026-02-13 14:35:00,estimate,sw-core-01,port-id7430,uplink,46.147152
2026-02-13 14:40:00,estimate,sw-core-01,port-id7430,uplink,45.844461
2026-02-13 14:45:00,estimate,sw-core-01,port-id7430,uplink,44.819775
2026-02-13 14:50:00,estimate,sw-core-01,port-id7430,uplink,48.185476
2026-02-13 14:55:00,estimate,sw-core-01,port-id7430,uplink,48.219556
2026-02-13 15:00:00,estimate,sw-core-01,port-id7430,uplink,42.129833
2026-02-13 15:05:00,estimate,sw-core-01,port-id7430,uplink,44.743856
2026-02-13 15:10:00,estimate,sw-core-01,port-id7430,uplink,41.557294
2026-02-13 15:15:00,estimate,sw-core-01,port-id7430,uplink,39.931984
2026-02-13 15:20:00,estimate,sw-core-01,port-id7430,uplink,41.428822
2026-02-13 15:25:00,estimate,sw-core-01,port-id7430,uplink,51.204673
2026-02-13 15:30:00,estimate,sw-core-01,port-id7430,uplink,44.962328
2026-02-13 15:35:00,estimate,sw-core-01,port-id7430,uplink,41.811989
2026-02-13 15:40:00,estimate,sw-core-01,port-id7430,uplink,50.294297
2026-02-13 15:45:00,estimate,sw-core-01,port-id7430,uplink,40.941437
2026-02-13 15:50:00,estimate,sw-core-01,port-id7430,uplink,38.298016
2026-02-13 15:55:00,estimate,sw-core-01,port-id7430,uplink,44.140935
2026-02-13 16:00:00,estimate,sw-core-01,port-id7430,uplink,46.886362
2026-02-13 16:05:00,estimate,sw-core-01,port-id7430,uplink,40.172911
2026-02-13 16:10:00,estimate,sw-core-01,port-id7430,uplink,46.845831
2026-02-13 16:15:00,estimate,sw-core-01,port-id7430,uplink,47.529884
2026-02-13 16:20:00,estimate,sw-core-01,port-id7430,uplink,49.531505
2026-02-13 16:25:00,estimate,sw-core-01,port-id7430,uplink,44.220589
2026-02-13 16:30:00,estimate,sw-core-01,port-id7430,uplink,42.461571
2026-02-13 16:35:00,estimate,sw-core-01,port-id7430,uplink,45.309218
2026-02-13 16:40:00,estimate,sw-core-01,port-id7430,uplink,43.010686
2026-02-13 16:45:00,estimate,sw-core-01,port-id7430,uplink,45.513106
2026-02-13 16:50:00,estimate,sw-core-01,port-id7430,uplink,46.899711
2026-02-13 16:55:00,estimate,sw-core-01,port-id7430,uplink,44.641333
2026-02-13 17:00:00,estimate,sw-core-01,port-id7430,uplink,48.841122
2026-02-13 17:05:00,estimate,sw-core-01,port-id7430,uplink,37.481028
2026-02-13 17:10:00,estimate,sw-core-01,port-id7430,uplink,40.888666
2026-02-13 17:15:00,estimate,sw-core-01,port-id7430,uplink,47.720823
2026-02-13 17:20:00,estimate,sw-core-01,port-id7430,uplink,46.272082
2026-02-13 17:25:00,estimate,sw-core-01,port-id7430,uplink,50.033867
2026-02-13 17:30:00,estimate,sw-core-01,port-id7430,uplink,42.211167
2026-02-13 17:35:00,estimate,sw-core-01,port-id7430,uplink,45.341914
2026-02-13 17:40:00,estimate,sw-core-01,port-id7430,uplink,44.065151
2026-02-13 17:45:00,estimate,sw-core-01,port-id7430,uplink,42.937988
2026-02-13 17:50:00,estimate,sw-core-01,port-id7430,uplink,46.679978
2026-02-13 17:55:00,estimate,sw-core-01,port-id7430,uplink,42.997990
2026-02-13 18:00:00,estimate,sw-core-01,port-id7430,uplink,43.529078
2026-02-13 18:05:00,estimate,sw-core-01,port-id7430,uplink,38.496827
2026-02-13 18:10:00,estimate,sw-core-01,port-id7430,uplink,41.977784
2026-02-13 18:15:00,estimate,sw-core-01,port-id7430,uplink,39.052957
2026-02-13 18:20:00,estimate,sw-core-01,port-id7430,uplink,38.227927
2026-02-13 18:25:00,estimate,sw-core-01,port-id7430,uplink,42.830803
2026-02-13 18:30:00,estimate,sw-core-01,port-id7430,uplink,42.268302
2026-02-13 18:35:00,estimate,sw-core-01,port-id7430,uplink,42.994272
2026-02-13 18:40:00,estimate,sw-core-01,port-id7430,uplink,34.075602
2026-02-13 18:45:00,estimate,sw-core-01,port-id7430,uplink,38.004216
2026-02-13 18:50:00,estimate,sw-core-01,port-id7430,uplink,38.964662
2026-02-13 18:55:00,estimate,sw-core-01,port-id7430,uplink,37.241624
2026-02-13 19:00:00,estimate,sw-core-01,port-id7430,uplink,36.364406
2026-02-13 19:05:00,estimate,sw-core-01,port-id7430,uplink,30.603643
2026-02-13 19:10:00,estimate,sw-core-01,port-id7430,uplink,33.175309
2026-02-13 19:15:00,estimate,sw-core-01,port-id7430,uplink,37.198755
2026-02-13 19:20:00,estimate,sw-core-01,port-id7430,uplink,29.616298
2026-02-13 19:25:00,estimate,sw-core-01,port-id7430,uplink,31.305637
2026-02-13 19:30:00,estimate,sw-core-01,port-id7430,uplink,26.809853
2026-02-13 19:35:00,estimate,sw-core-01,port-id7430,uplink,29.300155
2026-02-13 19:40:00,estimate,sw-core-01,port-id7430,uplink,26.409646
2026-02-13 19:45:00,estimate,sw-core-01,port-id7430,uplink,29.334856
2026-02-13 19:50:00,estimate,sw-core-01,port-id7430,uplink,28.092076
2026-02-13 19:55:00,estimate,sw-core-01,port-id7430,uplink,26.201098
2026-02-13 20:00:00,estimate,sw-core-01,port-id7430,uplink,22.148578
2026-02-13 20:05:00,estimate,sw-core-01,port-id7430,uplink,21.465983
2026-02-13 20:10:00,estimate,sw-core-01,port-id7430,uplink,24.849605
2026-02-13 20:15:00,estimate,sw-core-01,port-id7430,uplink,21.231463
2026-02-13 20:20:00,estimate,sw-core-01,port-id7430,uplink,19.978715
2026-02-13 20:25:00,estimate,sw-core-01,port-id7430,uplink,23.112559
2026-02-13 20:30:00,estimate,sw-core-01,port-id7430,uplink,14.186897
2026-02-13 20:35:00,estimate,sw-core-01,port-id7430,uplink,16.649010
2026-02-13 20:40:00,estimate,sw-core-01,port-id7430,uplink,19.486204
2026-02-13 20:45:00,estimate,sw-core-01,port-id7430,uplink,15.806786
2026-02-13 20:50:00,estimate,sw-core-01,port-id7430,uplink,20.036487
2026-02-13 20:55:00,estimate,sw-core-01,port-id7430,uplink,16.410791
2026-02-13 21:00:00,estimate,sw-core-01,port-id7430,uplink,15.402160
2026-02-13 21:05:00,estimate,sw-core-01,port-id7430,uplink,14.200503
2026-02-13 21:10:00,estimate,sw-core-01,port-id7430,uplink,16.337208
2026-02-13 21:15:00,estimate,sw-core-01,port-id7430,uplink,16.369177
2026-02-13 21:20:00,estimate,sw-core-01,port-id7430,uplink,14.416920
2026-02-13 21:25:00,estimate,sw-core-01,port-id7430,uplink,19.961952
2026-02-13 21:30:00,estimate,sw-core-01,port-id7430,uplink,20.878957
2026-02-13 21:35:00,estimate,sw-core-01,port-id7430,uplink,17.818350
2026-02-13 21:40:00,estimate,sw-core-01,port-id7430,uplink,16.005143
2026-02-13 21:45:00,estimate,sw-core-01,port-id7430,uplink,9.864039
2026-02-13 21:50:00,estimate,sw-core-01,port-id7430,uplink,17.053405
2026-02-13 21:55:00,estimate,sw-core-01,port-id7430,uplink,14.466029
2026-02-13 22:00:00,estimate,sw-core-01,port-id7430,uplink,17.455427
2026-02-13 22:05:00,estimate,sw-core-01,port-id7430,uplink,18.380299
2026-02-13 22:10:00,estimate,sw-core-01,port-id7430,uplink,16.476964
2026-02-13 22:15:00,estimate,sw-core-01,port-id7430,uplink,16.123469
2026-02-13 22:20:00,estimate,sw-core-01,port-id7430,uplink,11.325048
2026-02-13 22:25:00,estimate,sw-core-01,port-id7430,uplink,12.185123
2026-02-13 22:30:00,estimate,sw-core-01,port-id7430,uplink,17.651491
2026-02-13 22:35:00,estimate,sw-core-01,port-id7430,uplink,17.948784
2026-02-13 22:40:00,estimate,sw-core-01,port-id7430,uplink,16.453895
2026-02-13 22:45:00,estimate,sw-core-01,port-id7430,uplink,11.756919
2026-02-13 22:50:00,estimate,sw-core-01,port-id7430,uplink,12.697016
2026-02-13 22:55:00,estimate,sw-core-01,port-id7430,uplink,22.394013
2026-02-13 23:00:00,estimate,sw-core-01,port-id7430,uplink,17.280529
2026-02-13 23:05:00,estimate,sw-core-01,port-id7430,uplink,15.726021
2026-02-13 23:10:00,estimate,sw-core-01,port-id7430,uplink,15.553932
2026-02-13 23:15:00,estimate,sw-core-01,port-id7430,uplink,15.771139
2026-02-13 23:20:00,estimate,sw-core-01,port-id7430,uplink,19.019960
2026-02-13 23:25:00,estimate,sw-core-01,port-id7430,uplink,10.682041
2026-02-13 23:30:00,estimate,sw-core-01,port-id7430,uplink,19.099187
2026-02-13 23:35:00,estimate,sw-core-01,port-id7430,uplink,15.144745
2026-02-13 23:40:00,estimate,sw-core-01,port-id7430,uplink,11.231446
2026-02-13 23:45:00,estimate,sw-core-01,port-id7430,uplink,16.042497
2026-02-13 23:50:00,estimate,sw-core-01,port-id7430,uplink,14.140203
2026-02-13 23:55:00,estimate,sw-core-01,port-id7430,uplink,12.854895
2026-02-14 00:00:00,estimate,sw-core-01,port-id7430,uplink,10.376328
2026-02-14 00:05:00,estimate,sw-core-01,port-id7430,uplink,10.285861
2026-02-14 00:10:00,estimate,sw-core-01,port-id7430,uplink,9.863381
2026-02-14 00:15:00,estimate,sw-core-01,port-id7430,uplink,10.111088
2026-02-14 00:20:00,estimate,sw-core-01,port-id7430,uplink,5.827803
2026-02-14 00:25:00,estimate,sw-core-01,port-id7430,uplink,4.461536
2026-02-14 00:30:00,estimate,sw-core-01,port-id7430,uplink,6.890608
2026-02-14 00:35:00,estimate,sw-core-01,port-id7430,uplink,11.529991
2026-02-14 00:40:00,estimate,sw-core-01,port-id7430,uplink,9.004330
2026-02-14 00:45:00,estimate,sw-core-01,port-id7430,uplink,12.995810
2026-02-14 00:50:00,estimate,sw-core-01,port-id7430,uplink,7.554771
2026-02-14 00:55:00,estimate,sw-core-01,port-id7430,uplink,6.309791
2026-02-14 01:00:00,estimate,sw-core-01,port-id7430,uplink,7.894251
2026-02-14 01:05:00,estimate,sw-core-01,port-id7430,uplink,7.865919
2026-02-14 01:10:00,estimate,sw-core-01,port-id7430,uplink,8.325094
2026-02-14 01:15:00,estimate,sw-core-01,port-id7430,uplink,4.836510
2026-02-14 01:20:00,estimate,sw-core-01,port-id7430,uplink,11.238577
2026-02-14 01:25:00,estimate,sw-core-01,port-id7430,uplink,7.965732
2026-02-14 01:30:00,estimate,sw-core-01,port-id7430,uplink,5.065157
2026-02-14 01:35:00,estimate,sw-core-01,port-id7430,uplink,11.789158
2026-02-14 01:40:00,estimate,sw-core-01,port-id7430,uplink,7.233693
2026-02-14 01:45:00,estimate,sw-core-01,port-id7430,uplink,6.641460
2026-02-14 01:50:00,estimate,sw-core-01,port-id7430,uplink,11.683107
2026-02-14 01:55:00,estimate,sw-core-01,port-id7430,uplink,10.966914
2026-02-14 02:00:00,estimate,sw-core-01,port-id7430,uplink,7.170426
2026-02-14 02:05:00,estimate,sw-core-01,port-id7430,uplink,17.754452
2026-02-14 02:10:00,estimate,sw-core-01,port-id7430,uplink,11.277093
2026-02-14 02:15:00,estimate,sw-core-01,port-id7430,uplink,9.940395
2026-02-14 02:20:00,estimate,sw-core-01,port-id7430,uplink,8.811816
2026-02-14 02:25:00,estimate,sw-core-01,port-id7430,uplink,15.076063
2026-02-14 02:30:00,estimate,sw-core-01,port-id7430,uplink,7.559259
2026-02-14 02:35:00,estimate,sw-core-01,port-id7430,uplink,10.377015
2026-02-14 02:40:00,estimate,sw-core-01,port-id7430,uplink,9.191126
2026-02-14 02:45:00,estimate,sw-core-01,port-id7430,uplink,7.034173
2026-02-14 02:50:00,estimate,sw-core-01,port-id7430,uplink,9.006509
2026-02-14 02:55:00,estimate,sw-core-01,port-id7430,uplink,8.370404
2026-02-14 03:00:00,estimate,sw-core-01,port-id7430,uplink,12.734695
2026-02-14 03:05:00,estimate,sw-core-01,port-id7430,uplink,11.129347
2026-02-14 03:10:00,estimate,sw-core-01,port-id7430,uplink,8.469931
2026-02-14 03:15:00,estimate,sw-core-01,port-id7430,uplink,14.432388
2026-02-14 03:20:00,estimate,sw-core-01,port-id7430,uplink,10.488141
2026-02-14 03:25:00,estimate,sw-core-01,port-id7430,uplink,11.798242
2026-02-14 03:30:00,estimate,sw-core-01,port-id7430,uplink,10.267782
2026-02-14 03:35:00,estimate,sw-core-01,port-id7430,uplink,10.887839
2026-02-14 03:40:00,estimate,sw-core-01,port-id7430,uplink,6.026555
2026-02-14 03:45:00,estimate,sw-core-01,port-id7430,uplink,6.256745
2026-02-14 03:50:00,estimate,sw-core-01,port-id7430,uplink,6.655688
2026-02-14 03:55:00,estimate,sw-core-01,port-id7430,uplink,10.428889
2026-02-14 04:00:00,estimate,sw-core-01,port-id7430,uplink,8.344276
2026-02-14 04:05:00,estimate,sw-core-01,port-id7430,uplink,8.804412
2026-02-14 04:10:00,estimate,sw-core-01,port-id7430,uplink,7.157293
2026-02-14 04:15:00,estimate,sw-core-01,port-id7430,uplink,8.563463
2026-02-14 04:20:00,estimate,sw-core-01,port-id7430,uplink,5.620196
2026-02-14 04:25:00,estimate,sw-core-01,port-id7430,uplink,2.166726
2026-02-14 04:30:00,estimate,sw-core-01,port-id7430,uplink,12.354742
2026-02-14 04:35:00,estimate,sw-core-01,port-id7430,uplink,11.913338
2026-02-14 04:40:00,estimate,sw-core-01,port-id7430,uplink,6.587025
2026-02-14 04:45:00,estimate,sw-core-01,port-id7430,uplink,11.114438
2026-02-14 04:50:00,estimate,sw-core-01,port-id7430,uplink,7.108240
2026-02-14 04:55:00,estimate,sw-core-01,port-id7430,uplink,7.892131
2026-02-14 05:00:00,estimate,sw-core-01,port-id7430,uplink,3.480023
2026-02-14 05:05:00,estimate,sw-core-01,port-id7430,uplink,12.659087
2026-02-14 05:10:00,estimate,sw-core-01,port-id7430,uplink,10.512425
2026-02-14 05:15:00,estimate,sw-core-01,port-id7430,uplink,6.854577
2026-02-14 05:20:00,estimate,sw-core-01,port-id7430,uplink,6.162902
2026-02-14 05:25:00,estimate,sw-core-01,port-id7430,uplink,12.984113
2026-02-14 05:30:00,estimate,sw-core-01,port-id7430,uplink,9.765924
2026-02-14 05:35:00,estimate,sw-core-01,port-id7430,uplink,7.751316
2026-02-14 05:40:00,estimate,sw-core-01,port-id7430,uplink,5.299707
2026-02-14 05:45:00,estimate,sw-core-01,port-id7430,uplink,11.401344
2026-02-14 05:50:00,estimate,sw-core-01,port-id7430,uplink,12.608063
2026-02-14 05:55:00,estimate,sw-core-01,port-id7430,uplink,11.306525
2026-02-14 06:00:00,estimate,sw-core-01,port-id7430,uplink,18.535816
2026-02-14 06:05:00,estimate,sw-core-01,port-id7430,uplink,13.544652
2026-02-14 06:10:00,estimate,sw-core-01,port-id7430,uplink,10.102420
2026-02-14 06:15:00,estimate,sw-core-01,port-id7430,uplink,13.719068
2026-02-14 06:20:00,estimate,sw-core-01,port-id7430,uplink,15.159604
2026-02-14 06:25:00,estimate,sw-core-01,port-id7430,uplink,12.855606
2026-02-14 06:30:00,estimate,sw-core-01,port-id7430,uplink,14.980582
2026-02-14 06:35:00,estimate,sw-core-01,port-id7430,uplink,14.200159
2026-02-14 06:40:00,estimate,sw-core-01,port-id7430,uplink,14.914759
2026-02-14 06:45:00,estimate,sw-core-01,port-id7430,uplink,10.806329
2026-02-14 06:50:00,estimate,sw-core-01,port-id7430,uplink,21.813125
2026-02-14 06:55:00,estimate,sw-core-01,port-id7430,uplink,16.603597
2026-02-14 07:00:00,estimate,sw-core-01,port-id7430,uplink,13.748806
2026-02-14 07:05:00,estimate,sw-core-01,port-id7430,uplink,20.334359
2026-02-14 07:10:00,estimate,sw-core-01,port-id7430,uplink,17.733623
2026-02-14 07:15:00,estimate,sw-core-01,port-id7430,uplink,18.092312
2026-02-14 07:20:00,estimate,sw-core-01,port-id7430,uplink,22.604337
2026-02-14 07:25:00,estimate,sw-core-01,port-id7430,uplink,20.902437
2026-02-14 07:30:00,estimate,sw-core-01,port-id7430,uplink,22.238541
2026-02-14 07:35:00,estimate,sw-core-01,port-id7430,uplink,25.700961
2026-02-14 07:40:00,estimate,sw-core-01,port-id7430,uplink,19.317915
2026-02-14 07:45:00,estimate,sw-core-01,port-id7430,uplink,27.064495
2026-02-14 07:50:00,estimate,sw-core-01,port-id7430,uplink,23.401925
2026-02-14 07:55:00,estimate,sw-core-01,port-id7430,uplink,24.338749
2026-02-14 08:00:00,estimate,sw-core-01,port-id7430,uplink,21.945318
2026-02-14 08:05:00,estimate,sw-core-01,port-id7430,uplink,25.658456
2026-02-14 08:10:00,estimate,sw-core-01,port-id7430,uplink,24.690136
2026-02-14 08:15:00,estimate,sw-core-01,port-id7430,uplink,24.542815
2026-02-14 08:20:00,estimate,sw-core-01,port-id7430,uplink,22.976243
2026-02-14 08:25:00,estimate,sw-core-01,port-id7430,uplink,23.384145
2026-02-14 08:30:00,estimate,sw-core-01,port-id7430,uplink,21.648660
2026-02-14 08:35:00,estimate,sw-core-01,port-id7430,uplink,23.293495
2026-02-14 08:40:00,estimate,sw-core-01,port-id7430,uplink,29.517062
2026-02-14 08:45:00,estimate,sw-core-01,port-id7430,uplink,21.125534
2026-02-14 08:50:00,estimate,sw-core-01,port-id7430,uplink,29.592111
2026-02-14 08:55:00,estimate,sw-core-01,port-id7430,uplink,23.274646
2026-02-14 09:00:00,estimate,sw-core-01,port-id7430,uplink,24.470409
2026-02-14 09:05:00,estimate,sw-core-01,port-id7430,uplink,27.951741
2026-02-14 09:10:00,estimate,sw-core-01,port-id7430,uplink,28.389911
2026-02-14 09:15:00,estimate,sw-core-01,port-id7430,uplink,19.439951
2026-02-14 09:20:00,estimate,sw-core-01,port-id7430,uplink,28.038100
2026-02-14 09:25:00,estimate,sw-core-01,port-id7430,uplink,26.452203
2026-02-14 09:30:00,estimate,sw-core-01,port-id7430,uplink,23.121654
2026-02-14 09:35:00,estimate,sw-core-01,port-id7430,uplink,21.028103
2026-02-14 09:40:00,estimate,sw-core-01,port-id7430,uplink,23.239627
2026-02-14 09:45:00,estimate,sw-core-01,port-id7430,uplink,34.604803
2026-02-14 09:50:00,estimate,sw-core-01,port-id7430,uplink,28.406830
2026-02-14 09:55:00,estimate,sw-core-01,port-id7430,uplink,26.961074
2026-02-14 10:00:00,estimate,sw-core-01,port-id7430,uplink,28.982704
2026-02-14 10:05:00,estimate,sw-core-01,port-id7430,uplink,24.123836
2026-02-14 10:10:00,estimate,sw-core-01,port-id7430,uplink,28.417579
2026-02-14 10:15:00,estimate,sw-core-01,port-id7430,uplink,21.385624
2026-02-14 10:20:00,estimate,sw-core-01,port-id7430,uplink,27.474672
2026-02-14 10:25:00,estimate,sw-core-01,port-id7430,uplink,25.357926
2026-02-14 10:30:00,estimate,sw-core-01,port-id7430,uplink,29.276245
2026-02-14 10:35:00,estimate,sw-core-01,port-id7430,uplink,27.588159
2026-02-14 10:40:00,estimate,sw-core-01,port-id7430,uplink,31.325940
2026-02-14 10:45:00,estimate,sw-core-01,port-id7430,uplink,27.934768
2026-02-14 10:50:00,estimate,sw-core-01,port-id7430,uplink,26.835617
2026-02-14 10:55:00,estimate,sw-core-01,port-id7430,uplink,26.225319
2026-02-14 11:00:00,estimate,sw-core-01,port-id7430,uplink,24.695249
2026-02-14 11:05:00,estimate,sw-core-01,port-id7430,uplink,28.278481
2026-02-14 11:10:00,estimate,sw-core-01,port-id7430,uplink,23.067981
2026-02-14 11:15:00,estimate,sw-core-01,port-id7430,uplink,27.516533
2026-02-14 11:20:00,estimate,sw-core-01,port-id7430,uplink,25.481851
2026-02-14 11:25:00,estimate,sw-core-01,port-id7430,uplink,27.631108
2026-02-14 11:30:00,estimate,sw-core-01,port-id7430,uplink,26.508129
2026-02-14 11:35:00,estimate,sw-core-01,port-id7430,uplink,25.155437
2026-02-14 11:40:00,estimate,sw-core-01,port-id7430,uplink,26.831447
2026-02-14 11:45:00,estimate,sw-core-01,port-id7430,uplink,26.935583
2026-02-14 11:50:00,estimate,sw-core-01,port-id7430,uplink,26.037601
2026-02-14 11:55:00,estimate,sw-core-01,port-id7430,uplink,24.875054
2026-02-14 12:00:00,estimate,sw-core-01,port-id7430,uplink,26.451855
2026-02-14 12:05:00,estimate,sw-core-01,port-id7430,uplink,27.686334
2026-02-14 12:10:00,estimate,sw-core-01,port-id7430,uplink,33.849715
2026-02-14 12:15:00,estimate,sw-core-01,port-id7430,uplink,23.204995
2026-02-14 12:20:00,estimate,sw-core-01,port-id7430,uplink,28.998237
2026-02-14 12:25:00,estimate,sw-core-01,port-id7430,uplink,30.330660
2026-02-14 12:30:00,estimate,sw-core-01,port-id7430,uplink,23.053579
2026-02-14 12:35:00,estimate,sw-core-01,port-id7430,uplink,26.614084
2026-02-14 12:40:00,estimate,sw-core-01,port-id7430,uplink,23.575196
2026-02-14 12:45:00,estimate,sw-core-01,port-id7430,uplink,29.279123
2026-02-14 12:50:00,estimate,sw-core-01,port-id7430,uplink,26.663576
2026-02-14 12:55:00,estimate,sw-core-01,port-id7430,uplink,29.394314
2026-02-14 13:00:00,estimate,sw-core-01,port-id7430,uplink,30.087684
2026-02-14 13:05:00,estimate,sw-core-01,port-id7430,uplink,24.887088
2026-02-14 13:10:00,estimate,sw-core-01,port-id7430,uplink,23.609009
2026-02-14 13:15:00,estimate,sw-core-01,port-id7430,uplink,23.637027
2026-02-14 13:20:00,estimate,sw-core-01,port-id7430,uplink,27.988833
2026-02-14 13:25:00,estimate,sw-core-01,port-id7430,uplink,29.185895
2026-02-14 13:30:00,estimate,sw-core-01,port-id7430,uplink,27.821116
2026-02-14 13:35:00,estimate,sw-core-01,port-id7430,uplink,27.630595
2026-02-14 13:40:00,estimate,sw-core-01,port-id7430,uplink,26.237845
2026-02-14 13:45:00,estimate,sw-core-01,port-id7430,uplink,26.213459
2026-02-14 13:50:00,estimate,sw-core-01,port-id7430,uplink,24.881707
2026-02-14 13:55:00,estimate,sw-core-01,port-id7430,uplink,28.548283
2026-02-14 14:00:00,estimate,sw-core-01,port-id7430,uplink,17.235332
2026-02-14 14:05:00,estimate,sw-core-01,port-id7430,uplink,23.965535
2026-02-14 14:10:00,estimate,sw-core-01,port-id7430,uplink,28.070442
2026-02-14 14:15:00,estimate,sw-core-01,port-id7430,uplink,26.252066
2026-02-14 14:20:00,estimate,sw-core-01,port-id7430,uplink,34.892625
2026-02-14 14:25:00,estimate,sw-core-01,port-id7430,uplink,25.150345
2026-02-14 14:30:00,estimate,sw-core-01,port-id7430,uplink,21.788283
2026-02-14 14:35:00,estimate,sw-core-01,port-id7430,uplink,25.800985
2026-02-14 14:40:00,estimate,sw-core-01,port-id7430,uplink,31.150270
2026-02-14 14:45:00,estimate,sw-core-01,port-id7430,uplink,20.844258
2026-02-14 14:50:00,estimate,sw-core-01,port-id7430,uplink,25.369295
2026-02-14 14:55:00,estimate,sw-core-01,port-id7430,uplink,28.783981
2026-02-14 15:00:00,estimate,sw-core-01,port-id7430,uplink,23.170326
2026-02-14 15:05:00,estimate,sw-core-01,port-id7430,uplink,27.161407
2026-02-14 15:10:00,estimate,sw-core-01,port-id7430,uplink,29.352423
2026-02-14 15:15:00,estimate,sw-core-01,port-id7430,uplink,26.006950
2026-02-14 15:20:00,estimate,sw-core-01,port-id7430,uplink,26.415880
2026-02-14 15:25:00,estimate,sw-core-01,port-id7430,uplink,24.979137
2026-02-14 15:30:00,estimate,sw-core-01,port-id7430,uplink,24.496977
2026-02-14 15:35:00,estimate,sw-core-01,port-id7430,uplink,31.314583
2026-02-14 15:40:00,estimate,sw-core-01,port-id7430,uplink,23.891907
2026-02-14 15:45:00,estimate,sw-core-01,port-id7430,uplink,24.405833
2026-02-14 15:50:00,estimate,sw-core-01,port-id7430,uplink,27.282775
2026-02-14 15:55:00,estimate,sw-core-01,port-id7430,uplink,28.291250
2026-02-14 16:00:00,estimate,sw-core-01,port-id7430,uplink,27.975704
2026-02-14 16:05:00,estimate,sw-core-01,port-id7430,uplink,25.339433
2026-02-14 16:10:00,estimate,sw-core-01,port-id7430,uplink,30.515772
2026-02-14 16:15:00,estimate,sw-core-01,port-id7430,uplink,25.902859
2026-02-14 16:20:00,estimate,sw-core-01,port-id7430,uplink,32.659124
2026-02-14 16:25:00,estimate,sw-core-01,port-id7430,uplink,26.316118
2026-02-14 16:30:00,estimate,sw-core-01,port-id7430,uplink,25.643692
2026-02-14 16:35:00,estimate,sw-core-01,port-id7430,uplink,28.428528
2026-02-14 16:40:00,estimate,sw-core-01,port-id7430,uplink,27.471407
2026-02-14 16:45:00,estimate,sw-core-01,port-id7430,uplink,28.681492
2026-02-14 16:50:00,estimate,sw-core-01,port-id7430,uplink,23.799093
2026-02-14 16:55:00,estimate,sw-core-01,port-id7430,uplink,20.185387
2026-02-14 17:00:00,estimate,sw-core-01,port-id7430,uplink,28.506223
2026-02-14 17:05:00,estimate,sw-core-01,port-id7430,uplink,28.450809
2026-02-14 17:10:00,estimate,sw-core-01,port-id7430,uplink,28.198910
2026-02-14 17:15:00,estimate,sw-core-01,port-id7430,uplink,26.952480
2026-02-14 17:20:00,estimate,sw-core-01,port-id7430,uplink,25.731633
2026-02-14 17:25:00,estimate,sw-core-01,port-id7430,uplink,26.701008
2026-02-14 17:30:00,estimate,sw-core-01,port-id7430,uplink,27.022499
2026-02-14 17:35:00,estimate,sw-core-01,port-id7430,uplink,24.172627
2026-02-14 17:40:00,estimate,sw-core-01,port-id7430,uplink,25.055050
2026-02-14 17:45:00,estimate,sw-core-01,port-id7430,uplink,20.654791
2026-02-14 17:50:00,estimate,sw-core-01,port-id7430,uplink,27.150510
2026-02-14 17:55:00,estimate,sw-core-01,port-id7430,uplink,26.696840
2026-02-14 18:00:00,estimate,sw-core-01,port-id7430,uplink,29.008367
2026-02-14 18:05:00,estimate,sw-core-01,port-id7430,uplink,31.620132
2026-02-14 18:10:00,estimate,sw-core-01,port-id7430,uplink,28.883055
2026-02-14 18:15:00,estimate,sw-core-01,port-id7430,uplink,26.731257
2026-02-14 18:20:00,estimate,sw-core-01,port-id7430,uplink,22.173752
2026-02-14 18:25:00,estimate,sw-core-01,port-id7430,uplink,22.275330
2026-02-14 18:30:00,estimate,sw-core-01,port-id7430,uplink,26.586644
2026-02-14 18:35:00,estimate,sw-core-01,port-id7430,uplink,25.062880
2026-02-14 18:40:00,estimate,sw-core-01,port-id7430,uplink,27.193994
2026-02-14 18:45:00,estimate,sw-core-01,port-id7430,uplink,27.666613
2026-02-14 18:50:00,estimate,sw-core-01,port-id7430,uplink,30.565019
2026-02-14 18:55:00,estimate,sw-core-01,port-id7430,uplink,25.746745
2026-02-14 19:00:00,estimate,sw-core-01,port-id7430,uplink,23.599969
2026-02-14 19:05:00,estimate,sw-core-01,port-id7430,uplink,17.738665
2026-02-14 19:10:00,estimate,sw-core-01,port-id7430,uplink,20.034630
2026-02-14 19:15:00,estimate,sw-core-01,port-id7430,uplink,26.640882
2026-02-14 19:20:00,estimate,sw-core-01,port-id7430,uplink,17.782326
2026-02-14 19:25:00,estimate,sw-core-01,port-id7430,uplink,20.444496
2026-02-14 19:30:00,estimate,sw-core-01,port-id7430,uplink,18.781781
2026-02-14 19:35:00,estimate,sw-core-01,port-id7430,uplink,11.060800
2026-02-14 19:40:00,estimate,sw-core-01,port-id7430,uplink,11.134109
2026-02-14 19:45:00,estimate,sw-core-01,port-id7430,uplink,12.565916
2026-02-14 19:50:00,estimate,sw-core-01,port-id7430,uplink,18.402266
2026-02-14 19:55:00,estimate,sw-core-01,port-id7430,uplink,19.154227
2026-02-14 20:00:00,estimate,sw-core-01,port-id7430,uplink,15.014956
2026-02-14 20:05:00,estimate,sw-core-01,port-id7430,uplink,9.707495
2026-02-14 20:10:00,estimate,sw-core-01,port-id7430,uplink,12.807343
2026-02-14 20:15:00,estimate,sw-core-01,port-id7430,uplink,11.893616
2026-02-14 20:20:00,estimate,sw-core-01,port-id7430,uplink,9.916603
2026-02-14 20:25:00,estimate,sw-core-01,port-id7430,uplink,13.742177
2026-02-14 20:30:00,estimate,sw-core-01,port-id7430,uplink,10.554325
2026-02-14 20:35:00,estimate,sw-core-01,port-id7430,uplink,15.330263
2026-02-14 20:40:00,estimate,sw-core-01,port-id7430,uplink,14.302917
2026-02-14 20:45:00,estimate,sw-core-01,port-id7430,uplink,13.886758
2026-02-14 20:50:00,estimate,sw-core-01,port-id7430,uplink,7.809018
2026-02-14 20:55:00,estimate,sw-core-01,port-id7430,uplink,10.249191
2026-02-14 21:00:00,estimate,sw-core-01,port-id7430,uplink,12.964386
2026-02-14 21:05:00,estimate,sw-core-01,port-id7430,uplink,10.057952
2026-02-14 21:10:00,estimate,sw-core-01,port-id7430,uplink,11.549251
2026-02-14 21:15:00,estimate,sw-core-01,port-id7430,uplink,7.767997
2026-02-14 21:20:00,estimate,sw-core-01,port-id7430,uplink,9.842750
2026-02-14 21:25:00,estimate,sw-core-01,port-id7430,uplink,7.190706
2026-02-14 21:30:00,estimate,sw-core-01,port-id7430,uplink,8.710314
2026-02-14 21:35:00,estimate,sw-core-01,port-id7430,uplink,6.343545
2026-02-14 21:40:00,estimate,sw-core-01,port-id7430,uplink,8.631788
2026-02-14 21:45:00,estimate,sw-core-01,port-id7430,uplink,5.086408
2026-02-14 21:50:00,estimate,sw-core-01,port-id7430,uplink,10.884881
2026-02-14 21:55:00,estimate,sw-core-01,port-id7430,uplink,8.667750
2026-02-14 22:00:00,estimate,sw-core-01,port-id7430,uplink,14.569844
2026-02-14 22:05:00,estimate,sw-core-01,port-id7430,uplink,12.002011
2026-02-14 22:10:00,estimate,sw-core-01,port-id7430,uplink,14.740832
2026-02-14 22:15:00,estimate,sw-core-01,port-id7430,uplink,8.589048
2026-02-14 22:20:00,estimate,sw-core-01,port-id7430,uplink,11.455363
2026-02-14 22:25:00,estimate,sw-core-01,port-id7430,uplink,9.387886
2026-02-14 22:30:00,estimate,sw-core-01,port-id7430,uplink,7.483719
2026-02-14 22:35:00,estimate,sw-core-01,port-id7430,uplink,1.568943
2026-02-14 22:40:00,estimate,sw-core-01,port-id7430,uplink,11.627160
2026-02-14 22:45:00,estimate,sw-core-01,port-id7430,uplink,8.299211
2026-02-14 22:50:00,estimate,sw-core-01,port-id7430,uplink,11.933977
2026-02-14 22:55:00,estimate,sw-core-01,port-id7430,uplink,15.144644
2026-02-14 23:00:00,estimate,sw-core-01,port-id7430,uplink,5.923690
2026-02-14 23:05:00,estimate,sw-core-01,port-id7430,uplink,15.180953
2026-02-14 23:10:00,estimate,sw-core-01,port-id7430,uplink,5.788874
2026-02-14 23:15:00,estimate,sw-core-01,port-id7430,uplink,11.611516
2026-02-14 23:20:00,estimate,sw-core-01,port-id7430,uplink,9.370714
2026-02-14 23:25:00,estimate,sw-core-01,port-id7430,uplink,8.325842
2026-02-14 23:30:00,estimate,sw-core-01,port-id7430,uplink,3.288676
2026-02-14 23:35:00,estimate,sw-core-01,port-id7430,uplink,9.812149
2026-02-14 23:40:00,estimate,sw-core-01,port-id7430,uplink,9.572129
2026-02-14 23:45:00,estimate,sw-core-01,port-id7430,uplink,6.850962
2026-02-14 23:50:00,estimate,sw-core-01,port-id7430,uplink,10.983197
2026-02-14 23:55:00,estimate,sw-core-01,port-id7430,uplink,8.508146
2026-02-15 00:00:00,estimate,sw-core-01,port-id7430,uplink,10.989872
2026-02-15 00:05:00,estimate,sw-core-01,port-id7430,uplink,6.696009
2026-02-15 00:10:00,estimate,sw-core-01,port-id7430,uplink,7.629933
2026-02-15 00:15:00,estimate,sw-core-01,port-id7430,uplink,6.564774
2026-02-15 00:20:00,estimate,sw-core-01,port-id7430,uplink,13.187503
2026-02-15 00:25:00,estimate,sw-core-01,port-id7430,uplink,7.248443
2026-02-15 00:30:00,estimate,sw-core-01,port-id7430,uplink,3.253300
2026-02-15 00:35:00,estimate,sw-core-01,port-id7430,uplink,10.222988
2026-02-15 00:40:00,estimate,sw-core-01,port-id7430,uplink,15.762203
2026-02-15 00:45:00,estimate,sw-core-01,port-id7430,uplink,6.805620
2026-02-15 00:50:00,estimate,sw-core-01,port-id7430,uplink,5.697285
2026-02-15 00:55:00,estimate,sw-core-01,port-id7430,uplink,6.721374
2026-02-15 01:00:00,estimate,sw-core-01,port-id7430,uplink,13.808225
2026-02-15 01:05:00,estimate,sw-core-01,port-id7430,uplink,8.278482
2026-02-15 01:10:00,estimate,sw-core-01,port-id7430,uplink,9.982816
2026-02-15 01:15:00,estimate,sw-core-01,port-id7430,uplink,10.847088
2026-02-15 01:20:00,estimate,sw-core-01,port-id7430,uplink,10.278252
2026-02-15 01:25:00,estimate,sw-core-01,port-id7430,uplink,12.046779
2026-02-15 01:30:00,estimate,sw-core-01,port-id7430,uplink,1.741852
2026-02-15 01:35:00,estimate,sw-core-01,port-id7430,uplink,11.178309
2026-02-15 01:40:00,estimate,sw-core-01,port-id7430,uplink,9.058604
2026-02-15 01:45:00,estimate,sw-core-01,port-id7430,uplink,10.526908
2026-02-15 01:50:00,estimate,sw-core-01,port-id7430,uplink,6.128335
2026-02-15 01:55:00,estimate,sw-core-01,port-id7430,uplink,8.841680
2026-02-15 02:00:00,estimate,sw-core-01,port-id7430,uplink,9.643162
2026-02-15 02:05:00,estimate,sw-core-01,port-id7430,uplink,7.179821
2026-02-15 02:10:00,estimate,sw-core-01,port-id7430,uplink,11.675902
2026-02-15 02:15:00,estimate,sw-core-01,port-id7430,uplink,10.856261
2026-02-15 02:20:00,estimate,sw-core-01,port-id7430,uplink,12.965178
2026-02-15 02:25:00,estimate,sw-core-01,port-id7430,uplink,7.645581
2026-02-15 02:30:00,estimate,sw-core-01,port-id7430,uplink,13.552941
2026-02-15 02:35:00,estimate,sw-core-01,port-id7430,uplink,11.667792
2026-02-15 02:40:00,estimate,sw-core-01,port-id7430,uplink,10.513633
2026-02-15 02:45:00,estimate,sw-core-01,port-id7430,uplink,8.541597
2026-02-15 02:50:00,estimate,sw-core-01,port-id7430,uplink,4.669156
2026-02-15 02:55:00,estimate,sw-core-01,port-id7430,uplink,10.752072
2026-02-15 03:00:00,estimate,sw-core-01,port-id7430,uplink,12.571245
2026-02-15 03:05:00,estimate,sw-core-01,port-id7430,uplink,7.167307
2026-02-15 03:10:00,estimate,sw-core-01,port-id7430,uplink,7.926674
2026-02-15 03:15:00,estimate,sw-core-01,port-id7430,uplink,8.650169
2026-02-15 03:20:00,estimate,sw-core-01,port-id7430,uplink,13.503998
2026-02-15 03:25:00,estimate,sw-core-01,port-id7430,uplink,6.732186
2026-02-15 03:30:00,estimate,sw-core-01,port-id7430,uplink,5.675547
2026-02-15 03:35:00,estimate,sw-core-01,port-id7430,uplink,3.454213
2026-02-15 03:40:00,estimate,sw-core-01,port-id7430,uplink,12.605197
2026-02-15 03:45:00,estimate,sw-core-01,port-id7430,uplink,10.067896
2026-02-15 03:50:00,estimate,sw-core-01,port-id7430,uplink,8.869151
2026-02-15 03:55:00,estimate,sw-core-01,port-id7430,uplink,7.759754
2026-02-15 04:00:00,estimate,sw-core-01,port-id7430,uplink,6.546081
2026-02-15 04:05:00,estimate,sw-core-01,port-id7430,uplink,8.442223
2026-02-15 04:10:00,estimate,sw-core-01,port-id7430,uplink,10.827241
2026-02-15 04:15:00,estimate,sw-core-01,port-id7430,uplink,8.535072
2026-02-15 04:20:00,estimate,sw-core-01,port-id7430,uplink,10.566851
2026-02-15 04:25:00,estimate,sw-core-01,port-id7430,uplink,12.532462
2026-02-15 04:30:00,estimate,sw-core-01,port-id7430,uplink,11.744507
2026-02-15 04:35:00,estimate,sw-core-01,port-id7430,uplink,11.368500
2026-02-15 04:40:00,estimate,sw-core-01,port-id7430,uplink,4.433117
2026-02-15 04:45:00,estimate,sw-core-01,port-id7430,uplink,11.205127
2026-02-15 04:50:00,estimate,sw-core-01,port-id7430,uplink,9.429425
2026-02-15 04:55:00,estimate,sw-core-01,port-id7430,uplink,0.000000
2026-02-15 05:00:00,estimate,sw-core-01,port-id7430,uplink,5.454227
2026-02-15 05:05:00,estimate,sw-core-01,port-id7430,uplink,11.757891
2026-02-15 05:10:00,estimate,sw-core-01,port-id7430,uplink,10.754651
2026-02-15 05:15:00,estimate,sw-core-01,port-id7430,uplink,4.357207
2026-02-15 05:20:00,estimate,sw-core-01,port-id7430,uplink,8.943540
2026-02-15 05:25:00,estimate,sw-core-01,port-id7430,uplink,10.838598
2026-02-15 05:30:00,estimate,sw-core-01,port-id7430,uplink,11.620054
2026-02-15 05:35:00,estimate,sw-core-01,port-id7430,uplink,7.516742
2026-02-15 05:40:00,estimate,sw-core-01,port-id7430,uplink,6.904344
2026-02-15 05:45:00,estimate,sw-core-01,port-id7430,uplink,7.536559
2026-02-15 05:50:00,estimate,sw-core-01,port-id7430,uplink,8.078355
2026-02-15 05:55:00,estimate,sw-core-01,port-id7430,uplink,10.562408
2026-02-15 06:00:00,estimate,sw-core-01,port-id7430,uplink,11.087335
2026-02-15 06:05:00,estimate,sw-core-01,port-id7430,uplink,16.862444
2026-02-15 06:10:00,estimate,sw-core-01,port-id7430,uplink,11.880617
2026-02-15 06:15:00,estimate,sw-core-01,port-id7430,uplink,13.475589
2026-02-15 06:20:00,estimate,sw-core-01,port-id7430,uplink,15.867356
2026-02-15 06:25:00,estimate,sw-core-01,port-id7430,uplink,10.900932
2026-02-15 06:30:00,estimate,sw-core-01,port-id7430,uplink,16.791922
2026-02-15 06:35:00,estimate,sw-core-01,port-id7430,uplink,17.077655
2026-02-15 06:40:00,estimate,sw-core-01,port-id7430,uplink,12.681617
2026-02-15 06:45:00,estimate,sw-core-01,port-id7430,uplink,17.044860
2026-02-15 06:50:00,estimate,sw-core-01,port-id7430,uplink,17.800327
2026-02-15 06:55:00,estimate,sw-core-01,port-id7430,uplink,19.629919
2026-02-15 07:00:00,estimate,sw-core-01,port-id7430,uplink,18.296215
2026-02-15 07:05:00,estimate,sw-core-01,port-id7430,uplink,16.044312
2026-02-15 07:10:00,estimate,sw-core-01,port-id7430,uplink,21.107897
2026-02-15 07:15:00,estimate,sw-core-01,port-id7430,uplink,17.625576
2026-02-15 07:20:00,estimate,sw-core-01,port-id7430,uplink,22.114523
2026-02-15 07:25:00,estimate,sw-core-01,port-id7430,uplink,22.072591
2026-02-15 07:30:00,estimate,sw-core-01,port-id7430,uplink,23.599686
2026-02-15 07:35:00,estimate,sw-core-01,port-id7430,uplink,20.376706
2026-02-15 07:40:00,estimate,sw-core-01,port-id7430,uplink,19.114884
2026-02-15 07:45:00,estimate,sw-core-01,port-id7430,uplink,20.925879
2026-02-15 07:50:00,estimate,sw-core-01,port-id7430,uplink,28.460383
2026-02-15 07:55:00,estimate,sw-core-01,port-id7430,uplink,29.436943
2026-02-15 08:00:00,estimate,sw-core-01,port-id7430,uplink,23.049589
2026-02-15 08:05:00,estimate,sw-core-01,port-id7430,uplink,25.384682
2026-02-15 08:10:00,estimate,sw-core-01,port-id7430,uplink,28.156867
2026-02-15 08:15:00,estimate,sw-core-01,port-id7430,uplink,26.213626
2026-02-15 08:20:00,estimate,sw-core-01,port-id7430,uplink,24.217458
2026-02-15 08:25:00,estimate,sw-core-01,port-id7430,uplink,23.434674
2026-02-15 08:30:00,estimate,sw-core-01,port-id7430,uplink,27.166131
2026-02-15 08:35:00,estimate,sw-core-01,port-id7430,uplink,24.199283
2026-02-15 08:40:00,estimate,sw-core-01,port-id7430,uplink,28.570826
2026-02-15 08:45:00,estimate,sw-core-01,port-id7430,uplink,32.773557
2026-02-15 08:50:00,estimate,sw-core-01,port-id7430,uplink,25.803422
2026-02-15 08:55:00,estimate,sw-core-01,port-id7430,uplink,28.716528
2026-02-15 09:00:00,estimate,sw-core-01,port-id7430,uplink,29.682634
2026-02-15 09:05:00,estimate,sw-core-01,port-id7430,uplink,26.792199
2026-02-15 09:10:00,estimate,sw-core-01,port-id7430,uplink,28.466833
2026-02-15 09:15:00,estimate,sw-core-01,port-id7430,uplink,24.360978
2026-02-15 09:20:00,estimate,sw-core-01,port-id7430,uplink,30.333853
2026-02-15 09:25:00,estimate,sw-core-01,port-id7430,uplink,33.435529
2026-02-15 09:30:00,estimate,sw-core-01,port-id7430,uplink,21.046754
2026-02-15 09:35:00,estimate,sw-core-01,port-id7430,uplink,28.761216
2026-02-15 09:40:00,estimate,sw-core-01,port-id7430,uplink,26.807828
2026-02-15 09:45:00,estimate,sw-core-01,port-id7430,uplink,30.062892
2026-02-15 09:50:00,estimate,sw-core-01,port-id7430,uplink,21.467256
2026-02-15 09:55:00,estimate,sw-core-01,port-id7430,uplink,25.655413
2026-02-15 10:00:00,estimate,sw-core-01,port-id7430,uplink,22.772496
2026-02-15 10:05:00,estimate,sw-core-01,port-id7430,uplink,27.013037
2026-02-15 10:10:00,estimate,sw-core-01,port-id7430,uplink,24.355829
2026-02-15 10:15:00,estimate,sw-core-01,port-id7430,uplink,26.404347
2026-02-15 10:20:00,estimate,sw-core-01,port-id7430,uplink,27.251197
2026-02-15 10:25:00,estimate,sw-core-01,port-id7430,uplink,26.339569
2026-02-15 10:30:00,estimate,sw-core-01,port-id7430,uplink,25.782708
2026-02-15 10:35:00,estimate,sw-core-01,port-id7430,uplink,26.213370
2026-02-15 10:40:00,estimate,sw-core-01,port-id7430,uplink,29.113251
2026-02-15 10:45:00,estimate,sw-core-01,port-id7430,uplink,29.635535
2026-02-15 10:50:00,estimate,sw-core-01,port-id7430,uplink,24.354780
2026-02-15 10:55:00,estimate,sw-core-01,port-id7430,uplink,22.989323
2026-02-15 11:00:00,estimate,sw-core-01,port-id7430,uplink,22.168775
2026-02-15 11:05:00,estimate,sw-core-01,port-id7430,uplink,26.231777
2026-02-15 11:10:00,estimate,sw-core-01,port-id7430,uplink,20.763059
2026-02-15 11:15:00,estimate,sw-core-01,port-id7430,uplink,32.411748
2026-02-15 11:20:00,estimate,sw-core-01,port-id7430,uplink,27.584688
2026-02-15 11:25:00,estimate,sw-core-01,port-id7430,uplink,28.705152
2026-02-15 11:30:00,estimate,sw-core-01,port-id7430,uplink,21.148390
2026-02-15 11:35:00,estimate,sw-core-01,port-id7430,uplink,28.822404
2026-02-15 11:40:00,estimate,sw-core-01,port-id7430,uplink,27.861480
2026-02-15 11:45:00,estimate,sw-core-01,port-id7430,uplink,32.071117
2026-02-15 11:50:00,estimate,sw-core-01,port-id7430,uplink,24.327216
2026-02-15 11:55:00,estimate,sw-core-01,port-id7430,uplink,30.129803
2026-02-15 12:00:00,estimate,sw-core-01,port-id7430,uplink,25.905845
2026-02-15 12:05:00,estimate,sw-core-01,port-id7430,uplink,21.905342
2026-02-15 12:10:00,estimate,sw-core-01,port-id7430,uplink,30.559139
2026-02-15 12:15:00,estimate,sw-core-01,port-id7430,uplink,28.420703
2026-02-15 12:20:00,estimate,sw-core-01,port-id7430,uplink,26.320198
2026-02-15 12:25:00,estimate,sw-core-01,port-id7430,uplink,29.161300
2026-02-15 12:30:00,estimate,sw-core-01,port-id7430,uplink,27.618658
2026-02-15 12:35:00,estimate,sw-core-01,port-id7430,uplink,19.235865
2026-02-15 12:40:00,estimate,sw-core-01,port-id7430,uplink,27.694776
2026-02-15 12:45:00,estimate,sw-core-01,port-id7430,uplink,15.502790
2026-02-15 12:50:00,estimate,sw-core-01,port-id7430,uplink,28.168630
2026-02-15 12:55:00,estimate,sw-core-01,port-id7430,uplink,25.229936
2026-02-15 13:00:00,estimate,sw-core-01,port-id7430,uplink,34.829936
2026-02-15 13:05:00,estimate,sw-core-01,port-id7430,uplink,29.397361
2026-02-15 13:10:00,estimate,sw-core-01,port-id7430,uplink,23.678127
2026-02-15 13:15:00,estimate,sw-core-01,port-id7430,uplink,25.644772
2026-02-15 13:20:00,estimate,sw-core-01,port-id7430,uplink,27.875230
2026-02-15 13:25:00,estimate,sw-core-01,port-id7430,uplink,33.469213
2026-02-15 13:30:00,estimate,sw-core-01,port-id7430,uplink,29.115258
2026-02-15 13:35:00,estimate,sw-core-01,port-id7430,uplink,27.512911
2026-02-15 13:40:00,estimate,sw-core-01,port-id7430,uplink,29.402816
2026-02-15 13:45:00,estimate,sw-core-01,port-id7430,uplink,27.009151
2026-02-15 13:50:00,estimate,sw-core-01,port-id7430,uplink,25.742519
2026-02-15 13:55:00,estimate,sw-core-01,port-id7430,uplink,30.180241
2026-02-15 14:00:00,estimate,sw-core-01,port-id7430,uplink,24.403832
2026-02-15 14:05:00,estimate,sw-core-01,port-id7430,uplink,30.223637
2026-02-15 14:10:00,estimate,sw-core-01,port-id7430,uplink,29.199203
2026-02-15 14:15:00,estimate,sw-core-01,port-id7430,uplink,24.037093
2026-02-15 14:20:00,estimate,sw-core-01,port-id7430,uplink,26.352578
2026-02-15 14:25:00,estimate,sw-core-01,port-id7430,uplink,29.776289
2026-02-15 14:30:00,estimate,sw-core-01,port-id7430,uplink,29.823554
2026-02-15 14:35:00,estimate,sw-core-01,port-id7430,uplink,31.379930
2026-02-15 14:40:00,estimate,sw-core-01,port-id7430,uplink,29.094008
2026-02-15 14:45:00,estimate,sw-core-01,port-id7430,uplink,25.223349
2026-02-15 14:50:00,estimate,sw-core-01,port-id7430,uplink,29.738478
2026-02-15 14:55:00,estimate,sw-core-01,port-id7430,uplink,32.566588
2026-02-15 15:00:00,estimate,sw-core-01,port-id7430,uplink,23.672089
2026-02-15 15:05:00,estimate,sw-core-01,port-id7430,uplink,31.324314
2026-02-15 15:10:00,estimate,sw-core-01,port-id7430,uplink,25.212357
2026-02-15 15:15:00,estimate,sw-core-01,port-id7430,uplink,26.853325
2026-02-15 15:20:00,estimate,sw-core-01,port-id7430,uplink,18.783281
2026-02-15 15:25:00,estimate,sw-core-01,port-id7430,uplink,28.583428
2026-02-15 15:30:00,estimate,sw-core-01,port-id7430,uplink,29.600114
2026-02-15 15:35:00,estimate,sw-core-01,port-id7430,uplink,21.706547
2026-02-15 15:40:00,estimate,sw-core-01,port-id7430,uplink,25.365366
2026-02-15 15:45:00,estimate,sw-core-01,port-id7430,uplink,27.314863
2026-02-15 15:50:00,estimate,sw-core-01,port-id7430,uplink,31.496240
2026-02-15 15:55:00,estimate,sw-core-01,port-id7430,uplink,24.211000
2026-02-15 16:00:00,estimate,sw-core-01,port-id7430,uplink,26.442897
2026-02-15 16:05:00,estimate,sw-core-01,port-id7430,uplink,24.983505
2026-02-15 16:10:00,estimate,sw-core-01,port-id7430,uplink,28.032005
2026-02-15 16:15:00,estimate,sw-core-01,port-id7430,uplink,23.809099
2026-02-15 16:20:00,estimate,sw-core-01,port-id7430,uplink,24.950917
2026-02-15 16:25:00,estimate,sw-core-01,port-id7430,uplink,26.679113
2026-02-15 16:30:00,estimate,sw-core-01,port-id7430,uplink,26.677097
2026-02-15 16:35:00,estimate,sw-core-01,port-id7430,uplink,32.144350
2026-02-15 16:40:00,estimate,sw-core-01,port-id7430,uplink,23.507701
2026-02-15 16:45:00,estimate,sw-core-01,port-id7430,uplink,27.490473
2026-02-15 16:50:00,estimate,sw-core-01,port-id7430,uplink,26.545179
2026-02-15 16:55:00,estimate,sw-core-01,port-id7430,uplink,28.413233
2026-02-15 17:00:00,estimate,sw-core-01,port-id7430,uplink,25.136614
2026-02-15 17:05:00,estimate,sw-core-01,port-id7430,uplink,29.525825
2026-02-15 17:10:00,estimate,sw-core-01,port-id7430,uplink,24.418086
2026-02-15 17:15:00,estimate,sw-core-01,port-id7430,uplink,29.414579
2026-02-15 17:20:00,estimate,sw-core-01,port-id7430,uplink,29.960900
2026-02-15 17:25:00,estimate,sw-core-01,port-id7430,uplink,22.171460
2026-02-15 17:30:00,estimate,sw-core-01,port-id7430,uplink,25.112236
2026-02-15 17:35:00,estimate,sw-core-01,port-id7430,uplink,30.245275
2026-02-15 17:40:00,estimate,sw-core-01,port-id7430,uplink,25.634159
2026-02-15 17:45:00,estimate,sw-core-01,port-id7430,uplink,21.814749
2026-02-15 17:50:00,estimate,sw-core-01,port-id7430,uplink,23.897103
2026-02-15 17:55:00,estimate,sw-core-01,port-id7430,uplink,25.067954
2026-02-15 18:00:00,estimate,sw-core-01,port-id7430,uplink,28.595413
2026-02-15 18:05:00,estimate,sw-core-01,port-id7430,uplink,22.603275
2026-02-15 18:10:00,estimate,sw-core-01,port-id7430,uplink,26.770257
2026-02-15 18:15:00,estimate,sw-core-01,port-id7430,uplink,28.828878
2026-02-15 18:20:00,estimate,sw-core-01,port-id7430,uplink,21.692701
2026-02-15 18:25:00,estimate,sw-core-01,port-id7430,uplink,22.889146
2026-02-15 18:30:00,estimate,sw-core-01,port-id7430,uplink,26.629908
2026-02-15 18:35:00,estimate,sw-core-01,port-id7430,uplink,25.687944
2026-02-15 18:40:00,estimate,sw-core-01,port-id7430,uplink,24.743354
2026-02-15 18:45:00,estimate,sw-core-01,port-id7430,uplink,20.629700
2026-02-15 18:50:00,estimate,sw-core-01,port-id7430,uplink,25.146162
2026-02-15 18:55:00,estimate,sw-core-01,port-id7430,uplink,21.854956
2026-02-15 19:00:00,estimate,sw-core-01,port-id7430,uplink,22.065890
2026-02-15 19:05:00,estimate,sw-core-01,port-id7430,uplink,20.944946
2026-02-15 19:10:00,estimate,sw-core-01,port-id7430,uplink,18.600398
2026-02-15 19:15:00,estimate,sw-core-01,port-id7430,uplink,21.191980
2026-02-15 19:20:00,estimate,sw-core-01,port-id7430,uplink,18.433408
2026-02-15 19:25:00,estimate,sw-core-01,port-id7430,uplink,14.228911
2026-02-15 19:30:00,estimate,sw-core-01,port-id7430,uplink,16.268069
2026-02-15 19:35:00,estimate,sw-core-01,port-id7430,uplink,17.142871
2026-02-15 19:40:00,estimate,sw-core-01,port-id7430,uplink,15.297255
2026-02-15 19:45:00,estimate,sw-core-01,port-id7430,uplink,19.245776
2026-02-15 19:50:00,estimate,sw-core-01,port-id7430,uplink,18.216698
2026-02-15 19:55:00,estimate,sw-core-01,port-id7430,uplink,16.823741
2026-02-15 20:00:00,estimate,sw-core-01,port-id7430,uplink,14.367970
2026-02-15 20:05:00,estimate,sw-core-01,port-id7430,uplink,19.292783
2026-02-15 20:10:00,estimate,sw-core-01,port-id7430,uplink,13.788517
2026-02-15 20:15:00,estimate,sw-core-01,port-id7430,uplink,13.697534
2026-02-15 20:20:00,estimate,sw-core-01,port-id7430,uplink,11.087639
2026-02-15 20:25:00,estimate,sw-core-01,port-id7430,uplink,11.542471
2026-02-15 20:30:00,estimate,sw-core-01,port-id7430,uplink,10.832265
2026-02-15 20:35:00,estimate,sw-core-01,port-id7430,uplink,3.173220
2026-02-15 20:40:00,estimate,sw-core-01,port-id7430,uplink,11.669979
2026-02-15 20:45:00,estimate,sw-core-01,port-id7430,uplink,12.000972
2026-02-15 20:50:00,estimate,sw-core-01,port-id7430,uplink,7.376999
2026-02-15 20:55:00,estimate,sw-core-01,port-id7430,uplink,6.225929
2026-02-15 21:00:00,estimate,sw-core-01,port-id7430,uplink,12.628312
2026-02-15 21:05:00,estimate,sw-core-01,port-id7430,uplink,11.744239
2026-02-15 21:10:00,estimate,sw-core-01,port-id7430,uplink,8.443683
2026-02-15 21:15:00,estimate,sw-core-01,port-id7430,uplink,8.706224
2026-02-15 21:20:00,estimate,sw-core-01,port-id7430,uplink,2.033128
2026-02-15 21:25:00,estimate,sw-core-01,port-id7430,uplink,8.309088
2026-02-15 21:30:00,estimate,sw-core-01,port-id7430,uplink,3.864184
2026-02-15 21:35:00,estimate,sw-core-01,port-id7430,uplink,11.453432
2026-02-15 21:40:00,estimate,sw-core-01,port-id7430,uplink,7.936755
2026-02-15 21:45:00,estimate,sw-core-01,port-id7430,uplink,10.443596
2026-02-15 21:50:00,estimate,sw-core-01,port-id7430,uplink,15.582321
2026-02-15 21:55:00,estimate,sw-core-01,port-id7430,uplink,8.498147
2026-02-15 22:00:00,estimate,sw-core-01,port-id7430,uplink,7.295231
2026-02-15 22:05:00,estimate,sw-core-01,port-id7430,uplink,12.700079
2026-02-15 22:10:00,estimate,sw-core-01,port-id7430,uplink,9.331418
2026-02-15 22:15:00,estimate,sw-core-01,port-id7430,uplink,8.226747
2026-02-15 22:20:00,estimate,sw-core-01,port-id7430,uplink,5.012701
2026-02-15 22:25:00,estimate,sw-core-01,port-id7430,uplink,7.268687
2026-02-15 22:30:00,estimate,sw-core-01,port-id7430,uplink,5.564983
2026-02-15 22:35:00,estimate,sw-core-01,port-id7430,uplink,8.331686
2026-02-15 22:40:00,estimate,sw-core-01,port-id7430,uplink,5.841511
2026-02-15 22:45:00,estimate,sw-core-01,port-id7430,uplink,11.832323
2026-02-15 22:50:00,estimate,sw-core-01,port-id7430,uplink,12.166170
2026-02-15 22:55:00,estimate,sw-core-01,port-id7430,uplink,5.869145
2026-02-15 23:00:00,estimate,sw-core-01,port-id7430,uplink,7.954563
2026-02-15 23:05:00,estimate,sw-core-01,port-id7430,uplink,5.245678
2026-02-15 23:10:00,estimate,sw-core-01,port-id7430,uplink,16.163769
2026-02-15 23:15:00,estimate,sw-core-01,port-id7430,uplink,4.426399
2026-02-15 23:20:00,estimate,sw-core-01,port-id7430,uplink,14.059320
2026-02-15 23:25:00,estimate,sw-core-01,port-id7430,uplink,6.405627
2026-02-15 23:30:00,estimate,sw-core-01,port-id7430,uplink,10.217597
2026-02-15 23:35:00,estimate,sw-core-01,port-id7430,uplink,4.360163
2026-02-15 23:40:00,estimate,sw-core-01,port-id7430,uplink,12.353065
2026-02-15 23:45:00,estimate,sw-core-01,port-id7430,uplink,8.381331
2026-02-15 23:50:00,estimate,sw-core-01,port-id7430,uplink,7.339250
2026-02-15 23:55:00,estimate,sw-core-01,port-id7430,uplink,14.987869
2026-02-16 00:00:00,calibrate,sw-core-01,port-id7430,uplink,13.559940
2026-02-16 00:05:00,calibrate,sw-core-01,port-id7430,uplink,15.518064
2026-02-16 00:10:00,calibrate,sw-core-01,port-id7430,uplink,11.140595
2026-02-16 00:15:00,calibrate,sw-core-01,port-id7430,uplink,13.219130
2026-02-16 00:20:00,calibrate,sw-core-01,port-id7430,uplink,16.901352
2026-02-16 00:25:00,calibrate,sw-core-01,port-id7430,uplink,18.304656
2026-02-16 00:30:00,calibrate,sw-core-01,port-id7430,uplink,10.971210
2026-02-16 00:35:00,calibrate,sw-core-01,port-id7430,uplink,13.985920
2026-02-16 00:40:00,calibrate,sw-core-01,port-id7430,uplink,19.121208
2026-02-16 00:45:00,calibrate,sw-core-01,port-id7430,uplink,15.842736
2026-02-16 00:50:00,calibrate,sw-core-01,port-id7430,uplink,10.749002
2026-02-16 00:55:00,calibrate,sw-core-01,port-id7430,uplink,13.865894
2026-02-16 01:00:00,calibrate,sw-core-01,port-id7430,uplink,15.463992
2026-02-16 01:05:00,calibrate,sw-core-01,port-id7430,uplink,10.645029
2026-02-16 01:10:00,calibrate,sw-core-01,port-id7430,uplink,16.537733
2026-02-16 01:15:00,calibrate,sw-core-01,port-id7430,uplink,15.822547
2026-02-16 01:20:00,calibrate,sw-core-01,port-id7430,uplink,13.311195
2026-02-16 01:25:00,calibrate,sw-core-01,port-id7430,uplink,10.430393
2026-02-16 01:30:00,calibrate,sw-core-01,port-id7430,uplink,9.867281
2026-02-16 01:35:00,calibrate,sw-core-01,port-id7430,uplink,14.429180
2026-02-16 01:40:00,calibrate,sw-core-01,port-id7430,uplink,17.843537
2026-02-16 01:45:00,calibrate,sw-core-01,port-id7430,uplink,16.571299
2026-02-16 01:50:00,calibrate,sw-core-01,port-id7430,uplink,17.007290
2026-02-16 01:55:00,calibrate,sw-core-01,port-id7430,uplink,22.200174
2026-02-16 02:00:00,calibrate,sw-core-01,port-id7430,uplink,17.644511
2026-02-16 02:05:00,calibrate,sw-core-01,port-id7430,uplink,13.259864
2026-02-16 02:10:00,calibrate,sw-core-01,port-id7430,uplink,18.407330
2026-02-16 02:15:00,calibrate,sw-core-01,port-id7430,uplink,15.428382
2026-02-16 02:20:00,calibrate,sw-core-01,port-id7430,uplink,21.707207
2026-02-16 02:25:00,calibrate,sw-core-01,port-id7430,uplink,11.494615
2026-02-16 02:30:00,calibrate,sw-core-01,port-id7430,uplink,15.917770
2026-02-16 02:35:00,calibrate,sw-core-01,port-id7430,uplink,16.322416
2026-02-16 02:40:00,calibrate,sw-core-01,port-id7430,uplink,13.779530
2026-02-16 02:45:00,calibrate,sw-core-01,port-id7430,uplink,14.411190
2026-02-16 02:50:00,calibrate,sw-core-01,port-id7430,uplink,17.602216
2026-02-16 02:55:00,calibrate,sw-core-01,port-id7430,uplink,15.110022
2026-02-16 03:00:00,calibrate,sw-core-01,port-id7430,uplink,19.919353
2026-02-16 03:05:00,calibrate,sw-core-01,port-id7430,uplink,17.020305
2026-02-16 03:10:00,calibrate,sw-core-01,port-id7430,uplink,13.831706
2026-02-16 03:15:00,calibrate,sw-core-01,port-id7430,uplink,11.309103
2026-02-16 03:20:00,calibrate,sw-core-01,port-id7430,uplink,10.364560
2026-02-16 03:25:00,calibrate,sw-core-01,port-id7430,uplink,13.898273
2026-02-16 03:30:00,calibrate,sw-core-01,port-id7430,uplink,17.941100
2026-02-16 03:35:00,calibrate,sw-core-01,port-id7430,uplink,12.730385
2026-02-16 03:40:00,calibrate,sw-core-01,port-id7430,uplink,14.202594
2026-02-16 03:45:00,calibrate,sw-core-01,port-id7430,uplink,13.522381
2026-02-16 03:50:00,calibrate,sw-core-01,port-id7430,uplink,13.126659
2026-02-16 03:55:00,calibrate,sw-core-01,port-id7430,uplink,15.884827
2026-02-16 04:00:00,calibrate,sw-core-01,port-id7430,uplink,17.761430
2026-02-16 04:05:00,calibrate,sw-core-01,port-id7430,uplink,14.980427
2026-02-16 04:10:00,calibrate,sw-core-01,port-id7430,uplink,13.263355
2026-02-16 04:15:00,calibrate,sw-core-01,port-id7430,uplink,13.791196
2026-02-16 04:20:00,calibrate,sw-core-01,port-id7430,uplink,18.010844
2026-02-16 04:25:00,calibrate,sw-core-01,port-id7430,uplink,13.095047
2026-02-16 04:30:00,calibrate,sw-core-01,port-id7430,uplink,17.197084
2026-02-16 04:35:00,calibrate,sw-core-01,port-id7430,uplink,21.128269
2026-02-16 04:40:00,calibrate,sw-core-01,port-id7430,uplink,22.152583
2026-02-16 04:45:00,calibrate,sw-core-01,port-id7430,uplink,8.974462
2026-02-16 04:50:00,calibrate,sw-core-01,port-id7430,uplink,21.055756
2026-02-16 04:55:00,calibrate,sw-core-01,port-id7430,uplink,20.359363
2026-02-16 05:00:00,calibrate,sw-core-01,port-id7430,uplink,14.391667
2026-02-16 05:05:00,calibrate,sw-core-01,port-id7430,uplink,13.532507
2026-02-16 05:10:00,calibrate,sw-core-01,port-id7430,uplink,12.931381
2026-02-16 05:15:00,calibrate,sw-core-01,port-id7430,uplink,17.949670
2026-02-16 05:20:00,calibrate,sw-core-01,port-id7430,uplink,18.513386
2026-02-16 05:25:00,calibrate,sw-core-01,port-id7430,uplink,21.620215
2026-02-16 05:30:00,calibrate,sw-core-01,port-id7430,uplink,14.079533
2026-02-16 05:35:00,calibrate,sw-core-01,port-id7430,uplink,18.898842
2026-02-16 05:40:00,calibrate,sw-core-01,port-id7430,uplink,17.040920
2026-02-16 05:45:00,calibrate,sw-core-01,port-id7430,uplink,20.379921
2026-02-16 05:50:00,calibrate,sw-core-01,port-id7430,uplink,16.882023
2026-02-16 05:55:00,calibrate,sw-core-01,port-id7430,uplink,20.089724
2026-02-16 06:00:00,calibrate,sw-core-01,port-id7430,uplink,19.859612
2026-02-16 06:05:00,calibrate,sw-core-01,port-id7430,uplink,15.068744
2026-02-16 06:10:00,calibrate,sw-core-01,port-id7430,uplink,22.933026
2026-02-16 06:15:00,calibrate,sw-core-01,port-id7430,uplink,23.020058
2026-02-16 06:20:00,calibrate,sw-core-01,port-id7430,uplink,23.916162
2026-02-16 06:25:00,calibrate,sw-core-01,port-id7430,uplink,22.996881
2026-02-16 06:30:00,calibrate,sw-core-01,port-id7430,uplink,22.184297
2026-02-16 06:35:00,calibrate,sw-core-01,port-id7430,uplink,25.944971
2026-02-16 06:40:00,calibrate,sw-core-01,port-id7430,uplink,22.752382
2026-02-16 06:45:00,calibrate,sw-core-01,port-id7430,uplink,27.820673
2026-02-16 06:50:00,calibrate,sw-core-01,port-id7430,uplink,26.794863
2026-02-16 06:55:00,calibrate,sw-core-01,port-id7430,uplink,32.308852
2026-02-16 07:00:00,calibrate,sw-core-01,port-id7430,uplink,29.957661
2026-02-16 07:05:00,calibrate,sw-core-01,port-id7430,uplink,29.514184
2026-02-16 07:10:00,calibrate,sw-core-01,port-id7430,uplink,36.488390
2026-02-16 07:15:00,calibrate,sw-core-01,port-id7430,uplink,27.969599
2026-02-16 07:20:00,calibrate,sw-core-01,port-id7430,uplink,29.746561
2026-02-16 07:25:00,calibrate,sw-core-01,port-id7430,uplink,37.593359
2026-02-16 07:30:00,calibrate,sw-core-01,port-id7430,uplink,40.366815
2026-02-16 07:35:00,calibrate,sw-core-01,port-id7430,uplink,38.717962
2026-02-16 07:40:00,calibrate,sw-core-01,port-id7430,uplink,38.601897
2026-02-16 07:45:00,calibrate,sw-core-01,port-id7430,uplink,31.287009
2026-02-16 07:50:00,calibrate,sw-core-01,port-id7430,uplink,42.175069
2026-02-16 07:55:00,calibrate,sw-core-01,port-id7430,uplink,41.665864
2026-02-16 08:00:00,calibrate,sw-core-01,port-id7430,uplink,39.515061
2026-02-16 08:05:00,calibrate,sw-core-01,port-id7430,uplink,41.800443
2026-02-16 08:10:00,calibrate,sw-core-01,port-id7430,uplink,39.587305
2026-02-16 08:15:00,calibrate,sw-core-01,port-id7430,uplink,36.887404
2026-02-16 08:20:00,calibrate,sw-core-01,port-id7430,uplink,43.795718
2026-02-16 08:25:00,calibrate,sw-core-01,port-id7430,uplink,45.234731
2026-02-16 08:30:00,calibrate,sw-core-01,port-id7430,uplink,42.872262
2026-02-16 08:35:00,calibrate,sw-core-01,port-id7430,uplink,44.410699
2026-02-16 08:40:00,calibrate,sw-core-01,port-id7430,uplink,45.656004
2026-02-16 08:45:00,calibrate,sw-core-01,port-id7430,uplink,40.980447
2026-02-16 08:50:00,calibrate,sw-core-01,port-id7430,uplink,38.600082
2026-02-16 08:55:00,calibrate,sw-core-01,port-id7430,uplink,43.773986
2026-02-16 09:00:00,calibrate,sw-core-01,port-id7430,uplink,45.480403
2026-02-16 09:05:00,calibrate,sw-core-01,port-id7430,uplink,43.458797
2026-02-16 09:10:00,calibrate,sw-core-01,port-id7430,uplink,37.227833
2026-02-16 09:15:00,calibrate,sw-core-01,port-id7430,uplink,43.929640
2026-02-16 09:20:00,calibrate,sw-core-01,port-id7430,uplink,46.333219
2026-02-16 09:25:00,calibrate,sw-core-01,port-id7430,uplink,48.922949
2026-02-16 09:30:00,calibrate,sw-core-01,port-id7430,uplink,47.115994
2026-02-16 09:35:00,calibrate,sw-core-01,port-id7430,uplink,40.724122
2026-02-16 09:40:00,calibrate,sw-core-01,port-id7430,uplink,41.021376
2026-02-16 09:45:00,calibrate,sw-core-01,port-id7430,uplink,42.436865
2026-02-16 09:50:00,calibrate,sw-core-01,port-id7430,uplink,47.089138
2026-02-16 09:55:00,calibrate,sw-core-01,port-id7430,uplink,42.639455
2026-02-16 10:00:00,calibrate,sw-core-01,port-id7430,uplink,47.626991
2026-02-16 10:05:00,calibrate,sw-core-01,port-id7430,uplink,46.220289
2026-02-16 10:10:00,calibrate,sw-core-01,port-id7430,uplink,40.263686
2026-02-16 10:15:00,calibrate,sw-core-01,port-id7430,uplink,49.332996
2026-02-16 10:20:00,calibrate,sw-core-01,port-id7430,uplink,45.216328
2026-02-16 10:25:00,calibrate,sw-core-01,port-id7430,uplink,39.168035
2026-02-16 10:30:00,calibrate,sw-core-01,port-id7430,uplink,49.973078
2026-02-16 10:35:00,calibrate,sw-core-01,port-id7430,uplink,46.358278
2026-02-16 10:40:00,calibrate,sw-core-01,port-id7430,uplink,44.236983
2026-02-16 10:45:00,calibrate,sw-core-01,port-id7430,uplink,40.402882
2026-02-16 10:50:00,calibrate,sw-core-01,port-id7430,uplink,43.192789
2026-02-16 10:55:00,calibrate,sw-core-01,port-id7430,uplink,41.700139
2026-02-16 11:00:00,calibrate,sw-core-01,port-id7430,uplink,45.055237
2026-02-16 11:05:00,calibrate,sw-core-01,port-id7430,uplink,45.890111
2026-02-16 11:10:00,calibrate,sw-core-01,port-id7430,uplink,45.099982
2026-02-16 11:15:00,calibrate,sw-core-01,port-id7430,uplink,42.267791
2026-02-16 11:20:00,calibrate,sw-core-01,port-id7430,uplink,44.222641
2026-02-16 11:25:00,calibrate,sw-core-01,port-id7430,uplink,49.087448
2026-02-16 11:30:00,calibrate,sw-core-01,port-id7430,uplink,44.332728
2026-02-16 11:35:00,calibrate,sw-core-01,port-id7430,uplink,45.340165
2026-02-16 11:40:00,calibrate,sw-core-01,port-id7430,uplink,46.976992
2026-02-16 11:45:00,calibrate,sw-core-01,port-id7430,uplink,49.138709
2026-02-16 11:50:00,calibrate,sw-core-01,port-id7430,uplink,45.784692
2026-02-16 11:55:00,calibrate,sw-core-01,port-id7430,uplink,49.486434
2026-02-16 12:00:00,calibrate,sw-core-01,port-id7430,uplink,42.610631
2026-02-16 12:05:00,calibrate,sw-core-01,port-id7430,uplink,48.841695
2026-02-16 12:10:00,calibrate,sw-core-01,port-id7430,uplink,46.928390
2026-02-16 12:15:00,calibrate,sw-core-01,port-id7430,uplink,45.041412
2026-02-16 12:20:00,calibrate,sw-core-01,port-id7430,uplink,46.559224
2026-02-16 12:25:00,calibrate,sw-core-01,port-id7430,uplink,42.415463
2026-02-16 12:30:00,calibrate,sw-core-01,port-id7430,uplink,47.215540
2026-02-16 12:35:00,calibrate,sw-core-01,port-id7430,uplink,44.128647
2026-02-16 12:40:00,calibrate,sw-core-01,port-id7430,uplink,46.628036
2026-02-16 12:45:00,calibrate,sw-core-01,port-id7430,uplink,46.707905
2026-02-16 12:50:00,calibrate,sw-core-01,port-id7430,uplink,38.974449
2026-02-16 12:55:00,calibrate,sw-core-01,port-id7430,uplink,46.300898
2026-02-16 13:00:00,calibrate,sw-core-01,port-id7430,uplink,49.294107
2026-02-16 13:05:00,calibrate,sw-core-01,port-id7430,uplink,45.642518
2026-02-16 13:10:00,calibrate,sw-core-01,port-id7430,uplink,51.815115
2026-02-16 13:15:00,calibrate,sw-core-01,port-id7430,uplink,47.372199
2026-02-16 13:20:00,calibrate,sw-core-01,port-id7430,uplink,44.345799
2026-02-16 13:25:00,calibrate,sw-core-01,port-id7430,uplink,48.627906
2026-02-16 13:30:00,calibrate,sw-core-01,port-id7430,uplink,45.266880
2026-02-16 13:35:00,calibrate,sw-core-01,port-id7430,uplink,46.084561
2026-02-16 13:40:00,calibrate,sw-core-01,port-id7430,uplink,51.250728
2026-02-16 13:45:00,calibrate,sw-core-01,port-id7430,uplink,43.209360
2026-02-16 13:50:00,calibrate,sw-core-01,port-id7430,uplink,43.494992
2026-02-16 13:55:00,calibrate,sw-core-01,port-id7430,uplink,44.985388
2026-02-16 14:00:00,calibrate,sw-core-01,port-id7430,uplink,46.136681
2026-02-16 14:05:00,calibrate,sw-core-01,port-id7430,uplink,49.522189
2026-02-16 14:10:00,calibrate,sw-core-01,port-id7430,uplink,49.920788
2026-02-16 14:15:00,calibrate,sw-core-01,port-id7430,uplink,43.661828
2026-02-16 14:20:00,calibrate,sw-core-01,port-id7430,uplink,43.913207
2026-02-16 14:25:00,calibrate,sw-core-01,port-id7430,uplink,43.924854
2026-02-16 14:30:00,calibrate,sw-core-01,port-id7430,uplink,40.843776
2026-02-16 14:35:00,calibrate,sw-core-01,port-id7430,uplink,38.698059
2026-02-16 14:40:00,calibrate,sw-core-01,port-id7430,uplink,43.903046
2026-02-16 14:45:00,calibrate,sw-core-01,port-id7430,uplink,51.329151
2026-02-16 14:50:00,calibrate,sw-core-01,port-id7430,uplink,46.433035
2026-02-16 14:55:00,calibrate,sw-core-01,port-id7430,uplink,44.930623
2026-02-16 15:00:00,calibrate,sw-core-01,port-id7430,uplink,45.833930
2026-02-16 15:05:00,calibrate,sw-core-01,port-id7430,uplink,44.279644
2026-02-16 15:10:00,calibrate,sw-core-01,port-id7430,uplink,46.098730
2026-02-16 15:15:00,calibrate,sw-core-01,port-id7430,uplink,38.652703
2026-02-16 15:20:00,calibrate,sw-core-01,port-id7430,uplink,45.169188
2026-02-16 15:25:00,calibrate,sw-core-01,port-id7430,uplink,45.361291
2026-02-16 15:30:00,calibrate,sw-core-01,port-id7430,uplink,42.124166
2026-02-16 15:35:00,calibrate,sw-core-01,port-id7430,uplink,47.183929
2026-02-16 15:40:00,calibrate,sw-core-01,port-id7430,uplink,37.887993
2026-02-16 15:45:00,calibrate,sw-core-01,port-id7430,uplink,44.541273
2026-02-16 15:50:00,calibrate,sw-core-01,port-id7430,uplink,45.949511
2026-02-16 15:55:00,calibrate,sw-core-01,port-id7430,uplink,45.991528
2026-02-16 16:00:00,calibrate,sw-core-01,port-id7430,uplink,45.648879
2026-02-16 16:05:00,calibrate,sw-core-01,port-id7430,uplink,45.392164
2026-02-16 16:10:00,calibrate,sw-core-01,port-id7430,uplink,44.504971
2026-02-16 16:15:00,calibrate,sw-core-01,port-id7430,uplink,39.941103
2026-02-16 16:20:00,calibrate,sw-core-01,port-id7430,uplink,41.978079
2026-02-16 16:25:00,calibrate,sw-core-01,port-id7430,uplink,44.682122
2026-02-16 16:30:00,calibrate,sw-core-01,port-id7430,uplink,46.383860
2026-02-16 16:35:00,calibrate,sw-core-01,port-id7430,uplink,42.853687
2026-02-16 16:40:00,calibrate,sw-core-01,port-id7430,uplink,46.183774
2026-02-16 16:45:00,calibrate,sw-core-01,port-id7430,uplink,44.862580
2026-02-16 16:50:00,calibrate,sw-core-01,port-id7430,uplink,45.560229
2026-02-16 16:55:00,calibrate,sw-core-01,port-id7430,uplink,50.275422
2026-02-16 17:00:00,calibrate,sw-core-01,port-id7430,uplink,47.743816
2026-02-16 17:05:00,calibrate,sw-core-01,port-id7430,uplink,40.770989
2026-02-16 17:10:00,calibrate,sw-core-01,port-id7430,uplink,45.324903
2026-02-16 17:15:00,calibrate,sw-core-01,port-id7430,uplink,45.179553
2026-02-16 17:20:00,calibrate,sw-core-01,port-id7430,uplink,44.425408
2026-02-16 17:25:00,calibrate,sw-core-01,port-id7430,uplink,46.602822
2026-02-16 17:30:00,calibrate,sw-core-01,port-id7430,uplink,44.424867
2026-02-16 17:35:00,calibrate,sw-core-01,port-id7430,uplink,41.690874
2026-02-16 17:40:00,calibrate,sw-core-01,port-id7430,uplink,38.196271
2026-02-16 17:45:00,calibrate,sw-core-01,port-id7430,uplink,46.326894
2026-02-16 17:50:00,calibrate,sw-core-01,port-id7430,uplink,41.372521
2026-02-16 17:55:00,calibrate,sw-core-01,port-id7430,uplink,39.535255
2026-02-16 18:00:00,calibrate,sw-core-01,port-id7430,uplink,39.105865
2026-02-16 18:05:00,calibrate,sw-core-01,port-id7430,uplink,43.125779
2026-02-16 18:10:00,calibrate,sw-core-01,port-id7430,uplink,43.291162
2026-02-16 18:15:00,calibrate,sw-core-01,port-id7430,uplink,39.959155
2026-02-16 18:20:00,calibrate,sw-core-01,port-id7430,uplink,39.847700
2026-02-16 18:25:00,calibrate,sw-core-01,port-id7430,uplink,43.960835
2026-02-16 18:30:00,calibrate,sw-core-01,port-id7430,uplink,34.806945
2026-02-16 18:35:00,calibrate,sw-core-01,port-id7430,uplink,37.896806
2026-02-16 18:40:00,calibrate,sw-core-01,port-id7430,uplink,40.698986
2026-02-16 18:45:00,calibrate,sw-core-01,port-id7430,uplink,42.147483
2026-02-16 18:50:00,calibrate,sw-core-01,port-id7430,uplink,40.747074
2026-02-16 18:55:00,calibrate,sw-core-01,port-id7430,uplink,47.248377
2026-02-16 19:00:00,calibrate,sw-core-01,port-id7430,uplink,38.009308
2026-02-16 19:05:00,calibrate,sw-core-01,port-id7430,uplink,40.004664
2026-02-16 19:10:00,calibrate,sw-core-01,port-id7430,uplink,33.719585
2026-02-16 19:15:00,calibrate,sw-core-01,port-id7430,uplink,32.250556
2026-02-16 19:20:00,calibrate,sw-core-01,port-id7430,uplink,30.595804
2026-02-16 19:25:00,calibrate,sw-core-01,port-id7430,uplink,31.866236
2026-02-16 19:30:00,calibrate,sw-core-01,port-id7430,uplink,26.571282
2026-02-16 19:35:00,calibrate,sw-core-01,port-id7430,uplink,31.472602
2026-02-16 19:40:00,calibrate,sw-core-01,port-id7430,uplink,25.493396
2026-02-16 19:45:00,calibrate,sw-core-01,port-id7430,uplink,25.591199
2026-02-16 19:50:00,calibrate,sw-core-01,port-id7430,uplink,24.781017
2026-02-16 19:55:00,calibrate,sw-core-01,port-id7430,uplink,29.796893
2026-02-16 20:00:00,calibrate,sw-core-01,port-id7430,uplink,24.334096
2026-02-16 20:05:00,calibrate,sw-core-01,port-id7430,uplink,16.359442
2026-02-16 20:10:00,calibrate,sw-core-01,port-id7430,uplink,22.972136
2026-02-16 20:15:00,calibrate,sw-core-01,port-id7430,uplink,17.055812
2026-02-16 20:20:00,calibrate,sw-core-01,port-id7430,uplink,20.989780
2026-02-16 20:25:00,calibrate,sw-core-01,port-id7430,uplink,18.342549
2026-02-16 20:30:00,calibrate,sw-core-01,port-id7430,uplink,19.595494
2026-02-16 20:35:00,calibrate,sw-core-01,port-id7430,uplink,20.476460
2026-02-16 20:40:00,calibrate,sw-core-01,port-id7430,uplink,19.338548
2026-02-16 20:45:00,calibrate,sw-core-01,port-id7430,uplink,13.026239
2026-02-16 20:50:00,calibrate,sw-core-01,port-id7430,uplink,20.059976
2026-02-16 20:55:00,calibrate,sw-core-01,port-id7430,uplink,22.869156
2026-02-16 21:00:00,calibrate,sw-core-01,port-id7430,uplink,19.753243
2026-02-16 21:05:00,calibrate,sw-core-01,port-id7430,uplink,17.585223
2026-02-16 21:10:00,calibrate,sw-core-01,port-id7430,uplink,18.835078
2026-02-16 21:15:00,calibrate,sw-core-01,port-id7430,uplink,16.571641
2026-02-16 21:20:00,calibrate,sw-core-01,port-id7430,uplink,13.341452
2026-02-16 21:25:00,calibrate,sw-core-01,port-id7430,uplink,17.864649
2026-02-16 21:30:00,calibrate,sw-core-01,port-id7430,uplink,15.313825
2026-02-16 21:35:00,calibrate,sw-core-01,port-id7430,uplink,20.377685
2026-02-16 21:40:00,calibrate,sw-core-01,port-id7430,uplink,19.291930
2026-02-16 21:45:00,calibrate,sw-core-01,port-id7430,uplink,14.042658
2026-02-16 21:50:00,calibrate,sw-core-01,port-id7430,uplink,17.538174
2026-02-16 21:55:00,calibrate,sw-core-01,port-id7430,uplink,15.738775
2026-02-16 22:00:00,calibrate,sw-core-01,port-id7430,uplink,20.024136
2026-02-16 22:05:00,calibrate,sw-core-01,port-id7430,uplink,12.782460
2026-02-16 22:10:00,calibrate,sw-core-01,port-id7430,uplink,10.905109
2026-02-16 22:15:00,calibrate,sw-core-01,port-id7430,uplink,14.485884
2026-02-16 22:20:00,calibrate,sw-core-01,port-id7430,uplink,15.330695
2026-02-16 22:25:00,calibrate,sw-core-01,port-id7430,uplink,15.442204
2026-02-16 22:30:00,calibrate,sw-core-01,port-id7430,uplink,11.965337
2026-02-16 22:35:00,calibrate,sw-core-01,port-id7430,uplink,22.409885
2026-02-16 22:40:00,calibrate,sw-core-01,port-id7430,uplink,12.892416
2026-02-16 22:45:00,calibrate,sw-core-01,port-id7430,uplink,18.135874
2026-02-16 22:50:00,calibrate,sw-core-01,port-id7430,uplink,13.721635
2026-02-16 22:55:00,calibrate,sw-core-01,port-id7430,uplink,15.375888
2026-02-16 23:00:00,calibrate,sw-core-01,port-id7430,uplink,17.052688
2026-02-16 23:05:00,calibrate,sw-core-01,port-id7430,uplink,16.652828
2026-02-16 23:10:00,calibrate,sw-core-01,port-id7430,uplink,14.652570
2026-02-16 23:15:00,calibrate,sw-core-01,port-id7430,uplink,13.937918
2026-02-16 23:20:00,calibrate,sw-core-01,port-id7430,uplink,12.015308
2026-02-16 23:25:00,calibrate,sw-core-01,port-id7430,uplink,16.185886
2026-02-16 23:30:00,calibrate,sw-core-01,port-id7430,uplink,18.880625
2026-02-16 23:35:00,calibrate,sw-core-01,port-id7430,uplink,11.597333
2026-02-16 23:40:00,calibrate,sw-core-01,port-id7430,uplink,19.883785
2026-02-16 23:45:00,calibrate,sw-core-01,port-id7430,uplink,15.566982
2026-02-16 23:50:00,calibrate,sw-core-01,port-id7430,uplink,17.272477
2026-02-16 23:55:00,calibrate,sw-core-01,port-id7430,uplink,12.773457
2026-02-17 00:00:00,calibrate,sw-core-01,port-id7430,uplink,13.487683
2026-02-17 00:05:00,calibrate,sw-core-01,port-id7430,uplink,16.667149
2026-02-17 00:10:00,calibrate,sw-core-01,port-id7430,uplink,13.988676
2026-02-17 00:15:00,calibrate,sw-core-01,port-id7430,uplink,18.787526
2026-02-17 00:20:00,calibrate,sw-core-01,port-id7430,uplink,13.006564
2026-02-17 00:25:00,calibrate,sw-core-01,port-id7430,uplink,12.224946
2026-02-17 00:30:00,calibrate,sw-core-01,port-id7430,uplink,10.795504
2026-02-17 00:35:00,calibrate,sw-core-01,port-id7430,uplink,20.611132
2026-02-17 00:40:00,calibrate,sw-core-01,port-id7430,uplink,17.549339
2026-02-17 00:45:00,calibrate,sw-core-01,port-id7430,uplink,12.694446
2026-02-17 00:50:00,calibrate,sw-core-01,port-id7430,uplink,9.624220
2026-02-17 00:55:00,calibrate,sw-core-01,port-id7430,uplink,16.017873
2026-02-17 01:00:00,calibrate,sw-core-01,port-id7430,uplink,17.420482
2026-02-17 01:05:00,calibrate,sw-core-01,port-id7430,uplink,12.637181
2026-02-17 01:10:00,calibrate,sw-core-01,port-id7430,uplink,18.865337
2026-02-17 01:15:00,calibrate,sw-core-01,port-id7430,uplink,11.416364
2026-02-17 01:20:00,calibrate,sw-core-01,port-id7430,uplink,14.450755
2026-02-17 01:25:00,calibrate,sw-core-01,port-id7430,uplink,14.479283
2026-02-17 01:30:00,calibrate,sw-core-01,port-id7430,uplink,19.431421
2026-02-17 01:35:00,calibrate,sw-core-01,port-id7430,uplink,13.055740
2026-02-17 01:40:00,calibrate,sw-core-01,port-id7430,uplink,15.758741
2026-02-17 01:45:00,calibrate,sw-core-01,port-id7430,uplink,15.307197
2026-02-17 01:50:00,calibrate,sw-core-01,port-id7430,uplink,16.000055
2026-02-17 01:55:00,calibrate,sw-core-01,port-id7430,uplink,16.865423
2026-02-17 02:00:00,calibrate,sw-core-01,port-id7430,uplink,9.880408
2026-02-17 02:05:00,calibrate,sw-core-01,port-id7430,uplink,17.793099
2026-02-17 02:10:00,calibrate,sw-core-01,port-id7430,uplink,16.070046
2026-02-17 02:15:00,calibrate,sw-core-01,port-id7430,uplink,19.982212
2026-02-17 02:20:00,calibrate,sw-core-01,port-id7430,uplink,17.241724
2026-02-17 02:25:00,calibrate,sw-core-01,port-id7430,uplink,12.348717
2026-02-17 02:30:00,calibrate,sw-core-01,port-id7430,uplink,15.238592
2026-02-17 02:35:00,calibrate,sw-core-01,port-id7430,uplink,9.908690
2026-02-17 02:40:00,calibrate,sw-core-01,port-id7430,uplink,15.103255
2026-02-17 02:45:00,calibrate,sw-core-01,port-id7430,uplink,11.305684
2026-02-17 02:50:00,calibrate,sw-core-01,port-id7430,uplink,7.212466
2026-02-17 02:55:00,calibrate,sw-core-01,port-id7430,uplink,18.934193
2026-02-17 03:00:00,calibrate,sw-core-01,port-id7430,uplink,13.082648
2026-02-17 03:05:00,calibrate,sw-core-01,port-id7430,uplink,15.724356
2026-02-17 03:10:00,calibrate,sw-core-01,port-id7430,uplink,16.687788
2026-02-17 03:15:00,calibrate,sw-core-01,port-id7430,uplink,12.940603
2026-02-17 03:20:00,calibrate,sw-core-01,port-id7430,uplink,14.017367
2026-02-17 03:25:00,calibrate,sw-core-01,port-id7430,uplink,14.006948
2026-02-17 03:30:00,calibrate,sw-core-01,port-id7430,uplink,17.520965
2026-02-17 03:35:00,calibrate,sw-core-01,port-id7430,uplink,17.526361
2026-02-17 03:40:00,calibrate,sw-core-01,port-id7430,uplink,10.441061
2026-02-17 03:45:00,calibrate,sw-core-01,port-id7430,uplink,14.881048
2026-02-17 03:50:00,calibrate,sw-core-01,port-id7430,uplink,17.814421
2026-02-17 03:55:00,calibrate,sw-core-01,port-id7430,uplink,12.793900
2026-02-17 04:00:00,calibrate,sw-core-01,port-id7430,uplink,13.363353
2026-02-17 04:05:00,calibrate,sw-core-01,port-id7430,uplink,13.708707
2026-02-17 04:10:00,calibrate,sw-core-01,port-id7430,uplink,12.906070
2026-02-17 04:15:00,calibrate,sw-core-01,port-id7430,uplink,21.579200
2026-02-17 04:20:00,calibrate,sw-core-01,port-id7430,uplink,14.051553
2026-02-17 04:25:00,calibrate,sw-core-01,port-id7430,uplink,15.023626
2026-02-17 04:30:00,calibrate,sw-core-01,port-id7430,uplink,18.209432
2026-02-17 04:35:00,calibrate,sw-core-01,port-id7430,uplink,11.464690
2026-02-17 04:40:00,calibrate,sw-core-01,port-id7430,uplink,14.727424
2026-02-17 04:45:00,calibrate,sw-core-01,port-id7430,uplink,10.470115
2026-02-17 04:50:00,calibrate,sw-core-01,port-id7430,uplink,17.269849
2026-02-17 04:55:00,calibrate,sw-core-01,port-id7430,uplink,8.902012
2026-02-17 05:00:00,calibrate,sw-core-01,port-id7430,uplink,19.413493
2026-02-17 05:05:00,calibrate,sw-core-01,port-id7430,uplink,19.916868
2026-02-17 05:10:00,calibrate,sw-core-01,port-id7430,uplink,15.647914
2026-02-17 05:15:00,calibrate,sw-core-01,port-id7430,uplink,16.862012
2026-02-17 05:20:00,calibrate,sw-core-01,port-id7430,uplink,13.646735
2026-02-17 05:25:00,calibrate,sw-core-01,port-id7430,uplink,21.618903
2026-02-17 05:30:00,calibrate,sw-core-01,port-id7430,uplink,15.546102
2026-02-17 05:35:00,calibrate,sw-core-01,port-id7430,uplink,20.430277
2026-02-17 05:40:00,calibrate,sw-core-01,port-id7430,uplink,20.571933
2026-02-17 05:45:00,calibrate,sw-core-01,port-id7430,uplink,16.314052
2026-02-17 05:50:00,calibrate,sw-core-01,port-id7430,uplink,14.858247
2026-02-17 05:55:00,calibrate,sw-core-01,port-id7430,uplink,17.310792
2026-02-17 06:00:00,calibrate,sw-core-01,port-id7430,uplink,20.116231
2026-02-17 06:05:00,calibrate,sw-core-01,port-id7430,uplink,21.319705
2026-02-17 06:10:00,calibrate,sw-core-01,port-id7430,uplink,21.272417
2026-02-17 06:15:00,calibrate,sw-core-01,port-id7430,uplink,15.685119
2026-02-17 06:20:00,calibrate,sw-core-01,port-id7430,uplink,19.276615
2026-02-17 06:25:00,calibrate,sw-core-01,port-id7430,uplink,25.972996
2026-02-17 06:30:00,calibrate,sw-core-01,port-id7430,uplink,26.265560
2026-02-17 06:35:00,calibrate,sw-core-01,port-id7430,uplink,23.022258
2026-02-17 06:40:00,calibrate,sw-core-01,port-id7430,uplink,25.069262
2026-02-17 06:45:00,calibrate,sw-core-01,port-id7430,uplink,27.022900
2026-02-17 06:50:00,calibrate,sw-core-01,port-id7430,uplink,29.951081
2026-02-17 06:55:00,calibrate,sw-core-01,port-id7430,uplink,26.835529
2026-02-17 07:00:00,calibrate,sw-core-01,port-id7430,uplink,34.791400
2026-02-17 07:05:00,calibrate,sw-core-01,port-id7430,uplink,30.120738
2026-02-17 07:10:00,calibrate,sw-core-01,port-id7430,uplink,30.456609
2026-02-17 07:15:00,calibrate,sw-core-01,port-id7430,uplink,30.021859
2026-02-17 07:20:00,calibrate,sw-core-01,port-id7430,uplink,34.537483
2026-02-17 07:25:00,calibrate,sw-core-01,port-id7430,uplink,32.086163
2026-02-17 07:30:00,calibrate,sw-core-01,port-id7430,uplink,37.334603
2026-02-17 07:35:00,calibrate,sw-core-01,port-id7430,uplink,42.260112
2026-02-17 07:40:00,calibrate,sw-core-01,port-id7430,uplink,38.467863
2026-02-17 07:45:00,calibrate,sw-core-01,port-id7430,uplink,34.485438
2026-02-17 07:50:00,calibrate,sw-core-01,port-id7430,uplink,38.790143
2026-02-17 07:55:00,calibrate,sw-core-01,port-id7430,uplink,41.265566
2026-02-17 08:00:00,calibrate,sw-core-01,port-id7430,uplink,42.547962
2026-02-17 08:05:00,calibrate,sw-core-01,port-id7430,uplink,40.402697
2026-02-17 08:10:00,calibrate,sw-core-01,port-id7430,uplink,37.521114
2026-02-17 08:15:00,calibrate,sw-core-01,port-id7430,uplink,38.440394
2026-02-17 08:20:00,calibrate,sw-core-01,port-id7430,uplink,41.737636
2026-02-17 08:25:00,calibrate,sw-core-01,port-id7430,uplink,43.709170
2026-02-17 08:30:00,calibrate,sw-core-01,port-id7430,uplink,49.752191
2026-02-17 08:35:00,calibrate,sw-core-01,port-id7430,uplink,42.137606
2026-02-17 08:40:00,calibrate,sw-core-01,port-id7430,uplink,38.464355
2026-02-17 08:45:00,calibrate,sw-core-01,port-id7430,uplink,42.271337
2026-02-17 08:50:00,calibrate,sw-core-01,port-id7430,uplink,46.919791
2026-02-17 08:55:00,calibrate,sw-core-01,port-id7430,uplink,42.096148
2026-02-17 09:00:00,calibrate,sw-core-01,port-id7430,uplink,46.832655
2026-02-17 09:05:00,calibrate,sw-core-01,port-id7430,uplink,45.996908
2026-02-17 09:10:00,calibrate,sw-core-01,port-id7430,uplink,47.891479
2026-02-17 09:15:00,calibrate,sw-core-01,port-id7430,uplink,41.906603
2026-02-17 09:20:00,calibrate,sw-core-01,port-id7430,uplink,47.946777
2026-02-17 09:25:00,calibrate,sw-core-01,port-id7430,uplink,39.468087
2026-02-17 09:30:00,calibrate,sw-core-01,port-id7430,uplink,47.357384
2026-02-17 09:35:00,calibrate,sw-core-01,port-id7430,uplink,40.928949
2026-02-17 09:40:00,calibrate,sw-core-01,port-id7430,uplink,41.180772
2026-02-17 09:45:00,calibrate,sw-core-01,port-id7430,uplink,43.077740
2026-02-17 09:50:00,calibrate,sw-core-01,port-id7430,uplink,48.669219
2026-02-17 09:55:00,calibrate,sw-core-01,port-id7430,uplink,43.610551
2026-02-17 10:00:00,calibrate,sw-core-01,port-id7430,uplink,52.940935
2026-02-17 10:05:00,calibrate,sw-core-01,port-id7430,uplink,40.688092
2026-02-17 10:10:00,calibrate,sw-core-01,port-id7430,uplink,46.744872
2026-02-17 10:15:00,calibrate,sw-core-01,port-id7430,uplink,49.442518
2026-02-17 10:20:00,calibrate,sw-core-01,port-id7430,uplink,47.348361
2026-02-17 10:25:00,calibrate,sw-core-01,port-id7430,uplink,47.731278
2026-02-17 10:30:00,calibrate,sw-core-01,port-id7430,uplink,43.645654
2026-02-17 10:35:00,calibrate,sw-core-01,port-id7430,uplink,48.670285
2026-02-17 10:40:00,calibrate,sw-core-01,port-id7430,uplink,46.357273
2026-02-17 10:45:00,calibrate,sw-core-01,port-id7430,uplink,50.315807
2026-02-17 10:50:00,calibrate,sw-core-01,port-id7430,uplink,40.717013
2026-02-17 10:55:00,calibrate,sw-core-01,port-id7430,uplink,45.182750
2026-02-17 11:00:00,calibrate,sw-core-01,port-id7430,uplink,48.489095
2026-02-17 11:05:00,calibrate,sw-core-01,port-id7430,uplink,41.371070
2026-02-17 11:10:00,calibrate,sw-core-01,port-id7430,uplink,47.489098
2026-02-17 11:15:00,calibrate,sw-core-01,port-id7430,uplink,41.506584
2026-02-17 11:20:00,calibrate,sw-core-01,port-id7430,uplink,46.471217
2026-02-17 11:25:00,calibrate,sw-core-01,port-id7430,uplink,43.302472
2026-02-17 11:30:00,calibrate,sw-core-01,port-id7430,uplink,48.707333
2026-02-17 11:35:00,calibrate,sw-core-01,port-id7430,uplink,49.286791
2026-02-17 11:40:00,calibrate,sw-core-01,port-id7430,uplink,41.914650
2026-02-17 11:45:00,calibrate,sw-core-01,port-id7430,uplink,52.546443
2026-02-17 11:50:00,calibrate,sw-core-01,port-id7430,uplink,42.623490
2026-02-17 11:55:00,calibrate,sw-core-01,port-id7430,uplink,43.115855
2026-02-17 12:00:00,calibrate,sw-core-01,port-id7430,uplink,52.852860
2026-02-17 12:05:00,calibrate,sw-core-01,port-id7430,uplink,40.686956
2026-02-17 12:10:00,calibrate,sw-core-01,port-id7430,uplink,43.073330
2026-02-17 12:15:00,calibrate,sw-core-01,port-id7430,uplink,45.160380
2026-02-17 12:20:00,calibrate,sw-core-01,port-id7430,uplink,48.164292
2026-02-17 12:25:00,calibrate,sw-core-01,port-id7430,uplink,45.593713
2026-02-17 12:30:00,calibrate,sw-core-01,port-id7430,uplink,44.373392
2026-02-17 12:35:00,calibrate,sw-core-01,port-id7430,uplink,47.120402
2026-02-17 12:40:00,calibrate,sw-core-01,port-id7430,uplink,41.335252
2026-02-17 12:45:00,calibrate,sw-core-01,port-id7430,uplink,46.602311
2026-02-17 12:50:00,calibrate,sw-core-01,port-id7430,uplink,43.171508
2026-02-17 12:55:00,calibrate,sw-core-01,port-id7430,uplink,43.525070
2026-02-17 13:00:00,calibrate,sw-core-01,port-id7430,uplink,46.230196
2026-02-17 13:05:00,calibrate,sw-core-01,port-id7430,uplink,46.799031
2026-02-17 13:10:00,calibrate,sw-core-01,port-id7430,uplink,46.607466
2026-02-17 13:15:00,calibrate,sw-core-01,port-id7430,uplink,43.902761
2026-02-17 13:20:00,calibrate,sw-core-01,port-id7430,uplink,42.716988
2026-02-17 13:25:00,calibrate,sw-core-01,port-id7430,uplink,50.793294
2026-02-17 13:30:00,calibrate,sw-core-01,port-id7430,uplink,46.599838
2026-02-17 13:35:00,calibrate,sw-core-01,port-id7430,uplink,43.386701
2026-02-17 13:40:00,calibrate,sw-core-01,port-id7430,uplink,45.617248
2026-02-17 13:45:00,calibrate,sw-core-01,port-id7430,uplink,46.316883
2026-02-17 13:50:00,calibrate,sw-core-01,port-id7430,uplink,42.262012
2026-02-17 13:55:00,calibrate,sw-core-01,port-id7430,uplink,44.032047
2026-02-17 14:00:00,calibrate,sw-core-01,port-id7430,uplink,40.915827
2026-02-17 14:05:00,calibrate,sw-core-01,port-id7430,uplink,43.737648
2026-02-17 14:10:00,calibrate,sw-core-01,port-id7430,uplink,50.551888
2026-02-17 14:15:00,calibrate,sw-core-01,port-id7430,uplink,47.629321
2026-02-17 14:20:00,calibrate,sw-core-01,port-id7430,uplink,47.138722
2026-02-17 14:25:00,calibrate,sw-core-01,port-id7430,uplink,37.259118
2026-02-17 14:30:00,calibrate,sw-core-01,port-id7430,uplink,41.980066
2026-02-17 14:35:00,calibrate,sw-core-01,port-id7430,uplink,43.243879
2026-02-17 14:40:00,calibrate,sw-core-01,port-id7430,uplink,52.555055
2026-02-17 14:45:00,calibrate,sw-core-01,port-id7430,uplink,43.936247
2026-02-17 14:50:00,calibrate,sw-core-01,port-id7430,uplink,43.537673
2026-02-17 14:55:00,calibrate,sw-core-01,port-id7430,uplink,44.192342
2026-02-17 15:00:00,calibrate,sw-core-01,port-id7430,uplink,44.488260
2026-02-17 15:05:00,calibrate,sw-core-01,port-id7430,uplink,45.944795
2026-02-17 15:10:00,calibrate,sw-core-01,port-id7430,uplink,43.035056
2026-02-17 15:15:00,calibrate,sw-core-01,port-id7430,uplink,47.800231
2026-02-17 15:20:00,calibrate,sw-core-01,port-id7430,uplink,50.156995
2026-02-17 15:25:00,calibrate,sw-core-01,port-id7430,uplink,47.913158
2026-02-17 15:30:00,calibrate,sw-core-01,port-id7430,uplink,44.727409
2026-02-17 15:35:00,calibrate,sw-core-01,port-id7430,uplink,42.869831
2026-02-17 15:40:00,calibrate,sw-core-01,port-id7430,uplink,42.847136
2026-02-17 15:45:00,calibrate,sw-core-01,port-id7430,uplink,45.657883
2026-02-17 15:50:00,calibrate,sw-core-01,port-id7430,uplink,47.437053
2026-02-17 15:55:00,calibrate,sw-core-01,port-id7430,uplink,40.489534
2026-02-17 16:00:00,calibrate,sw-core-01,port-id7430,uplink,47.705169
2026-02-17 16:05:00,calibrate,sw-core-01,port-id7430,uplink,39.639895
2026-02-17 16:10:00,calibrate,sw-core-01,port-id7430,uplink,43.784777
2026-02-17 16:15:00,calibrate,sw-core-01,port-id7430,uplink,42.014940
2026-02-17 16:20:00,calibrate,sw-core-01,port-id7430,uplink,45.846828
2026-02-17 16:25:00,calibrate,sw-core-01,port-id7430,uplink,42.472060
2026-02-17 16:30:00,calibrate,sw-core-01,port-id7430,uplink,41.195201
2026-02-17 16:35:00,calibrate,sw-core-01,port-id7430,uplink,42.981481
2026-02-17 16:40:00,calibrate,sw-core-01,port-id7430,uplink,45.816421
2026-02-17 16:45:00,calibrate,sw-core-01,port-id7430,uplink,40.370762
2026-02-17 16:50:00,calibrate,sw-core-01,port-id7430,uplink,44.451548
2026-02-17 16:55:00,calibrate,sw-core-01,port-id7430,uplink,43.165335
2026-02-17 17:00:00,calibrate,sw-core-01,port-id7430,uplink,40.463005
2026-02-17 17:05:00,calibrate,sw-core-01,port-id7430,uplink,44.647133
2026-02-17 17:10:00,calibrate,sw-core-01,port-id7430,uplink,40.947144
2026-02-17 17:15:00,calibrate,sw-core-01,port-id7430,uplink,44.806213
2026-02-17 17:20:00,calibrate,sw-core-01,port-id7430,uplink,45.366560
2026-02-17 17:25:00,calibrate,sw-core-01,port-id7430,uplink,36.430230
2026-02-17 17:30:00,calibrate,sw-core-01,port-id7430,uplink,45.786523
2026-02-17 17:35:00,calibrate,sw-core-01,port-id7430,uplink,43.083137
2026-02-17 17:40:00,calibrate,sw-core-01,port-id7430,uplink,46.588996
2026-02-17 17:45:00,calibrate,sw-core-01,port-id7430,uplink,45.617743
2026-02-17 17:50:00,calibrate,sw-core-01,port-id7430,uplink,38.751469
2026-02-17 17:55:00,calibrate,sw-core-01,port-id7430,uplink,43.590224
2026-02-17 18:00:00,calibrate,sw-core-01,port-id7430,uplink,43.762540
2026-02-17 18:05:00,calibrate,sw-core-01,port-id7430,uplink,34.106839
2026-02-17 18:10:00,calibrate,sw-core-01,port-id7430,uplink,47.652634
2026-02-17 18:15:00,calibrate,sw-core-01,port-id7430,uplink,44.441896
2026-02-17 18:20:00,calibrate,sw-core-01,port-id7430,uplink,44.530960
2026-02-17 18:25:00,calibrate,sw-core-01,port-id7430,uplink,42.355490
2026-02-17 18:30:00,calibrate,sw-core-01,port-id7430,uplink,42.282128
2026-02-17 18:35:00,calibrate,sw-core-01,port-id7430,uplink,42.794497
2026-02-17 18:40:00,calibrate,sw-core-01,port-id7430,uplink,33.392801
2026-02-17 18:45:00,calibrate,sw-core-01,port-id7430,uplink,37.464219
2026-02-17 18:50:00,calibrate,sw-core-01,port-id7430,uplink,31.996078
2026-02-17 18:55:00,calibrate,sw-core-01,port-id7430,uplink,36.074297
2026-02-17 19:00:00,calibrate,sw-core-01,port-id7430,uplink,34.644195
2026-02-17 19:05:00,calibrate,sw-core-01,port-id7430,uplink,35.461038
2026-02-17 19:10:00,calibrate,sw-core-01,port-id7430,uplink,30.609005
2026-02-17 19:15:00,calibrate,sw-core-01,port-id7430,uplink,38.673199
2026-02-17 19:20:00,calibrate,sw-core-01,port-id7430,uplink,33.038388
2026-02-17 19:25:00,calibrate,sw-core-01,port-id7430,uplink,32.386351
2026-02-17 19:30:00,calibrate,sw-core-01,port-id7430,uplink,32.876006
2026-02-17 19:35:00,calibrate,sw-core-01,port-id7430,uplink,26.363818
2026-02-17 19:40:00,calibrate,sw-core-01,port-id7430,uplink,24.934484
2026-02-17 19:45:00,calibrate,sw-core-01,port-id7430,uplink,29.644654
2026-02-17 19:50:00,calibrate,sw-core-01,port-id7430,uplink,29.411899
2026-02-17 19:55:00,calibrate,sw-core-01,port-id7430,uplink,21.394782
2026-02-17 20:00:00,calibrate,sw-core-01,port-id7430,uplink,23.158356
2026-02-17 20:05:00,calibrate,sw-core-01,port-id7430,uplink,24.921530
2026-02-17 20:10:00,calibrate,sw-core-01,port-id7430,uplink,21.320067
2026-02-17 20:15:00,calibrate,sw-core-01,port-id7430,uplink,23.970264
2026-02-17 20:20:00,calibrate,sw-core-01,port-id7430,uplink,21.672826
2026-02-17 20:25:00,calibrate,sw-core-01,port-id7430,uplink,16.850276
2026-02-17 20:30:00,calibrate,sw-core-01,port-id7430,uplink,17.404503
2026-02-17 20:35:00,calibrate,sw-core-01,port-id7430,uplink,16.584041
2026-02-17 20:40:00,calibrate,sw-core-01,port-id7430,uplink,14.568916
2026-02-17 20:45:00,calibrate,sw-core-01,port-id7430,uplink,19.889615
2026-02-17 20:50:00,calibrate,sw-core-01,port-id7430,uplink,19.577046
2026-02-17 20:55:00,calibrate,sw-core-01,port-id7430,uplink,19.434887
2026-02-17 21:00:00,calibrate,sw-core-01,port-id7430,uplink,20.083621
2026-02-17 21:05:00,calibrate,sw-core-01,port-id7430,uplink,14.561132
2026-02-17 21:10:00,calibrate,sw-core-01,port-id7430,uplink,19.487793
2026-02-17 21:15:00,calibrate,sw-core-01,port-id7430,uplink,19.159077
2026-02-17 21:20:00,calibrate,sw-core-01,port-id7430,uplink,16.162288
2026-02-17 21:25:00,calibrate,sw-core-01,port-id7430,uplink,17.185326
2026-02-17 21:30:00,calibrate,sw-core-01,port-id7430,uplink,16.131744
2026-02-17 21:35:00,calibrate,sw-core-01,port-id7430,uplink,13.851011
2026-02-17 21:40:00,calibrate,sw-core-01,port-id7430,uplink,16.261030
2026-02-17 21:45:00,calibrate,sw-core-01,port-id7430,uplink,16.576536
2026-02-17 21:50:00,calibrate,sw-core-01,port-id7430,uplink,17.563078
2026-02-17 21:55:00,calibrate,sw-core-01,port-id7430,uplink,11.203000
2026-02-17 22:00:00,calibrate,sw-core-01,port-id7430,uplink,15.695685
2026-02-17 22:05:00,calibrate,sw-core-01,port-id7430,uplink,12.914805
2026-02-17 22:10:00,calibrate,sw-core-01,port-id7430,uplink,12.445380
2026-02-17 22:15:00,calibrate,sw-core-01,port-id7430,uplink,11.240814
2026-02-17 22:20:00,calibrate,sw-core-01,port-id7430,uplink,11.136441
2026-02-17 22:25:00,calibrate,sw-core-01,port-id7430,uplink,17.781934
2026-02-17 22:30:00,calibrate,sw-core-01,port-id7430,uplink,16.610905
2026-02-17 22:35:00,calibrate,sw-core-01,port-id7430,uplink,16.052190
2026-02-17 22:40:00,calibrate,sw-core-01,port-id7430,uplink,15.508527
2026-02-17 22:45:00,calibrate,sw-core-01,port-id7430,uplink,11.357832
2026-02-17 22:50:00,calibrate,sw-core-01,port-id7430,uplink,16.887749
2026-02-17 22:55:00,calibrate,sw-core-01,port-id7430,uplink,16.026367
2026-02-17 23:00:00,calibrate,sw-core-01,port-id7430,uplink,12.365328
2026-02-17 23:05:00,calibrate,sw-core-01,port-id7430,uplink,13.025326
2026-02-17 23:10:00,calibrate,sw-core-01,port-id7430,uplink,18.017788
2026-02-17 23:15:00,calibrate,sw-core-01,port-id7430,uplink,18.762949
2026-02-17 23:20:00,calibrate,sw-core-01,port-id7430,uplink,16.729722
2026-02-17 23:25:00,calibrate,sw-core-01,port-id7430,uplink,17.476340
2026-02-17 23:30:00,calibrate,sw-core-01,port-id7430,uplink,14.398417
2026-02-17 23:35:00,calibrate,sw-core-01,port-id7430,uplink,17.295187
2026-02-17 23:40:00,calibrate,sw-core-01,port-id7430,uplink,11.652702
2026-02-17 23:45:00,calibrate,sw-core-01,port-id7430,uplink,13.204028
2026-02-17 23:50:00,calibrate,sw-core-01,port-id7430,uplink,20.604099
2026-02-17 23:55:00,calibrate,sw-core-01,port-id7430,uplink,14.617291
2026-02-18 00:00:00,calibrate,sw-core-01,port-id7430,uplink,17.424570
2026-02-18 00:05:00,calibrate,sw-core-01,port-id7430,uplink,22.888351
2026-02-18 00:10:00,calibrate,sw-core-01,port-id7430,uplink,11.552023
2026-02-18 00:15:00,calibrate,sw-core-01,port-id7430,uplink,15.594135
2026-02-18 00:20:00,calibrate,sw-core-01,port-id7430,uplink,15.544478
2026-02-18 00:25:00,calibrate,sw-core-01,port-id7430,uplink,13.946732
2026-02-18 00:30:00,calibrate,sw-core-01,port-id7430,uplink,11.498576
2026-02-18 00:35:00,calibrate,sw-core-01,port-id7430,uplink,16.683327
2026-02-18 00:40:00,calibrate,sw-core-01,port-id7430,uplink,11.876320
2026-02-18 00:45:00,calibrate,sw-core-01,port-id7430,uplink,13.815407
2026-02-18 00:50:00,calibrate,sw-core-01,port-id7430,uplink,9.975482
2026-02-18 00:55:00,calibrate,sw-core-01,port-id7430,uplink,13.945122
2026-02-18 01:00:00,calibrate,sw-core-01,port-id7430,uplink,18.234975
2026-02-18 01:05:00,calibrate,sw-core-01,port-id7430,uplink,11.374727
2026-02-18 01:10:00,calibrate,sw-core-01,port-id7430,uplink,15.305525
2026-02-18 01:15:00,calibrate,sw-core-01,port-id7430,uplink,11.713757
2026-02-18 01:20:00,calibrate,sw-core-01,port-id7430,uplink,13.456370
2026-02-18 01:25:00,calibrate,sw-core-01,port-id7430,uplink,13.012261
2026-02-18 01:30:00,calibrate,sw-core-01,port-id7430,uplink,17.528624
2026-02-18 01:35:00,calibrate,sw-core-01,port-id7430,uplink,21.609695
2026-02-18 01:40:00,calibrate,sw-core-01,port-id7430,uplink,17.459230
2026-02-18 01:45:00,calibrate,sw-core-01,port-id7430,uplink,14.798940
2026-02-18 01:50:00,calibrate,sw-core-01,port-id7430,uplink,15.179907
2026-02-18 01:55:00,calibrate,sw-core-01,port-id7430,uplink,15.615717
2026-02-18 02:00:00,calibrate,sw-core-01,port-id7430,uplink,16.019526
2026-02-18 02:05:00,calibrate,sw-core-01,port-id7430,uplink,17.012643
2026-02-18 02:10:00,calibrate,sw-core-01,port-id7430,uplink,11.300372
2026-02-18 02:15:00,calibrate,sw-core-01,port-id7430,uplink,9.775207
2026-02-18 02:20:00,calibrate,sw-core-01,port-id7430,uplink,17.180509
2026-02-18 02:25:00,calibrate,sw-core-01,port-id7430,uplink,15.309063
2026-02-18 02:30:00,calibrate,sw-core-01,port-id7430,uplink,14.294798
2026-02-18 02:35:00,calibrate,sw-core-01,port-id7430,uplink,17.685543
2026-02-18 02:40:00,calibrate,sw-core-01,port-id7430,uplink,16.875512
2026-02-18 02:45:00,calibrate,sw-core-01,port-id7430,uplink,9.170248
2026-02-18 02:50:00,calibrate,sw-core-01,port-id7430,uplink,14.973510
2026-02-18 02:55:00,calibrate,sw-core-01,port-id7430,uplink,11.088717
2026-02-18 03:00:00,calibrate,sw-core-01,port-id7430,uplink,17.856468
2026-02-18 03:05:00,calibrate,sw-core-01,port-id7430,uplink,16.841339
2026-02-18 03:10:00,calibrate,sw-core-01,port-id7430,uplink,21.099258
2026-02-18 03:15:00,calibrate,sw-core-01,port-id7430,uplink,12.352328
2026-02-18 03:20:00,calibrate,sw-core-01,port-id7430,uplink,15.159981
2026-02-18 03:25:00,calibrate,sw-core-01,port-id7430,uplink,13.115762
2026-02-18 03:30:00,calibrate,sw-core-01,port-id7430,uplink,14.629139
2026-02-18 03:35:00,calibrate,sw-core-01,port-id7430,uplink,15.197021
2026-02-18 03:40:00,calibrate,sw-core-01,port-id7430,uplink,12.131866
2026-02-18 03:45:00,calibrate,sw-core-01,port-id7430,uplink,14.091103
2026-02-18 03:50:00,calibrate,sw-core-01,port-id7430,uplink,14.705900
2026-02-18 03:55:00,calibrate,sw-core-01,port-id7430,uplink,16.189177
2026-02-18 04:00:00,calibrate,sw-core-01,port-id7430,uplink,16.780577
2026-02-18 04:05:00,calibrate,sw-core-01,port-id7430,uplink,18.323797
2026-02-18 04:10:00,calibrate,sw-core-01,port-id7430,uplink,15.715240
2026-02-18 04:15:00,calibrate,sw-core-01,port-id7430,uplink,13.464924
2026-02-18 04:20:00,calibrate,sw-core-01,port-id7430,uplink,16.313272
2026-02-18 04:25:00,calibrate,sw-core-01,port-id7430,uplink,5.401037
2026-02-18 04:30:00,calibrate,sw-core-01,port-id7430,uplink,17.423700
2026-02-18 04:35:00,calibrate,sw-core-01,port-id7430,uplink,12.968916
2026-02-18 04:40:00,calibrate,sw-core-01,port-id7430,uplink,21.800070
2026-02-18 04:45:00,calibrate,sw-core-01,port-id7430,uplink,17.244186
2026-02-18 04:50:00,calibrate,sw-core-01,port-id7430,uplink,14.523226
2026-02-18 04:55:00,calibrate,sw-core-01,port-id7430,uplink,13.641897
2026-02-18 05:00:00,calibrate,sw-core-01,port-id7430,uplink,12.524784
2026-02-18 05:05:00,calibrate,sw-core-01,port-id7430,uplink,18.660076
2026-02-18 05:10:00,calibrate,sw-core-01,port-id7430,uplink,13.973592
2026-02-18 05:15:00,calibrate,sw-core-01,port-id7430,uplink,14.566735
2026-02-18 05:20:00,calibrate,sw-core-01,port-id7430,uplink,16.253318
2026-02-18 05:25:00,calibrate,sw-core-01,port-id7430,uplink,13.446342
2026-02-18 05:30:00,calibrate,sw-core-01,port-id7430,uplink,14.059244
2026-02-18 05:35:00,calibrate,sw-core-01,port-id7430,uplink,17.798378
2026-02-18 05:40:00,calibrate,sw-core-01,port-id7430,uplink,19.590835
2026-02-18 05:45:00,calibrate,sw-core-01,port-id7430,uplink,17.205424
2026-02-18 05:50:00,calibrate,sw-core-01,port-id7430,uplink,17.680889
2026-02-18 05:55:00,calibrate,sw-core-01,port-id7430,uplink,18.249550
2026-02-18 06:00:00,calibrate,sw-core-01,port-id7430,uplink,20.579272
2026-02-18 06:05:00,calibrate,sw-core-01,port-id7430,uplink,27.944140
2026-02-18 06:10:00,calibrate,sw-core-01,port-id7430,uplink,16.679541
2026-02-18 06:15:00,calibrate,sw-core-01,port-id7430,uplink,19.502698
2026-02-18 06:20:00,calibrate,sw-core-01,port-id7430,uplink,24.038813
2026-02-18 06:25:00,calibrate,sw-core-01,port-id7430,uplink,23.443752
2026-02-18 06:30:00,calibrate,sw-core-01,port-id7430,uplink,28.551299
2026-02-18 06:35:00,calibrate,sw-core-01,port-id7430,uplink,29.847406
2026-02-18 06:40:00,calibrate,sw-core-01,port-id7430,uplink,28.522843
2026-02-18 06:45:00,calibrate,sw-core-01,port-id7430,uplink,32.694440
2026-02-18 06:50:00,calibrate,sw-core-01,port-id7430,uplink,27.940836
2026-02-18 06:55:00,calibrate,sw-core-01,port-id7430,uplink,29.904835
2026-02-18 07:00:00,calibrate,sw-core-01,port-id7430,uplink,26.473455
2026-02-18 07:05:00,calibrate,sw-core-01,port-id7430,uplink,31.246587
2026-02-18 07:10:00,calibrate,sw-core-01,port-id7430,uplink,26.863838
2026-02-18 07:15:00,calibrate,sw-core-01,port-id7430,uplink,32.545474
2026-02-18 07:20:00,calibrate,sw-core-01,port-id7430,uplink,36.867101
2026-02-18 07:25:00,calibrate,sw-core-01,port-id7430,uplink,33.262369
2026-02-18 07:30:00,calibrate,sw-core-01,port-id7430,uplink,33.379259
2026-02-18 07:35:00,calibrate,sw-core-01,port-id7430,uplink,35.575040
2026-02-18 07:40:00,calibrate,sw-core-01,port-id7430,uplink,38.485857
2026-02-18 07:45:00,calibrate,sw-core-01,port-id7430,uplink,38.684771
2026-02-18 07:50:00,calibrate,sw-core-01,port-id7430,uplink,40.448626
2026-02-18 07:55:00,calibrate,sw-core-01,port-id7430,uplink,39.255531
2026-02-18 08:00:00,calibrate,sw-core-01,port-id7430,uplink,37.408172
2026-02-18 08:05:00,calibrate,sw-core-01,port-id7430,uplink,46.811793
2026-02-18 08:10:00,calibrate,sw-core-01,port-id7430,uplink,42.890583
2026-02-18 08:15:00,calibrate,sw-core-01,port-id7430,uplink,43.536557
2026-02-18 08:20:00,calibrate,sw-core-01,port-id7430,uplink,44.441982
2026-02-18 08:25:00,calibrate,sw-core-01,port-id7430,uplink,38.695646
2026-02-18 08:30:00,calibrate,sw-core-01,port-id7430,uplink,39.490522
2026-02-18 08:35:00,calibrate,sw-core-01,port-id7430,uplink,45.767448
2026-02-18 08:40:00,calibrate,sw-core-01,port-id7430,uplink,43.398358
2026-02-18 08:45:00,calibrate,sw-core-01,port-id7430,uplink,40.360293
2026-02-18 08:50:00,calibrate,sw-core-01,port-id7430,uplink,42.752546
2026-02-18 08:55:00,calibrate,sw-core-01,port-id7430,uplink,44.108998
2026-02-18 09:00:00,calibrate,sw-core-01,port-id7430,uplink,39.845422
2026-02-18 09:05:00,calibrate,sw-core-01,port-id7430,uplink,41.441954
2026-02-18 09:10:00,calibrate,sw-core-01,port-id7430,uplink,46.407374
2026-02-18 09:15:00,calibrate,sw-core-01,port-id7430,uplink,44.296937
2026-02-18 09:20:00,calibrate,sw-core-01,port-id7430,uplink,47.169656
2026-02-18 09:25:00,calibrate,sw-core-01,port-id7430,uplink,48.244656
2026-02-18 09:30:00,calibrate,sw-core-01,port-id7430,uplink,41.236114
2026-02-18 09:35:00,calibrate,sw-core-01,port-id7430,uplink,47.078421
2026-02-18 09:40:00,calibrate,sw-core-01,port-id7430,uplink,41.623709
2026-02-18 09:45:00,calibrate,sw-core-01,port-id7430,uplink,49.729031
2026-02-18 09:50:00,calibrate,sw-core-01,port-id7430,uplink,43.012168
2026-02-18 09:55:00,calibrate,sw-core-01,port-id7430,uplink,43.320367
2026-02-18 10:00:00,calibrate,sw-core-01,port-id7430,uplink,39.319538
2026-02-18 10:05:00,calibrate,sw-core-01,port-id7430,uplink,47.979369
2026-02-18 10:10:00,calibrate,sw-core-01,port-id7430,uplink,47.849603
2026-02-18 10:15:00,calibrate,sw-core-01,port-id7430,uplink,44.135646
2026-02-18 10:20:00,calibrate,sw-core-01,port-id7430,uplink,43.690830
2026-02-18 10:25:00,calibrate,sw-core-01,port-id7430,uplink,48.562118
2026-02-18 10:30:00,calibrate,sw-core-01,port-id7430,uplink,47.819970
2026-02-18 10:35:00,calibrate,sw-core-01,port-id7430,uplink,46.885114
2026-02-18 10:40:00,calibrate,sw-core-01,port-id7430,uplink,41.526891
2026-02-18 10:45:00,calibrate,sw-core-01,port-id7430,uplink,48.135387
2026-02-18 10:50:00,calibrate,sw-core-01,port-id7430,uplink,42.259257
2026-02-18 10:55:00,calibrate,sw-core-01,port-id7430,uplink,40.581899
2026-02-18 11:00:00,calibrate,sw-core-01,port-id7430,uplink,42.117249
2026-02-18 11:05:00,calibrate,sw-core-01,port-id7430,uplink,48.395970
2026-02-18 11:10:00,calibrate,sw-core-01,port-id7430,uplink,41.084140
2026-02-18 11:15:00,calibrate,sw-core-01,port-id7430,uplink,39.538405
2026-02-18 11:20:00,calibrate,sw-core-01,port-id7430,uplink,44.074663
2026-02-18 11:25:00,calibrate,sw-core-01,port-id7430,uplink,45.378989
2026-02-18 11:30:00,calibrate,sw-core-01,port-id7430,uplink,42.743313
2026-02-18 11:35:00,calibrate,sw-core-01,port-id7430,uplink,48.268631
2026-02-18 11:40:00,calibrate,sw-core-01,port-id7430,uplink,42.854528
2026-02-18 11:45:00,calibrate,sw-core-01,port-id7430,uplink,45.180864
2026-02-18 11:50:00,calibrate,sw-core-01,port-id7430,uplink,41.847526
2026-02-18 11:55:00,calibrate,sw-core-01,port-id7430,uplink,47.813100
2026-02-18 12:00:00,calibrate,sw-core-01,port-id7430,uplink,45.499254
2026-02-18 12:05:00,calibrate,sw-core-01,port-id7430,uplink,44.384296
2026-02-18 12:10:00,calibrate,sw-core-01,port-id7430,uplink,47.965856
2026-02-18 12:15:00,calibrate,sw-core-01,port-id7430,uplink,41.725596
2026-02-18 12:20:00,calibrate,sw-core-01,port-id7430,uplink,47.308238
2026-02-18 12:25:00,calibrate,sw-core-01,port-id7430,uplink,50.271998
2026-02-18 12:30:00,calibrate,sw-core-01,port-id7430,uplink,44.849763
2026-02-18 12:35:00,calibrate,sw-core-01,port-id7430,uplink,43.588301
2026-02-18 12:40:00,calibrate,sw-core-01,port-id7430,uplink,49.786334
2026-02-18 12:45:00,calibrate,sw-core-01,port-id7430,uplink,45.709147
2026-02-18 12:50:00,calibrate,sw-core-01,port-id7430,uplink,45.517894
2026-02-18 12:55:00,calibrate,sw-core-01,port-id7430,uplink,40.334665
2026-02-18 13:00:00,calibrate,sw-core-01,port-id7430,uplink,45.608170
2026-02-18 13:05:00,calibrate,sw-core-01,port-id7430,uplink,40.736158
2026-02-18 13:10:00,calibrate,sw-core-01,port-id7430,uplink,45.998114
2026-02-18 13:15:00,calibrate,sw-core-01,port-id7430,uplink,42.938574
2026-02-18 13:20:00,calibrate,sw-core-01,port-id7430,uplink,48.643466
2026-02-18 13:25:00,calibrate,sw-core-01,port-id7430,uplink,46.274579
2026-02-18 13:30:00,calibrate,sw-core-01,port-id7430,uplink,52.146935
2026-02-18 13:35:00,calibrate,sw-core-01,port-id7430,uplink,43.500551
2026-02-18 13:40:00,calibrate,sw-core-01,port-id7430,uplink,44.491912
2026-02-18 13:45:00,calibrate,sw-core-01,port-id7430,uplink,46.781132
2026-02-18 13:50:00,calibrate,sw-core-01,port-id7430,uplink,45.104761
2026-02-18 13:55:00,calibrate,sw-core-01,port-id7430,uplink,42.355969
2026-02-18 14:00:00,calibrate,sw-core-01,port-id7430,uplink,47.679462
2026-02-18 14:05:00,calibrate,sw-core-01,port-id7430,uplink,42.440247
2026-02-18 14:10:00,calibrate,sw-core-01,port-id7430,uplink,36.396231
2026-02-18 14:15:00,calibrate,sw-core-01,port-id7430,uplink,43.149361
2026-02-18 14:20:00,calibrate,sw-core-01,port-id7430,uplink,47.493317
2026-02-18 14:25:00,calibrate,sw-core-01,port-id7430,uplink,47.210773
2026-02-18 14:30:00,calibrate,sw-core-01,port-id7430,uplink,43.637687
2026-02-18 14:35:00,calibrate,sw-core-01,port-id7430,uplink,46.309842
2026-02-18 14:40:00,calibrate,sw-core-01,port-id7430,uplink,42.150570
2026-02-18 14:45:00,calibrate,sw-core-01,port-id7430,uplink,42.477924
2026-02-18 14:50:00,calibrate,sw-core-01,port-id7430,uplink,45.342773
2026-02-18 14:55:00,calibrate,sw-core-01,port-id7430,uplink,46.211327
2026-02-18 15:00:00,calibrate,sw-core-01,port-id7430,uplink,37.388744
2026-02-18 15:05:00,calibrate,sw-core-01,port-id7430,uplink,46.317018
2026-02-18 15:10:00,calibrate,sw-core-01,port-id7430,uplink,45.811976
2026-02-18 15:15:00,calibrate,sw-core-01,port-id7430,uplink,45.036024
2026-02-18 15:20:00,calibrate,sw-core-01,port-id7430,uplink,44.809106
2026-02-18 15:25:00,calibrate,sw-core-01,port-id7430,uplink,48.027164
2026-02-18 15:30:00,calibrate,sw-core-01,port-id7430,uplink,48.593504
2026-02-18 15:35:00,calibrate,sw-core-01,port-id7430,uplink,41.550168
2026-02-18 15:40:00,calibrate,sw-core-01,port-id7430,uplink,44.798290
2026-02-18 15:45:00,calibrate,sw-core-01,port-id7430,uplink,47.717901
2026-02-18 15:50:00,calibrate,sw-core-01,port-id7430,uplink,45.940762
2026-02-18 15:55:00,calibrate,sw-core-01,port-id7430,uplink,43.637437
2026-02-18 16:00:00,calibrate,sw-core-01,port-id7430,uplink,42.001332
2026-02-18 16:05:00,calibrate,sw-core-01,port-id7430,uplink,41.919001
2026-02-18 16:10:00,calibrate,sw-core-01,port-id7430,uplink,41.066667
2026-02-18 16:15:00,calibrate,sw-core-01,port-id7430,uplink,47.204996
2026-02-18 16:20:00,calibrate,sw-core-01,port-id7430,uplink,46.129647
2026-02-18 16:25:00,calibrate,sw-core-01,port-id7430,uplink,48.224009
2026-02-18 16:30:00,calibrate,sw-core-01,port-id7430,uplink,38.829948
2026-02-18 16:35:00,calibrate,sw-core-01,port-id7430,uplink,40.281799
2026-02-18 16:40:00,calibrate,sw-core-01,port-id7430,uplink,45.709214
2026-02-18 16:45:00,calibrate,sw-core-01,port-id7430,uplink,46.992617
2026-02-18 16:50:00,calibrate,sw-core-01,port-id7430,uplink,42.270404
2026-02-18 16:55:00,calibrate,sw-core-01,port-id7430,uplink,41.589172
2026-02-18 17:00:00,calibrate,sw-core-01,port-id7430,uplink,48.875277
2026-02-18 17:05:00,calibrate,sw-core-01,port-id7430,uplink,46.478050
2026-02-18 17:10:00,calibrate,sw-core-01,port-id7430,uplink,36.737771
2026-02-18 17:15:00,calibrate,sw-core-01,port-id7430,uplink,44.981879
2026-02-18 17:20:00,calibrate,sw-core-01,port-id7430,uplink,39.906209
2026-02-18 17:25:00,calibrate,sw-core-01,port-id7430,uplink,45.881053
2026-02-18 17:30:00,calibrate,sw-core-01,port-id7430,uplink,43.741885
2026-02-18 17:35:00,calibrate,sw-core-01,port-id7430,uplink,43.617282
2026-02-18 17:40:00,calibrate,sw-core-01,port-id7430,uplink,40.945634
2026-02-18 17:45:00,calibrate,sw-core-01,port-id7430,uplink,47.876848
2026-02-18 17:50:00,calibrate,sw-core-01,port-id7430,uplink,43.667363
2026-02-18 17:55:00,calibrate,sw-core-01,port-id7430,uplink,39.599370
2026-02-18 18:00:00,calibrate,sw-core-01,port-id7430,uplink,42.567700
2026-02-18 18:05:00,calibrate,sw-core-01,port-id7430,uplink,45.255650
2026-02-18 18:10:00,calibrate,sw-core-01,port-id7430,uplink,41.274639
2026-02-18 18:15:00,calibrate,sw-core-01,port-id7430,uplink,39.159331
2026-02-18 18:20:00,calibrate,sw-core-01,port-id7430,uplink,37.470302
2026-02-18 18:25:00,calibrate,sw-core-01,port-id7430,uplink,42.192344
2026-02-18 18:30:00,calibrate,sw-core-01,port-id7430,uplink,39.378393
2026-02-18 18:35:00,calibrate,sw-core-01,port-id7430,uplink,39.060442
2026-02-18 18:40:00,calibrate,sw-core-01,port-id7430,uplink,35.665915
2026-02-18 18:45:00,calibrate,sw-core-01,port-id7430,uplink,35.377627
2026-02-18 18:50:00,calibrate,sw-core-01,port-id7430,uplink,36.857609
2026-02-18 18:55:00,calibrate,sw-core-01,port-id7430,uplink,36.953559
2026-02-18 19:00:00,calibrate,sw-core-01,port-id7430,uplink,40.616352
2026-02-18 19:05:00,calibrate,sw-core-01,port-id7430,uplink,34.820178
2026-02-18 19:10:00,calibrate,sw-core-01,port-id7430,uplink,34.408002
2026-02-18 19:15:00,calibrate,sw-core-01,port-id7430,uplink,33.445141
2026-02-18 19:20:00,calibrate,sw-core-01,port-id7430,uplink,29.566417
2026-02-18 19:25:00,calibrate,sw-core-01,port-id7430,uplink,34.521217
2026-02-18 19:30:00,calibrate,sw-core-01,port-id7430,uplink,31.036329
2026-02-18 19:35:00,calibrate,sw-core-01,port-id7430,uplink,27.556802
2026-02-18 19:40:00,calibrate,sw-core-01,port-id7430,uplink,25.522982
2026-02-18 19:45:00,calibrate,sw-core-01,port-id7430,uplink,30.260790
2026-02-18 19:50:00,calibrate,sw-core-01,port-id7430,uplink,23.147279
2026-02-18 19:55:00,calibrate,sw-core-01,port-id7430,uplink,23.597867
2026-02-18 20:00:00,calibrate,sw-core-01,port-id7430,uplink,25.803900
2026-02-18 20:05:00,calibrate,sw-core-01,port-id7430,uplink,22.518326
2026-02-18 20:10:00,calibrate,sw-core-01,port-id7430,uplink,26.408791
2026-02-18 20:15:00,calibrate,sw-core-01,port-id7430,uplink,19.136212
2026-02-18 20:20:00,calibrate,sw-core-01,port-id7430,uplink,15.588724
2026-02-18 20:25:00,calibrate,sw-core-01,port-id7430,uplink,24.689778
2026-02-18 20:30:00,calibrate,sw-core-01,port-id7430,uplink,18.123215
2026-02-18 20:35:00,calibrate,sw-core-01,port-id7430,uplink,15.716404
2026-02-18 20:40:00,calibrate,sw-core-01,port-id7430,uplink,17.852614
2026-02-18 20:45:00,calibrate,sw-core-01,port-id7430,uplink,17.717629
2026-02-18 20:50:00,calibrate,sw-core-01,port-id7430,uplink,23.295477
2026-02-18 20:55:00,calibrate,sw-core-01,port-id7430,uplink,17.550249
2026-02-18 21:00:00,calibrate,sw-core-01,port-id7430,uplink,15.954944
2026-02-18 21:05:00,calibrate,sw-core-01,port-id7430,uplink,13.371740
2026-02-18 21:10:00,calibrate,sw-core-01,port-id7430,uplink,17.481438
2026-02-18 21:15:00,calibrate,sw-core-01,port-id7430,uplink,18.105941
2026-02-18 21:20:00,calibrate,sw-core-01,port-id7430,uplink,18.307232
2026-02-18 21:25:00,calibrate,sw-core-01,port-id7430,uplink,11.145847
2026-02-18 21:30:00,calibrate,sw-core-01,port-id7430,uplink,14.977034
2026-02-18 21:35:00,calibrate,sw-core-01,port-id7430,uplink,16.916221
2026-02-18 21:40:00,calibrate,sw-core-01,port-id7430,uplink,14.448089
2026-02-18 21:45:00,calibrate,sw-core-01,port-id7430,uplink,10.992949
2026-02-18 21:50:00,calibrate,sw-core-01,port-id7430,uplink,20.977343
2026-02-18 21:55:00,calibrate,sw-core-01,port-id7430,uplink,16.908956
2026-02-18 22:00:00,calibrate,sw-core-01,port-id7430,uplink,12.361806
2026-02-18 22:05:00,calibrate,sw-core-01,port-id7430,uplink,18.619975
2026-02-18 22:10:00,calibrate,sw-core-01,port-id7430,uplink,12.900240
2026-02-18 22:15:00,calibrate,sw-core-01,port-id7430,uplink,18.626465
2026-02-18 22:20:00,calibrate,sw-core-01,port-id7430,uplink,16.280365
2026-02-18 22:25:00,calibrate,sw-core-01,port-id7430,uplink,20.839059
2026-02-18 22:30:00,calibrate,sw-core-01,port-id7430,uplink,16.710085
2026-02-18 22:35:00,calibrate,sw-core-01,port-id7430,uplink,15.038331
2026-02-18 22:40:00,calibrate,sw-core-01,port-id7430,uplink,13.888149
2026-02-18 22:45:00,calibrate,sw-core-01,port-id7430,uplink,12.288833
2026-02-18 22:50:00,calibrate,sw-core-01,port-id7430,uplink,14.184315
2026-02-18 22:55:00,calibrate,sw-core-01,port-id7430,uplink,15.165369
2026-02-18 23:00:00,calibrate,sw-core-01,port-id7430,uplink,13.664311
2026-02-18 23:05:00,calibrate,sw-core-01,port-id7430,uplink,10.513316
2026-02-18 23:10:00,calibrate,sw-core-01,port-id7430,uplink,16.999034
2026-02-18 23:15:00,calibrate,sw-core-01,port-id7430,uplink,13.994709
2026-02-18 23:20:00,calibrate,sw-core-01,port-id7430,uplink,16.464017
2026-02-18 23:25:00,calibrate,sw-core-01,port-id7430,uplink,13.829452
2026-02-18 23:30:00,calibrate,sw-core-01,port-id7430,uplink,16.532123
2026-02-18 23:35:00,calibrate,sw-core-01,port-id7430,uplink,18.760050
2026-02-18 23:40:00,calibrate,sw-core-01,port-id7430,uplink,15.396386
2026-02-18 23:45:00,calibrate,sw-core-01,port-id7430,uplink,20.189139
2026-02-18 23:50:00,calibrate,sw-core-01,port-id7430,uplink,16.844589
2026-02-18 23:55:00,calibrate,sw-core-01,port-id7430,uplink,16.391194
2026-02-19 00:00:00,calibrate,sw-core-01,port-id7430,uplink,17.278760
2026-02-19 00:05:00,calibrate,sw-core-01,port-id7430,uplink,15.996771
2026-02-19 00:10:00,calibrate,sw-core-01,port-id7430,uplink,16.353654
2026-02-19 00:15:00,calibrate,sw-core-01,port-id7430,uplink,16.294217
2026-02-19 00:20:00,calibrate,sw-core-01,port-id7430,uplink,13.277823
2026-02-19 00:25:00,calibrate,sw-core-01,port-id7430,uplink,16.975518
2026-02-19 00:30:00,calibrate,sw-core-01,port-id7430,uplink,17.826859
2026-02-19 00:35:00,calibrate,sw-core-01,port-id7430,uplink,18.245992
2026-02-19 00:40:00,calibrate,sw-core-01,port-id7430,uplink,13.763135
2026-02-19 00:45:00,calibrate,sw-core-01,port-id7430,uplink,15.683011
2026-02-19 00:50:00,calibrate,sw-core-01,port-id7430,uplink,17.928701
2026-02-19 00:55:00,calibrate,sw-core-01,port-id7430,uplink,13.700423
2026-02-19 01:00:00,calibrate,sw-core-01,port-id7430,uplink,15.541011
2026-02-19 01:05:00,calibrate,sw-core-01,port-id7430,uplink,14.133034
2026-02-19 01:10:00,calibrate,sw-core-01,port-id7430,uplink,16.170937
2026-02-19 01:15:00,calibrate,sw-core-01,port-id7430,uplink,14.611286
2026-02-19 01:20:00,calibrate,sw-core-01,port-id7430,uplink,18.354127
2026-02-19 01:25:00,calibrate,sw-core-01,port-id7430,uplink,15.426789
2026-02-19 01:30:00,calibrate,sw-core-01,port-id7430,uplink,16.604387
2026-02-19 01:35:00,calibrate,sw-core-01,port-id7430,uplink,13.103475
2026-02-19 01:40:00,calibrate,sw-core-01,port-id7430,uplink,10.278033
2026-02-19 01:45:00,calibrate,sw-core-01,port-id7430,uplink,17.731594
2026-02-19 01:50:00,calibrate,sw-core-01,port-id7430,uplink,15.816076
2026-02-19 01:55:00,calibrate,sw-core-01,port-id7430,uplink,14.682884
2026-02-19 02:00:00,calibrate,sw-core-01,port-id7430,uplink,16.822733
2026-02-19 02:05:00,calibrate,sw-core-01,port-id7430,uplink,17.926390
2026-02-19 02:10:00,calibrate,sw-core-01,port-id7430,uplink,14.072271
2026-02-19 02:15:00,calibrate,sw-core-01,port-id7430,uplink,14.338896
2026-02-19 02:20:00,calibrate,sw-core-01,port-id7430,uplink,12.345898
2026-02-19 02:25:00,calibrate,sw-core-01,port-id7430,uplink,20.396547
2026-02-19 02:30:00,calibrate,sw-core-01,port-id7430,uplink,20.458004
2026-02-19 02:35:00,calibrate,sw-core-01,port-id7430,uplink,10.391681
2026-02-19 02:40:00,calibrate,sw-core-01,port-id7430,uplink,17.529769
2026-02-19 02:45:00,calibrate,sw-core-01,port-id7430,uplink,12.825704
2026-02-19 02:50:00,calibrate,sw-core-01,port-id7430,uplink,13.687263
2026-02-19 02:55:00,calibrate,sw-core-01,port-id7430,uplink,13.695147
2026-02-19 03:00:00,calibrate,sw-core-01,port-id7430,uplink,16.284660
2026-02-19 03:05:00,calibrate,sw-core-01,port-id7430,uplink,11.856675
2026-02-19 03:10:00,calibrate,sw-core-01,port-id7430,uplink,17.601421
2026-02-19 03:15:00,calibrate,sw-core-01,port-id7430,uplink,16.853613
2026-02-19 03:20:00,calibrate,sw-core-01,port-id7430,uplink,13.523011
2026-02-19 03:25:00,calibrate,sw-core-01,port-id7430,uplink,17.888545
2026-02-19 03:30:00,calibrate,sw-core-01,port-id7430,uplink,17.831257
2026-02-19 03:35:00,calibrate,sw-core-01,port-id7430,uplink,12.789942
2026-02-19 03:40:00,calibrate,sw-core-01,port-id7430,uplink,13.320919
2026-02-19 03:45:00,calibrate,sw-core-01,port-id7430,uplink,16.895278
2026-02-19 03:50:00,calibrate,sw-core-01,port-id7430,uplink,18.901032
2026-02-19 03:55:00,calibrate,sw-core-01,port-id7430,uplink,18.963258
2026-02-19 04:00:00,calibrate,sw-core-01,port-id7430,uplink,13.286672
2026-02-19 04:05:00,calibrate,sw-core-01,port-id7430,uplink,12.034390
2026-02-19 04:10:00,calibrate,sw-core-01,port-id7430,uplink,19.838118
2026-02-19 04:15:00,calibrate,sw-core-01,port-id7430,uplink,20.020271
2026-02-19 04:20:00,calibrate,sw-core-01,port-id7430,uplink,14.026913
2026-02-19 04:25:00,calibrate,sw-core-01,port-id7430,uplink,12.780650
2026-02-19 04:30:00,calibrate,sw-core-01,port-id7430,uplink,16.799816
2026-02-19 04:35:00,calibrate,sw-core-01,port-id7430,uplink,16.142768
2026-02-19 04:40:00,calibrate,sw-core-01,port-id7430,uplink,15.379620
2026-02-19 04:45:00,calibrate,sw-core-01,port-id7430,uplink,14.297771
2026-02-19 04:50:00,calibrate,sw-core-01,port-id7430,uplink,15.679358
2026-02-19 04:55:00,calibrate,sw-core-01,port-id7430,uplink,14.780763
2026-02-19 05:00:00,calibrate,sw-core-01,port-id7430,uplink,17.051996
2026-02-19 05:05:00,calibrate,sw-core-01,port-id7430,uplink,12.886931
2026-02-19 05:10:00,calibrate,sw-core-01,port-id7430,uplink,20.100604
2026-02-19 05:15:00,calibrate,sw-core-01,port-id7430,uplink,15.144836
2026-02-19 05:20:00,calibrate,sw-core-01,port-id7430,uplink,18.051120
2026-02-19 05:25:00,calibrate,sw-core-01,port-id7430,uplink,18.641384
2026-02-19 05:30:00,calibrate,sw-core-01,port-id7430,uplink,15.527640
2026-02-19 05:35:00,calibrate,sw-core-01,port-id7430,uplink,20.472037
2026-02-19 05:40:00,calibrate,sw-core-01,port-id7430,uplink,17.390946
2026-02-19 05:45:00,calibrate,sw-core-01,port-id7430,uplink,24.999250
2026-02-19 05:50:00,calibrate,sw-core-01,port-id7430,uplink,13.381603
2026-02-19 05:55:00,calibrate,sw-core-01,port-id7430,uplink,20.225804
2026-02-19 06:00:00,calibrate,sw-core-01,port-id7430,uplink,16.549301
2026-02-19 06:05:00,calibrate,sw-core-01,port-id7430,uplink,20.153385
2026-02-19 06:10:00,calibrate,sw-core-01,port-id7430,uplink,21.765549
2026-02-19 06:15:00,calibrate,sw-core-01,port-id7430,uplink,24.046118
2026-02-19 06:20:00,calibrate,sw-core-01,port-id7430,uplink,22.673433
2026-02-19 06:25:00,calibrate,sw-core-01,port-id7430,uplink,18.950931
2026-02-19 06:30:00,calibrate,sw-core-01,port-id7430,uplink,21.564483
2026-02-19 06:35:00,calibrate,sw-core-01,port-id7430,uplink,31.598718
2026-02-19 06:40:00,calibrate,sw-core-01,port-id7430,uplink,27.473141
2026-02-19 06:45:00,calibrate,sw-core-01,port-id7430,uplink,22.017931
2026-02-19 06:50:00,calibrate,sw-core-01,port-id7430,uplink,27.954407
2026-02-19 06:55:00,calibrate,sw-core-01,port-id7430,uplink,28.969991
2026-02-19 07:00:00,calibrate,sw-core-01,port-id7430,uplink,31.902887
2026-02-19 07:05:00,calibrate,sw-core-01,port-id7430,uplink,30.332110
2026-02-19 07:10:00,calibrate,sw-core-01,port-id7430,uplink,30.995438
2026-02-19 07:15:00,calibrate,sw-core-01,port-id7430,uplink,34.392230
2026-02-19 07:20:00,calibrate,sw-core-01,port-id7430,uplink,34.832396
2026-02-19 07:25:00,calibrate,sw-core-01,port-id7430,uplink,36.374496
2026-02-19 07:30:00,calibrate,sw-core-01,port-id7430,uplink,35.194591
2026-02-19 07:35:00,calibrate,sw-core-01,port-id7430,uplink,31.898608
2026-02-19 07:40:00,calibrate,sw-core-01,port-id7430,uplink,40.417004
2026-02-19 07:45:00,calibrate,sw-core-01,port-id7430,uplink,35.559774
2026-02-19 07:50:00,calibrate,sw-core-01,port-id7430,uplink,38.678797
2026-02-19 07:55:00,calibrate,sw-core-01,port-id7430,uplink,41.979756
2026-02-19 08:00:00,calibrate,sw-core-01,port-id7430,uplink,41.216291
2026-02-19 08:05:00,calibrate,sw-core-01,port-id7430,uplink,45.357179
2026-02-19 08:10:00,calibrate,sw-core-01,port-id7430,uplink,41.614299
2026-02-19 08:15:00,calibrate,sw-core-01,port-id7430,uplink,40.255698
2026-02-19 08:20:00,calibrate,sw-core-01,port-id7430,uplink,40.514938
2026-02-19 08:25:00,calibrate,sw-core-01,port-id7430,uplink,43.418141
2026-02-19 08:30:00,calibrate,sw-core-01,port-id7430,uplink,41.615482
2026-02-19 08:35:00,calibrate,sw-core-01,port-id7430,uplink,37.552948
2026-02-19 08:40:00,calibrate,sw-core-01,port-id7430,uplink,43.962523
2026-02-19 08:45:00,calibrate,sw-core-01,port-id7430,uplink,44.171615
2026-02-19 08:50:00,calibrate,sw-core-01,port-id7430,uplink,48.220213
2026-02-19 08:55:00,calibrate,sw-core-01,port-id7430,uplink,44.808514
2026-02-19 09:00:00,calibrate,sw-core-01,port-id7430,uplink,45.631409
2026-02-19 09:05:00,calibrate,sw-core-01,port-id7430,uplink,38.318349
2026-02-19 09:10:00,calibrate,sw-core-01,port-id7430,uplink,46.904973
2026-02-19 09:15:00,calibrate,sw-core-01,port-id7430,uplink,43.026607
2026-02-19 09:20:00,calibrate,sw-core-01,port-id7430,uplink,41.761856
2026-02-19 09:25:00,calibrate,sw-core-01,port-id7430,uplink,46.100753
2026-02-19 09:30:00,calibrate,sw-core-01,port-id7430,uplink,43.637065
2026-02-19 09:35:00,calibrate,sw-core-01,port-id7430,uplink,45.931450
2026-02-19 09:40:00,calibrate,sw-core-01,port-id7430,uplink,44.798121
2026-02-19 09:45:00,calibrate,sw-core-01,port-id7430,uplink,45.246555
2026-02-19 09:50:00,calibrate,sw-core-01,port-id7430,uplink,44.586394
2026-02-19 09:55:00,calibrate,sw-core-01,port-id7430,uplink,41.301659
2026-02-19 10:00:00,calibrate,sw-core-01,port-id7430,uplink,44.928953
2026-02-19 10:05:00,calibrate,sw-core-01,port-id7430,uplink,46.069222
2026-02-19 10:10:00,calibrate,sw-core-01,port-id7430,uplink,46.111653
2026-02-19 10:15:00,calibrate,sw-core-01,port-id7430,uplink,50.884089
2026-02-19 10:20:00,calibrate,sw-core-01,port-id7430,uplink,46.058552
2026-02-19 10:25:00,calibrate,sw-core-01,port-id7430,uplink,42.286586
2026-02-19 10:30:00,calibrate,sw-core-01,port-id7430,uplink,43.820756
2026-02-19 10:35:00,calibrate,sw-core-01,port-id7430,uplink,48.983005
2026-02-19 10:40:00,calibrate,sw-core-01,port-id7430,uplink,48.653292
2026-02-19 10:45:00,calibrate,sw-core-01,port-id7430,uplink,43.655852
2026-02-19 10:50:00,calibrate,sw-core-01,port-id7430,uplink,47.988668
2026-02-19 10:55:00,calibrate,sw-core-01,port-id7430,uplink,45.080091
2026-02-19 11:00:00,calibrate,sw-core-01,port-id7430,uplink,45.508203
2026-02-19 11:05:00,calibrate,sw-core-01,port-id7430,uplink,44.194060
2026-02-19 11:10:00,calibrate,sw-core-01,port-id7430,uplink,40.423743
2026-02-19 11:15:00,calibrate,sw-core-01,port-id7430,uplink,46.512625
2026-02-19 11:20:00,calibrate,sw-core-01,port-id7430,uplink,42.076059
2026-02-19 11:25:00,calibrate,sw-core-01,port-id7430,uplink,46.932229
2026-02-19 11:30:00,calibrate,sw-core-01,port-id7430,uplink,45.755174
2026-02-19 11:35:00,calibrate,sw-core-01,port-id7430,uplink,50.249219
2026-02-19 11:40:00,calibrate,sw-core-01,port-id7430,uplink,44.823438
2026-02-19 11:45:00,calibrate,sw-core-01,port-id7430,uplink,44.312444
2026-02-19 11:50:00,calibrate,sw-core-01,port-id7430,uplink,41.164572
2026-02-19 11:55:00,calibrate,sw-core-01,port-id7430,uplink,54.347780
2026-02-19 12:00:00,calibrate,sw-core-01,port-id7430,uplink,42.470882
2026-02-19 12:05:00,calibrate,sw-core-01,port-id7430,uplink,45.117021
2026-02-19 12:10:00,calibrate,sw-core-01,port-id7430,uplink,45.505974
2026-02-19 12:15:00,calibrate,sw-core-01,port-id7430,uplink,47.305660
2026-02-19 12:20:00,calibrate,sw-core-01,port-id7430,uplink,45.502348
2026-02-19 12:25:00,calibrate,sw-core-01,port-id7430,uplink,45.516737
2026-02-19 12:30:00,calibrate,sw-core-01,port-id7430,uplink,42.399237
2026-02-19 12:35:00,calibrate,sw-core-01,port-id7430,uplink,44.172696
2026-02-19 12:40:00,calibrate,sw-core-01,port-id7430,uplink,39.325667
2026-02-19 12:45:00,calibrate,sw-core-01,port-id7430,uplink,39.731232
2026-02-19 12:50:00,calibrate,sw-core-01,port-id7430,uplink,40.775575
2026-02-19 12:55:00,calibrate,sw-core-01,port-id7430,uplink,43.585366
2026-02-19 13:00:00,calibrate,sw-core-01,port-id7430,uplink,46.675023
2026-02-19 13:05:00,calibrate,sw-core-01,port-id7430,uplink,43.292910
2026-02-19 13:10:00,calibrate,sw-core-01,port-id7430,uplink,44.456630
2026-02-19 13:15:00,calibrate,sw-core-01,port-id7430,uplink,40.889860
2026-02-19 13:20:00,calibrate,sw-core-01,port-id7430,uplink,44.584298
2026-02-19 13:25:00,calibrate,sw-core-01,port-id7430,uplink,44.327777
2026-02-19 13:30:00,calibrate,sw-core-01,port-id7430,uplink,40.591830
2026-02-19 13:35:00,calibrate,sw-core-01,port-id7430,uplink,43.768891
2026-02-19 13:40:00,calibrate,sw-core-01,port-id7430,uplink,45.167236
2026-02-19 13:45:00,calibrate,sw-core-01,port-id7430,uplink,42.571201
2026-02-19 13:50:00,calibrate,sw-core-01,port-id7430,uplink,50.535764
2026-02-19 13:55:00,calibrate,sw-core-01,port-id7430,uplink,38.853617
2026-02-19 14:00:00,calibrate,sw-core-01,port-id7430,uplink,41.781268
2026-02-19 14:05:00,calibrate,sw-core-01,port-id7430,uplink,45.633541
2026-02-19 14:10:00,calibrate,sw-core-01,port-id7430,uplink,45.470943
2026-02-19 14:15:00,calibrate,sw-core-01,port-id7430,uplink,43.900474
2026-02-19 14:20:00,calibrate,sw-core-01,port-id7430,uplink,43.354631
2026-02-19 14:25:00,calibrate,sw-core-01,port-id7430,uplink,42.266264
2026-02-19 14:30:00,calibrate,sw-core-01,port-id7430,uplink,46.159086
2026-02-19 14:35:00,calibrate,sw-core-01,port-id7430,uplink,41.321440
2026-02-19 14:40:00,calibrate,sw-core-01,port-id7430,uplink,43.502326
2026-02-19 14:45:00,calibrate,sw-core-01,port-id7430,uplink,43.086732
2026-02-19 14:50:00,calibrate,sw-core-01,port-id7430,uplink,49.579369
2026-02-19 14:55:00,calibrate,sw-core-01,port-id7430,uplink,45.150222
2026-02-19 15:00:00,calibrate,sw-core-01,port-id7430,uplink,44.109828
2026-02-19 15:05:00,calibrate,sw-core-01,port-id7430,uplink,44.190596
2026-02-19 15:10:00,calibrate,sw-core-01,port-id7430,uplink,44.260340
2026-02-19 15:15:00,calibrate,sw-core-01,port-id7430,uplink,43.023691
2026-02-19 15:20:00,calibrate,sw-core-01,port-id7430,uplink,45.329213
2026-02-19 15:25:00,calibrate,sw-core-01,port-id7430,uplink,46.261095
2026-02-19 15:30:00,calibrate,sw-core-01,port-id7430,uplink,48.182254
2026-02-19 15:35:00,calibrate,sw-core-01,port-id7430,uplink,40.655184
2026-02-19 15:40:00,calibrate,sw-core-01,port-id7430,uplink,45.275887
2026-02-19 15:45:00,calibrate,sw-core-01,port-id7430,uplink,44.780031
2026-02-19 15:50:00,calibrate,sw-core-01,port-id7430,uplink,40.313162
2026-02-19 15:55:00,calibrate,sw-core-01,port-id7430,uplink,44.997621
2026-02-19 16:00:00,calibrate,sw-core-01,port-id7430,uplink,45.633611
2026-02-19 16:05:00,calibrate,sw-core-01,port-id7430,uplink,44.110850
2026-02-19 16:10:00,calibrate,sw-core-01,port-id7430,uplink,47.407136
2026-02-19 16:15:00,calibrate,sw-core-01,port-id7430,uplink,48.634655
2026-02-19 16:20:00,calibrate,sw-core-01,port-id7430,uplink,41.720276
2026-02-19 16:25:00,calibrate,sw-core-01,port-id7430,uplink,44.094818
2026-02-19 16:30:00,calibrate,sw-core-01,port-id7430,uplink,42.893463
2026-02-19 16:35:00,calibrate,sw-core-01,port-id7430,uplink,45.662871
2026-02-19 16:40:00,calibrate,sw-core-01,port-id7430,uplink,45.542083
2026-02-19 16:45:00,calibrate,sw-core-01,port-id7430,uplink,41.917045
2026-02-19 16:50:00,calibrate,sw-core-01,port-id7430,uplink,51.162841
2026-02-19 16:55:00,calibrate,sw-core-01,port-id7430,uplink,45.313260
2026-02-19 17:00:00,calibrate,sw-core-01,port-id7430,uplink,43.824834
2026-02-19 17:05:00,calibrate,sw-core-01,port-id7430,uplink,44.299530
2026-02-19 17:10:00,calibrate,sw-core-01,port-id7430,uplink,42.040937
2026-02-19 17:15:00,calibrate,sw-core-01,port-id7430,uplink,44.794867
2026-02-19 17:20:00,calibrate,sw-core-01,port-id7430,uplink,48.569640
2026-02-19 17:25:00,calibrate,sw-core-01,port-id7430,uplink,45.987975
2026-02-19 17:30:00,calibrate,sw-core-01,port-id7430,uplink,40.232305
2026-02-19 17:35:00,calibrate,sw-core-01,port-id7430,uplink,45.788545
2026-02-19 17:40:00,calibrate,sw-core-01,port-id7430,uplink,42.778488
2026-02-19 17:45:00,calibrate,sw-core-01,port-id7430,uplink,40.477112
2026-02-19 17:50:00,calibrate,sw-core-01,port-id7430,uplink,44.006722
2026-02-19 17:55:00,calibrate,sw-core-01,port-id7430,uplink,45.072148
2026-02-19 18:00:00,calibrate,sw-core-01,port-id7430,uplink,42.878824
2026-02-19 18:05:00,calibrate,sw-core-01,port-id7430,uplink,44.723519
2026-02-19 18:10:00,calibrate,sw-core-01,port-id7430,uplink,44.474992
2026-02-19 18:15:00,calibrate,sw-core-01,port-id7430,uplink,43.457217
2026-02-19 18:20:00,calibrate,sw-core-01,port-id7430,uplink,39.973877
2026-02-19 18:25:00,calibrate,sw-core-01,port-id7430,uplink,37.639304
2026-02-19 18:30:00,calibrate,sw-core-01,port-id7430,uplink,40.845458
2026-02-19 18:35:00,calibrate,sw-core-01,port-id7430,uplink,35.135950
2026-02-19 18:40:00,calibrate,sw-core-01,port-id7430,uplink,47.536731
2026-02-19 18:45:00,calibrate,sw-core-01,port-id7430,uplink,37.044442
2026-02-19 18:50:00,calibrate,sw-core-01,port-id7430,uplink,33.795366
2026-02-19 18:55:00,calibrate,sw-core-01,port-id7430,uplink,40.447997
2026-02-19 19:00:00,calibrate,sw-core-01,port-id7430,uplink,39.648351
2026-02-19 19:05:00,calibrate,sw-core-01,port-id7430,uplink,37.077976
2026-02-19 19:10:00,calibrate,sw-core-01,port-id7430,uplink,29.454531
2026-02-19 19:15:00,calibrate,sw-core-01,port-id7430,uplink,28.906700
2026-02-19 19:20:00,calibrate,sw-core-01,port-id7430,uplink,28.109517
2026-02-19 19:25:00,calibrate,sw-core-01,port-id7430,uplink,28.999171
2026-02-19 19:30:00,calibrate,sw-core-01,port-id7430,uplink,30.236074
2026-02-19 19:35:00,calibrate,sw-core-01,port-id7430,uplink,31.291190
2026-02-19 19:40:00,calibrate,sw-core-01,port-id7430,uplink,29.368764
2026-02-19 19:45:00,calibrate,sw-core-01,port-id7430,uplink,26.577209
2026-02-19 19:50:00,calibrate,sw-core-01,port-id7430,uplink,25.297955
2026-02-19 19:55:00,calibrate,sw-core-01,port-id7430,uplink,25.022700
2026-02-19 20:00:00,calibrate,sw-core-01,port-id7430,uplink,22.443886
2026-02-19 20:05:00,calibrate,sw-core-01,port-id7430,uplink,26.462800
2026-02-19 20:10:00,calibrate,sw-core-01,port-id7430,uplink,25.879031
2026-02-19 20:15:00,calibrate,sw-core-01,port-id7430,uplink,19.767881
2026-02-19 20:20:00,calibrate,sw-core-01,port-id7430,uplink,23.385254
2026-02-19 20:25:00,calibrate,sw-core-01,port-id7430,uplink,17.572161
2026-02-19 20:30:00,calibrate,sw-core-01,port-id7430,uplink,14.604464
2026-02-19 20:35:00,calibrate,sw-core-01,port-id7430,uplink,18.582634
2026-02-19 20:40:00,calibrate,sw-core-01,port-id7430,uplink,18.664621
2026-02-19 20:45:00,calibrate,sw-core-01,port-id7430,uplink,23.455664
2026-02-19 20:50:00,calibrate,sw-core-01,port-id7430,uplink,17.373730
2026-02-19 20:55:00,calibrate,sw-core-01,port-id7430,uplink,23.542481
2026-02-19 21:00:00,calibrate,sw-core-01,port-id7430,uplink,16.551500
2026-02-19 21:05:00,calibrate,sw-core-01,port-id7430,uplink,17.741084
2026-02-19 21:10:00,calibrate,sw-core-01,port-id7430,uplink,13.683023
2026-02-19 21:15:00,calibrate,sw-core-01,port-id7430,uplink,17.950680
2026-02-19 21:20:00,calibrate,sw-core-01,port-id7430,uplink,17.173652
2026-02-19 21:25:00,calibrate,sw-core-01,port-id7430,uplink,22.919237
2026-02-19 21:30:00,calibrate,sw-core-01,port-id7430,uplink,16.444280
2026-02-19 21:35:00,calibrate,sw-core-01,port-id7430,uplink,11.524947
2026-02-19 21:40:00,calibrate,sw-core-01,port-id7430,uplink,18.358224
2026-02-19 21:45:00,calibrate,sw-core-01,port-id7430,uplink,15.472357
2026-02-19 21:50:00,calibrate,sw-core-01,port-id7430,uplink,14.442545
2026-02-19 21:55:00,calibrate,sw-core-01,port-id7430,uplink,15.010047
2026-02-19 22:00:00,calibrate,sw-core-01,port-id7430,uplink,11.152214
2026-02-19 22:05:00,calibrate,sw-core-01,port-id7430,uplink,20.202912
2026-02-19 22:10:00,calibrate,sw-core-01,port-id7430,uplink,21.436214
2026-02-19 22:15:00,calibrate,sw-core-01,port-id7430,uplink,21.487533
2026-02-19 22:20:00,calibrate,sw-core-01,port-id7430,uplink,17.887451
2026-02-19 22:25:00,calibrate,sw-core-01,port-id7430,uplink,8.875317
2026-02-19 22:30:00,calibrate,sw-core-01,port-id7430,uplink,14.296603
2026-02-19 22:35:00,calibrate,sw-core-01,port-id7430,uplink,16.111846
2026-02-19 22:40:00,calibrate,sw-core-01,port-id7430,uplink,9.165533
2026-02-19 22:45:00,calibrate,sw-core-01,port-id7430,uplink,17.015175
2026-02-19 22:50:00,calibrate,sw-core-01,port-id7430,uplink,11.787723
2026-02-19 22:55:00,calibrate,sw-core-01,port-id7430,uplink,15.796772
2026-02-19 23:00:00,calibrate,sw-core-01,port-id7430,uplink,14.408944
2026-02-19 23:05:00,calibrate,sw-core-01,port-id7430,uplink,14.400778
2026-02-19 23:10:00,calibrate,sw-core-01,port-id7430,uplink,15.999063
2026-02-19 23:15:00,calibrate,sw-core-01,port-id7430,uplink,13.950131
2026-02-19 23:20:00,calibrate,sw-core-01,port-id7430,uplink,20.806260
2026-02-19 23:25:00,calibrate,sw-core-01,port-id7430,uplink,10.848449
2026-02-19 23:30:00,calibrate,sw-core-01,port-id7430,uplink,12.197087
2026-02-19 23:35:00,calibrate,sw-core-01,port-id7430,uplink,9.860392
2026-02-19 23:40:00,calibrate,sw-core-01,port-id7430,uplink,9.392875
2026-02-19 23:45:00,calibrate,sw-core-01,port-id7430,uplink,14.196290
2026-02-19 23:50:00,calibrate,sw-core-01,port-id7430,uplink,18.017897
2026-02-19 23:55:00,calibrate,sw-core-01,port-id7430,uplink,16.062739
2026-02-20 00:00:00,calibrate,sw-core-01,port-id7430,uplink,13.826582
2026-02-20 00:05:00,calibrate,sw-core-01,port-id7430,uplink,18.401292
2026-02-20 00:10:00,calibrate,sw-core-01,port-id7430,uplink,19.635962
2026-02-20 00:15:00,calibrate,sw-core-01,port-id7430,uplink,16.729219
2026-02-20 00:20:00,calibrate,sw-core-01,port-id7430,uplink,14.468288
2026-02-20 00:25:00,calibrate,sw-core-01,port-id7430,uplink,16.014728
2026-02-20 00:30:00,calibrate,sw-core-01,port-id7430,uplink,19.662814
2026-02-20 00:35:00,calibrate,sw-core-01,port-id7430,uplink,12.204171
2026-02-20 00:40:00,calibrate,sw-core-01,port-id7430,uplink,12.186146
2026-02-20 00:45:00,calibrate,sw-core-01,port-id7430,uplink,14.097410
2026-02-20 00:50:00,calibrate,sw-core-01,port-id7430,uplink,11.600459
2026-02-20 00:55:00,calibrate,sw-core-01,port-id7430,uplink,15.893495
2026-02-20 01:00:00,calibrate,sw-core-01,port-id7430,uplink,16.357228
2026-02-20 01:05:00,calibrate,sw-core-01,port-id7430,uplink,15.517518
2026-02-20 01:10:00,calibrate,sw-core-01,port-id7430,uplink,12.971738
2026-02-20 01:15:00,calibrate,sw-core-01,port-id7430,uplink,13.567076
2026-02-20 01:20:00,calibrate,sw-core-01,port-id7430,uplink,19.086450
2026-02-20 01:25:00,calibrate,sw-core-01,port-id7430,uplink,10.672184
2026-02-20 01:30:00,calibrate,sw-core-01,port-id7430,uplink,12.721433
2026-02-20 01:35:00,calibrate,sw-core-01,port-id7430,uplink,16.333270
2026-02-20 01:40:00,calibrate,sw-core-01,port-id7430,uplink,15.440184
2026-02-20 01:45:00,calibrate,sw-core-01,port-id7430,uplink,14.067190
2026-02-20 01:50:00,calibrate,sw-core-01,port-id7430,uplink,15.731386
2026-02-20 01:55:00,calibrate,sw-core-01,port-id7430,uplink,17.676868
2026-02-20 02:00:00,calibrate,sw-core-01,port-id7430,uplink,15.176820
2026-02-20 02:05:00,calibrate,sw-core-01,port-id7430,uplink,15.652432
2026-02-20 02:10:00,calibrate,sw-core-01,port-id7430,uplink,14.872550
2026-02-20 02:15:00,calibrate,sw-core-01,port-id7430,uplink,11.840402
2026-02-20 02:20:00,calibrate,sw-core-01,port-id7430,uplink,17.850401
2026-02-20 02:25:00,calibrate,sw-core-01,port-id7430,uplink,13.803981
2026-02-20 02:30:00,calibrate,sw-core-01,port-id7430,uplink,18.618913
2026-02-20 02:35:00,calibrate,sw-core-01,port-id7430,uplink,18.238663
2026-02-20 02:40:00,calibrate,sw-core-01,port-id7430,uplink,14.124399
2026-02-20 02:45:00,calibrate,sw-core-01,port-id7430,uplink,9.275866
2026-02-20 02:50:00,calibrate,sw-core-01,port-id7430,uplink,18.169403
2026-02-20 02:55:00,calibrate,sw-core-01,port-id7430,uplink,16.435360
2026-02-20 03:00:00,calibrate,sw-core-01,port-id7430,uplink,16.140599
2026-02-20 03:05:00,calibrate,sw-core-01,port-id7430,uplink,12.814484
2026-02-20 03:10:00,calibrate,sw-core-01,port-id7430,uplink,12.485191
2026-02-20 03:15:00,calibrate,sw-core-01,port-id7430,uplink,13.014687
2026-02-20 03:20:00,calibrate,sw-core-01,port-id7430,uplink,11.218975
2026-02-20 03:25:00,calibrate,sw-core-01,port-id7430,uplink,12.713997
2026-02-20 03:30:00,calibrate,sw-core-01,port-id7430,uplink,14.893223
2026-02-20 03:35:00,calibrate,sw-core-01,port-id7430,uplink,14.738278
2026-02-20 03:40:00,calibrate,sw-core-01,port-id7430,uplink,16.737733
2026-02-20 03:45:00,calibrate,sw-core-01,port-id7430,uplink,16.313928
2026-02-20 03:50:00,calibrate,sw-core-01,port-id7430,uplink,17.122804
2026-02-20 03:55:00,calibrate,sw-core-01,port-id7430,uplink,12.917241
2026-02-20 04:00:00,calibrate,sw-core-01,port-id7430,uplink,13.464575
2026-02-20 04:05:00,calibrate,sw-core-01,port-id7430,uplink,12.424221
2026-02-20 04:10:00,calibrate,sw-core-01,port-id7430,uplink,11.555924
2026-02-20 04:15:00,calibrate,sw-core-01,port-id7430,uplink,19.621562
2026-02-20 04:20:00,calibrate,sw-core-01,port-id7430,uplink,16.465644
2026-02-20 04:25:00,calibrate,sw-core-01,port-id7430,uplink,15.443302
2026-02-20 04:30:00,calibrate,sw-core-01,port-id7430,uplink,17.616484
2026-02-20 04:35:00,calibrate,sw-core-01,port-id7430,uplink,12.910316
2026-02-20 04:40:00,calibrate,sw-core-01,port-id7430,uplink,16.879267
2026-02-20 04:45:00,calibrate,sw-core-01,port-id7430,uplink,11.987995
2026-02-20 04:50:00,calibrate,sw-core-01,port-id7430,uplink,13.629903
2026-02-20 04:55:00,calibrate,sw-core-01,port-id7430,uplink,18.548795
2026-02-20 05:00:00,calibrate,sw-core-01,port-id7430,uplink,18.377219
2026-02-20 05:05:00,calibrate,sw-core-01,port-id7430,uplink,19.340919
2026-02-20 05:10:00,calibrate,sw-core-01,port-id7430,uplink,18.185373
2026-02-20 05:15:00,calibrate,sw-core-01,port-id7430,uplink,14.956714
2026-02-20 05:20:00,calibrate,sw-core-01,port-id7430,uplink,18.482587
2026-02-20 05:25:00,calibrate,sw-core-01,port-id7430,uplink,13.286753
2026-02-20 05:30:00,calibrate,sw-core-01,port-id7430,uplink,15.696867
2026-02-20 05:35:00,calibrate,sw-core-01,port-id7430,uplink,18.789797
2026-02-20 05:40:00,calibrate,sw-core-01,port-id7430,uplink,19.238709
2026-02-20 05:45:00,calibrate,sw-core-01,port-id7430,uplink,16.980981
2026-02-20 05:50:00,calibrate,sw-core-01,port-id7430,uplink,22.752499
2026-02-20 05:55:00,calibrate,sw-core-01,port-id7430,uplink,19.219038
2026-02-20 06:00:00,calibrate,sw-core-01,port-id7430,uplink,23.854137
2026-02-20 06:05:00,calibrate,sw-core-01,port-id7430,uplink,19.022403
2026-02-20 06:10:00,calibrate,sw-core-01,port-id7430,uplink,21.723757
2026-02-20 06:15:00,calibrate,sw-core-01,port-id7430,uplink,17.902943
2026-02-20 06:20:00,calibrate,sw-core-01,port-id7430,uplink,19.062144
2026-02-20 06:25:00,calibrate,sw-core-01,port-id7430,uplink,25.041963
2026-02-20 06:30:00,calibrate,sw-core-01,port-id7430,uplink,30.763443
2026-02-20 06:35:00,calibrate,sw-core-01,port-id7430,uplink,31.091072
2026-02-20 06:40:00,calibrate,sw-core-01,port-id7430,uplink,28.735942
2026-02-20 06:45:00,calibrate,sw-core-01,port-id7430,uplink,23.598494
2026-02-20 06:50:00,calibrate,sw-core-01,port-id7430,uplink,28.545986
2026-02-20 06:55:00,calibrate,sw-core-01,port-id7430,uplink,25.723469
2026-02-20 07:00:00,calibrate,sw-core-01,port-id7430,uplink,31.333088
2026-02-20 07:05:00,calibrate,sw-core-01,port-id7430,uplink,32.553611
2026-02-20 07:10:00,calibrate,sw-core-01,port-id7430,uplink,29.941025
2026-02-20 07:15:00,calibrate,sw-core-01,port-id7430,uplink,26.880942
2026-02-20 07:20:00,calibrate,sw-core-01,port-id7430,uplink,32.895187
2026-02-20 07:25:00,calibrate,sw-core-01,port-id7430,uplink,33.151762
2026-02-20 07:30:00,calibrate,sw-core-01,port-id7430,uplink,34.644514
2026-02-20 07:35:00,calibrate,sw-core-01,port-id7430,uplink,33.883338
2026-02-20 07:40:00,calibrate,sw-core-01,port-id7430,uplink,42.232016
2026-02-20 07:45:00,calibrate,sw-core-01,port-id7430,uplink,42.166348
2026-02-20 07:50:00,calibrate,sw-core-01,port-id7430,uplink,41.286540
2026-02-20 07:55:00,calibrate,sw-core-01,port-id7430,uplink,39.075579
2026-02-20 08:00:00,calibrate,sw-core-01,port-id7430,uplink,39.918574
2026-02-20 08:05:00,calibrate,sw-core-01,port-id7430,uplink,45.761077
2026-02-20 08:10:00,calibrate,sw-core-01,port-id7430,uplink,40.661622
2026-02-20 08:15:00,calibrate,sw-core-01,port-id7430,uplink,39.598847
2026-02-20 08:20:00,calibrate,sw-core-01,port-id7430,uplink,46.042254
2026-02-20 08:25:00,calibrate,sw-core-01,port-id7430,uplink,44.158576
2026-02-20 08:30:00,calibrate,sw-core-01,port-id7430,uplink,46.979952
2026-02-20 08:35:00,calibrate,sw-core-01,port-id7430,uplink,40.571272
2026-02-20 08:40:00,calibrate,sw-core-01,port-id7430,uplink,45.981793
2026-02-20 08:45:00,calibrate,sw-core-01,port-id7430,uplink,44.466042
2026-02-20 08:50:00,calibrate,sw-core-01,port-id7430,uplink,41.002707
2026-02-20 08:55:00,calibrate,sw-core-01,port-id7430,uplink,45.945669
2026-02-20 09:00:00,calibrate,sw-core-01,port-id7430,uplink,41.898047
2026-02-20 09:05:00,calibrate,sw-core-01,port-id7430,uplink,44.056381
2026-02-20 09:10:00,calibrate,sw-core-01,port-id7430,uplink,43.491624
2026-02-20 09:15:00,calibrate,sw-core-01,port-id7430,uplink,41.473162
2026-02-20 09:20:00,calibrate,sw-core-01,port-id7430,uplink,42.403702
2026-02-20 09:25:00,calibrate,sw-core-01,port-id7430,uplink,43.550545
2026-02-20 09:30:00,calibrate,sw-core-01,port-id7430,uplink,53.330274
2026-02-20 09:35:00,calibrate,sw-core-01,port-id7430,uplink,46.114166
2026-02-20 09:40:00,calibrate,sw-core-01,port-id7430,uplink,46.195664
2026-02-20 09:45:00,calibrate,sw-core-01,port-id7430,uplink,44.995212
2026-02-20 09:50:00,calibrate,sw-core-01,port-id7430,uplink,44.834977
2026-02-20 09:55:00,calibrate,sw-core-01,port-id7430,uplink,46.377813
2026-02-20 10:00:00,calibrate,sw-core-01,port-id7430,uplink,48.591673
2026-02-20 10:05:00,calibrate,sw-core-01,port-id7430,uplink,47.997720
2026-02-20 10:10:00,calibrate,sw-core-01,port-id7430,uplink,50.743828
2026-02-20 10:15:00,calibrate,sw-core-01,port-id7430,uplink,48.441510
2026-02-20 10:20:00,calibrate,sw-core-01,port-id7430,uplink,46.162855
2026-02-20 10:25:00,calibrate,sw-core-01,port-id7430,uplink,43.821433
2026-02-20 10:30:00,calibrate,sw-core-01,port-id7430,uplink,48.585697
2026-02-20 10:35:00,calibrate,sw-core-01,port-id7430,uplink,43.880703
2026-02-20 10:40:00,calibrate,sw-core-01,port-id7430,uplink,45.733855
2026-02-20 10:45:00,calibrate,sw-core-01,port-id7430,uplink,42.310462
2026-02-20 10:50:00,calibrate,sw-core-01,port-id7430,uplink,48.351674
2026-02-20 10:55:00,calibrate,sw-core-01,port-id7430,uplink,45.250694
2026-02-20 11:00:00,calibrate,sw-core-01,port-id7430,uplink,47.965454
2026-02-20 11:05:00,calibrate,sw-core-01,port-id7430,uplink,48.648454
2026-02-20 11:10:00,calibrate,sw-core-01,port-id7430,uplink,46.952949
2026-02-20 11:15:00,calibrate,sw-core-01,port-id7430,uplink,45.821448
2026-02-20 11:20:00,calibrate,sw-core-01,port-id7430,uplink,39.678113
2026-02-20 11:25:00,calibrate,sw-core-01,port-id7430,uplink,43.153120
2026-02-20 11:30:00,calibrate,sw-core-01,port-id7430,uplink,42.207548
2026-02-20 11:35:00,calibrate,sw-core-01,port-id7430,uplink,41.394404
2026-02-20 11:40:00,calibrate,sw-core-01,port-id7430,uplink,48.257169
2026-02-20 11:45:00,calibrate,sw-core-01,port-id7430,uplink,45.486616
2026-02-20 11:50:00,calibrate,sw-core-01,port-id7430,uplink,50.097724
2026-02-20 11:55:00,calibrate,sw-core-01,port-id7430,uplink,41.203516
2026-02-20 12:00:00,calibrate,sw-core-01,port-id7430,uplink,51.703938
2026-02-20 12:05:00,calibrate,sw-core-01,port-id7430,uplink,46.002195
2026-02-20 12:10:00,calibrate,sw-core-01,port-id7430,uplink,51.750052
2026-02-20 12:15:00,calibrate,sw-core-01,port-id7430,uplink,50.583616
2026-02-20 12:20:00,calibrate,sw-core-01,port-id7430,uplink,47.586935
2026-02-20 12:25:00,calibrate,sw-core-01,port-id7430,uplink,42.940726
2026-02-20 12:30:00,calibrate,sw-core-01,port-id7430,uplink,46.250093
2026-02-20 12:35:00,calibrate,sw-core-01,port-id7430,uplink,46.063117
2026-02-20 12:40:00,calibrate,sw-core-01,port-id7430,uplink,47.456802
2026-02-20 12:45:00,calibrate,sw-core-01,port-id7430,uplink,49.094384
2026-02-20 12:50:00,calibrate,sw-core-01,port-id7430,uplink,46.735180
2026-02-20 12:55:00,calibrate,sw-core-01,port-id7430,uplink,44.247608
2026-02-20 13:00:00,calibrate,sw-core-01,port-id7430,uplink,42.853164
2026-02-20 13:05:00,calibrate,sw-core-01,port-id7430,uplink,50.654078
2026-02-20 13:10:00,calibrate,sw-core-01,port-id7430,uplink,46.235188
2026-02-20 13:15:00,calibrate,sw-core-01,port-id7430,uplink,42.280780
2026-02-20 13:20:00,calibrate,sw-core-01,port-id7430,uplink,46.209922
2026-02-20 13:25:00,calibrate,sw-core-01,port-id7430,uplink,42.431321
2026-02-20 13:30:00,calibrate,sw-core-01,port-id7430,uplink,39.112461
2026-02-20 13:35:00,calibrate,sw-core-01,port-id7430,uplink,40.257556
2026-02-20 13:40:00,calibrate,sw-core-01,port-id7430,uplink,44.280630
2026-02-20 13:45:00,calibrate,sw-core-01,port-id7430,uplink,42.171603
2026-02-20 13:50:00,calibrate,sw-core-01,port-id7430,uplink,44.411838
2026-02-20 13:55:00,calibrate,sw-core-01,port-id7430,uplink,38.017828
2026-02-20 14:00:00,calibrate,sw-core-01,port-id7430,uplink,43.315629
2026-02-20 14:05:00,calibrate,sw-core-01,port-id7430,uplink,45.864471
2026-02-20 14:10:00,calibrate,sw-core-01,port-id7430,uplink,46.268633
2026-02-20 14:15:00,calibrate,sw-core-01,port-id7430,uplink,46.114111
2026-02-20 14:20:00,calibrate,sw-core-01,port-id7430,uplink,47.475192
2026-02-20 14:25:00,calibrate,sw-core-01,port-id7430,uplink,44.538338
2026-02-20 14:30:00,calibrate,sw-core-01,port-id7430,uplink,45.863590
2026-02-20 14:35:00,calibrate,sw-core-01,port-id7430,uplink,39.292962
2026-02-20 14:40:00,calibrate,sw-core-01,port-id7430,uplink,42.173715
2026-02-20 14:45:00,calibrate,sw-core-01,port-id7430,uplink,41.029676
2026-02-20 14:50:00,calibrate,sw-core-01,port-id7430,uplink,42.892991
2026-02-20 14:55:00,calibrate,sw-core-01,port-id7430,uplink,48.446195
2026-02-20 15:00:00,calibrate,sw-core-01,port-id7430,uplink,43.256060
2026-02-20 15:05:00,calibrate,sw-core-01,port-id7430,uplink,46.582046
2026-02-20 15:10:00,calibrate,sw-core-01,port-id7430,uplink,39.827308
2026-02-20 15:15:00,calibrate,sw-core-01,port-id7430,uplink,54.046845
2026-02-20 15:20:00,calibrate,sw-core-01,port-id7430,uplink,51.600632
2026-02-20 15:25:00,calibrate,sw-core-01,port-id7430,uplink,44.130719
2026-02-20 15:30:00,calibrate,sw-core-01,port-id7430,uplink,44.661167
2026-02-20 15:35:00,calibrate,sw-core-01,port-id7430,uplink,50.329681
2026-02-20 15:40:00,calibrate,sw-core-01,port-id7430,uplink,42.512665
2026-02-20 15:45:00,calibrate,sw-core-01,port-id7430,uplink,45.374090
2026-02-20 15:50:00,calibrate,sw-core-01,port-id7430,uplink,43.952996
2026-02-20 15:55:00,calibrate,sw-core-01,port-id7430,uplink,43.405926
2026-02-20 16:00:00,calibrate,sw-core-01,port-id7430,uplink,44.900873
2026-02-20 16:05:00,calibrate,sw-core-01,port-id7430,uplink,43.934005
2026-02-20 16:10:00,calibrate,sw-core-01,port-id7430,uplink,47.085663
2026-02-20 16:15:00,calibrate,sw-core-01,port-id7430,uplink,43.374483
2026-02-20 16:20:00,calibrate,sw-core-01,port-id7430,uplink,47.260676
2026-02-20 16:25:00,calibrate,sw-core-01,port-id7430,uplink,53.796476
2026-02-20 16:30:00,calibrate,sw-core-01,port-id7430,uplink,44.722103
2026-02-20 16:35:00,calibrate,sw-core-01,port-id7430,uplink,44.500325
2026-02-20 16:40:00,calibrate,sw-core-01,port-id7430,uplink,45.647755
2026-02-20 16:45:00,calibrate,sw-core-01,port-id7430,uplink,42.264969
2026-02-20 16:50:00,calibrate,sw-core-01,port-id7430,uplink,49.937378
2026-02-20 16:55:00,calibrate,sw-core-01,port-id7430,uplink,44.086574
2026-02-20 17:00:00,calibrate,sw-core-01,port-id7430,uplink,44.568264
2026-02-20 17:05:00,calibrate,sw-core-01,port-id7430,uplink,43.658247
2026-02-20 17:10:00,calibrate,sw-core-01,port-id7430,uplink,48.828710
2026-02-20 17:15:00,calibrate,sw-core-01,port-id7430,uplink,48.215887
2026-02-20 17:20:00,calibrate,sw-core-01,port-id7430,uplink,46.649535
2026-02-20 17:25:00,calibrate,sw-core-01,port-id7430,uplink,45.915518
2026-02-20 17:30:00,calibrate,sw-core-01,port-id7430,uplink,46.075252
2026-02-20 17:35:00,calibrate,sw-core-01,port-id7430,uplink,40.450510
2026-02-20 17:40:00,calibrate,sw-core-01,port-id7430,uplink,44.761314
2026-02-20 17:45:00,calibrate,sw-core-01,port-id7430,uplink,40.995587
2026-02-20 17:50:00,calibrate,sw-core-01,port-id7430,uplink,44.569712
2026-02-20 17:55:00,calibrate,sw-core-01,port-id7430,uplink,41.452856
2026-02-20 18:00:00,calibrate,sw-core-01,port-id7430,uplink,44.953062
2026-02-20 18:05:00,calibrate,sw-core-01,port-id7430,uplink,46.590591
2026-02-20 18:10:00,calibrate,sw-core-01,port-id7430,uplink,48.215725
2026-02-20 18:15:00,calibrate,sw-core-01,port-id7430,uplink,39.869312
2026-02-20 18:20:00,calibrate,sw-core-01,port-id7430,uplink,42.644071
2026-02-20 18:25:00,calibrate,sw-core-01,port-id7430,uplink,40.123332
2026-02-20 18:30:00,calibrate,sw-core-01,port-id7430,uplink,39.668875
2026-02-20 18:35:00,calibrate,sw-core-01,port-id7430,uplink,37.992116
2026-02-20 18:40:00,calibrate,sw-core-01,port-id7430,uplink,37.338651
2026-02-20 18:45:00,calibrate,sw-core-01,port-id7430,uplink,44.019436
2026-02-20 18:50:00,calibrate,sw-core-01,port-id7430,uplink,36.546534
2026-02-20 18:55:00,calibrate,sw-core-01,port-id7430,uplink,35.534417
2026-02-20 19:00:00,calibrate,sw-core-01,port-id7430,uplink,36.409595
2026-02-20 19:05:00,calibrate,sw-core-01,port-id7430,uplink,33.265789
2026-02-20 19:10:00,calibrate,sw-core-01,port-id7430,uplink,31.272828
2026-02-20 19:15:00,calibrate,sw-core-01,port-id7430,uplink,37.038548
2026-02-20 19:20:00,calibrate,sw-core-01,port-id7430,uplink,30.239502
2026-02-20 19:25:00,calibrate,sw-core-01,port-id7430,uplink,32.845916
2026-02-20 19:30:00,calibrate,sw-core-01,port-id7430,uplink,29.321382
2026-02-20 19:35:00,calibrate,sw-core-01,port-id7430,uplink,29.047332
2026-02-20 19:40:00,calibrate,sw-core-01,port-id7430,uplink,30.580609
2026-02-20 19:45:00,calibrate,sw-core-01,port-id7430,uplink,29.716710
2026-02-20 19:50:00,calibrate,sw-core-01,port-id7430,uplink,23.383029
2026-02-20 19:55:00,calibrate,sw-core-01,port-id7430,uplink,28.413557
2026-02-20 20:00:00,calibrate,sw-core-01,port-id7430,uplink,26.451652
2026-02-20 20:05:00,calibrate,sw-core-01,port-id7430,uplink,22.131271
2026-02-20 20:10:00,calibrate,sw-core-01,port-id7430,uplink,22.990571
2026-02-20 20:15:00,calibrate,sw-core-01,port-id7430,uplink,26.060649
2026-02-20 20:20:00,calibrate,sw-core-01,port-id7430,uplink,27.829342
2026-02-20 20:25:00,calibrate,sw-core-01,port-id7430,uplink,22.240001
2026-02-20 20:30:00,calibrate,sw-core-01,port-id7430,uplink,18.184484
2026-02-20 20:35:00,calibrate,sw-core-01,port-id7430,uplink,18.410525
2026-02-20 20:40:00,calibrate,sw-core-01,port-id7430,uplink,27.234597
2026-02-20 20:45:00,calibrate,sw-core-01,port-id7430,uplink,14.280478
2026-02-20 20:50:00,calibrate,sw-core-01,port-id7430,uplink,12.167563
2026-02-20 20:55:00,calibrate,sw-core-01,port-id7430,uplink,19.314425
2026-02-20 21:00:00,calibrate,sw-core-01,port-id7430,uplink,19.086872
2026-02-20 21:05:00,calibrate,sw-core-01,port-id7430,uplink,15.864317
2026-02-20 21:10:00,calibrate,sw-core-01,port-id7430,uplink,17.319912
2026-02-20 21:15:00,calibrate,sw-core-01,port-id7430,uplink,17.024436
2026-02-20 21:20:00,calibrate,sw-core-01,port-id7430,uplink,19.061080
2026-02-20 21:25:00,calibrate,sw-core-01,port-id7430,uplink,24.733479
2026-02-20 21:30:00,calibrate,sw-core-01,port-id7430,uplink,13.681159
2026-02-20 21:35:00,calibrate,sw-core-01,port-id7430,uplink,17.322607
2026-02-20 21:40:00,calibrate,sw-core-01,port-id7430,uplink,16.006905
2026-02-20 21:45:00,calibrate,sw-core-01,port-id7430,uplink,12.581421
2026-02-20 21:50:00,calibrate,sw-core-01,port-id7430,uplink,16.249221
2026-02-20 21:55:00,calibrate,sw-core-01,port-id7430,uplink,10.269346
2026-02-20 22:00:00,calibrate,sw-core-01,port-id7430,uplink,20.997291
2026-02-20 22:05:00,calibrate,sw-core-01,port-id7430,uplink,19.862577
2026-02-20 22:10:00,calibrate,sw-core-01,port-id7430,uplink,14.297469
2026-02-20 22:15:00,calibrate,sw-core-01,port-id7430,uplink,12.859391
2026-02-20 22:20:00,calibrate,sw-core-01,port-id7430,uplink,17.139464
2026-02-20 22:25:00,calibrate,sw-core-01,port-id7430,uplink,11.938232
2026-02-20 22:30:00,calibrate,sw-core-01,port-id7430,uplink,13.176075
2026-02-20 22:35:00,calibrate,sw-core-01,port-id7430,uplink,14.689948
2026-02-20 22:40:00,calibrate,sw-core-01,port-id7430,uplink,17.721467
2026-02-20 22:45:00,calibrate,sw-core-01,port-id7430,uplink,15.336166
2026-02-20 22:50:00,calibrate,sw-core-01,port-id7430,uplink,16.324549
2026-02-20 22:55:00,calibrate,sw-core-01,port-id7430,uplink,17.542128
2026-02-20 23:00:00,calibrate,sw-core-01,port-id7430,uplink,14.699022
2026-02-20 23:05:00,calibrate,sw-core-01,port-id7430,uplink,15.229965
2026-02-20 23:10:00,calibrate,sw-core-01,port-id7430,uplink,11.603128
2026-02-20 23:15:00,calibrate,sw-core-01,port-id7430,uplink,18.822734
2026-02-20 23:20:00,calibrate,sw-core-01,port-id7430,uplink,15.884319
2026-02-20 23:25:00,calibrate,sw-core-01,port-id7430,uplink,14.266021
2026-02-20 23:30:00,calibrate,sw-core-01,port-id7430,uplink,15.972417
2026-02-20 23:35:00,calibrate,sw-core-01,port-id7430,uplink,12.718673
2026-02-20 23:40:00,calibrate,sw-core-01,port-id7430,uplink,20.905635
2026-02-20 23:45:00,calibrate,sw-core-01,port-id7430,uplink,19.122137
2026-02-20 23:50:00,calibrate,sw-core-01,port-id7430,uplink,15.147325
2026-02-20 23:55:00,calibrate,sw-core-01,port-id7430,uplink,12.440072
2026-02-21 00:00:00,calibrate,sw-core-01,port-id7430,uplink,6.299845
2026-02-21 00:05:00,calibrate,sw-core-01,port-id7430,uplink,12.199859
2026-02-21 00:10:00,calibrate,sw-core-01,port-id7430,uplink,8.876387
2026-02-21 00:15:00,calibrate,sw-core-01,port-id7430,uplink,11.058583
2026-02-21 00:20:00,calibrate,sw-core-01,port-id7430,uplink,13.783900
2026-02-21 00:25:00,calibrate,sw-core-01,port-id7430,uplink,11.063553
2026-02-21 00:30:00,calibrate,sw-core-01,port-id7430,uplink,7.212784
2026-02-21 00:35:00,calibrate,sw-core-01,port-id7430,uplink,8.479290
2026-02-21 00:40:00,calibrate,sw-core-01,port-id7430,uplink,7.869471
2026-02-21 00:45:00,calibrate,sw-core-01,port-id7430,uplink,7.376973
2026-02-21 00:50:00,calibrate,sw-core-01,port-id7430,uplink,11.895295
2026-02-21 00:55:00,calibrate,sw-core-01,port-id7430,uplink,9.660635
2026-02-21 01:00:00,calibrate,sw-core-01,port-id7430,uplink,13.388227
2026-02-21 01:05:00,calibrate,sw-core-01,port-id7430,uplink,9.755792
2026-02-21 01:10:00,calibrate,sw-core-01,port-id7430,uplink,7.255767
2026-02-21 01:15:00,calibrate,sw-core-01,port-id7430,uplink,2.829947
2026-02-21 01:20:00,calibrate,sw-core-01,port-id7430,uplink,9.149082
2026-02-21 01:25:00,calibrate,sw-core-01,port-id7430,uplink,14.441906
2026-02-21 01:30:00,calibrate,sw-core-01,port-id7430,uplink,9.657956
2026-02-21 01:35:00,calibrate,sw-core-01,port-id7430,uplink,4.335264
2026-02-21 01:40:00,calibrate,sw-core-01,port-id7430,uplink,5.097534
2026-02-21 01:45:00,calibrate,sw-core-01,port-id7430,uplink,11.271900
2026-02-21 01:50:00,calibrate,sw-core-01,port-id7430,uplink,5.224686
2026-02-21 01:55:00,calibrate,sw-core-01,port-id7430,uplink,6.444926
2026-02-21 02:00:00,calibrate,sw-core-01,port-id7430,uplink,4.772586
2026-02-21 02:05:00,calibrate,sw-core-01,port-id7430,uplink,11.623531
2026-02-21 02:10:00,calibrate,sw-core-01,port-id7430,uplink,5.615079
2026-02-21 02:15:00,calibrate,sw-core-01,port-id7430,uplink,10.898280
2026-02-21 02:20:00,calibrate,sw-core-01,port-id7430,uplink,5.258800
2026-02-21 02:25:00,calibrate,sw-core-01,port-id7430,uplink,15.034020
2026-02-21 02:30:00,calibrate,sw-core-01,port-id7430,uplink,8.648786
2026-02-21 02:35:00,calibrate,sw-core-01,port-id7430,uplink,13.455217
2026-02-21 02:40:00,calibrate,sw-core-01,port-id7430,uplink,8.697117
2026-02-21 02:45:00,calibrate,sw-core-01,port-id7430,uplink,6.243465
2026-02-21 02:50:00,calibrate,sw-core-01,port-id7430,uplink,11.036961
2026-02-21 02:55:00,calibrate,sw-core-01,port-id7430,uplink,8.177971
2026-02-21 03:00:00,calibrate,sw-core-01,port-id7430,uplink,9.140617
2026-02-21 03:05:00,calibrate,sw-core-01,port-id7430,uplink,8.986078
2026-02-21 03:10:00,calibrate,sw-core-01,port-id7430,uplink,8.567048
2026-02-21 03:15:00,calibrate,sw-core-01,port-id7430,uplink,9.940942
2026-02-21 03:20:00,calibrate,sw-core-01,port-id7430,uplink,8.061506
2026-02-21 03:25:00,calibrate,sw-core-01,port-id7430,uplink,7.681716
2026-02-21 03:30:00,calibrate,sw-core-01,port-id7430,uplink,5.611719
2026-02-21 03:35:00,calibrate,sw-core-01,port-id7430,uplink,11.217236
2026-02-21 03:40:00,calibrate,sw-core-01,port-id7430,uplink,11.425425
2026-02-21 03:45:00,calibrate,sw-core-01,port-id7430,uplink,8.392909
2026-02-21 03:50:00,calibrate,sw-core-01,port-id7430,uplink,12.452012
2026-02-21 03:55:00,calibrate,sw-core-01,port-id7430,uplink,11.846807
2026-02-21 04:00:00,calibrate,sw-core-01,port-id7430,uplink,9.721952
2026-02-21 04:05:00,calibrate,sw-core-01,port-id7430,uplink,8.552656
2026-02-21 04:10:00,calibrate,sw-core-01,port-id7430,uplink,9.877902
2026-02-21 04:15:00,calibrate,sw-core-01,port-id7430,uplink,7.850063
2026-02-21 04:20:00,calibrate,sw-core-01,port-id7430,uplink,11.371315
2026-02-21 04:25:00,calibrate,sw-core-01,port-id7430,uplink,8.050830
2026-02-21 04:30:00,calibrate,sw-core-01,port-id7430,uplink,10.814257
2026-02-21 04:35:00,calibrate,sw-core-01,port-id7430,uplink,7.755635
2026-02-21 04:40:00,calibrate,sw-core-01,port-id7430,uplink,6.568628
2026-02-21 04:45:00,calibrate,sw-core-01,port-id7430,uplink,12.147213
2026-02-21 04:50:00,calibrate,sw-core-01,port-id7430,uplink,10.627377
2026-02-21 04:55:00,calibrate,sw-core-01,port-id7430,uplink,8.685769
2026-02-21 05:00:00,calibrate,sw-core-01,port-id7430,uplink,12.616728
2026-02-21 05:05:00,calibrate,sw-core-01,port-id7430,uplink,7.210477
2026-02-21 05:10:00,calibrate,sw-core-01,port-id7430,uplink,11.943570
2026-02-21 05:15:00,calibrate,sw-core-01,port-id7430,uplink,7.875917
2026-02-21 05:20:00,calibrate,sw-core-01,port-id7430,uplink,7.591754
2026-02-21 05:25:00,calibrate,sw-core-01,port-id7430,uplink,10.053258
2026-02-21 05:30:00,calibrate,sw-core-01,port-id7430,uplink,13.350817
2026-02-21 05:35:00,calibrate,sw-core-01,port-id7430,uplink,8.196029
2026-02-21 05:40:00,calibrate,sw-core-01,port-id7430,uplink,9.447561
2026-02-21 05:45:00,calibrate,sw-core-01,port-id7430,uplink,13.157746
2026-02-21 05:50:00,calibrate,sw-core-01,port-id7430,uplink,13.953504
2026-02-21 05:55:00,calibrate,sw-core-01,port-id7430,uplink,6.696289
2026-02-21 06:00:00,calibrate,sw-core-01,port-id7430,uplink,16.058927
2026-02-21 06:05:00,calibrate,sw-core-01,port-id7430,uplink,12.999322
2026-02-21 06:10:00,calibrate,sw-core-01,port-id7430,uplink,14.480747
2026-02-21 06:15:00,calibrate,sw-core-01,port-id7430,uplink,11.788872
2026-02-21 06:20:00,calibrate,sw-core-01,port-id7430,uplink,8.077557
2026-02-21 06:25:00,calibrate,sw-core-01,port-id7430,uplink,15.460981
2026-02-21 06:30:00,calibrate,sw-core-01,port-id7430,uplink,13.554424
2026-02-21 06:35:00,calibrate,sw-core-01,port-id7430,uplink,15.750856
2026-02-21 06:40:00,calibrate,sw-core-01,port-id7430,uplink,21.159045
2026-02-21 06:45:00,calibrate,sw-core-01,port-id7430,uplink,20.084978
2026-02-21 06:50:00,calibrate,sw-core-01,port-id7430,uplink,16.848314
2026-02-21 06:55:00,calibrate,sw-core-01,port-id7430,uplink,16.306486
2026-02-21 07:00:00,calibrate,sw-core-01,port-id7430,uplink,15.513591
2026-02-21 07:05:00,calibrate,sw-core-01,port-id7430,uplink,20.612778
2026-02-21 07:10:00,calibrate,sw-core-01,port-id7430,uplink,20.308422
2026-02-21 07:15:00,calibrate,sw-core-01,port-id7430,uplink,19.921987
2026-02-21 07:20:00,calibrate,sw-core-01,port-id7430,uplink,23.318551
2026-02-21 07:25:00,calibrate,sw-core-01,port-id7430,uplink,21.877498
2026-02-21 07:30:00,calibrate,sw-core-01,port-id7430,uplink,19.284116
2026-02-21 07:35:00,calibrate,sw-core-01,port-id7430,uplink,18.357869
2026-02-21 07:40:00,calibrate,sw-core-01,port-id7430,uplink,24.625148
2026-02-21 07:45:00,calibrate,sw-core-01,port-id7430,uplink,25.676415
2026-02-21 07:50:00,calibrate,sw-core-01,port-id7430,uplink,24.222071
2026-02-21 07:55:00,calibrate,sw-core-01,port-id7430,uplink,21.794395
2026-02-21 08:00:00,calibrate,sw-core-01,port-id7430,uplink,26.530749
2026-02-21 08:05:00,calibrate,sw-core-01,port-id7430,uplink,25.500754
2026-02-21 08:10:00,calibrate,sw-core-01,port-id7430,uplink,23.666879
2026-02-21 08:15:00,calibrate,sw-core-01,port-id7430,uplink,27.330576
2026-02-21 08:20:00,calibrate,sw-core-01,port-id7430,uplink,20.361192
2026-02-21 08:25:00,calibrate,sw-core-01,port-id7430,uplink,28.472376
2026-02-21 08:30:00,calibrate,sw-core-01,port-id7430,uplink,23.902570
2026-02-21 08:35:00,calibrate,sw-core-01,port-id7430,uplink,26.870210
2026-02-21 08:40:00,calibrate,sw-core-01,port-id7430,uplink,32.395254
2026-02-21 08:45:00,calibrate,sw-core-01,port-id7430,uplink,22.534767
2026-02-21 08:50:00,calibrate,sw-core-01,port-id7430,uplink,28.390211
2026-02-21 08:55:00,calibrate,sw-core-01,port-id7430,uplink,29.681573
2026-02-21 09:00:00,calibrate,sw-core-01,port-id7430,uplink,23.674197
2026-02-21 09:05:00,calibrate,sw-core-01,port-id7430,uplink,25.708094
2026-02-21 09:10:00,calibrate,sw-core-01,port-id7430,uplink,29.605083
2026-02-21 09:15:00,calibrate,sw-core-01,port-id7430,uplink,30.048161
2026-02-21 09:20:00,calibrate,sw-core-01,port-id7430,uplink,28.978976
2026-02-21 09:25:00,calibrate,sw-core-01,port-id7430,uplink,22.499287
2026-02-21 09:30:00,calibrate,sw-core-01,port-id7430,uplink,28.242009
2026-02-21 09:35:00,calibrate,sw-core-01,port-id7430,uplink,29.419757
2026-02-21 09:40:00,calibrate,sw-core-01,port-id7430,uplink,32.751443
2026-02-21 09:45:00,calibrate,sw-core-01,port-id7430,uplink,29.524606
2026-02-21 09:50:00,calibrate,sw-core-01,port-id7430,uplink,28.990047
2026-02-21 09:55:00,calibrate,sw-core-01,port-id7430,uplink,25.727546
2026-02-21 10:00:00,calibrate,sw-core-01,port-id7430,uplink,25.078759
2026-02-21 10:05:00,calibrate,sw-core-01,port-id7430,uplink,25.971335
2026-02-21 10:10:00,calibrate,sw-core-01,port-id7430,uplink,26.742672
2026-02-21 10:15:00,calibrate,sw-core-01,port-id7430,uplink,30.106883
2026-02-21 10:20:00,calibrate,sw-core-01,port-id7430,uplink,27.444955
2026-02-21 10:25:00,calibrate,sw-core-01,port-id7430,uplink,28.739600
2026-02-21 10:30:00,calibrate,sw-core-01,port-id7430,uplink,29.653480
2026-02-21 10:35:00,calibrate,sw-core-01,port-id7430,uplink,23.701707
2026-02-21 10:40:00,calibrate,sw-core-01,port-id7430,uplink,31.926043
2026-02-21 10:45:00,calibrate,sw-core-01,port-id7430,uplink,25.161302
2026-02-21 10:50:00,calibrate,sw-core-01,port-id7430,uplink,23.888342
2026-02-21 10:55:00,calibrate,sw-core-01,port-id7430,uplink,27.450725
2026-02-21 11:00:00,calibrate,sw-core-01,port-id7430,uplink,27.888075
2026-02-21 11:05:00,calibrate,sw-core-01,port-id7430,uplink,26.589227
2026-02-21 11:10:00,calibrate,sw-core-01,port-id7430,uplink,26.175506
2026-02-21 11:15:00,calibrate,sw-core-01,port-id7430,uplink,28.297104
2026-02-21 11:20:00,calibrate,sw-core-01,port-id7430,uplink,22.952371
2026-02-21 11:25:00,calibrate,sw-core-01,port-id7430,uplink,17.263931
2026-02-21 11:30:00,calibrate,sw-core-01,port-id7430,uplink,32.425387
2026-02-21 11:35:00,calibrate,sw-core-01,port-id7430,uplink,28.188434
2026-02-21 11:40:00,calibrate,sw-core-01,port-id7430,uplink,32.124554
2026-02-21 11:45:00,calibrate,sw-core-01,port-id7430,uplink,25.189238
2026-02-21 11:50:00,calibrate,sw-core-01,port-id7430,uplink,22.401298
2026-02-21 11:55:00,calibrate,sw-core-01,port-id7430,uplink,23.478063
2026-02-21 12:00:00,calibrate,sw-core-01,port-id7430,uplink,28.591797
2026-02-21 12:05:00,calibrate,sw-core-01,port-id7430,uplink,26.341923
2026-02-21 12:10:00,calibrate,sw-core-01,port-id7430,uplink,27.168781
2026-02-21 12:15:00,calibrate,sw-core-01,port-id7430,uplink,30.501283
2026-02-21 12:20:00,calibrate,sw-core-01,port-id7430,uplink,31.337724
2026-02-21 12:25:00,calibrate,sw-core-01,port-id7430,uplink,21.039521
2026-02-21 12:30:00,calibrate,sw-core-01,port-id7430,uplink,29.632395
2026-02-21 12:35:00,calibrate,sw-core-01,port-id7430,uplink,24.089925
2026-02-21 12:40:00,calibrate,sw-core-01,port-id7430,uplink,28.727325
2026-02-21 12:45:00,calibrate,sw-core-01,port-id7430,uplink,21.315484
2026-02-21 12:50:00,calibrate,sw-core-01,port-id7430,uplink,23.402753
2026-02-21 12:55:00,calibrate,sw-core-01,port-id7430,uplink,29.050860
2026-02-21 13:00:00,calibrate,sw-core-01,port-id7430,uplink,26.440924
2026-02-21 13:05:00,calibrate,sw-core-01,port-id7430,uplink,28.661844
2026-02-21 13:10:00,calibrate,sw-core-01,port-id7430,uplink,23.709011
2026-02-21 13:15:00,calibrate,sw-core-01,port-id7430,uplink,29.149229
2026-02-21 13:20:00,calibrate,sw-core-01,port-id7430,uplink,23.184567
2026-02-21 13:25:00,calibrate,sw-core-01,port-id7430,uplink,29.430779
2026-02-21 13:30:00,calibrate,sw-core-01,port-id7430,uplink,19.359555
2026-02-21 13:35:00,calibrate,sw-core-01,port-id7430,uplink,21.203066
2026-02-21 13:40:00,calibrate,sw-core-01,port-id7430,uplink,26.406411
2026-02-21 13:45:00,calibrate,sw-core-01,port-id7430,uplink,25.174052
2026-02-21 13:50:00,calibrate,sw-core-01,port-id7430,uplink,31.288142
2026-02-21 13:55:00,calibrate,sw-core-01,port-id7430,uplink,28.075802
2026-02-21 14:00:00,calibrate,sw-core-01,port-id7430,uplink,23.371265
2026-02-21 14:05:00,calibrate,sw-core-01,port-id7430,uplink,29.496568
2026-02-21 14:10:00,calibrate,sw-core-01,port-id7430,uplink,23.274233
2026-02-21 14:15:00,calibrate,sw-core-01,port-id7430,uplink,27.297600
2026-02-21 14:20:00,calibrate,sw-core-01,port-id7430,uplink,26.036961
2026-02-21 14:25:00,calibrate,sw-core-01,port-id7430,uplink,27.232036
2026-02-21 14:30:00,calibrate,sw-core-01,port-id7430,uplink,27.279951
2026-02-21 14:35:00,calibrate,sw-core-01,port-id7430,uplink,25.673916
2026-02-21 14:40:00,calibrate,sw-core-01,port-id7430,uplink,28.790739
2026-02-21 14:45:00,calibrate,sw-core-01,port-id7430,uplink,30.814508
2026-02-21 14:50:00,calibrate,sw-core-01,port-id7430,uplink,27.751847
2026-02-21 14:55:00,calibrate,sw-core-01,port-id7430,uplink,26.234190
2026-02-21 15:00:00,calibrate,sw-core-01,port-id7430,uplink,31.806831
2026-02-21 15:05:00,calibrate,sw-core-01,port-id7430,uplink,26.105918
2026-02-21 15:10:00,calibrate,sw-core-01,port-id7430,uplink,25.431921
2026-02-21 15:15:00,calibrate,sw-core-01,port-id7430,uplink,31.191269
2026-02-21 15:20:00,calibrate,sw-core-01,port-id7430,uplink,22.859092
2026-02-21 15:25:00,calibrate,sw-core-01,port-id7430,uplink,25.890476
2026-02-21 15:30:00,calibrate,sw-core-01,port-id7430,uplink,27.838518
2026-02-21 15:35:00,calibrate,sw-core-01,port-id7430,uplink,23.154798
2026-02-21 15:40:00,calibrate,sw-core-01,port-id7430,uplink,26.079448
2026-02-21 15:45:00,calibrate,sw-core-01,port-id7430,uplink,22.742741
2026-02-21 15:50:00,calibrate,sw-core-01,port-id7430,uplink,28.106803
2026-02-21 15:55:00,calibrate,sw-core-01,port-id7430,uplink,24.922921
2026-02-21 16:00:00,calibrate,sw-core-01,port-id7430,uplink,33.106582
2026-02-21 16:05:00,calibrate,sw-core-01,port-id7430,uplink,22.876300
2026-02-21 16:10:00,calibrate,sw-core-01,port-id7430,uplink,29.122252
2026-02-21 16:15:00,calibrate,sw-core-01,port-id7430,uplink,30.117868
2026-02-21 16:20:00,calibrate,sw-core-01,port-id7430,uplink,23.302057
2026-02-21 16:25:00,calibrate,sw-core-01,port-id7430,uplink,24.948091
2026-02-21 16:30:00,calibrate,sw-core-01,port-id7430,uplink,29.609153
2026-02-21 16:35:00,calibrate,sw-core-01,port-id7430,uplink,31.086958
2026-02-21 16:40:00,calibrate,sw-core-01,port-id7430,uplink,30.831855
2026-02-21 16:45:00,calibrate,sw-core-01,port-id7430,uplink,35.483266
2026-02-21 16:50:00,calibrate,sw-core-01,port-id7430,uplink,26.215064
2026-02-21 16:55:00,calibrate,sw-core-01,port-id7430,uplink,25.717211
2026-02-21 17:00:00,calibrate,sw-core-01,port-id7430,uplink,29.324801
2026-02-21 17:05:00,calibrate,sw-core-01,port-id7430,uplink,27.820652
2026-02-21 17:10:00,calibrate,sw-core-01,port-id7430,uplink,27.393064
2026-02-21 17:15:00,calibrate,sw-core-01,port-id7430,uplink,28.650941
2026-02-21 17:20:00,calibrate,sw-core-01,port-id7430,uplink,31.881520
2026-02-21 17:25:00,calibrate,sw-core-01,port-id7430,uplink,26.199137
2026-02-21 17:30:00,calibrate,sw-core-01,port-id7430,uplink,26.899188
2026-02-21 17:35:00,calibrate,sw-core-01,port-id7430,uplink,28.966987
2026-02-21 17:40:00,calibrate,sw-core-01,port-id7430,uplink,28.045991
2026-02-21 17:45:00,calibrate,sw-core-01,port-id7430,uplink,28.875224
2026-02-21 17:50:00,calibrate,sw-core-01,port-id7430,uplink,28.581250
2026-02-21 17:55:00,calibrate,sw-core-01,port-id7430,uplink,26.543079
2026-02-21 18:00:00,calibrate,sw-core-01,port-id7430,uplink,23.864929
2026-02-21 18:05:00,calibrate,sw-core-01,port-id7430,uplink,24.328335
2026-02-21 18:10:00,calibrate,sw-core-01,port-id7430,uplink,25.256942
2026-02-21 18:15:00,calibrate,sw-core-01,port-id7430,uplink,21.635609
2026-02-21 18:20:00,calibrate,sw-core-01,port-id7430,uplink,24.890171
2026-02-21 18:25:00,calibrate,sw-core-01,port-id7430,uplink,24.069152
2026-02-21 18:30:00,calibrate,sw-core-01,port-id7430,uplink,23.665678
2026-02-21 18:35:00,calibrate,sw-core-01,port-id7430,uplink,25.742054
2026-02-21 18:40:00,calibrate,sw-core-01,port-id7430,uplink,30.309433
2026-02-21 18:45:00,calibrate,sw-core-01,port-id7430,uplink,22.678037
2026-02-21 18:50:00,calibrate,sw-core-01,port-id7430,uplink,27.714162
2026-02-21 18:55:00,calibrate,sw-core-01,port-id7430,uplink,27.818883
2026-02-21 19:00:00,calibrate,sw-core-01,port-id7430,uplink,22.434106
2026-02-21 19:05:00,calibrate,sw-core-01,port-id7430,uplink,21.618916
2026-02-21 19:10:00,calibrate,sw-core-01,port-id7430,uplink,26.060316
2026-02-21 19:15:00,calibrate,sw-core-01,port-id7430,uplink,16.119447
2026-02-21 19:20:00,calibrate,sw-core-01,port-id7430,uplink,19.229525
2026-02-21 19:25:00,calibrate,sw-core-01,port-id7430,uplink,27.331048
2026-02-21 19:30:00,calibrate,sw-core-01,port-id7430,uplink,15.465657
2026-02-21 19:35:00,calibrate,sw-core-01,port-id7430,uplink,19.880906
2026-02-21 19:40:00,calibrate,sw-core-01,port-id7430,uplink,14.459540
2026-02-21 19:45:00,calibrate,sw-core-01,port-id7430,uplink,12.787514
2026-02-21 19:50:00,calibrate,sw-core-01,port-id7430,uplink,17.698034
2026-02-21 19:55:00,calibrate,sw-core-01,port-id7430,uplink,8.068223
2026-02-21 20:00:00,calibrate,sw-core-01,port-id7430,uplink,13.952666
2026-02-21 20:05:00,calibrate,sw-core-01,port-id7430,uplink,17.476085
2026-02-21 20:10:00,calibrate,sw-core-01,port-id7430,uplink,13.375700
2026-02-21 20:15:00,calibrate,sw-core-01,port-id7430,uplink,10.701545
2026-02-21 20:20:00,calibrate,sw-core-01,port-id7430,uplink,13.754360
2026-02-21 20:25:00,calibrate,sw-core-01,port-id7430,uplink,12.549412
2026-02-21 20:30:00,calibrate,sw-core-01,port-id7430,uplink,11.410690
2026-02-21 20:35:00,calibrate,sw-core-01,port-id7430,uplink,8.113011
2026-02-21 20:40:00,calibrate,sw-core-01,port-id7430,uplink,18.359196
2026-02-21 20:45:00,calibrate,sw-core-01,port-id7430,uplink,11.609572
2026-02-21 20:50:00,calibrate,sw-core-01,port-id7430,uplink,10.012849
2026-02-21 20:55:00,calibrate,sw-core-01,port-id7430,uplink,15.308460
2026-02-21 21:00:00,calibrate,sw-core-01,port-id7430,uplink,12.674392
2026-02-21 21:05:00,calibrate,sw-core-01,port-id7430,uplink,2.439665
2026-02-21 21:10:00,calibrate,sw-core-01,port-id7430,uplink,14.504172
2026-02-21 21:15:00,calibrate,sw-core-01,port-id7430,uplink,4.823982
2026-02-21 21:20:00,calibrate,sw-core-01,port-id7430,uplink,8.420643
2026-02-21 21:25:00,calibrate,sw-core-01,port-id7430,uplink,9.227407
2026-02-21 21:30:00,calibrate,sw-core-01,port-id7430,uplink,6.901584
2026-02-21 21:35:00,calibrate,sw-core-01,port-id7430,uplink,14.430475
2026-02-21 21:40:00,calibrate,sw-core-01,port-id7430,uplink,5.349308
2026-02-21 21:45:00,calibrate,sw-core-01,port-id7430,uplink,7.789271
2026-02-21 21:50:00,calibrate,sw-core-01,port-id7430,uplink,11.869400
2026-02-21 21:55:00,calibrate,sw-core-01,port-id7430,uplink,9.368709
2026-02-21 22:00:00,calibrate,sw-core-01,port-id7430,uplink,1.813753
2026-02-21 22:05:00,calibrate,sw-core-01,port-id7430,uplink,12.068960
2026-02-21 22:10:00,calibrate,sw-core-01,port-id7430,uplink,2.012827
2026-02-21 22:15:00,calibrate,sw-core-01,port-id7430,uplink,9.624072
2026-02-21 22:20:00,calibrate,sw-core-01,port-id7430,uplink,8.551942
2026-02-21 22:25:00,calibrate,sw-core-01,port-id7430,uplink,10.334954
2026-02-21 22:30:00,calibrate,sw-core-01,port-id7430,uplink,8.292999
2026-02-21 22:35:00,calibrate,sw-core-01,port-id7430,uplink,4.312107
2026-02-21 22:40:00,calibrate,sw-core-01,port-id7430,uplink,6.537657
2026-02-21 22:45:00,calibrate,sw-core-01,port-id7430,uplink,11.888812
2026-02-21 22:50:00,calibrate,sw-core-01,port-id7430,uplink,7.674110
2026-02-21 22:55:00,calibrate,sw-core-01,port-id7430,uplink,6.044719
2026-02-21 23:00:00,calibrate,sw-core-01,port-id7430,uplink,11.185508
2026-02-21 23:05:00,calibrate,sw-core-01,port-id7430,uplink,7.078964
2026-02-21 23:10:00,calibrate,sw-core-01,port-id7430,uplink,11.051286
2026-02-21 23:15:00,calibrate,sw-core-01,port-id7430,uplink,6.466917
2026-02-21 23:20:00,calibrate,sw-core-01,port-id7430,uplink,10.829192
2026-02-21 23:25:00,calibrate,sw-core-01,port-id7430,uplink,12.459561
2026-02-21 23:30:00,calibrate,sw-core-01,port-id7430,uplink,11.947933
2026-02-21 23:35:00,calibrate,sw-core-01,port-id7430,uplink,7.287096
2026-02-21 23:40:00,calibrate,sw-core-01,port-id7430,uplink,17.701520
2026-02-21 23:45:00,calibrate,sw-core-01,port-id7430,uplink,6.520792
2026-02-21 23:50:00,calibrate,sw-core-01,port-id7430,uplink,9.028299
2026-02-21 23:55:00,calibrate,sw-core-01,port-id7430,uplink,11.802778
2026-02-22 00:00:00,calibrate,sw-core-01,port-id7430,uplink,7.374276
2026-02-22 00:05:00,calibrate,sw-core-01,port-id7430,uplink,7.848406
2026-02-22 00:10:00,calibrate,sw-core-01,port-id7430,uplink,9.849872
2026-02-22 00:15:00,calibrate,sw-core-01,port-id7430,uplink,8.490268
2026-02-22 00:20:00,calibrate,sw-core-01,port-id7430,uplink,13.574933
2026-02-22 00:25:00,calibrate,sw-core-01,port-id7430,uplink,9.512857
2026-02-22 00:30:00,calibrate,sw-core-01,port-id7430,uplink,6.942856
2026-02-22 00:35:00,calibrate,sw-core-01,port-id7430,uplink,7.855337
2026-02-22 00:40:00,calibrate,sw-core-01,port-id7430,uplink,6.003316
2026-02-22 00:45:00,calibrate,sw-core-01,port-id7430,uplink,10.731165
2026-02-22 00:50:00,calibrate,sw-core-01,port-id7430,uplink,9.794738
2026-02-22 00:55:00,calibrate,sw-core-01,port-id7430,uplink,10.412942
2026-02-22 01:00:00,calibrate,sw-core-01,port-id7430,uplink,16.115482
2026-02-22 01:05:00,calibrate,sw-core-01,port-id7430,uplink,9.669030
2026-02-22 01:10:00,calibrate,sw-core-01,port-id7430,uplink,8.542568
2026-02-22 01:15:00,calibrate,sw-core-01,port-id7430,uplink,8.812619
2026-02-22 01:20:00,calibrate,sw-core-01,port-id7430,uplink,7.248650
2026-02-22 01:25:00,calibrate,sw-core-01,port-id7430,uplink,8.409750
2026-02-22 01:30:00,calibrate,sw-core-01,port-id7430,uplink,10.061366
2026-02-22 01:35:00,calibrate,sw-core-01,port-id7430,uplink,10.917418
2026-02-22 01:40:00,calibrate,sw-core-01,port-id7430,uplink,11.778378
2026-02-22 01:45:00,calibrate,sw-core-01,port-id7430,uplink,5.588309
2026-02-22 01:50:00,calibrate,sw-core-01,port-id7430,uplink,10.668943
2026-02-22 01:55:00,calibrate,sw-core-01,port-id7430,uplink,10.183930
2026-02-22 02:00:00,calibrate,sw-core-01,port-id7430,uplink,10.402853
2026-02-22 02:05:00,calibrate,sw-core-01,port-id7430,uplink,7.384796
2026-02-22 02:10:00,calibrate,sw-core-01,port-id7430,uplink,8.736637
2026-02-22 02:15:00,calibrate,sw-core-01,port-id7430,uplink,11.567839
2026-02-22 02:20:00,calibrate,sw-core-01,port-id7430,uplink,8.341587
2026-02-22 02:25:00,calibrate,sw-core-01,port-id7430,uplink,8.612077
2026-02-22 02:30:00,calibrate,sw-core-01,port-id7430,uplink,11.120505
2026-02-22 02:35:00,calibrate,sw-core-01,port-id7430,uplink,10.217914
2026-02-22 02:40:00,calibrate,sw-core-01,port-id7430,uplink,10.318531
2026-02-22 02:45:00,calibrate,sw-core-01,port-id7430,uplink,10.307450
2026-02-22 02:50:00,calibrate,sw-core-01,port-id7430,uplink,9.188600
2026-02-22 02:55:00,calibrate,sw-core-01,port-id7430,uplink,10.776360
2026-02-22 03:00:00,calibrate,sw-core-01,port-id7430,uplink,4.497210
2026-02-22 03:05:00,calibrate,sw-core-01,port-id7430,uplink,4.480351
2026-02-22 03:10:00,calibrate,sw-core-01,port-id7430,uplink,11.625082
2026-02-22 03:15:00,calibrate,sw-core-01,port-id7430,uplink,12.948689
2026-02-22 03:20:00,calibrate,sw-core-01,port-id7430,uplink,10.862380
2026-02-22 03:25:00,calibrate,sw-core-01,port-id7430,uplink,7.872538
2026-02-22 03:30:00,calibrate,sw-core-01,port-id7430,uplink,5.132924
2026-02-22 03:35:00,calibrate,sw-core-01,port-id7430,uplink,6.030664
2026-02-22 03:40:00,calibrate,sw-core-01,port-id7430,uplink,8.853657
2026-02-22 03:45:00,calibrate,sw-core-01,port-id7430,uplink,8.896843
2026-02-22 03:50:00,calibrate,sw-core-01,port-id7430,uplink,15.229321
2026-02-22 03:55:00,calibrate,sw-core-01,port-id7430,uplink,9.214467
2026-02-22 04:00:00,calibrate,sw-core-01,port-id7430,uplink,11.140464
2026-02-22 04:05:00,calibrate,sw-core-01,port-id7430,uplink,9.230592
2026-02-22 04:10:00,calibrate,sw-core-01,port-id7430,uplink,7.085166
2026-02-22 04:15:00,calibrate,sw-core-01,port-id7430,uplink,5.968601
2026-02-22 04:20:00,calibrate,sw-core-01,port-id7430,uplink,9.746838
2026-02-22 04:25:00,calibrate,sw-core-01,port-id7430,uplink,9.114071
2026-02-22 04:30:00,calibrate,sw-core-01,port-id7430,uplink,9.817782
2026-02-22 04:35:00,calibrate,sw-core-01,port-id7430,uplink,16.199423
2026-02-22 04:40:00,calibrate,sw-core-01,port-id7430,uplink,4.239264
2026-02-22 04:45:00,calibrate,sw-core-01,port-id7430,uplink,6.038419
2026-02-22 04:50:00,calibrate,sw-core-01,port-id7430,uplink,8.141743
2026-02-22 04:55:00,calibrate,sw-core-01,port-id7430,uplink,14.015718
2026-02-22 05:00:00,calibrate,sw-core-01,port-id7430,uplink,12.996030
2026-02-22 05:05:00,calibrate,sw-core-01,port-id7430,uplink,4.807845
2026-02-22 05:10:00,calibrate,sw-core-01,port-id7430,uplink,11.836217
2026-02-22 05:15:00,calibrate,sw-core-01,port-id7430,uplink,12.254700
2026-02-22 05:20:00,calibrate,sw-core-01,port-id7430,uplink,9.308769
2026-02-22 05:25:00,calibrate,sw-core-01,port-id7430,uplink,12.429363
2026-02-22 05:30:00,calibrate,sw-core-01,port-id7430,uplink,9.399854
2026-02-22 05:35:00,calibrate,sw-core-01,port-id7430,uplink,7.911438
2026-02-22 05:40:00,calibrate,sw-core-01,port-id7430,uplink,6.690835
2026-02-22 05:45:00,calibrate,sw-core-01,port-id7430,uplink,11.870769
2026-02-22 05:50:00,calibrate,sw-core-01,port-id7430,uplink,12.698766
2026-02-22 05:55:00,calibrate,sw-core-01,port-id7430,uplink,10.365672
2026-02-22 06:00:00,calibrate,sw-core-01,port-id7430,uplink,11.011334
2026-02-22 06:05:00,calibrate,sw-core-01,port-id7430,uplink,17.056465
2026-02-22 06:10:00,calibrate,sw-core-01,port-id7430,uplink,13.878165
2026-02-22 06:15:00,calibrate,sw-core-01,port-id7430,uplink,7.238585
2026-02-22 06:20:00,calibrate,sw-core-01,port-id7430,uplink,7.222388
2026-02-22 06:25:00,calibrate,sw-core-01,port-id7430,uplink,11.748738
2026-02-22 06:30:00,calibrate,sw-core-01,port-id7430,uplink,12.414823
2026-02-22 06:35:00,calibrate,sw-core-01,port-id7430,uplink,10.990179
2026-02-22 06:40:00,calibrate,sw-core-01,port-id7430,uplink,14.265715
2026-02-22 06:45:00,calibrate,sw-core-01,port-id7430,uplink,14.411409
2026-02-22 06:50:00,calibrate,sw-core-01,port-id7430,uplink,16.398345
2026-02-22 06:55:00,calibrate,sw-core-01,port-id7430,uplink,14.005748
2026-02-22 07:00:00,calibrate,sw-core-01,port-id7430,uplink,21.800401
2026-02-22 07:05:00,calibrate,sw-core-01,port-id7430,uplink,22.028681
2026-02-22 07:10:00,calibrate,sw-core-01,port-id7430,uplink,15.169850
2026-02-22 07:15:00,calibrate,sw-core-01,port-id7430,uplink,25.149324
2026-02-22 07:20:00,calibrate,sw-core-01,port-id7430,uplink,20.018891
2026-02-22 07:25:00,calibrate,sw-core-01,port-id7430,uplink,19.069108
2026-02-22 07:30:00,calibrate,sw-core-01,port-id7430,uplink,23.002389
2026-02-22 07:35:00,calibrate,sw-core-01,port-id7430,uplink,26.211034
2026-02-22 07:40:00,calibrate,sw-core-01,port-id7430,uplink,18.466880
2026-02-22 07:45:00,calibrate,sw-core-01,port-id7430,uplink,24.389114
2026-02-22 07:50:00,calibrate,sw-core-01,port-id7430,uplink,22.818134
2026-02-22 07:55:00,calibrate,sw-core-01,port-id7430,uplink,23.808317
2026-02-22 08:00:00,calibrate,sw-core-01,port-id7430,uplink,28.853648
2026-02-22 08:05:00,calibrate,sw-core-01,port-id7430,uplink,25.175119
2026-02-22 08:10:00,calibrate,sw-core-01,port-id7430,uplink,19.602676
2026-02-22 08:15:00,calibrate,sw-core-01,port-id7430,uplink,25.422656
2026-02-22 08:20:00,calibrate,sw-core-01,port-id7430,uplink,22.082343
2026-02-22 08:25:00,calibrate,sw-core-01,port-id7430,uplink,27.959688
2026-02-22 08:30:00,calibrate,sw-core-01,port-id7430,uplink,27.638560
2026-02-22 08:35:00,calibrate,sw-core-01,port-id7430,uplink,24.899007
2026-02-22 08:40:00,calibrate,sw-core-01,port-id7430,uplink,21.968504
2026-02-22 08:45:00,calibrate,sw-core-01,port-id7430,uplink,22.237513
2026-02-22 08:50:00,calibrate,sw-core-01,port-id7430,uplink,28.432827
2026-02-22 08:55:00,calibrate,sw-core-01,port-id7430,uplink,25.415864
2026-02-22 09:00:00,calibrate,sw-core-01,port-id7430,uplink,27.684201
2026-02-22 09:05:00,calibrate,sw-core-01,port-id7430,uplink,24.656755
2026-02-22 09:10:00,calibrate,sw-core-01,port-id7430,uplink,24.250229
2026-02-22 09:15:00,calibrate,sw-core-01,port-id7430,uplink,23.238354
2026-02-22 09:20:00,calibrate,sw-core-01,port-id7430,uplink,32.261844
2026-02-22 09:25:00,calibrate,sw-core-01,port-id7430,uplink,24.690624
2026-02-22 09:30:00,calibrate,sw-core-01,port-id7430,uplink,33.080756
2026-02-22 09:35:00,calibrate,sw-core-01,port-id7430,uplink,31.263402
2026-02-22 09:40:00,calibrate,sw-core-01,port-id7430,uplink,25.135146
2026-02-22 09:45:00,calibrate,sw-core-01,port-id7430,uplink,28.035952
2026-02-22 09:50:00,calibrate,sw-core-01,port-id7430,uplink,21.078655
2026-02-22 09:55:00,calibrate,sw-core-01,port-id7430,uplink,23.312697
2026-02-22 10:00:00,calibrate,sw-core-01,port-id7430,uplink,22.710901
2026-02-22 10:05:00,calibrate,sw-core-01,port-id7430,uplink,25.737582
2026-02-22 10:10:00,calibrate,sw-core-01,port-id7430,uplink,29.371666
2026-02-22 10:15:00,calibrate,sw-core-01,port-id7430,uplink,24.239327
2026-02-22 10:20:00,calibrate,sw-core-01,port-id7430,uplink,33.819740
2026-02-22 10:25:00,calibrate,sw-core-01,port-id7430,uplink,23.482095
2026-02-22 10:30:00,calibrate,sw-core-01,port-id7430,uplink,30.601611
2026-02-22 10:35:00,calibrate,sw-core-01,port-id7430,uplink,30.514581
2026-02-22 10:40:00,calibrate,sw-core-01,port-id7430,uplink,26.758701
2026-02-22 10:45:00,calibrate,sw-core-01,port-id7430,uplink,28.607159
2026-02-22 10:50:00,calibrate,sw-core-01,port-id7430,uplink,22.980532
2026-02-22 10:55:00,calibrate,sw-core-01,port-id7430,uplink,22.250161
2026-02-22 11:00:00,calibrate,sw-core-01,port-id7430,uplink,24.752951
2026-02-22 11:05:00,calibrate,sw-core-01,port-id7430,uplink,23.551977
2026-02-22 11:10:00,calibrate,sw-core-01,port-id7430,uplink,22.647115
2026-02-22 11:15:00,calibrate,sw-core-01,port-id7430,uplink,31.738103
2026-02-22 11:20:00,calibrate,sw-core-01,port-id7430,uplink,28.200247
2026-02-22 11:25:00,calibrate,sw-core-01,port-id7430,uplink,27.647777
2026-02-22 11:30:00,calibrate,sw-core-01,port-id7430,uplink,27.164847
2026-02-22 11:35:00,calibrate,sw-core-01,port-id7430,uplink,35.797817
2026-02-22 11:40:00,calibrate,sw-core-01,port-id7430,uplink,23.841412
2026-02-22 11:45:00,calibrate,sw-core-01,port-id7430,uplink,23.774786
2026-02-22 11:50:00,calibrate,sw-core-01,port-id7430,uplink,29.611225
2026-02-22 11:55:00,calibrate,sw-core-01,port-id7430,uplink,28.633023
2026-02-22 12:00:00,calibrate,sw-core-01,port-id7430,uplink,29.988281
2026-02-22 12:05:00,calibrate,sw-core-01,port-id7430,uplink,23.838411
2026-02-22 12:10:00,calibrate,sw-core-01,port-id7430,uplink,33.013594
2026-02-22 12:15:00,calibrate,sw-core-01,port-id7430,uplink,31.844807
2026-02-22 12:20:00,calibrate,sw-core-01,port-id7430,uplink,27.814356
2026-02-22 12:25:00,calibrate,sw-core-01,port-id7430,uplink,26.826507
2026-02-22 12:30:00,calibrate,sw-core-01,port-id7430,uplink,23.559416
2026-02-22 12:35:00,calibrate,sw-core-01,port-id7430,uplink,27.054698
2026-02-22 12:40:00,calibrate,sw-core-01,port-id7430,uplink,26.827945
2026-02-22 12:45:00,calibrate,sw-core-01,port-id7430,uplink,29.062871
2026-02-22 12:50:00,calibrate,sw-core-01,port-id7430,uplink,23.736765
2026-02-22 12:55:00,calibrate,sw-core-01,port-id7430,uplink,28.691493
2026-02-22 13:00:00,calibrate,sw-core-01,port-id7430,uplink,26.256842
2026-02-22 13:05:00,calibrate,sw-core-01,port-id7430,uplink,30.533531
2026-02-22 13:10:00,calibrate,sw-core-01,port-id7430,uplink,22.920467
2026-02-22 13:15:00,calibrate,sw-core-01,port-id7430,uplink,22.939678
2026-02-22 13:20:00,calibrate,sw-core-01,port-id7430,uplink,30.505595
2026-02-22 13:25:00,calibrate,sw-core-01,port-id7430,uplink,28.545874
2026-02-22 13:30:00,calibrate,sw-core-01,port-id7430,uplink,31.312355
2026-02-22 13:35:00,calibrate,sw-core-01,port-id7430,uplink,28.685688
2026-02-22 13:40:00,calibrate,sw-core-01,port-id7430,uplink,23.163767
2026-02-22 13:45:00,calibrate,sw-core-01,port-id7430,uplink,22.371940
2026-02-22 13:50:00,calibrate,sw-core-01,port-id7430,uplink,27.927340
2026-02-22 13:55:00,calibrate,sw-core-01,port-id7430,uplink,27.732044
2026-02-22 14:00:00,calibrate,sw-core-01,port-id7430,uplink,24.530627
2026-02-22 14:05:00,calibrate,sw-core-01,port-id7430,uplink,25.353007
2026-02-22 14:10:00,calibrate,sw-core-01,port-id7430,uplink,29.947861
2026-02-22 14:15:00,calibrate,sw-core-01,port-id7430,uplink,27.376315
2026-02-22 14:20:00,calibrate,sw-core-01,port-id7430,uplink,30.253367
2026-02-22 14:25:00,calibrate,sw-core-01,port-id7430,uplink,29.181126
2026-02-22 14:30:00,calibrate,sw-core-01,port-id7430,uplink,26.792375
2026-02-22 14:35:00,calibrate,sw-core-01,port-id7430,uplink,25.621483
2026-02-22 14:40:00,calibrate,sw-core-01,port-id7430,uplink,19.649686
2026-02-22 14:45:00,calibrate,sw-core-01,port-id7430,uplink,24.840243
2026-02-22 14:50:00,calibrate,sw-core-01,port-id7430,uplink,27.378473
2026-02-22 14:55:00,calibrate,sw-core-01,port-id7430,uplink,27.367145
2026-02-22 15:00:00,calibrate,sw-core-01,port-id7430,uplink,28.418705
2026-02-22 15:05:00,calibrate,sw-core-01,port-id7430,uplink,26.752357
2026-02-22 15:10:00,calibrate,sw-core-01,port-id7430,uplink,27.267991
2026-02-22 15:15:00,calibrate,sw-core-01,port-id7430,uplink,23.864449
2026-02-22 15:20:00,calibrate,sw-core-01,port-id7430,uplink,31.181432
2026-02-22 15:25:00,calibrate,sw-core-01,port-id7430,uplink,29.528024
2026-02-22 15:30:00,calibrate,sw-core-01,port-id7430,uplink,25.997626
2026-02-22 15:35:00,calibrate,sw-core-01,port-id7430,uplink,25.256545
2026-02-22 15:40:00,calibrate,sw-core-01,port-id7430,uplink,26.732622
2026-02-22 15:45:00,calibrate,sw-core-01,port-id7430,uplink,29.006515
2026-02-22 15:50:00,calibrate,sw-core-01,port-id7430,uplink,26.936178
2026-02-22 15:55:00,calibrate,sw-core-01,port-id7430,uplink,27.140251
2026-02-22 16:00:00,calibrate,sw-core-01,port-id7430,uplink,25.887136
2026-02-22 16:05:00,calibrate,sw-core-01,port-id7430,uplink,25.278742
2026-02-22 16:10:00,calibrate,sw-core-01,port-id7430,uplink,27.608823
2026-02-22 16:15:00,calibrate,sw-core-01,port-id7430,uplink,33.704076
2026-02-22 16:20:00,calibrate,sw-core-01,port-id7430,uplink,28.521602
2026-02-22 16:25:00,calibrate,sw-core-01,port-id7430,uplink,23.375042
2026-02-22 16:30:00,calibrate,sw-core-01,port-id7430,uplink,27.832192
2026-02-22 16:35:00,calibrate,sw-core-01,port-id7430,uplink,21.917803
2026-02-22 16:40:00,calibrate,sw-core-01,port-id7430,uplink,26.239173
2026-02-22 16:45:00,calibrate,sw-core-01,port-id7430,uplink,29.512323
2026-02-22 16:50:00,calibrate,sw-core-01,port-id7430,uplink,24.703291
2026-02-22 16:55:00,calibrate,sw-core-01,port-id7430,uplink,26.301475
2026-02-22 17:00:00,calibrate,sw-core-01,port-id7430,uplink,24.304845
2026-02-22 17:05:00,calibrate,sw-core-01,port-id7430,uplink,33.737326
2026-02-22 17:10:00,calibrate,sw-core-01,port-id7430,uplink,24.717067
2026-02-22 17:15:00,calibrate,sw-core-01,port-id7430,uplink,33.333222
2026-02-22 17:20:00,calibrate,sw-core-01,port-id7430,uplink,29.089780
2026-02-22 17:25:00,calibrate,sw-core-01,port-id7430,uplink,28.767937
2026-02-22 17:30:00,calibrate,sw-core-01,port-id7430,uplink,26.679643
2026-02-22 17:35:00,calibrate,sw-core-01,port-id7430,uplink,30.551874
2026-02-22 17:40:00,calibrate,sw-core-01,port-id7430,uplink,22.821081
2026-02-22 17:45:00,calibrate,sw-core-01,port-id7430,uplink,22.295649
2026-02-22 17:50:00,calibrate,sw-core-01,port-id7430,uplink,27.745151
2026-02-22 17:55:00,calibrate,sw-core-01,port-id7430,uplink,26.837583
2026-02-22 18:00:00,calibrate,sw-core-01,port-id7430,uplink,24.417401
2026-02-22 18:05:00,calibrate,sw-core-01,port-id7430,uplink,26.144711
2026-02-22 18:10:00,calibrate,sw-core-01,port-id7430,uplink,29.637274
2026-02-22 18:15:00,calibrate,sw-core-01,port-id7430,uplink,29.312102
2026-02-22 18:20:00,calibrate,sw-core-01,port-id7430,uplink,28.443619
2026-02-22 18:25:00,calibrate,sw-core-01,port-id7430,uplink,26.189183
2026-02-22 18:30:00,calibrate,sw-core-01,port-id7430,uplink,25.640154
2026-02-22 18:35:00,calibrate,sw-core-01,port-id7430,uplink,25.125471
2026-02-22 18:40:00,calibrate,sw-core-01,port-id7430,uplink,22.933886
2026-02-22 18:45:00,calibrate,sw-core-01,port-id7430,uplink,22.782601
2026-02-22 18:50:00,calibrate,sw-core-01,port-id7430,uplink,21.974156
2026-02-22 18:55:00,calibrate,sw-core-01,port-id7430,uplink,20.194031
2026-02-22 19:00:00,calibrate,sw-core-01,port-id7430,uplink,20.017412
2026-02-22 19:05:00,calibrate,sw-core-01,port-id7430,uplink,19.138647
2026-02-22 19:10:00,calibrate,sw-core-01,port-id7430,uplink,21.401430
2026-02-22 19:15:00,calibrate,sw-core-01,port-id7430,uplink,21.398160
2026-02-22 19:20:00,calibrate,sw-core-01,port-id7430,uplink,19.463222
2026-02-22 19:25:00,calibrate,sw-core-01,port-id7430,uplink,20.013431
2026-02-22 19:30:00,calibrate,sw-core-01,port-id7430,uplink,21.135532
2026-02-22 19:35:00,calibrate,sw-core-01,port-id7430,uplink,20.174737
2026-02-22 19:40:00,calibrate,sw-core-01,port-id7430,uplink,21.400704
2026-02-22 19:45:00,calibrate,sw-core-01,port-id7430,uplink,16.725650
2026-02-22 19:50:00,calibrate,sw-core-01,port-id7430,uplink,14.283440
2026-02-22 19:55:00,calibrate,sw-core-01,port-id7430,uplink,11.478277
2026-02-22 20:00:00,calibrate,sw-core-01,port-id7430,uplink,12.108652
2026-02-22 20:05:00,calibrate,sw-core-01,port-id7430,uplink,14.406115
2026-02-22 20:10:00,calibrate,sw-core-01,port-id7430,uplink,14.288101
2026-02-22 20:15:00,calibrate,sw-core-01,port-id7430,uplink,16.508067
2026-02-22 20:20:00,calibrate,sw-core-01,port-id7430,uplink,8.898550
2026-02-22 20:25:00,calibrate,sw-core-01,port-id7430,uplink,10.541367
2026-02-22 20:30:00,calibrate,sw-core-01,port-id7430,uplink,6.093469
2026-02-22 20:35:00,calibrate,sw-core-01,port-id7430,uplink,14.176956
2026-02-22 20:40:00,calibrate,sw-core-01,port-id7430,uplink,11.797680
2026-02-22 20:45:00,calibrate,sw-core-01,port-id7430,uplink,7.454588
2026-02-22 20:50:00,calibrate,sw-core-01,port-id7430,uplink,10.654696
2026-02-22 20:55:00,calibrate,sw-core-01,port-id7430,uplink,7.796441
2026-02-22 21:00:00,calibrate,sw-core-01,port-id7430,uplink,10.223867
2026-02-22 21:05:00,calibrate,sw-core-01,port-id7430,uplink,13.033651
2026-02-22 21:10:00,calibrate,sw-core-01,port-id7430,uplink,12.459431
2026-02-22 21:15:00,calibrate,sw-core-01,port-id7430,uplink,12.852188
2026-02-22 21:20:00,calibrate,sw-core-01,port-id7430,uplink,8.341472
2026-02-22 21:25:00,calibrate,sw-core-01,port-id7430,uplink,11.613002
2026-02-22 21:30:00,calibrate,sw-core-01,port-id7430,uplink,16.992623
2026-02-22 21:35:00,calibrate,sw-core-01,port-id7430,uplink,6.485872
2026-02-22 21:40:00,calibrate,sw-core-01,port-id7430,uplink,9.898252
2026-02-22 21:45:00,calibrate,sw-core-01,port-id7430,uplink,7.496451
2026-02-22 21:50:00,calibrate,sw-core-01,port-id7430,uplink,12.479295
2026-02-22 21:55:00,calibrate,sw-core-01,port-id7430,uplink,18.206401
2026-02-22 22:00:00,calibrate,sw-core-01,port-id7430,uplink,10.047220
2026-02-22 22:05:00,calibrate,sw-core-01,port-id7430,uplink,11.996372
2026-02-22 22:10:00,calibrate,sw-core-01,port-id7430,uplink,12.818187
2026-02-22 22:15:00,calibrate,sw-core-01,port-id7430,uplink,12.193952
2026-02-22 22:20:00,calibrate,sw-core-01,port-id7430,uplink,6.577949
2026-02-22 22:25:00,calibrate,sw-core-01,port-id7430,uplink,5.099070
2026-02-22 22:30:00,calibrate,sw-core-01,port-id7430,uplink,6.155551
2026-02-22 22:35:00,calibrate,sw-core-01,port-id7430,uplink,9.392716
2026-02-22 22:40:00,calibrate,sw-core-01,port-id7430,uplink,6.490617
2026-02-22 22:45:00,calibrate,sw-core-01,port-id7430,uplink,12.486645
2026-02-22 22:50:00,calibrate,sw-core-01,port-id7430,uplink,11.570112
2026-02-22 22:55:00,calibrate,sw-core-01,port-id7430,uplink,9.991129
2026-02-22 23:00:00,calibrate,sw-core-01,port-id7430,uplink,8.441340
2026-02-22 23:05:00,calibrate,sw-core-01,port-id7430,uplink,10.985161
2026-02-22 23:10:00,calibrate,sw-core-01,port-id7430,uplink,5.908691
2026-02-22 23:15:00,calibrate,sw-core-01,port-id7430,uplink,9.080155
2026-02-22 23:20:00,calibrate,sw-core-01,port-id7430,uplink,8.938054
2026-02-22 23:25:00,calibrate,sw-core-01,port-id7430,uplink,13.007766
2026-02-22 23:30:00,calibrate,sw-core-01,port-id7430,uplink,7.290896
2026-02-22 23:35:00,calibrate,sw-core-01,port-id7430,uplink,7.321999
2026-02-22 23:40:00,calibrate,sw-core-01,port-id7430,uplink,8.515389
2026-02-22 23:45:00,calibrate,sw-core-01,port-id7430,uplink,13.732111
2026-02-22 23:50:00,calibrate,sw-core-01,port-id7430,uplink,11.078395
2026-02-22 23:55:00,calibrate,sw-core-01,port-id7430,uplink,13.199081
2026-02-23 00:00:00,calibrate,sw-core-01,port-id7430,uplink,17.895115
2026-02-23 00:05:00,calibrate,sw-core-01,port-id7430,uplink,16.344422
2026-02-23 00:10:00,calibrate,sw-core-01,port-id7430,uplink,17.716139
2026-02-23 00:15:00,calibrate,sw-core-01,port-id7430,uplink,16.496414
2026-02-23 00:20:00,calibrate,sw-core-01,port-id7430,uplink,17.366052
2026-02-23 00:25:00,calibrate,sw-core-01,port-id7430,uplink,20.851089
2026-02-23 00:30:00,calibrate,sw-core-01,port-id7430,uplink,16.530711
2026-02-23 00:35:00,calibrate,sw-core-01,port-id7430,uplink,14.517756
2026-02-23 00:40:00,calibrate,sw-core-01,port-id7430,uplink,17.846292
2026-02-23 00:45:00,calibrate,sw-core-01,port-id7430,uplink,12.441202
2026-02-23 00:50:00,calibrate,sw-core-01,port-id7430,uplink,13.730641
2026-02-23 00:55:00,calibrate,sw-core-01,port-id7430,uplink,11.492920
2026-02-23 01:00:00,calibrate,sw-core-01,port-id7430,uplink,19.510860
2026-02-23 01:05:00,calibrate,sw-core-01,port-id7430,uplink,12.884320
2026-02-23 01:10:00,calibrate,sw-core-01,port-id7430,uplink,18.170878
2026-02-23 01:15:00,calibrate,sw-core-01,port-id7430,uplink,14.927399
2026-02-23 01:20:00,calibrate,sw-core-01,port-id7430,uplink,12.500217
2026-02-23 01:25:00,calibrate,sw-core-01,port-id7430,uplink,17.337918
2026-02-23 01:30:00,calibrate,sw-core-01,port-id7430,uplink,20.300975
2026-02-23 01:35:00,calibrate,sw-core-01,port-id7430,uplink,18.724957
2026-02-23 01:40:00,calibrate,sw-core-01,port-id7430,uplink,14.109504
2026-02-23 01:45:00,calibrate,sw-core-01,port-id7430,uplink,16.006762
2026-02-23 01:50:00,calibrate,sw-core-01,port-id7430,uplink,14.120996
2026-02-23 01:55:00,calibrate,sw-core-01,port-id7430,uplink,13.283459
2026-02-23 02:00:00,calibrate,sw-core-01,port-id7430,uplink,16.572137
2026-02-23 02:05:00,calibrate,sw-core-01,port-id7430,uplink,18.201275
2026-02-23 02:10:00,calibrate,sw-core-01,port-id7430,uplink,17.337770
2026-02-23 02:15:00,calibrate,sw-core-01,port-id7430,uplink,20.003358
2026-02-23 02:20:00,calibrate,sw-core-01,port-id7430,uplink,15.793837
2026-02-23 02:25:00,calibrate,sw-core-01,port-id7430,uplink,10.607259
2026-02-23 02:30:00,calibrate,sw-core-01,port-id7430,uplink,9.952372
2026-02-23 02:35:00,calibrate,sw-core-01,port-id7430,uplink,13.471192
2026-02-23 02:40:00,calibrate,sw-core-01,port-id7430,uplink,21.501195
2026-02-23 02:45:00,calibrate,sw-core-01,port-id7430,uplink,13.314157
2026-02-23 02:50:00,calibrate,sw-core-01,port-id7430,uplink,13.185610
2026-02-23 02:55:00,calibrate,sw-core-01,port-id7430,uplink,14.927063
2026-02-23 03:00:00,calibrate,sw-core-01,port-id7430,uplink,20.692417
2026-02-23 03:05:00,calibrate,sw-core-01,port-id7430,uplink,18.131268
2026-02-23 03:10:00,calibrate,sw-core-01,port-id7430,uplink,13.317607
2026-02-23 03:15:00,calibrate,sw-core-01,port-id7430,uplink,17.432592
2026-02-23 03:20:00,calibrate,sw-core-01,port-id7430,uplink,12.865882
2026-02-23 03:25:00,calibrate,sw-core-01,port-id7430,uplink,17.680462
2026-02-23 03:30:00,calibrate,sw-core-01,port-id7430,uplink,13.553896
2026-02-23 03:35:00,calibrate,sw-core-01,port-id7430,uplink,13.303287
2026-02-23 03:40:00,calibrate,sw-core-01,port-id7430,uplink,18.262343
2026-02-23 03:45:00,calibrate,sw-core-01,port-id7430,uplink,13.222172
2026-02-23 03:50:00,calibrate,sw-core-01,port-id7430,uplink,14.474865
2026-02-23 03:55:00,calibrate,sw-core-01,port-id7430,uplink,8.232172
2026-02-23 04:00:00,calibrate,sw-core-01,port-id7430,uplink,20.814842
2026-02-23 04:05:00,calibrate,sw-core-01,port-id7430,uplink,14.197749
2026-02-23 04:10:00,calibrate,sw-core-01,port-id7430,uplink,11.423327
2026-02-23 04:15:00,calibrate,sw-core-01,port-id7430,uplink,19.139876
2026-02-23 04:20:00,calibrate,sw-core-01,port-id7430,uplink,11.446849
2026-02-23 04:25:00,calibrate,sw-core-01,port-id7430,uplink,13.139628
2026-02-23 04:30:00,calibrate,sw-core-01,port-id7430,uplink,18.547284
2026-02-23 04:35:00,calibrate,sw-core-01,port-id7430,uplink,14.313811
2026-02-23 04:40:00,calibrate,sw-core-01,port-id7430,uplink,10.935307
2026-02-23 04:45:00,calibrate,sw-core-01,port-id7430,uplink,10.746545
2026-02-23 04:50:00,calibrate,sw-core-01,port-id7430,uplink,17.920956
2026-02-23 04:55:00,calibrate,sw-core-01,port-id7430,uplink,13.669600
2026-02-23 05:00:00,calibrate,sw-core-01,port-id7430,uplink,17.921090
2026-02-23 05:05:00,calibrate,sw-core-01,port-id7430,uplink,17.246916
2026-02-23 05:10:00,calibrate,sw-core-01,port-id7430,uplink,12.384547
2026-02-23 05:15:00,calibrate,sw-core-01,port-id7430,uplink,19.094718
2026-02-23 05:20:00,calibrate,sw-core-01,port-id7430,uplink,13.130101
2026-02-23 05:25:00,calibrate,sw-core-01,port-id7430,uplink,21.112721
2026-02-23 05:30:00,calibrate,sw-core-01,port-id7430,uplink,19.554559
2026-02-23 05:35:00,calibrate,sw-core-01,port-id7430,uplink,22.538287
2026-02-23 05:40:00,calibrate,sw-core-01,port-id7430,uplink,19.435451
2026-02-23 05:45:00,calibrate,sw-core-01,port-id7430,uplink,10.274424
2026-02-23 05:50:00,calibrate,sw-core-01,port-id7430,uplink,13.642901
2026-02-23 05:55:00,calibrate,sw-core-01,port-id7430,uplink,17.367229
2026-02-23 06:00:00,calibrate,sw-core-01,port-id7430,uplink,18.325552
2026-02-23 06:05:00,calibrate,sw-core-01,port-id7430,uplink,23.138582
2026-02-23 06:10:00,calibrate,sw-core-01,port-id7430,uplink,23.392271
2026-02-23 06:15:00,calibrate,sw-core-01,port-id7430,uplink,26.220422
2026-02-23 06:20:00,calibrate,sw-core-01,port-id7430,uplink,27.993047
2026-02-23 06:25:00,calibrate,sw-core-01,port-id7430,uplink,25.364261
2026-02-23 06:30:00,calibrate,sw-core-01,port-id7430,uplink,25.011773
2026-02-23 06:35:00,calibrate,sw-core-01,port-id7430,uplink,28.131344
2026-02-23 06:40:00,calibrate,sw-core-01,port-id7430,uplink,24.420343
2026-02-23 06:45:00,calibrate,sw-core-01,port-id7430,uplink,26.844537
2026-02-23 06:50:00,calibrate,sw-core-01,port-id7430,uplink,30.153085
2026-02-23 06:55:00,calibrate,sw-core-01,port-id7430,uplink,29.956181
2026-02-23 07:00:00,calibrate,sw-core-01,port-id7430,uplink,27.371016
2026-02-23 07:05:00,calibrate,sw-core-01,port-id7430,uplink,33.381497
2026-02-23 07:10:00,calibrate,sw-core-01,port-id7430,uplink,30.323852
2026-02-23 07:15:00,calibrate,sw-core-01,port-id7430,uplink,33.073857
2026-02-23 07:20:00,calibrate,sw-core-01,port-id7430,uplink,29.947552
2026-02-23 07:25:00,calibrate,sw-core-01,port-id7430,uplink,33.402335
2026-02-23 07:30:00,calibrate,sw-core-01,port-id7430,uplink,36.068746
2026-02-23 07:35:00,calibrate,sw-core-01,port-id7430,uplink,34.838406
2026-02-23 07:40:00,calibrate,sw-core-01,port-id7430,uplink,40.296112
2026-02-23 07:45:00,calibrate,sw-core-01,port-id7430,uplink,32.910058
2026-02-23 07:50:00,calibrate,sw-core-01,port-id7430,uplink,37.153588
2026-02-23 07:55:00,calibrate,sw-core-01,port-id7430,uplink,40.219230
2026-02-23 08:00:00,calibrate,sw-core-01,port-id7430,uplink,44.106229
2026-02-23 08:05:00,calibrate,sw-core-01,port-id7430,uplink,40.729244
2026-02-23 08:10:00,calibrate,sw-core-01,port-id7430,uplink,39.567841
2026-02-23 08:15:00,calibrate,sw-core-01,port-id7430,uplink,38.034673
2026-02-23 08:20:00,calibrate,sw-core-01,port-id7430,uplink,44.352272
2026-02-23 08:25:00,calibrate,sw-core-01,port-id7430,uplink,41.779033
2026-02-23 08:30:00,calibrate,sw-core-01,port-id7430,uplink,45.577193
2026-02-23 08:35:00,calibrate,sw-core-01,port-id7430,uplink,43.123987
2026-02-23 08:40:00,calibrate,sw-core-01,port-id7430,uplink,46.390777
2026-02-23 08:45:00,calibrate,sw-core-01,port-id7430,uplink,46.849118
2026-02-23 08:50:00,calibrate,sw-core-01,port-id7430,uplink,42.549038
2026-02-23 08:55:00,calibrate,sw-core-01,port-id7430,uplink,45.817222
2026-02-23 09:00:00,calibrate,sw-core-01,port-id7430,uplink,41.272790
2026-02-23 09:05:00,calibrate,sw-core-01,port-id7430,uplink,43.163531
2026-02-23 09:10:00,calibrate,sw-core-01,port-id7430,uplink,44.774660
2026-02-23 09:15:00,calibrate,sw-core-01,port-id7430,uplink,45.290927
2026-02-23 09:20:00,calibrate,sw-core-01,port-id7430,uplink,41.084343
2026-02-23 09:25:00,calibrate,sw-core-01,port-id7430,uplink,43.884794
2026-02-23 09:30:00,calibrate,sw-core-01,port-id7430,uplink,46.884691
2026-02-23 09:35:00,calibrate,sw-core-01,port-id7430,uplink,52.399002
2026-02-23 09:40:00,calibrate,sw-core-01,port-id7430,uplink,49.544550
2026-02-23 09:45:00,calibrate,sw-core-01,port-id7430,uplink,43.684467
2026-02-23 09:50:00,calibrate,sw-core-01,port-id7430,uplink,44.382648
2026-02-23 09:55:00,calibrate,sw-core-01,port-id7430,uplink,46.053980
2026-02-23 10:00:00,calibrate,sw-core-01,port-id7430,uplink,38.757469
2026-02-23 10:05:00,calibrate,sw-core-01,port-id7430,uplink,47.772807
2026-02-23 10:10:00,calibrate,sw-core-01,port-id7430,uplink,45.693524
2026-02-23 10:15:00,calibrate,sw-core-01,port-id7430,uplink,45.816628
2026-02-23 10:20:00,calibrate,sw-core-01,port-id7430,uplink,43.014803
2026-02-23 10:25:00,calibrate,sw-core-01,port-id7430,uplink,43.826213
2026-02-23 10:30:00,calibrate,sw-core-01,port-id7430,uplink,47.419817
2026-02-23 10:35:00,calibrate,sw-core-01,port-id7430,uplink,47.063156
2026-02-23 10:40:00,calibrate,sw-core-01,port-id7430,uplink,43.772492
2026-02-23 10:45:00,calibrate,sw-core-01,port-id7430,uplink,42.798373
2026-02-23 10:50:00,calibrate,sw-core-01,port-id7430,uplink,43.239773
2026-02-23 10:55:00,calibrate,sw-core-01,port-id7430,uplink,40.397395
2026-02-23 11:00:00,calibrate,sw-core-01,port-id7430,uplink,43.659550
2026-02-23 11:05:00,calibrate,sw-core-01,port-id7430,uplink,42.992618
2026-02-23 11:10:00,calibrate,sw-core-01,port-id7430,uplink,42.728649
2026-02-23 11:15:00,calibrate,sw-core-01,port-id7430,uplink,43.701452
2026-02-23 11:20:00,calibrate,sw-core-01,port-id7430,uplink,43.862280
2026-02-23 11:25:00,calibrate,sw-core-01,port-id7430,uplink,45.957959
2026-02-23 11:30:00,calibrate,sw-core-01,port-id7430,uplink,45.251578
2026-02-23 11:35:00,calibrate,sw-core-01,port-id7430,uplink,48.605250
2026-02-23 11:40:00,calibrate,sw-core-01,port-id7430,uplink,45.779548
2026-02-23 11:45:00,calibrate,sw-core-01,port-id7430,uplink,44.356962
2026-02-23 11:50:00,calibrate,sw-core-01,port-id7430,uplink,42.082577
2026-02-23 11:55:00,calibrate,sw-core-01,port-id7430,uplink,42.133537
2026-02-23 12:00:00,calibrate,sw-core-01,port-id7430,uplink,48.459047
2026-02-23 12:05:00,calibrate,sw-core-01,port-id7430,uplink,42.631047
2026-02-23 12:10:00,calibrate,sw-core-01,port-id7430,uplink,43.577978
2026-02-23 12:15:00,calibrate,sw-core-01,port-id7430,uplink,47.152402
2026-02-23 12:20:00,calibrate,sw-core-01,port-id7430,uplink,43.245662
2026-02-23 12:25:00,calibrate,sw-core-01,port-id7430,uplink,48.764471
2026-02-23 12:30:00,calibrate,sw-core-01,port-id7430,uplink,43.396603
2026-02-23 12:35:00,calibrate,sw-core-01,port-id7430,uplink,49.097825
2026-02-23 12:40:00,calibrate,sw-core-01,port-id7430,uplink,43.846869
2026-02-23 12:45:00,calibrate,sw-core-01,port-id7430,uplink,44.437307
2026-02-23 12:50:00,calibrate,sw-core-01,port-id7430,uplink,42.445227
2026-02-23 12:55:00,calibrate,sw-core-01,port-id7430,uplink,42.283768
2026-02-23 13:00:00,calibrate,sw-core-01,port-id7430,uplink,45.965153
2026-02-23 13:05:00,calibrate,sw-core-01,port-id7430,uplink,44.749616
2026-02-23 13:10:00,calibrate,sw-core-01,port-id7430,uplink,45.605002
2026-02-23 13:15:00,calibrate,sw-core-01,port-id7430,uplink,45.038558
2026-02-23 13:20:00,calibrate,sw-core-01,port-id7430,uplink,43.302208
2026-02-23 13:25:00,calibrate,sw-core-01,port-id7430,uplink,40.418687
2026-02-23 13:30:00,calibrate,sw-core-01,port-id7430,uplink,45.800698
2026-02-23 13:35:00,calibrate,sw-core-01,port-id7430,uplink,46.982683
2026-02-23 13:40:00,calibrate,sw-core-01,port-id7430,uplink,47.070386
2026-02-23 13:45:00,calibrate,sw-core-01,port-id7430,uplink,47.806559
2026-02-23 13:50:00,calibrate,sw-core-01,port-id7430,uplink,43.257432
2026-02-23 13:55:00,calibrate,sw-core-01,port-id7430,uplink,43.723141
2026-02-23 14:00:00,calibrate,sw-core-01,port-id7430,uplink,42.410814
2026-02-23 14:05:00,calibrate,sw-core-01,port-id7430,uplink,42.593600
2026-02-23 14:10:00,calibrate,sw-core-01,port-id7430,uplink,45.004409
2026-02-23 14:15:00,calibrate,sw-core-01,port-id7430,uplink,46.183833
2026-02-23 14:20:00,calibrate,sw-core-01,port-id7430,uplink,43.388329
2026-02-23 14:25:00,calibrate,sw-core-01,port-id7430,uplink,44.187337
2026-02-23 14:30:00,calibrate,sw-core-01,port-id7430,uplink,40.277194
2026-02-23 14:35:00,calibrate,sw-core-01,port-id7430,uplink,41.099810
2026-02-23 14:40:00,calibrate,sw-core-01,port-id7430,uplink,42.154204
2026-02-23 14:45:00,calibrate,sw-core-01,port-id7430,uplink,41.321651
2026-02-23 14:50:00,calibrate,sw-core-01,port-id7430,uplink,39.759894
2026-02-23 14:55:00,calibrate,sw-core-01,port-id7430,uplink,49.140028
2026-02-23 15:00:00,calibrate,sw-core-01,port-id7430,uplink,49.172285
2026-02-23 15:05:00,calibrate,sw-core-01,port-id7430,uplink,41.651540
2026-02-23 15:10:00,calibrate,sw-core-01,port-id7430,uplink,44.597055
2026-02-23 15:15:00,calibrate,sw-core-01,port-id7430,uplink,46.485506
2026-02-23 15:20:00,calibrate,sw-core-01,port-id7430,uplink,42.449574
2026-02-23 15:25:00,calibrate,sw-core-01,port-id7430,uplink,37.313950
2026-02-23 15:30:00,calibrate,sw-core-01,port-id7430,uplink,48.746044
2026-02-23 15:35:00,calibrate,sw-core-01,port-id7430,uplink,44.093346
2026-02-23 15:40:00,calibrate,sw-core-01,port-id7430,uplink,48.666572
2026-02-23 15:45:00,calibrate,sw-core-01,port-id7430,uplink,47.775910
2026-02-23 15:50:00,calibrate,sw-core-01,port-id7430,uplink,44.352814
2026-02-23 15:55:00,calibrate,sw-core-01,port-id7430,uplink,44.097292
2026-02-23 16:00:00,calibrate,sw-core-01,port-id7430,uplink,41.335674
2026-02-23 16:05:00,calibrate,sw-core-01,port-id7430,uplink,43.953791
2026-02-23 16:10:00,calibrate,sw-core-01,port-id7430,uplink,42.686230
2026-02-23 16:15:00,calibrate,sw-core-01,port-id7430,uplink,48.255273
2026-02-23 16:20:00,calibrate,sw-core-01,port-id7430,uplink,49.075633
2026-02-23 16:25:00,calibrate,sw-core-01,port-id7430,uplink,43.524755
2026-02-23 16:30:00,calibrate,sw-core-01,port-id7430,uplink,44.072180
2026-02-23 16:35:00,calibrate,sw-core-01,port-id7430,uplink,44.385515
2026-02-23 16:40:00,calibrate,sw-core-01,port-id7430,uplink,39.938149
2026-02-23 16:45:00,calibrate,sw-core-01,port-id7430,uplink,41.191662
2026-02-23 16:50:00,calibrate,sw-core-01,port-id7430,uplink,43.931274
2026-02-23 16:55:00,calibrate,sw-core-01,port-id7430,uplink,42.715384
2026-02-23 17:00:00,calibrate,sw-core-01,port-id7430,uplink,42.329601
2026-02-23 17:05:00,calibrate,sw-core-01,port-id7430,uplink,45.236701
2026-02-23 17:10:00,calibrate,sw-core-01,port-id7430,uplink,45.863864
2026-02-23 17:15:00,calibrate,sw-core-01,port-id7430,uplink,45.253301
2026-02-23 17:20:00,calibrate,sw-core-01,port-id7430,uplink,39.211352
2026-02-23 17:25:00,calibrate,sw-core-01,port-id7430,uplink,42.757647
2026-02-23 17:30:00,calibrate,sw-core-01,port-id7430,uplink,40.276387
2026-02-23 17:35:00,calibrate,sw-core-01,port-id7430,uplink,40.146175
2026-02-23 17:40:00,calibrate,sw-core-01,port-id7430,uplink,44.108073
2026-02-23 17:45:00,calibrate,sw-core-01,port-id7430,uplink,41.703172
2026-02-23 17:50:00,calibrate,sw-core-01,port-id7430,uplink,37.038303
2026-02-23 17:55:00,calibrate,sw-core-01,port-id7430,uplink,41.961337
2026-02-23 18:00:00,calibrate,sw-core-01,port-id7430,uplink,43.530272
2026-02-23 18:05:00,calibrate,sw-core-01,port-id7430,uplink,38.290748
2026-02-23 18:10:00,calibrate,sw-core-01,port-id7430,uplink,39.308730
2026-02-23 18:15:00,calibrate,sw-core-01,port-id7430,uplink,41.738686
2026-02-23 18:20:00,calibrate,sw-core-01,port-id7430,uplink,41.525032
2026-02-23 18:25:00,calibrate,sw-core-01,port-id7430,uplink,37.897058
2026-02-23 18:30:00,calibrate,sw-core-01,port-id7430,uplink,38.819687
2026-02-23 18:35:00,calibrate,sw-core-01,port-id7430,uplink,42.770254
2026-02-23 18:40:00,calibrate,sw-core-01,port-id7430,uplink,35.964236
2026-02-23 18:45:00,calibrate,sw-core-01,port-id7430,uplink,38.142292
2026-02-23 18:50:00,calibrate,sw-core-01,port-id7430,uplink,40.496262
2026-02-23 18:55:00,calibrate,sw-core-01,port-id7430,uplink,34.543733
2026-02-23 19:00:00,calibrate,sw-core-01,port-id7430,uplink,36.191145
2026-02-23 19:05:00,calibrate,sw-core-01,port-id7430,uplink,35.041899
2026-02-23 19:10:00,calibrate,sw-core-01,port-id7430,uplink,29.762415
2026-02-23 19:15:00,calibrate,sw-core-01,port-id7430,uplink,28.172752
2026-02-23 19:20:00,calibrate,sw-core-01,port-id7430,uplink,30.422438
2026-02-23 19:25:00,calibrate,sw-core-01,port-id7430,uplink,26.869171
2026-02-23 19:30:00,calibrate,sw-core-01,port-id7430,uplink,30.668930
2026-02-23 19:35:00,calibrate,sw-core-01,port-id7430,uplink,32.075236
2026-02-23 19:40:00,calibrate,sw-core-01,port-id7430,uplink,25.538210
2026-02-23 19:45:00,calibrate,sw-core-01,port-id7430,uplink,27.144006
2026-02-23 19:50:00,calibrate,sw-core-01,port-id7430,uplink,30.728414
2026-02-23 19:55:00,calibrate,sw-core-01,port-id7430,uplink,26.002668
2026-02-23 20:00:00,calibrate,sw-core-01,port-id7430,uplink,21.164552
2026-02-23 20:05:00,calibrate,sw-core-01,port-id7430,uplink,23.852087
2026-02-23 20:10:00,calibrate,sw-core-01,port-id7430,uplink,22.377443
2026-02-23 20:15:00,calibrate,sw-core-01,port-id7430,uplink,17.051341
2026-02-23 20:20:00,calibrate,sw-core-01,port-id7430,uplink,24.726962
2026-02-23 20:25:00,calibrate,sw-core-01,port-id7430,uplink,20.112765
2026-02-23 20:30:00,calibrate,sw-core-01,port-id7430,uplink,22.799993
2026-02-23 20:35:00,calibrate,sw-core-01,port-id7430,uplink,19.503165
2026-02-23 20:40:00,calibrate,sw-core-01,port-id7430,uplink,24.710968
2026-02-23 20:45:00,calibrate,sw-core-01,port-id7430,uplink,14.006859
2026-02-23 20:50:00,calibrate,sw-core-01,port-id7430,uplink,21.502623
2026-02-23 20:55:00,calibrate,sw-core-01,port-id7430,uplink,22.046307
2026-02-23 21:00:00,calibrate,sw-core-01,port-id7430,uplink,24.337511
2026-02-23 21:05:00,calibrate,sw-core-01,port-id7430,uplink,19.250362
2026-02-23 21:10:00,calibrate,sw-core-01,port-id7430,uplink,17.391350
2026-02-23 21:15:00,calibrate,sw-core-01,port-id7430,uplink,18.074565
2026-02-23 21:20:00,calibrate,sw-core-01,port-id7430,uplink,16.436239
2026-02-23 21:25:00,calibrate,sw-core-01,port-id7430,uplink,17.083078
2026-02-23 21:30:00,calibrate,sw-core-01,port-id7430,uplink,12.806746
2026-02-23 21:35:00,calibrate,sw-core-01,port-id7430,uplink,20.190202
2026-02-23 21:40:00,calibrate,sw-core-01,port-id7430,uplink,15.802407
2026-02-23 21:45:00,calibrate,sw-core-01,port-id7430,uplink,19.852353
2026-02-23 21:50:00,calibrate,sw-core-01,port-id7430,uplink,16.136650
2026-02-23 21:55:00,calibrate,sw-core-01,port-id7430,uplink,19.571881
2026-02-23 22:00:00,calibrate,sw-core-01,port-id7430,uplink,11.821960
2026-02-23 22:05:00,calibrate,sw-core-01,port-id7430,uplink,13.431826
2026-02-23 22:10:00,calibrate,sw-core-01,port-id7430,uplink,15.894522
2026-02-23 22:15:00,calibrate,sw-core-01,port-id7430,uplink,15.397011
2026-02-23 22:20:00,calibrate,sw-core-01,port-id7430,uplink,14.347807
2026-02-23 22:25:00,calibrate,sw-core-01,port-id7430,uplink,10.975996
2026-02-23 22:30:00,calibrate,sw-core-01,port-id7430,uplink,13.761464
2026-02-23 22:35:00,calibrate,sw-core-01,port-id7430,uplink,17.279108
2026-02-23 22:40:00,calibrate,sw-core-01,port-id7430,uplink,16.506249
2026-02-23 22:45:00,calibrate,sw-core-01,port-id7430,uplink,12.428322
2026-02-23 22:50:00,calibrate,sw-core-01,port-id7430,uplink,18.950272
2026-02-23 22:55:00,calibrate,sw-core-01,port-id7430,uplink,16.028411
2026-02-23 23:00:00,calibrate,sw-core-01,port-id7430,uplink,19.225806
2026-02-23 23:05:00,calibrate,sw-core-01,port-id7430,uplink,16.082859
2026-02-23 23:10:00,calibrate,sw-core-01,port-id7430,uplink,14.371471
2026-02-23 23:15:00,calibrate,sw-core-01,port-id7430,uplink,13.506346
2026-02-23 23:20:00,calibrate,sw-core-01,port-id7430,uplink,19.786787
2026-02-23 23:25:00,calibrate,sw-core-01,port-id7430,uplink,14.331870
2026-02-23 23:30:00,calibrate,sw-core-01,port-id7430,uplink,13.800921
2026-02-23 23:35:00,calibrate,sw-core-01,port-id7430,uplink,15.937084
2026-02-23 23:40:00,calibrate,sw-core-01,port-id7430,uplink,8.807914
2026-02-23 23:45:00,calibrate,sw-core-01,port-id7430,uplink,12.780513
2026-02-23 23:50:00,calibrate,sw-core-01,port-id7430,uplink,10.155253
2026-02-23 23:55:00,calibrate,sw-core-01,port-id7430,uplink,12.888069
2026-02-24 00:00:00,calibrate,sw-core-01,port-id7430,uplink,13.254587
2026-02-24 00:05:00,calibrate,sw-core-01,port-id7430,uplink,16.626511
2026-02-24 00:10:00,calibrate,sw-core-01,port-id7430,uplink,7.360179
2026-02-24 00:15:00,calibrate,sw-core-01,port-id7430,uplink,14.088887
2026-02-24 00:20:00,calibrate,sw-core-01,port-id7430,uplink,14.902990
2026-02-24 00:25:00,calibrate,sw-core-01,port-id7430,uplink,21.735600
2026-02-24 00:30:00,calibrate,sw-core-01,port-id7430,uplink,11.819875
2026-02-24 00:35:00,calibrate,sw-core-01,port-id7430,uplink,16.349489
2026-02-24 00:40:00,calibrate,sw-core-01,port-id7430,uplink,16.266205
2026-02-24 00:45:00,calibrate,sw-core-01,port-id7430,uplink,12.751505
2026-02-24 00:50:00,calibrate,sw-core-01,port-id7430,uplink,16.556680
2026-02-24 00:55:00,calibrate,sw-core-01,port-id7430,uplink,17.775539
2026-02-24 01:00:00,calibrate,sw-core-01,port-id7430,uplink,10.295348
2026-02-24 01:05:00,calibrate,sw-core-01,port-id7430,uplink,19.075948
2026-02-24 01:10:00,calibrate,sw-core-01,port-id7430,uplink,13.095485
2026-02-24 01:15:00,calibrate,sw-core-01,port-id7430,uplink,15.141506
2026-02-24 01:20:00,calibrate,sw-core-01,port-id7430,uplink,21.130231
2026-02-24 01:25:00,calibrate,sw-core-01,port-id7430,uplink,16.118309
2026-02-24 01:30:00,calibrate,sw-core-01,port-id7430,uplink,10.416292
2026-02-24 01:35:00,calibrate,sw-core-01,port-id7430,uplink,13.422687
2026-02-24 01:40:00,calibrate,sw-core-01,port-id7430,uplink,14.824542
2026-02-24 01:45:00,calibrate,sw-core-01,port-id7430,uplink,15.866634
2026-02-24 01:50:00,calibrate,sw-core-01,port-id7430,uplink,15.770604
2026-02-24 01:55:00,calibrate,sw-core-01,port-id7430,uplink,16.150321
2026-02-24 02:00:00,calibrate,sw-core-01,port-id7430,uplink,15.011237
2026-02-24 02:05:00,calibrate,sw-core-01,port-id7430,uplink,13.836170
2026-02-24 02:10:00,calibrate,sw-core-01,port-id7430,uplink,16.098504
2026-02-24 02:15:00,calibrate,sw-core-01,port-id7430,uplink,11.296247
2026-02-24 02:20:00,calibrate,sw-core-01,port-id7430,uplink,20.460907
2026-02-24 02:25:00,calibrate,sw-core-01,port-id7430,uplink,15.024512
2026-02-24 02:30:00,calibrate,sw-core-01,port-id7430,uplink,11.862192
2026-02-24 02:35:00,calibrate,sw-core-01,port-id7430,uplink,10.584488
2026-02-24 02:40:00,calibrate,sw-core-01,port-id7430,uplink,14.863120
2026-02-24 02:45:00,calibrate,sw-core-01,port-id7430,uplink,14.082501
2026-02-24 02:50:00,calibrate,sw-core-01,port-id7430,uplink,13.297754
2026-02-24 02:55:00,calibrate,sw-core-01,port-id7430,uplink,15.746179
2026-02-24 03:00:00,calibrate,sw-core-01,port-id7430,uplink,15.415734
2026-02-24 03:05:00,calibrate,sw-core-01,port-id7430,uplink,13.945994
2026-02-24 03:10:00,calibrate,sw-core-01,port-id7430,uplink,14.127118
2026-02-24 03:15:00,calibrate,sw-core-01,port-id7430,uplink,10.411985
2026-02-24 03:20:00,calibrate,sw-core-01,port-id7430,uplink,17.615560
2026-02-24 03:25:00,calibrate,sw-core-01,port-id7430,uplink,15.935386
2026-02-24 03:30:00,calibrate,sw-core-01,port-id7430,uplink,17.601327
2026-02-24 03:35:00,calibrate,sw-core-01,port-id7430,uplink,13.624808
2026-02-24 03:40:00,calibrate,sw-core-01,port-id7430,uplink,14.116251
2026-02-24 03:45:00,calibrate,sw-core-01,port-id7430,uplink,16.408032
2026-02-24 03:50:00,calibrate,sw-core-01,port-id7430,uplink,16.703710
2026-02-24 03:55:00,calibrate,sw-core-01,port-id7430,uplink,13.332735
2026-02-24 04:00:00,calibrate,sw-core-01,port-id7430,uplink,12.796352
2026-02-24 04:05:00,calibrate,sw-core-01,port-id7430,uplink,12.683554
2026-02-24 04:10:00,calibrate,sw-core-01,port-id7430,uplink,13.778876
2026-02-24 04:15:00,calibrate,sw-core-01,port-id7430,uplink,11.810667
2026-02-24 04:20:00,calibrate,sw-core-01,port-id7430,uplink,20.917418
2026-02-24 04:25:00,calibrate,sw-core-01,port-id7430,uplink,9.886664
2026-02-24 04:30:00,calibrate,sw-core-01,port-id7430,uplink,14.763631
2026-02-24 04:35:00,calibrate,sw-core-01,port-id7430,uplink,19.714142
2026-02-24 04:40:00,calibrate,sw-core-01,port-id7430,uplink,12.642806
2026-02-24 04:45:00,calibrate,sw-core-01,port-id7430,uplink,19.797040
2026-02-24 04:50:00,calibrate,sw-core-01,port-id7430,uplink,14.894824
2026-02-24 04:55:00,calibrate,sw-core-01,port-id7430,uplink,16.137154
2026-02-24 05:00:00,calibrate,sw-core-01,port-id7430,uplink,18.198738
2026-02-24 05:05:00,calibrate,sw-core-01,port-id7430,uplink,14.026269
2026-02-24 05:10:00,calibrate,sw-core-01,port-id7430,uplink,18.617730
2026-02-24 05:15:00,calibrate,sw-core-01,port-id7430,uplink,21.094931
2026-02-24 05:20:00,calibrate,sw-core-01,port-id7430,uplink,14.146288
2026-02-24 05:25:00,calibrate,sw-core-01,port-id7430,uplink,18.169923
2026-02-24 05:30:00,calibrate,sw-core-01,port-id7430,uplink,20.832339
2026-02-24 05:35:00,calibrate,sw-core-01,port-id7430,uplink,24.878586
2026-02-24 05:40:00,calibrate,sw-core-01,port-id7430,uplink,17.912207
2026-02-24 05:45:00,calibrate,sw-core-01,port-id7430,uplink,14.401432
2026-02-24 05:50:00,calibrate,sw-core-01,port-id7430,uplink,18.197444
2026-02-24 05:55:00,calibrate,sw-core-01,port-id7430,uplink,21.771895
2026-02-24 06:00:00,calibrate,sw-core-01,port-id7430,uplink,16.647384
2026-02-24 06:05:00,calibrate,sw-core-01,port-id7430,uplink,22.585788
2026-02-24 06:10:00,calibrate,sw-core-01,port-id7430,uplink,20.119504
2026-02-24 06:15:00,calibrate,sw-core-01,port-id7430,uplink,29.013301
2026-02-24 06:20:00,calibrate,sw-core-01,port-id7430,uplink,22.525206
2026-02-24 06:25:00,calibrate,sw-core-01,port-id7430,uplink,19.754558
2026-02-24 06:30:00,calibrate,sw-core-01,port-id7430,uplink,26.900624
2026-02-24 06:35:00,calibrate,sw-core-01,port-id7430,uplink,26.182166
2026-02-24 06:40:00,calibrate,sw-core-01,port-id7430,uplink,30.303797
2026-02-24 06:45:00,calibrate,sw-core-01,port-id7430,uplink,30.158400
2026-02-24 06:50:00,calibrate,sw-core-01,port-id7430,uplink,26.259529
2026-02-24 06:55:00,calibrate,sw-core-01,port-id7430,uplink,27.211128
2026-02-24 07:00:00,calibrate,sw-core-01,port-id7430,uplink,31.157580
2026-02-24 07:05:00,calibrate,sw-core-01,port-id7430,uplink,29.283961
2026-02-24 07:10:00,calibrate,sw-core-01,port-id7430,uplink,36.907665
2026-02-24 07:15:00,calibrate,sw-core-01,port-id7430,uplink,32.145058
2026-02-24 07:20:00,calibrate,sw-core-01,port-id7430,uplink,36.934931
2026-02-24 07:25:00,calibrate,sw-core-01,port-id7430,uplink,33.081084
2026-02-24 07:30:00,calibrate,sw-core-01,port-id7430,uplink,39.709702
2026-02-24 07:35:00,calibrate,sw-core-01,port-id7430,uplink,36.163931
2026-02-24 07:40:00,calibrate,sw-core-01,port-id7430,uplink,36.488261
2026-02-24 07:45:00,calibrate,sw-core-01,port-id7430,uplink,34.529499
2026-02-24 07:50:00,calibrate,sw-core-01,port-id7430,uplink,40.188583
2026-02-24 07:55:00,calibrate,sw-core-01,port-id7430,uplink,38.214610
2026-02-24 08:00:00,calibrate,sw-core-01,port-id7430,uplink,36.516758
2026-02-24 08:05:00,calibrate,sw-core-01,port-id7430,uplink,39.085311
2026-02-24 08:10:00,calibrate,sw-core-01,port-id7430,uplink,41.695053
2026-02-24 08:15:00,calibrate,sw-core-01,port-id7430,uplink,37.622045
2026-02-24 08:20:00,calibrate,sw-core-01,port-id7430,uplink,39.630115
2026-02-24 08:25:00,calibrate,sw-core-01,port-id7430,uplink,41.384951
2026-02-24 08:30:00,calibrate,sw-core-01,port-id7430,uplink,48.145229
2026-02-24 08:35:00,calibrate,sw-core-01,port-id7430,uplink,42.488570
2026-02-24 08:40:00,calibrate,sw-core-01,port-id7430,uplink,37.121024
2026-02-24 08:45:00,calibrate,sw-core-01,port-id7430,uplink,41.125610
2026-02-24 08:50:00,calibrate,sw-core-01,port-id7430,uplink,46.568426
2026-02-24 08:55:00,calibrate,sw-core-01,port-id7430,uplink,44.888822
2026-02-24 09:00:00,calibrate,sw-core-01,port-id7430,uplink,46.222290
2026-02-24 09:05:00,calibrate,sw-core-01,port-id7430,uplink,40.307824
2026-02-24 09:10:00,calibrate,sw-core-01,port-id7430,uplink,35.138188
2026-02-24 09:15:00,calibrate,sw-core-01,port-id7430,uplink,42.828656
2026-02-24 09:20:00,calibrate,sw-core-01,port-id7430,uplink,45.073978
2026-02-24 09:25:00,calibrate,sw-core-01,port-id7430,uplink,40.044946
2026-02-24 09:30:00,calibrate,sw-core-01,port-id7430,uplink,41.696652
2026-02-24 09:35:00,calibrate,sw-core-01,port-id7430,uplink,44.397873
2026-02-24 09:40:00,calibrate,sw-core-01,port-id7430,uplink,48.559712
2026-02-24 09:45:00,calibrate,sw-core-01,port-id7430,uplink,44.952498
2026-02-24 09:50:00,calibrate,sw-core-01,port-id7430,uplink,45.814618
2026-02-24 09:55:00,calibrate,sw-core-01,port-id7430,uplink,45.116896
2026-02-24 10:00:00,calibrate,sw-core-01,port-id7430,uplink,45.174610
2026-02-24 10:05:00,calibrate,sw-core-01,port-id7430,uplink,41.635014
2026-02-24 10:10:00,calibrate,sw-core-01,port-id7430,uplink,40.071371
2026-02-24 10:15:00,calibrate,sw-core-01,port-id7430,uplink,38.937641
2026-02-24 10:20:00,calibrate,sw-core-01,port-id7430,uplink,46.636921
2026-02-24 10:25:00,calibrate,sw-core-01,port-id7430,uplink,44.143277
2026-02-24 10:30:00,calibrate,sw-core-01,port-id7430,uplink,43.139409
2026-02-24 10:35:00,calibrate,sw-core-01,port-id7430,uplink,48.048867
2026-02-24 10:40:00,calibrate,sw-core-01,port-id7430,uplink,46.540089
2026-02-24 10:45:00,calibrate,sw-core-01,port-id7430,uplink,45.277342
2026-02-24 10:50:00,calibrate,sw-core-01,port-id7430,uplink,41.011514
2026-02-24 10:55:00,calibrate,sw-core-01,port-id7430,uplink,46.758641
2026-02-24 11:00:00,calibrate,sw-core-01,port-id7430,uplink,47.330941
2026-02-24 11:05:00,calibrate,sw-core-01,port-id7430,uplink,44.276327
2026-02-24 11:10:00,calibrate,sw-core-01,port-id7430,uplink,42.076941
2026-02-24 11:15:00,calibrate,sw-core-01,port-id7430,uplink,46.379662
2026-02-24 11:20:00,calibrate,sw-core-01,port-id7430,uplink,43.376740
2026-02-24 11:25:00,calibrate,sw-core-01,port-id7430,uplink,49.427957
2026-02-24 11:30:00,calibrate,sw-core-01,port-id7430,uplink,42.636735
2026-02-24 11:35:00,calibrate,sw-core-01,port-id7430,uplink,45.268372
2026-02-24 11:40:00,calibrate,sw-core-01,port-id7430,uplink,45.099351
2026-02-24 11:45:00,calibrate,sw-core-01,port-id7430,uplink,47.851773
2026-02-24 11:50:00,calibrate,sw-core-01,port-id7430,uplink,45.810721
2026-02-24 11:55:00,calibrate,sw-core-01,port-id7430,uplink,46.121391
2026-02-24 12:00:00,calibrate,sw-core-01,port-id7430,uplink,47.760129
2026-02-24 12:05:00,calibrate,sw-core-01,port-id7430,uplink,43.715710
2026-02-24 12:10:00,calibrate,sw-core-01,port-id7430,uplink,42.460637
2026-02-24 12:15:00,calibrate,sw-core-01,port-id7430,uplink,44.143076
2026-02-24 12:20:00,calibrate,sw-core-01,port-id7430,uplink,48.048580
2026-02-24 12:25:00,calibrate,sw-core-01,port-id7430,uplink,43.245110
2026-02-24 12:30:00,calibrate,sw-core-01,port-id7430,uplink,43.274674
2026-02-24 12:35:00,calibrate,sw-core-01,port-id7430,uplink,45.871736
2026-02-24 12:40:00,calibrate,sw-core-01,port-id7430,uplink,45.256960
2026-02-24 12:45:00,calibrate,sw-core-01,port-id7430,uplink,49.286365
2026-02-24 12:50:00,calibrate,sw-core-01,port-id7430,uplink,40.874080
2026-02-24 12:55:00,calibrate,sw-core-01,port-id7430,uplink,45.144753
2026-02-24 13:00:00,calibrate,sw-core-01,port-id7430,uplink,38.942779
2026-02-24 13:05:00,calibrate,sw-core-01,port-id7430,uplink,43.676323
2026-02-24 13:10:00,calibrate,sw-core-01,port-id7430,uplink,43.684901
2026-02-24 13:15:00,calibrate,sw-core-01,port-id7430,uplink,47.339739
2026-02-24 13:20:00,calibrate,sw-core-01,port-id7430,uplink,44.833964
2026-02-24 13:25:00,calibrate,sw-core-01,port-id7430,uplink,43.709205
2026-02-24 13:30:00,calibrate,sw-core-01,port-id7430,uplink,45.789124
2026-02-24 13:35:00,calibrate,sw-core-01,port-id7430,uplink,47.370289
2026-02-24 13:40:00,calibrate,sw-core-01,port-id7430,uplink,40.629872
2026-02-24 13:45:00,calibrate,sw-core-01,port-id7430,uplink,48.672210
2026-02-24 13:50:00,calibrate,sw-core-01,port-id7430,uplink,43.689988
2026-02-24 13:55:00,calibrate,sw-core-01,port-id7430,uplink,44.706012
2026-02-24 14:00:00,calibrate,sw-core-01,port-id7430,uplink,42.405222
2026-02-24 14:05:00,calibrate,sw-core-01,port-id7430,uplink,46.895444
2026-02-24 14:10:00,calibrate,sw-core-01,port-id7430,uplink,43.629368
2026-02-24 14:15:00,calibrate,sw-core-01,port-id7430,uplink,43.181045
2026-02-24 14:20:00,calibrate,sw-core-01,port-id7430,uplink,49.337520
2026-02-24 14:25:00,calibrate,sw-core-01,port-id7430,uplink,49.357034
2026-02-24 14:30:00,calibrate,sw-core-01,port-id7430,uplink,43.183502
2026-02-24 14:35:00,calibrate,sw-core-01,port-id7430,uplink,45.553911
2026-02-24 14:40:00,calibrate,sw-core-01,port-id7430,uplink,43.519304
2026-02-24 14:45:00,calibrate,sw-core-01,port-id7430,uplink,45.275066
2026-02-24 14:50:00,calibrate,sw-core-01,port-id7430,uplink,51.486228
2026-02-24 14:55:00,calibrate,sw-core-01,port-id7430,uplink,42.431364
2026-02-24 15:00:00,calibrate,sw-core-01,port-id7430,uplink,41.425546
2026-02-24 15:05:00,calibrate,sw-core-01,port-id7430,uplink,39.419228
2026-02-24 15:10:00,calibrate,sw-core-01,port-id7430,uplink,48.586019
2026-02-24 15:15:00,calibrate,sw-core-01,port-id7430,uplink,47.883265
2026-02-24 15:20:00,calibrate,sw-core-01,port-id7430,uplink,45.587791
2026-02-24 15:25:00,calibrate,sw-core-01,port-id7430,uplink,42.798569
2026-02-24 15:30:00,calibrate,sw-core-01,port-id7430,uplink,41.339261
2026-02-24 15:35:00,calibrate,sw-core-01,port-id7430,uplink,42.483555
2026-02-24 15:40:00,calibrate,sw-core-01,port-id7430,uplink,47.952426
2026-02-24 15:45:00,calibrate,sw-core-01,port-id7430,uplink,53.973672
2026-02-24 15:50:00,calibrate,sw-core-01,port-id7430,uplink,42.821316
2026-02-24 15:55:00,calibrate,sw-core-01,port-id7430,uplink,42.938986
2026-02-24 16:00:00,calibrate,sw-core-01,port-id7430,uplink,43.508761
2026-02-24 16:05:00,calibrate,sw-core-01,port-id7430,uplink,44.582104
2026-02-24 16:10:00,calibrate,sw-core-01,port-id7430,uplink,51.208459
2026-02-24 16:15:00,calibrate,sw-core-01,port-id7430,uplink,43.418521
2026-02-24 16:20:00,calibrate,sw-core-01,port-id7430,uplink,45.222775
2026-02-24 16:25:00,calibrate,sw-core-01,port-id7430,uplink,43.614790
2026-02-24 16:30:00,calibrate,sw-core-01,port-id7430,uplink,45.138014
2026-02-24 16:35:00,calibrate,sw-core-01,port-id7430,uplink,38.822669
2026-02-24 16:40:00,calibrate,sw-core-01,port-id7430,uplink,47.241959
2026-02-24 16:45:00,calibrate,sw-core-01,port-id7430,uplink,39.086434
2026-02-24 16:50:00,calibrate,sw-core-01,port-id7430,uplink,43.765374
2026-02-24 16:55:00,calibrate,sw-core-01,port-id7430,uplink,41.980164
2026-02-24 17:00:00,calibrate,sw-core-01,port-id7430,uplink,46.085715
2026-02-24 17:05:00,calibrate,sw-core-01,port-id7430,uplink,45.932613
2026-02-24 17:10:00,calibrate,sw-core-01,port-id7430,uplink,39.069448
2026-02-24 17:15:00,calibrate,sw-core-01,port-id7430,uplink,40.036281
2026-02-24 17:20:00,calibrate,sw-core-01,port-id7430,uplink,41.681191
2026-02-24 17:25:00,calibrate,sw-core-01,port-id7430,uplink,38.813192
2026-02-24 17:30:00,calibrate,sw-core-01,port-id7430,uplink,42.695659
2026-02-24 17:35:00,calibrate,sw-core-01,port-id7430,uplink,42.814508
2026-02-24 17:40:00,calibrate,sw-core-01,port-id7430,uplink,43.312014
2026-02-24 17:45:00,calibrate,sw-core-01,port-id7430,uplink,39.715092
2026-02-24 17:50:00,calibrate,sw-core-01,port-id7430,uplink,49.688662
2026-02-24 17:55:00,calibrate,sw-core-01,port-id7430,uplink,40.678863
2026-02-24 18:00:00,calibrate,sw-core-01,port-id7430,uplink,38.709502
2026-02-24 18:05:00,calibrate,sw-core-01,port-id7430,uplink,41.256517
2026-02-24 18:10:00,calibrate,sw-core-01,port-id7430,uplink,42.233408
2026-02-24 18:15:00,calibrate,sw-core-01,port-id7430,uplink,43.445577
2026-02-24 18:20:00,calibrate,sw-core-01,port-id7430,uplink,39.114836
2026-02-24 18:25:00,calibrate,sw-core-01,port-id7430,uplink,40.925355
2026-02-24 18:30:00,calibrate,sw-core-01,port-id7430,uplink,38.770810
2026-02-24 18:35:00,calibrate,sw-core-01,port-id7430,uplink,39.163485
2026-02-24 18:40:00,calibrate,sw-core-01,port-id7430,uplink,38.442036
2026-02-24 18:45:00,calibrate,sw-core-01,port-id7430,uplink,41.116238
2026-02-24 18:50:00,calibrate,sw-core-01,port-id7430,uplink,35.764645
2026-02-24 18:55:00,calibrate,sw-core-01,port-id7430,uplink,40.464087
2026-02-24 19:00:00,calibrate,sw-core-01,port-id7430,uplink,37.715192
2026-02-24 19:05:00,calibrate,sw-core-01,port-id7430,uplink,38.993766
2026-02-24 19:10:00,calibrate,sw-core-01,port-id7430,uplink,36.587116
2026-02-24 19:15:00,calibrate,sw-core-01,port-id7430,uplink,26.992333
2026-02-24 19:20:00,calibrate,sw-core-01,port-id7430,uplink,33.136064
2026-02-24 19:25:00,calibrate,sw-core-01,port-id7430,uplink,34.440862
2026-02-24 19:30:00,calibrate,sw-core-01,port-id7430,uplink,31.174444
2026-02-24 19:35:00,calibrate,sw-core-01,port-id7430,uplink,25.207065
2026-02-24 19:40:00,calibrate,sw-core-01,port-id7430,uplink,28.467764
2026-02-24 19:45:00,calibrate,sw-core-01,port-id7430,uplink,31.707718
2026-02-24 19:50:00,calibrate,sw-core-01,port-id7430,uplink,28.776952
2026-02-24 19:55:00,calibrate,sw-core-01,port-id7430,uplink,25.489584
2026-02-24 20:00:00,calibrate,sw-core-01,port-id7430,uplink,25.056821
2026-02-24 20:05:00,calibrate,sw-core-01,port-id7430,uplink,20.666793
2026-02-24 20:10:00,calibrate,sw-core-01,port-id7430,uplink,21.771694
2026-02-24 20:15:00,calibrate,sw-core-01,port-id7430,uplink,17.821973
2026-02-24 20:20:00,calibrate,sw-core-01,port-id7430,uplink,24.133691
2026-02-24 20:25:00,calibrate,sw-core-01,port-id7430,uplink,15.976384
2026-02-24 20:30:00,calibrate,sw-core-01,port-id7430,uplink,20.184478
2026-02-24 20:35:00,calibrate,sw-core-01,port-id7430,uplink,21.479233
2026-02-24 20:40:00,calibrate,sw-core-01,port-id7430,uplink,23.283267
2026-02-24 20:45:00,calibrate,sw-core-01,port-id7430,uplink,15.679792
2026-02-24 20:50:00,calibrate,sw-core-01,port-id7430,uplink,15.078982
2026-02-24 20:55:00,calibrate,sw-core-01,port-id7430,uplink,18.676462
2026-02-24 21:00:00,calibrate,sw-core-01,port-id7430,uplink,19.469613
2026-02-24 21:05:00,calibrate,sw-core-01,port-id7430,uplink,19.364469
2026-02-24 21:10:00,calibrate,sw-core-01,port-id7430,uplink,15.631778
2026-02-24 21:15:00,calibrate,sw-core-01,port-id7430,uplink,14.764928
2026-02-24 21:20:00,calibrate,sw-core-01,port-id7430,uplink,20.622292
2026-02-24 21:25:00,calibrate,sw-core-01,port-id7430,uplink,12.630688
2026-02-24 21:30:00,calibrate,sw-core-01,port-id7430,uplink,16.468735
2026-02-24 21:35:00,calibrate,sw-core-01,port-id7430,uplink,19.244928
2026-02-24 21:40:00,calibrate,sw-core-01,port-id7430,uplink,17.769520
2026-02-24 21:45:00,calibrate,sw-core-01,port-id7430,uplink,19.981300
2026-02-24 21:50:00,calibrate,sw-core-01,port-id7430,uplink,17.067087
2026-02-24 21:55:00,calibrate,sw-core-01,port-id7430,uplink,13.172459
2026-02-24 22:00:00,calibrate,sw-core-01,port-id7430,uplink,21.175171
2026-02-24 22:05:00,calibrate,sw-core-01,port-id7430,uplink,15.476888
2026-02-24 22:10:00,calibrate,sw-core-01,port-id7430,uplink,10.331000
2026-02-24 22:15:00,calibrate,sw-core-01,port-id7430,uplink,15.951894
2026-02-24 22:20:00,calibrate,sw-core-01,port-id7430,uplink,13.345105
2026-02-24 22:25:00,calibrate,sw-core-01,port-id7430,uplink,19.563096
2026-02-24 22:30:00,calibrate,sw-core-01,port-id7430,uplink,16.196770
2026-02-24 22:35:00,calibrate,sw-core-01,port-id7430,uplink,16.317350
2026-02-24 22:40:00,calibrate,sw-core-01,port-id7430,uplink,16.593269
2026-02-24 22:45:00,calibrate,sw-core-01,port-id7430,uplink,16.625060
2026-02-24 22:50:00,calibrate,sw-core-01,port-id7430,uplink,13.487373
2026-02-24 22:55:00,calibrate,sw-core-01,port-id7430,uplink,10.833405
2026-02-24 23:00:00,calibrate,sw-core-01,port-id7430,uplink,12.707744
2026-02-24 23:05:00,calibrate,sw-core-01,port-id7430,uplink,13.676868
2026-02-24 23:10:00,calibrate,sw-core-01,port-id7430,uplink,15.786804
2026-02-24 23:15:00,calibrate,sw-core-01,port-id7430,uplink,20.794225
2026-02-24 23:20:00,calibrate,sw-core-01,port-id7430,uplink,17.413303
2026-02-24 23:25:00,calibrate,sw-core-01,port-id7430,uplink,18.343146
2026-02-24 23:30:00,calibrate,sw-core-01,port-id7430,uplink,11.646047
2026-02-24 23:35:00,calibrate,sw-core-01,port-id7430,uplink,12.316884
2026-02-24 23:40:00,calibrate,sw-core-01,port-id7430,uplink,16.384162
2026-02-24 23:45:00,calibrate,sw-core-01,port-id7430,uplink,14.297398
2026-02-24 23:50:00,calibrate,sw-core-01,port-id7430,uplink,11.139195
2026-02-24 23:55:00,calibrate,sw-core-01,port-id7430,uplink,14.813644
2026-02-25 00:00:00,calibrate,sw-core-01,port-id7430,uplink,15.777994
2026-02-25 00:05:00,calibrate,sw-core-01,port-id7430,uplink,13.626622
2026-02-25 00:10:00,calibrate,sw-core-01,port-id7430,uplink,14.544942
2026-02-25 00:15:00,calibrate,sw-core-01,port-id7430,uplink,23.349346
2026-02-25 00:20:00,calibrate,sw-core-01,port-id7430,uplink,17.011968
2026-02-25 00:25:00,calibrate,sw-core-01,port-id7430,uplink,13.560356
2026-02-25 00:30:00,calibrate,sw-core-01,port-id7430,uplink,19.423682
2026-02-25 00:35:00,calibrate,sw-core-01,port-id7430,uplink,13.044163
2026-02-25 00:40:00,calibrate,sw-core-01,port-id7430,uplink,15.924609
2026-02-25 00:45:00,calibrate,sw-core-01,port-id7430,uplink,18.099515
2026-02-25 00:50:00,calibrate,sw-core-01,port-id7430,uplink,17.791242
2026-02-25 00:55:00,calibrate,sw-core-01,port-id7430,uplink,17.707912
2026-02-25 01:00:00,calibrate,sw-core-01,port-id7430,uplink,14.085852
2026-02-25 01:05:00,calibrate,sw-core-01,port-id7430,uplink,16.719293
2026-02-25 01:10:00,calibrate,sw-core-01,port-id7430,uplink,12.129681
2026-02-25 01:15:00,calibrate,sw-core-01,port-id7430,uplink,18.609774
2026-02-25 01:20:00,calibrate,sw-core-01,port-id7430,uplink,11.362251
2026-02-25 01:25:00,calibrate,sw-core-01,port-id7430,uplink,13.289926
2026-02-25 01:30:00,calibrate,sw-core-01,port-id7430,uplink,20.713425
2026-02-25 01:35:00,calibrate,sw-core-01,port-id7430,uplink,15.994498
2026-02-25 01:40:00,calibrate,sw-core-01,port-id7430,uplink,15.433418
2026-02-25 01:45:00,calibrate,sw-core-01,port-id7430,uplink,18.465504
2026-02-25 01:50:00,calibrate,sw-core-01,port-id7430,uplink,15.922738
2026-02-25 01:55:00,calibrate,sw-core-01,port-id7430,uplink,12.216422
2026-02-25 02:00:00,calibrate,sw-core-01,port-id7430,uplink,16.408114
2026-02-25 02:05:00,calibrate,sw-core-01,port-id7430,uplink,15.024733
2026-02-25 02:10:00,calibrate,sw-core-01,port-id7430,uplink,9.127673
2026-02-25 02:15:00,calibrate,sw-core-01,port-id7430,uplink,15.195641
2026-02-25 02:20:00,calibrate,sw-core-01,port-id7430,uplink,13.471713
2026-02-25 02:25:00,calibrate,sw-core-01,port-id7430,uplink,13.272536
2026-02-25 02:30:00,calibrate,sw-core-01,port-id7430,uplink,20.009863
2026-02-25 02:35:00,calibrate,sw-core-01,port-id7430,uplink,13.512145
2026-02-25 02:40:00,calibrate,sw-core-01,port-id7430,uplink,14.199767
2026-02-25 02:45:00,calibrate,sw-core-01,port-id7430,uplink,12.133061
2026-02-25 02:50:00,calibrate,sw-core-01,port-id7430,uplink,17.746400
2026-02-25 02:55:00,calibrate,sw-core-01,port-id7430,uplink,14.186311
2026-02-25 03:00:00,calibrate,sw-core-01,port-id7430,uplink,19.605760
2026-02-25 03:05:00,calibrate,sw-core-01,port-id7430,uplink,13.717443
2026-02-25 03:10:00,calibrate,sw-core-01,port-id7430,uplink,13.938895
2026-02-25 03:15:00,calibrate,sw-core-01,port-id7430,uplink,7.563471
2026-02-25 03:20:00,calibrate,sw-core-01,port-id7430,uplink,11.909763
2026-02-25 03:25:00,calibrate,sw-core-01,port-id7430,uplink,18.064839
2026-02-25 03:30:00,calibrate,sw-core-01,port-id7430,uplink,12.211596
2026-02-25 03:35:00,calibrate,sw-core-01,port-id7430,uplink,14.879271
2026-02-25 03:40:00,calibrate,sw-core-01,port-id7430,uplink,15.668399
2026-02-25 03:45:00,calibrate,sw-core-01,port-id7430,uplink,17.936570
2026-02-25 03:50:00,calibrate,sw-core-01,port-id7430,uplink,17.385795
2026-02-25 03:55:00,calibrate,sw-core-01,port-id7430,uplink,17.280601
2026-02-25 04:00:00,calibrate,sw-core-01,port-id7430,uplink,14.750216
2026-02-25 04:05:00,calibrate,sw-core-01,port-id7430,uplink,8.130541
2026-02-25 04:10:00,calibrate,sw-core-01,port-id7430,uplink,16.616303
2026-02-25 04:15:00,calibrate,sw-core-01,port-id7430,uplink,18.839376
2026-02-25 04:20:00,calibrate,sw-core-01,port-id7430,uplink,16.227435
2026-02-25 04:25:00,calibrate,sw-core-01,port-id7430,uplink,17.723742
2026-02-25 04:30:00,calibrate,sw-core-01,port-id7430,uplink,18.153545
2026-02-25 04:35:00,calibrate,sw-core-01,port-id7430,uplink,13.534495
2026-02-25 04:40:00,calibrate,sw-core-01,port-id7430,uplink,17.527443
2026-02-25 04:45:00,calibrate,sw-core-01,port-id7430,uplink,16.674836
2026-02-25 04:50:00,calibrate,sw-core-01,port-id7430,uplink,16.179332
2026-02-25 04:55:00,calibrate,sw-core-01,port-id7430,uplink,15.044765
2026-02-25 05:00:00,calibrate,sw-core-01,port-id7430,uplink,19.700699
2026-02-25 05:05:00,calibrate,sw-core-01,port-id7430,uplink,13.690706
2026-02-25 05:10:00,calibrate,sw-core-01,port-id7430,uplink,15.453635
2026-02-25 05:15:00,calibrate,sw-core-01,port-id7430,uplink,21.284896
2026-02-25 05:20:00,calibrate,sw-core-01,port-id7430,uplink,17.190586
2026-02-25 05:25:00,calibrate,sw-core-01,port-id7430,uplink,15.591041
2026-02-25 05:30:00,calibrate,sw-core-01,port-id7430,uplink,15.870680
2026-02-25 05:35:00,calibrate,sw-core-01,port-id7430,uplink,18.140609
2026-02-25 05:40:00,calibrate,sw-core-01,port-id7430,uplink,23.137340
2026-02-25 05:45:00,calibrate,sw-core-01,port-id7430,uplink,18.244527
2026-02-25 05:50:00,calibrate,sw-core-01,port-id7430,uplink,18.142647
2026-02-25 05:55:00,calibrate,sw-core-01,port-id7430,uplink,20.715902
2026-02-25 06:00:00,calibrate,sw-core-01,port-id7430,uplink,20.661819
2026-02-25 06:05:00,calibrate,sw-core-01,port-id7430,uplink,16.807502
2026-02-25 06:10:00,calibrate,sw-core-01,port-id7430,uplink,20.651008
2026-02-25 06:15:00,calibrate,sw-core-01,port-id7430,uplink,25.456767
2026-02-25 06:20:00,calibrate,sw-core-01,port-id7430,uplink,25.427881
2026-02-25 06:25:00,calibrate,sw-core-01,port-id7430,uplink,24.227485
2026-02-25 06:30:00,calibrate,sw-core-01,port-id7430,uplink,19.821611
2026-02-25 06:35:00,calibrate,sw-core-01,port-id7430,uplink,27.674314
2026-02-25 06:40:00,calibrate,sw-core-01,port-id7430,uplink,23.733515
2026-02-25 06:45:00,calibrate,sw-core-01,port-id7430,uplink,21.833693
2026-02-25 06:50:00,calibrate,sw-core-01,port-id7430,uplink,27.113381
2026-02-25 06:55:00,calibrate,sw-core-01,port-id7430,uplink,25.253679
2026-02-25 07:00:00,calibrate,sw-core-01,port-id7430,uplink,32.958659
2026-02-25 07:05:00,calibrate,sw-core-01,port-id7430,uplink,30.905530
2026-02-25 07:10:00,calibrate,sw-core-01,port-id7430,uplink,34.033365
2026-02-25 07:15:00,calibrate,sw-core-01,port-id7430,uplink,30.074785
2026-02-25 07:20:00,calibrate,sw-core-01,port-id7430,uplink,38.460492
2026-02-25 07:25:00,calibrate,sw-core-01,port-id7430,uplink,36.093975
2026-02-25 07:30:00,calibrate,sw-core-01,port-id7430,uplink,36.561724
2026-02-25 07:35:00,calibrate,sw-core-01,port-id7430,uplink,26.207847
2026-02-25 07:40:00,calibrate,sw-core-01,port-id7430,uplink,39.116912
2026-02-25 07:45:00,calibrate,sw-core-01,port-id7430,uplink,45.292353
2026-02-25 07:50:00,calibrate,sw-core-01,port-id7430,uplink,42.838057
2026-02-25 07:55:00,calibrate,sw-core-01,port-id7430,uplink,36.831505
2026-02-25 08:00:00,calibrate,sw-core-01,port-id7430,uplink,42.751393
2026-02-25 08:05:00,calibrate,sw-core-01,port-id7430,uplink,42.263541
2026-02-25 08:10:00,calibrate,sw-core-01,port-id7430,uplink,42.358079
2026-02-25 08:15:00,calibrate,sw-core-01,port-id7430,uplink,41.679324
2026-02-25 08:20:00,calibrate,sw-core-01,port-id7430,uplink,44.234174
2026-02-25 08:25:00,calibrate,sw-core-01,port-id7430,uplink,37.768376
2026-02-25 08:30:00,calibrate,sw-core-01,port-id7430,uplink,42.159117
2026-02-25 08:35:00,calibrate,sw-core-01,port-id7430,uplink,42.049838
2026-02-25 08:40:00,calibrate,sw-core-01,port-id7430,uplink,45.612175
2026-02-25 08:45:00,calibrate,sw-core-01,port-id7430,uplink,44.770793
2026-02-25 08:50:00,calibrate,sw-core-01,port-id7430,uplink,45.327116
2026-02-25 08:55:00,calibrate,sw-core-01,port-id7430,uplink,41.455367
2026-02-25 09:00:00,calibrate,sw-core-01,port-id7430,uplink,44.030991
2026-02-25 09:05:00,calibrate,sw-core-01,port-id7430,uplink,43.951585
2026-02-25 09:10:00,calibrate,sw-core-01,port-id7430,uplink,48.336232
2026-02-25 09:15:00,calibrate,sw-core-01,port-id7430,uplink,37.457575
2026-02-25 09:20:00,calibrate,sw-core-01,port-id7430,uplink,41.020008
2026-02-25 09:25:00,calibrate,sw-core-01,port-id7430,uplink,44.321012
2026-02-25 09:30:00,calibrate,sw-core-01,port-id7430,uplink,44.593729
2026-02-25 09:35:00,calibrate,sw-core-01,port-id7430,uplink,47.172404
2026-02-25 09:40:00,calibrate,sw-core-01,port-id7430,uplink,45.638838
2026-02-25 09:45:00,calibrate,sw-core-01,port-id7430,uplink,40.501999
2026-02-25 09:50:00,calibrate,sw-core-01,port-id7430,uplink,43.577096
2026-02-25 09:55:00,calibrate,sw-core-01,port-id7430,uplink,44.538260
2026-02-25 10:00:00,calibrate,sw-core-01,port-id7430,uplink,47.382166
2026-02-25 10:05:00,calibrate,sw-core-01,port-id7430,uplink,42.233210
2026-02-25 10:10:00,calibrate,sw-core-01,port-id7430,uplink,45.300698
2026-02-25 10:15:00,calibrate,sw-core-01,port-id7430,uplink,44.357577
2026-02-25 10:20:00,calibrate,sw-core-01,port-id7430,uplink,43.423461
2026-02-25 10:25:00,calibrate,sw-core-01,port-id7430,uplink,45.930881
2026-02-25 10:30:00,calibrate,sw-core-01,port-id7430,uplink,40.664851
2026-02-25 10:35:00,calibrate,sw-core-01,port-id7430,uplink,41.683917
2026-02-25 10:40:00,calibrate,sw-core-01,port-id7430,uplink,44.127595
2026-02-25 10:45:00,calibrate,sw-core-01,port-id7430,uplink,47.432342
2026-02-25 10:50:00,calibrate,sw-core-01,port-id7430,uplink,47.225440
2026-02-25 10:55:00,calibrate,sw-core-01,port-id7430,uplink,46.047461
2026-02-25 11:00:00,calibrate,sw-core-01,port-id7430,uplink,47.916819
2026-02-25 11:05:00,calibrate,sw-core-01,port-id7430,uplink,40.264718
2026-02-25 11:10:00,calibrate,sw-core-01,port-id7430,uplink,49.720292
2026-02-25 11:15:00,calibrate,sw-core-01,port-id7430,uplink,47.011473
2026-02-25 11:20:00,calibrate,sw-core-01,port-id7430,uplink,42.089818
2026-02-25 11:25:00,calibrate,sw-core-01,port-id7430,uplink,50.269143
2026-02-25 11:30:00,calibrate,sw-core-01,port-id7430,uplink,39.250304
2026-02-25 11:35:00,calibrate,sw-core-01,port-id7430,uplink,38.980656
2026-02-25 11:40:00,calibrate,sw-core-01,port-id7430,uplink,45.697175
2026-02-25 11:45:00,calibrate,sw-core-01,port-id7430,uplink,43.917968
2026-02-25 11:50:00,calibrate,sw-core-01,port-id7430,uplink,49.287105
2026-02-25 11:55:00,calibrate,sw-core-01,port-id7430,uplink,43.319244
2026-02-25 12:00:00,calibrate,sw-core-01,port-id7430,uplink,45.284149
2026-02-25 12:05:00,calibrate,sw-core-01,port-id7430,uplink,43.890203
2026-02-25 12:10:00,calibrate,sw-core-01,port-id7430,uplink,41.479877
2026-02-25 12:15:00,calibrate,sw-core-01,port-id7430,uplink,46.833145
2026-02-25 12:20:00,calibrate,sw-core-01,port-id7430,uplink,39.154525
2026-02-25 12:25:00,calibrate,sw-core-01,port-id7430,uplink,43.609555
2026-02-25 12:30:00,calibrate,sw-core-01,port-id7430,uplink,45.119553
2026-02-25 12:35:00,calibrate,sw-core-01,port-id7430,uplink,41.260122
2026-02-25 12:40:00,calibrate,sw-core-01,port-id7430,uplink,44.526058
2026-02-25 12:45:00,calibrate,sw-core-01,port-id7430,uplink,49.611624
2026-02-25 12:50:00,calibrate,sw-core-01,port-id7430,uplink,47.796077
2026-02-25 12:55:00,calibrate,sw-core-01,port-id7430,uplink,47.723164
2026-02-25 13:00:00,calibrate,sw-core-01,port-id7430,uplink,44.865140
2026-02-25 13:05:00,calibrate,sw-core-01,port-id7430,uplink,42.901801
2026-02-25 13:10:00,calibrate,sw-core-01,port-id7430,uplink,45.440201
2026-02-25 13:15:00,calibrate,sw-core-01,port-id7430,uplink,45.433374
2026-02-25 13:20:00,calibrate,sw-core-01,port-id7430,uplink,50.403825
2026-02-25 13:25:00,calibrate,sw-core-01,port-id7430,uplink,42.299149
2026-02-25 13:30:00,calibrate,sw-core-01,port-id7430,uplink,41.429218
2026-02-25 13:35:00,calibrate,sw-core-01,port-id7430,uplink,45.387875
2026-02-25 13:40:00,calibrate,sw-core-01,port-id7430,uplink,44.724502
2026-02-25 13:45:00,calibrate,sw-core-01,port-id7430,uplink,47.255887
2026-02-25 13:50:00,calibrate,sw-core-01,port-id7430,uplink,40.255832
2026-02-25 13:55:00,calibrate,sw-core-01,port-id7430,uplink,43.150763
2026-02-25 14:00:00,calibrate,sw-core-01,port-id7430,uplink,42.635014
2026-02-25 14:05:00,calibrate,sw-core-01,port-id7430,uplink,47.056462
2026-02-25 14:10:00,calibrate,sw-core-01,port-id7430,uplink,42.855646
2026-02-25 14:15:00,calibrate,sw-core-01,port-id7430,uplink,43.890453
2026-02-25 14:20:00,calibrate,sw-core-01,port-id7430,uplink,49.041096
2026-02-25 14:25:00,calibrate,sw-core-01,port-id7430,uplink,47.955200
2026-02-25 14:30:00,calibrate,sw-core-01,port-id7430,uplink,45.398113
2026-02-25 14:35:00,calibrate,sw-core-01,port-id7430,uplink,49.142195
2026-02-25 14:40:00,calibrate,sw-core-01,port-id7430,uplink,38.203552
2026-02-25 14:45:00,calibrate,sw-core-01,port-id7430,uplink,42.990590
2026-02-25 14:50:00,calibrate,sw-core-01,port-id7430,uplink,43.652349
2026-02-25 14:55:00,calibrate,sw-core-01,port-id7430,uplink,43.663206
2026-02-25 15:00:00,calibrate,sw-core-01,port-id7430,uplink,48.572386
2026-02-25 15:05:00,calibrate,sw-core-01,port-id7430,uplink,47.631262
2026-02-25 15:10:00,calibrate,sw-core-01,port-id7430,uplink,47.180050
2026-02-25 15:15:00,calibrate,sw-core-01,port-id7430,uplink,44.987723
2026-02-25 15:20:00,calibrate,sw-core-01,port-id7430,uplink,45.964439
2026-02-25 15:25:00,calibrate,sw-core-01,port-id7430,uplink,43.150174
2026-02-25 15:30:00,calibrate,sw-core-01,port-id7430,uplink,46.460489
2026-02-25 15:35:00,calibrate,sw-core-01,port-id7430,uplink,42.830701
2026-02-25 15:40:00,calibrate,sw-core-01,port-id7430,uplink,43.917075
2026-02-25 15:45:00,calibrate,sw-core-01,port-id7430,uplink,43.799684
2026-02-25 15:50:00,calibrate,sw-core-01,port-id7430,uplink,45.594727
2026-02-25 15:55:00,calibrate,sw-core-01,port-id7430,uplink,44.157040
2026-02-25 16:00:00,calibrate,sw-core-01,port-id7430,uplink,47.918695
2026-02-25 16:05:00,calibrate,sw-core-01,port-id7430,uplink,43.702386
2026-02-25 16:10:00,calibrate,sw-core-01,port-id7430,uplink,44.256129
2026-02-25 16:15:00,calibrate,sw-core-01,port-id7430,uplink,44.653049
2026-02-25 16:20:00,calibrate,sw-core-01,port-id7430,uplink,46.274180
2026-02-25 16:25:00,calibrate,sw-core-01,port-id7430,uplink,44.270009
2026-02-25 16:30:00,calibrate,sw-core-01,port-id7430,uplink,48.418553
2026-02-25 16:35:00,calibrate,sw-core-01,port-id7430,uplink,41.610887
2026-02-25 16:40:00,calibrate,sw-core-01,port-id7430,uplink,42.408616
2026-02-25 16:45:00,calibrate,sw-core-01,port-id7430,uplink,44.217564
2026-02-25 16:50:00,calibrate,sw-core-01,port-id7430,uplink,46.909306
2026-02-25 16:55:00,calibrate,sw-core-01,port-id7430,uplink,42.582179
2026-02-25 17:00:00,calibrate,sw-core-01,port-id7430,uplink,43.865141
2026-02-25 17:05:00,calibrate,sw-core-01,port-id7430,uplink,45.785171
2026-02-25 17:10:00,calibrate,sw-core-01,port-id7430,uplink,40.521085
2026-02-25 17:15:00,calibrate,sw-core-01,port-id7430,uplink,40.356314
2026-02-25 17:20:00,calibrate,sw-core-01,port-id7430,uplink,45.501167
2026-02-25 17:25:00,calibrate,sw-core-01,port-id7430,uplink,38.278506
2026-02-25 17:30:00,calibrate,sw-core-01,port-id7430,uplink,42.705746
2026-02-25 17:35:00,calibrate,sw-core-01,port-id7430,uplink,42.897964
2026-02-25 17:40:00,calibrate,sw-core-01,port-id7430,uplink,45.096555
2026-02-25 17:45:00,calibrate,sw-core-01,port-id7430,uplink,43.868278
2026-02-25 17:50:00,calibrate,sw-core-01,port-id7430,uplink,40.799778
2026-02-25 17:55:00,calibrate,sw-core-01,port-id7430,uplink,42.978805
2026-02-25 18:00:00,calibrate,sw-core-01,port-id7430,uplink,44.054275
2026-02-25 18:05:00,calibrate,sw-core-01,port-id7430,uplink,40.699058
2026-02-25 18:10:00,calibrate,sw-core-01,port-id7430,uplink,42.222703
2026-02-25 18:15:00,calibrate,sw-core-01,port-id7430,uplink,43.082294
2026-02-25 18:20:00,calibrate,sw-core-01,port-id7430,uplink,37.770841
2026-02-25 18:25:00,calibrate,sw-core-01,port-id7430,uplink,44.526292
2026-02-25 18:30:00,calibrate,sw-core-01,port-id7430,uplink,41.452980
2026-02-25 18:35:00,calibrate,sw-core-01,port-id7430,uplink,39.991391
2026-02-25 18:40:00,calibrate,sw-core-01,port-id7430,uplink,31.998233
2026-02-25 18:45:00,calibrate,sw-core-01,port-id7430,uplink,39.423238
2026-02-25 18:50:00,calibrate,sw-core-01,port-id7430,uplink,37.680974
2026-02-25 18:55:00,calibrate,sw-core-01,port-id7430,uplink,37.447657
2026-02-25 19:00:00,calibrate,sw-core-01,port-id7430,uplink,32.076866
2026-02-25 19:05:00,calibrate,sw-core-01,port-id7430,uplink,37.411136
2026-02-25 19:10:00,calibrate,sw-core-01,port-id7430,uplink,31.867550
2026-02-25 19:15:00,calibrate,sw-core-01,port-id7430,uplink,33.982606
2026-02-25 19:20:00,calibrate,sw-core-01,port-id7430,uplink,33.977895
2026-02-25 19:25:00,calibrate,sw-core-01,port-id7430,uplink,29.796539
2026-02-25 19:30:00,calibrate,sw-core-01,port-id7430,uplink,31.843003
2026-02-25 19:35:00,calibrate,sw-core-01,port-id7430,uplink,30.625777
2026-02-25 19:40:00,calibrate,sw-core-01,port-id7430,uplink,26.851636
2026-02-25 19:45:00,calibrate,sw-core-01,port-id7430,uplink,18.521184
2026-02-25 19:50:00,calibrate,sw-core-01,port-id7430,uplink,21.727209
2026-02-25 19:55:00,calibrate,sw-core-01,port-id7430,uplink,29.249678
2026-02-25 20:00:00,calibrate,sw-core-01,port-id7430,uplink,22.496642
2026-02-25 20:05:00,calibrate,sw-core-01,port-id7430,uplink,19.232932
2026-02-25 20:10:00,calibrate,sw-core-01,port-id7430,uplink,20.394433
2026-02-25 20:15:00,calibrate,sw-core-01,port-id7430,uplink,21.916777
2026-02-25 20:20:00,calibrate,sw-core-01,port-id7430,uplink,19.927590
2026-02-25 20:25:00,calibrate,sw-core-01,port-id7430,uplink,18.745315
2026-02-25 20:30:00,calibrate,sw-core-01,port-id7430,uplink,17.958502
2026-02-25 20:35:00,calibrate,sw-core-01,port-id7430,uplink,19.009805
2026-02-25 20:40:00,calibrate,sw-core-01,port-id7430,uplink,17.063405
2026-02-25 20:45:00,calibrate,sw-core-01,port-id7430,uplink,20.585605
2026-02-25 20:50:00,calibrate,sw-core-01,port-id7430,uplink,19.151494
2026-02-25 20:55:00,calibrate,sw-core-01,port-id7430,uplink,23.169305
2026-02-25 21:00:00,calibrate,sw-core-01,port-id7430,uplink,21.992493
2026-02-25 21:05:00,calibrate,sw-core-01,port-id7430,uplink,15.861829
2026-02-25 21:10:00,calibrate,sw-core-01,port-id7430,uplink,12.709094
2026-02-25 21:15:00,calibrate,sw-core-01,port-id7430,uplink,12.186735
2026-02-25 21:20:00,calibrate,sw-core-01,port-id7430,uplink,15.715103
2026-02-25 21:25:00,calibrate,sw-core-01,port-id7430,uplink,9.039636
2026-02-25 21:30:00,calibrate,sw-core-01,port-id7430,uplink,12.932384
2026-02-25 21:35:00,calibrate,sw-core-01,port-id7430,uplink,18.730252
2026-02-25 21:40:00,calibrate,sw-core-01,port-id7430,uplink,16.643117
2026-02-25 21:45:00,calibrate,sw-core-01,port-id7430,uplink,19.326331
2026-02-25 21:50:00,calibrate,sw-core-01,port-id7430,uplink,14.866310
2026-02-25 21:55:00,calibrate,sw-core-01,port-id7430,uplink,12.551330
2026-02-25 22:00:00,calibrate,sw-core-01,port-id7430,uplink,19.352219
2026-02-25 22:05:00,calibrate,sw-core-01,port-id7430,uplink,13.369879
2026-02-25 22:10:00,calibrate,sw-core-01,port-id7430,uplink,17.580186
2026-02-25 22:15:00,calibrate,sw-core-01,port-id7430,uplink,10.921295
2026-02-25 22:20:00,calibrate,sw-core-01,port-id7430,uplink,14.607700
2026-02-25 22:25:00,calibrate,sw-core-01,port-id7430,uplink,14.004892
2026-02-25 22:30:00,calibrate,sw-core-01,port-id7430,uplink,12.916006
2026-02-25 22:35:00,calibrate,sw-core-01,port-id7430,uplink,18.298787
2026-02-25 22:40:00,calibrate,sw-core-01,port-id7430,uplink,12.509114
2026-02-25 22:45:00,calibrate,sw-core-01,port-id7430,uplink,17.111411
2026-02-25 22:50:00,calibrate,sw-core-01,port-id7430,uplink,17.428036
2026-02-25 22:55:00,calibrate,sw-core-01,port-id7430,uplink,16.281174
2026-02-25 23:00:00,calibrate,sw-core-01,port-id7430,uplink,18.685214
2026-02-25 23:05:00,calibrate,sw-core-01,port-id7430,uplink,13.134899
2026-02-25 23:10:00,calibrate,sw-core-01,port-id7430,uplink,16.098518
2026-02-25 23:15:00,calibrate,sw-core-01,port-id7430,uplink,15.357015
2026-02-25 23:20:00,calibrate,sw-core-01,port-id7430,uplink,14.973324
2026-02-25 23:25:00,calibrate,sw-core-01,port-id7430,uplink,15.479433
2026-02-25 23:30:00,calibrate,sw-core-01,port-id7430,uplink,15.853036
2026-02-25 23:35:00,calibrate,sw-core-01,port-id7430,uplink,10.999667
2026-02-25 23:40:00,calibrate,sw-core-01,port-id7430,uplink,13.746479
2026-02-25 23:45:00,calibrate,sw-core-01,port-id7430,uplink,16.042585
2026-02-25 23:50:00,calibrate,sw-core-01,port-id7430,uplink,16.467847
2026-02-25 23:55:00,calibrate,sw-core-01,port-id7430,uplink,20.314168
2026-02-26 00:00:00,calibrate,sw-core-01,port-id7430,uplink,13.362383
2026-02-26 00:05:00,calibrate,sw-core-01,port-id7430,uplink,12.477616
2026-02-26 00:10:00,calibrate,sw-core-01,port-id7430,uplink,17.433259
2026-02-26 00:15:00,calibrate,sw-core-01,port-id7430,uplink,10.524288
2026-02-26 00:20:00,calibrate,sw-core-01,port-id7430,uplink,11.998551
2026-02-26 00:25:00,calibrate,sw-core-01,port-id7430,uplink,16.211940
2026-02-26 00:30:00,calibrate,sw-core-01,port-id7430,uplink,13.793805
2026-02-26 00:35:00,calibrate,sw-core-01,port-id7430,uplink,19.846311
2026-02-26 00:40:00,calibrate,sw-core-01,port-id7430,uplink,19.472834
2026-02-26 00:45:00,calibrate,sw-core-01,port-id7430,uplink,15.049342
2026-02-26 00:50:00,calibrate,sw-core-01,port-id7430,uplink,13.581423
2026-02-26 00:55:00,calibrate,sw-core-01,port-id7430,uplink,16.906895
2026-02-26 01:00:00,calibrate,sw-core-01,port-id7430,uplink,16.880580
2026-02-26 01:05:00,calibrate,sw-core-01,port-id7430,uplink,16.413969
2026-02-26 01:10:00,calibrate,sw-core-01,port-id7430,uplink,13.036801
2026-02-26 01:15:00,calibrate,sw-core-01,port-id7430,uplink,11.748486
2026-02-26 01:20:00,calibrate,sw-core-01,port-id7430,uplink,14.228223
2026-02-26 01:25:00,calibrate,sw-core-01,port-id7430,uplink,13.023656
2026-02-26 01:30:00,calibrate,sw-core-01,port-id7430,uplink,18.442410
2026-02-26 01:35:00,calibrate,sw-core-01,port-id7430,uplink,15.762415
2026-02-26 01:40:00,calibrate,sw-core-01,port-id7430,uplink,14.556979
2026-02-26 01:45:00,calibrate,sw-core-01,port-id7430,uplink,13.552083
2026-02-26 01:50:00,calibrate,sw-core-01,port-id7430,uplink,16.619857
2026-02-26 01:55:00,calibrate,sw-core-01,port-id7430,uplink,16.289621
2026-02-26 02:00:00,calibrate,sw-core-01,port-id7430,uplink,17.021138
2026-02-26 02:05:00,calibrate,sw-core-01,port-id7430,uplink,10.914629
2026-02-26 02:10:00,calibrate,sw-core-01,port-id7430,uplink,19.241226
2026-02-26 02:15:00,calibrate,sw-core-01,port-id7430,uplink,16.566142
2026-02-26 02:20:00,calibrate,sw-core-01,port-id7430,uplink,17.412390
2026-02-26 02:25:00,calibrate,sw-core-01,port-id7430,uplink,18.178608
2026-02-26 02:30:00,calibrate,sw-core-01,port-id7430,uplink,18.787557
2026-02-26 02:35:00,calibrate,sw-core-01,port-id7430,uplink,10.136937
2026-02-26 02:40:00,calibrate,sw-core-01,port-id7430,uplink,14.534384
2026-02-26 02:45:00,calibrate,sw-core-01,port-id7430,uplink,18.707897
2026-02-26 02:50:00,calibrate,sw-core-01,port-id7430,uplink,11.065636
2026-02-26 02:55:00,calibrate,sw-core-01,port-id7430,uplink,18.121386
2026-02-26 03:00:00,calibrate,sw-core-01,port-id7430,uplink,18.524865
2026-02-26 03:05:00,calibrate,sw-core-01,port-id7430,uplink,18.792112
2026-02-26 03:10:00,calibrate,sw-core-01,port-id7430,uplink,14.114848
2026-02-26 03:15:00,calibrate,sw-core-01,port-id7430,uplink,15.995606
2026-02-26 03:20:00,calibrate,sw-core-01,port-id7430,uplink,15.458804
2026-02-26 03:25:00,calibrate,sw-core-01,port-id7430,uplink,18.908397
2026-02-26 03:30:00,calibrate,sw-core-01,port-id7430,uplink,21.744431
2026-02-26 03:35:00,calibrate,sw-core-01,port-id7430,uplink,18.153320
2026-02-26 03:40:00,calibrate,sw-core-01,port-id7430,uplink,16.119349
2026-02-26 03:45:00,calibrate,sw-core-01,port-id7430,uplink,14.803201
2026-02-26 03:50:00,calibrate,sw-core-01,port-id7430,uplink,17.371164
2026-02-26 03:55:00,calibrate,sw-core-01,port-id7430,uplink,11.791760
2026-02-26 04:00:00,calibrate,sw-core-01,port-id7430,uplink,13.554870
2026-02-26 04:05:00,calibrate,sw-core-01,port-id7430,uplink,15.351731
2026-02-26 04:10:00,calibrate,sw-core-01,port-id7430,uplink,11.000059
2026-02-26 04:15:00,calibrate,sw-core-01,port-id7430,uplink,13.738863
2026-02-26 04:20:00,calibrate,sw-core-01,port-id7430,uplink,13.202508
2026-02-26 04:25:00,calibrate,sw-core-01,port-id7430,uplink,14.743797
2026-02-26 04:30:00,calibrate,sw-core-01,port-id7430,uplink,18.986699
2026-02-26 04:35:00,calibrate,sw-core-01,port-id7430,uplink,15.559512
2026-02-26 04:40:00,calibrate,sw-core-01,port-id7430,uplink,14.729065
2026-02-26 04:45:00,calibrate,sw-core-01,port-id7430,uplink,11.680342
2026-02-26 04:50:00,calibrate,sw-core-01,port-id7430,uplink,21.634235
2026-02-26 04:55:00,calibrate,sw-core-01,port-id7430,uplink,13.415475
2026-02-26 05:00:00,calibrate,sw-core-01,port-id7430,uplink,12.702356
2026-02-26 05:05:00,calibrate,sw-core-01,port-id7430,uplink,15.310496
2026-02-26 05:10:00,calibrate,sw-core-01,port-id7430,uplink,19.281837
2026-02-26 05:15:00,calibrate,sw-core-01,port-id7430,uplink,19.452528
2026-02-26 05:20:00,calibrate,sw-core-01,port-id7430,uplink,20.858920
2026-02-26 05:25:00,calibrate,sw-core-01,port-id7430,uplink,14.157207
2026-02-26 05:30:00,calibrate,sw-core-01,port-id7430,uplink,16.515771
2026-02-26 05:35:00,calibrate,sw-core-01,port-id7430,uplink,15.739233
2026-02-26 05:40:00,calibrate,sw-core-01,port-id7430,uplink,18.609779
2026-02-26 05:45:00,calibrate,sw-core-01,port-id7430,uplink,15.466334
2026-02-26 05:50:00,calibrate,sw-core-01,port-id7430,uplink,18.451291
2026-02-26 05:55:00,calibrate,sw-core-01,port-id7430,uplink,24.640330
2026-02-26 06:00:00,calibrate,sw-core-01,port-id7430,uplink,22.841567
2026-02-26 06:05:00,calibrate,sw-core-01,port-id7430,uplink,22.213762
2026-02-26 06:10:00,calibrate,sw-core-01,port-id7430,uplink,22.660679
2026-02-26 06:15:00,calibrate,sw-core-01,port-id7430,uplink,16.968632
2026-02-26 06:20:00,calibrate,sw-core-01,port-id7430,uplink,25.242499
2026-02-26 06:25:00,calibrate,sw-core-01,port-id7430,uplink,21.024795
2026-02-26 06:30:00,calibrate,sw-core-01,port-id7430,uplink,18.674769
2026-02-26 06:35:00,calibrate,sw-core-01,port-id7430,uplink,23.942837
2026-02-26 06:40:00,calibrate,sw-core-01,port-id7430,uplink,28.197373
2026-02-26 06:45:00,calibrate,sw-core-01,port-id7430,uplink,27.296832
2026-02-26 06:50:00,calibrate,sw-core-01,port-id7430,uplink,29.456748
2026-02-26 06:55:00,calibrate,sw-core-01,port-id7430,uplink,32.013549
2026-02-26 07:00:00,calibrate,sw-core-01,port-id7430,uplink,29.820083
2026-02-26 07:05:00,calibrate,sw-core-01,port-id7430,uplink,32.372849
2026-02-26 07:10:00,calibrate,sw-core-01,port-id7430,uplink,30.217634
2026-02-26 07:15:00,calibrate,sw-core-01,port-id7430,uplink,30.430182
2026-02-26 07:20:00,calibrate,sw-core-01,port-id7430,uplink,34.114506
2026-02-26 07:25:00,calibrate,sw-core-01,port-id7430,uplink,30.911257
2026-02-26 07:30:00,calibrate,sw-core-01,port-id7430,uplink,40.147952
2026-02-26 07:35:00,calibrate,sw-core-01,port-id7430,uplink,33.153622
2026-02-26 07:40:00,calibrate,sw-core-01,port-id7430,uplink,42.561692
2026-02-26 07:45:00,calibrate,sw-core-01,port-id7430,uplink,37.905464
2026-02-26 07:50:00,calibrate,sw-core-01,port-id7430,uplink,40.607687
2026-02-26 07:55:00,calibrate,sw-core-01,port-id7430,uplink,44.239583
2026-02-26 08:00:00,calibrate,sw-core-01,port-id7430,uplink,38.855687
2026-02-26 08:05:00,calibrate,sw-core-01,port-id7430,uplink,43.361737
2026-02-26 08:10:00,calibrate,sw-core-01,port-id7430,uplink,43.862681
2026-02-26 08:15:00,calibrate,sw-core-01,port-id7430,uplink,44.269475
2026-02-26 08:20:00,calibrate,sw-core-01,port-id7430,uplink,42.346239
2026-02-26 08:25:00,calibrate,sw-core-01,port-id7430,uplink,43.590309
2026-02-26 08:30:00,calibrate,sw-core-01,port-id7430,uplink,44.460311
2026-02-26 08:35:00,calibrate,sw-core-01,port-id7430,uplink,35.919195
2026-02-26 08:40:00,calibrate,sw-core-01,port-id7430,uplink,46.008257
2026-02-26 08:45:00,calibrate,sw-core-01,port-id7430,uplink,39.506752
2026-02-26 08:50:00,calibrate,sw-core-01,port-id7430,uplink,44.363380
2026-02-26 08:55:00,calibrate,sw-core-01,port-id7430,uplink,45.571543
2026-02-26 09:00:00,calibrate,sw-core-01,port-id7430,uplink,38.907242
2026-02-26 09:05:00,calibrate,sw-core-01,port-id7430,uplink,39.312207
2026-02-26 09:10:00,calibrate,sw-core-01,port-id7430,uplink,47.242520
2026-02-26 09:15:00,calibrate,sw-core-01,port-id7430,uplink,44.096838
2026-02-26 09:20:00,calibrate,sw-core-01,port-id7430,uplink,44.214233
2026-02-26 09:25:00,calibrate,sw-core-01,port-id7430,uplink,41.595897
2026-02-26 09:30:00,calibrate,sw-core-01,port-id7430,uplink,42.667667
2026-02-26 09:35:00,calibrate,sw-core-01,port-id7430,uplink,43.493294
2026-02-26 09:40:00,calibrate,sw-core-01,port-id7430,uplink,43.830990
2026-02-26 09:45:00,calibrate,sw-core-01,port-id7430,uplink,48.573513
2026-02-26 09:50:00,calibrate,sw-core-01,port-id7430,uplink,45.653439
2026-02-26 09:55:00,calibrate,sw-core-01,port-id7430,uplink,47.536387
2026-02-26 10:00:00,calibrate,sw-core-01,port-id7430,uplink,41.155161
2026-02-26 10:05:00,calibrate,sw-core-01,port-id7430,uplink,41.500519
2026-02-26 10:10:00,calibrate,sw-core-01,port-id7430,uplink,45.602366
2026-02-26 10:15:00,calibrate,sw-core-01,port-id7430,uplink,40.545965
2026-02-26 10:20:00,calibrate,sw-core-01,port-id7430,uplink,47.038758
2026-02-26 10:25:00,calibrate,sw-core-01,port-id7430,uplink,46.865606
2026-02-26 10:30:00,calibrate,sw-core-01,port-id7430,uplink,42.823344
2026-02-26 10:35:00,calibrate,sw-core-01,port-id7430,uplink,43.130994
2026-02-26 10:40:00,calibrate,sw-core-01,port-id7430,uplink,47.170070
2026-02-26 10:45:00,calibrate,sw-core-01,port-id7430,uplink,43.968410
2026-02-26 10:50:00,calibrate,sw-core-01,port-id7430,uplink,46.286744
2026-02-26 10:55:00,calibrate,sw-core-01,port-id7430,uplink,50.342899
2026-02-26 11:00:00,calibrate,sw-core-01,port-id7430,uplink,43.003917
2026-02-26 11:05:00,calibrate,sw-core-01,port-id7430,uplink,46.072998
2026-02-26 11:10:00,calibrate,sw-core-01,port-id7430,uplink,42.623052
2026-02-26 11:15:00,calibrate,sw-core-01,port-id7430,uplink,46.965957
2026-02-26 11:20:00,calibrate,sw-core-01,port-id7430,uplink,45.900877
2026-02-26 11:25:00,calibrate,sw-core-01,port-id7430,uplink,46.771749
2026-02-26 11:30:00,calibrate,sw-core-01,port-id7430,uplink,46.364296
2026-02-26 11:35:00,calibrate,sw-core-01,port-id7430,uplink,51.255825
2026-02-26 11:40:00,calibrate,sw-core-01,port-id7430,uplink,46.313663
2026-02-26 11:45:00,calibrate,sw-core-01,port-id7430,uplink,43.358398
2026-02-26 11:50:00,calibrate,sw-core-01,port-id7430,uplink,46.469133
2026-02-26 11:55:00,calibrate,sw-core-01,port-id7430,uplink,42.393942
2026-02-26 12:00:00,calibrate,sw-core-01,port-id7430,uplink,40.957311
2026-02-26 12:05:00,calibrate,sw-core-01,port-id7430,uplink,40.216262
2026-02-26 12:10:00,calibrate,sw-core-01,port-id7430,uplink,46.604201
2026-02-26 12:15:00,calibrate,sw-core-01,port-id7430,uplink,45.950584
2026-02-26 12:20:00,calibrate,sw-core-01,port-id7430,uplink,44.475334
2026-02-26 12:25:00,calibrate,sw-core-01,port-id7430,uplink,46.549199
2026-02-26 12:30:00,calibrate,sw-core-01,port-id7430,uplink,46.139484
2026-02-26 12:35:00,calibrate,sw-core-01,port-id7430,uplink,44.488912
2026-02-26 12:40:00,calibrate,sw-core-01,port-id7430,uplink,40.947610
2026-02-26 12:45:00,calibrate,sw-core-01,port-id7430,uplink,50.216430
2026-02-26 12:50:00,calibrate,sw-core-01,port-id7430,uplink,50.187496
2026-02-26 12:55:00,calibrate,sw-core-01,port-id7430,uplink,41.471233
2026-02-26 13:00:00,calibrate,sw-core-01,port-id7430,uplink,41.348200
2026-02-26 13:05:00,calibrate,sw-core-01,port-id7430,uplink,47.641210
2026-02-26 13:10:00,calibrate,sw-core-01,port-id7430,uplink,51.145048
2026-02-26 13:15:00,calibrate,sw-core-01,port-id7430,uplink,42.888785
2026-02-26 13:20:00,calibrate,sw-core-01,port-id7430,uplink,45.495019
2026-02-26 13:25:00,calibrate,sw-core-01,port-id7430,uplink,47.791202
2026-02-26 13:30:00,calibrate,sw-core-01,port-id7430,uplink,42.172470
2026-02-26 13:35:00,calibrate,sw-core-01,port-id7430,uplink,45.268611
2026-02-26 13:40:00,calibrate,sw-core-01,port-id7430,uplink,40.549562
2026-02-26 13:45:00,calibrate,sw-core-01,port-id7430,uplink,46.966855
2026-02-26 13:50:00,calibrate,sw-core-01,port-id7430,uplink,41.851571
2026-02-26 13:55:00,calibrate,sw-core-01,port-id7430,uplink,48.536345
2026-02-26 14:00:00,calibrate,sw-core-01,port-id7430,uplink,47.176385
2026-02-26 14:05:00,calibrate,sw-core-01,port-id7430,uplink,50.622615
2026-02-26 14:10:00,calibrate,sw-core-01,port-id7430,uplink,45.297790
2026-02-26 14:15:00,calibrate,sw-core-01,port-id7430,uplink,45.622995
2026-02-26 14:20:00,calibrate,sw-core-01,port-id7430,uplink,46.111033
2026-02-26 14:25:00,calibrate,sw-core-01,port-id7430,uplink,46.290762
2026-02-26 14:30:00,calibrate,sw-core-01,port-id7430,uplink,46.033280
2026-02-26 14:35:00,calibrate,sw-core-01,port-id7430,uplink,46.133950
2026-02-26 14:40:00,calibrate,sw-core-01,port-id7430,uplink,43.314430
2026-02-26 14:45:00,calibrate,sw-core-01,port-id7430,uplink,45.963966
2026-02-26 14:50:00,calibrate,sw-core-01,port-id7430,uplink,41.935416
2026-02-26 14:55:00,calibrate,sw-core-01,port-id7430,uplink,46.797584
2026-02-26 15:00:00,calibrate,sw-core-01,port-id7430,uplink,41.538128
2026-02-26 15:05:00,calibrate,sw-core-01,port-id7430,uplink,40.868229
2026-02-26 15:10:00,calibrate,sw-core-01,port-id7430,uplink,45.653773
2026-02-26 15:15:00,calibrate,sw-core-01,port-id7430,uplink,44.132561
2026-02-26 15:20:00,calibrate,sw-core-01,port-id7430,uplink,40.455949
2026-02-26 15:25:00,calibrate,sw-core-01,port-id7430,uplink,47.091096
2026-02-26 15:30:00,calibrate,sw-core-01,port-id7430,uplink,46.856338
2026-02-26 15:35:00,calibrate,sw-core-01,port-id7430,uplink,44.840223
2026-02-26 15:40:00,calibrate,sw-core-01,port-id7430,uplink,46.003442
2026-02-26 15:45:00,calibrate,sw-core-01,port-id7430,uplink,48.198316
2026-02-26 15:50:00,calibrate,sw-core-01,port-id7430,uplink,44.631848
2026-02-26 15:55:00,calibrate,sw-core-01,port-id7430,uplink,41.330368
2026-02-26 16:00:00,calibrate,sw-core-01,port-id7430,uplink,45.688164
2026-02-26 16:05:00,calibrate,sw-core-01,port-id7430,uplink,41.780831
2026-02-26 16:10:00,calibrate,sw-core-01,port-id7430,uplink,46.728720
2026-02-26 16:15:00,calibrate,sw-core-01,port-id7430,uplink,43.794409
2026-02-26 16:20:00,calibrate,sw-core-01,port-id7430,uplink,45.387010
2026-02-26 16:25:00,calibrate,sw-core-01,port-id7430,uplink,43.891010
2026-02-26 16:30:00,calibrate,sw-core-01,port-id7430,uplink,42.558018
2026-02-26 16:35:00,calibrate,sw-core-01,port-id7430,uplink,42.722956
2026-02-26 16:40:00,calibrate,sw-core-01,port-id7430,uplink,42.741800
2026-02-26 16:45:00,calibrate,sw-core-01,port-id7430,uplink,43.719361
2026-02-26 16:50:00,calibrate,sw-core-01,port-id7430,uplink,46.805849
2026-02-26 16:55:00,calibrate,sw-core-01,port-id7430,uplink,43.316974
2026-02-26 17:00:00,calibrate,sw-core-01,port-id7430,uplink,41.537490
2026-02-26 17:05:00,calibrate,sw-core-01,port-id7430,uplink,46.930550
2026-02-26 17:10:00,calibrate,sw-core-01,port-id7430,uplink,42.570724
2026-02-26 17:15:00,calibrate,sw-core-01,port-id7430,uplink,41.392091
2026-02-26 17:20:00,calibrate,sw-core-01,port-id7430,uplink,46.478734
2026-02-26 17:25:00,calibrate,sw-core-01,port-id7430,uplink,45.186910
2026-02-26 17:30:00,calibrate,sw-core-01,port-id7430,uplink,46.003841
2026-02-26 17:35:00,calibrate,sw-core-01,port-id7430,uplink,46.872176
2026-02-26 17:40:00,calibrate,sw-core-01,port-id7430,uplink,45.773427
2026-02-26 17:45:00,calibrate,sw-core-01,port-id7430,uplink,41.243719
2026-02-26 17:50:00,calibrate,sw-core-01,port-id7430,uplink,45.354083
2026-02-26 17:55:00,calibrate,sw-core-01,port-id7430,uplink,48.416001
2026-02-26 18:00:00,calibrate,sw-core-01,port-id7430,uplink,41.030485
2026-02-26 18:05:00,calibrate,sw-core-01,port-id7430,uplink,39.186851
2026-02-26 18:10:00,calibrate,sw-core-01,port-id7430,uplink,40.818145
2026-02-26 18:15:00,calibrate,sw-core-01,port-id7430,uplink,41.781411
2026-02-26 18:20:00,calibrate,sw-core-01,port-id7430,uplink,38.055967
2026-02-26 18:25:00,calibrate,sw-core-01,port-id7430,uplink,41.124039
2026-02-26 18:30:00,calibrate,sw-core-01,port-id7430,uplink,41.702248
2026-02-26 18:35:00,calibrate,sw-core-01,port-id7430,uplink,38.668435
2026-02-26 18:40:00,calibrate,sw-core-01,port-id7430,uplink,37.531475
2026-02-26 18:45:00,calibrate,sw-core-01,port-id7430,uplink,33.654434
2026-02-26 18:50:00,calibrate,sw-core-01,port-id7430,uplink,37.540012
2026-02-26 18:55:00,calibrate,sw-core-01,port-id7430,uplink,41.759036
2026-02-26 19:00:00,calibrate,sw-core-01,port-id7430,uplink,38.571958
2026-02-26 19:05:00,calibrate,sw-core-01,port-id7430,uplink,40.388486
2026-02-26 19:10:00,calibrate,sw-core-01,port-id7430,uplink,28.816847
2026-02-26 19:15:00,calibrate,sw-core-01,port-id7430,uplink,32.404965
2026-02-26 19:20:00,calibrate,sw-core-01,port-id7430,uplink,29.630592
2026-02-26 19:25:00,calibrate,sw-core-01,port-id7430,uplink,34.208524
2026-02-26 19:30:00,calibrate,sw-core-01,port-id7430,uplink,29.307529
2026-02-26 19:35:00,calibrate,sw-core-01,port-id7430,uplink,27.665571
2026-02-26 19:40:00,calibrate,sw-core-01,port-id7430,uplink,29.494275
2026-02-26 19:45:00,calibrate,sw-core-01,port-id7430,uplink,26.398153
2026-02-26 19:50:00,calibrate,sw-core-01,port-id7430,uplink,24.526232
2026-02-26 19:55:00,calibrate,sw-core-01,port-id7430,uplink,21.956624
2026-02-26 20:00:00,calibrate,sw-core-01,port-id7430,uplink,24.041758
2026-02-26 20:05:00,calibrate,sw-core-01,port-id7430,uplink,25.459983
2026-02-26 20:10:00,calibrate,sw-core-01,port-id7430,uplink,19.377227
2026-02-26 20:15:00,calibrate,sw-core-01,port-id7430,uplink,19.128871
2026-02-26 20:20:00,calibrate,sw-core-01,port-id7430,uplink,17.483341
2026-02-26 20:25:00,calibrate,sw-core-01,port-id7430,uplink,20.036634
2026-02-26 20:30:00,calibrate,sw-core-01,port-id7430,uplink,20.385157
2026-02-26 20:35:00,calibrate,sw-core-01,port-id7430,uplink,23.054664
2026-02-26 20:40:00,calibrate,sw-core-01,port-id7430,uplink,18.031242
2026-02-26 20:45:00,calibrate,sw-core-01,port-id7430,uplink,21.457423
2026-02-26 20:50:00,calibrate,sw-core-01,port-id7430,uplink,21.747152
2026-02-26 20:55:00,calibrate,sw-core-01,port-id7430,uplink,16.386293
2026-02-26 21:00:00,calibrate,sw-core-01,port-id7430,uplink,15.460230
2026-02-26 21:05:00,calibrate,sw-core-01,port-id7430,uplink,20.613953
2026-02-26 21:10:00,calibrate,sw-core-01,port-id7430,uplink,10.712095
2026-02-26 21:15:00,calibrate,sw-core-01,port-id7430,uplink,14.380526
2026-02-26 21:20:00,calibrate,sw-core-01,port-id7430,uplink,13.457517
2026-02-26 21:25:00,calibrate,sw-core-01,port-id7430,uplink,18.020266
2026-02-26 21:30:00,calibrate,sw-core-01,port-id7430,uplink,11.536229
2026-02-26 21:35:00,calibrate,sw-core-01,port-id7430,uplink,19.636896
2026-02-26 21:40:00,calibrate,sw-core-01,port-id7430,uplink,20.253859
2026-02-26 21:45:00,calibrate,sw-core-01,port-id7430,uplink,14.299261
2026-02-26 21:50:00,calibrate,sw-core-01,port-id7430,uplink,18.920981
2026-02-26 21:55:00,calibrate,sw-core-01,port-id7430,uplink,17.015373
2026-02-26 22:00:00,calibrate,sw-core-01,port-id7430,uplink,13.260130
2026-02-26 22:05:00,calibrate,sw-core-01,port-id7430,uplink,21.791698
2026-02-26 22:10:00,calibrate,sw-core-01,port-id7430,uplink,22.463782
2026-02-26 22:15:00,calibrate,sw-core-01,port-id7430,uplink,14.262509
2026-02-26 22:20:00,calibrate,sw-core-01,port-id7430,uplink,18.896005
2026-02-26 22:25:00,calibrate,sw-core-01,port-id7430,uplink,14.753715
2026-02-26 22:30:00,calibrate,sw-core-01,port-id7430,uplink,14.238694
2026-02-26 22:35:00,calibrate,sw-core-01,port-id7430,uplink,14.328986
2026-02-26 22:40:00,calibrate,sw-core-01,port-id7430,uplink,16.404494
2026-02-26 22:45:00,calibrate,sw-core-01,port-id7430,uplink,13.898336
2026-02-26 22:50:00,calibrate,sw-core-01,port-id7430,uplink,15.638622
2026-02-26 22:55:00,calibrate,sw-core-01,port-id7430,uplink,18.479584
2026-02-26 23:00:00,calibrate,sw-core-01,port-id7430,uplink,9.187824
2026-02-26 23:05:00,calibrate,sw-core-01,port-id7430,uplink,9.440089
2026-02-26 23:10:00,calibrate,sw-core-01,port-id7430,uplink,14.828302
2026-02-26 23:15:00,calibrate,sw-core-01,port-id7430,uplink,12.500402
2026-02-26 23:20:00,calibrate,sw-core-01,port-id7430,uplink,11.939670
2026-02-26 23:25:00,calibrate,sw-core-01,port-id7430,uplink,13.072723
2026-02-26 23:30:00,calibrate,sw-core-01,port-id7430,uplink,17.513903
2026-02-26 23:35:00,calibrate,sw-core-01,port-id7430,uplink,16.036983
2026-02-26 23:40:00,calibrate,sw-core-01,port-id7430,uplink,12.254852
2026-02-26 23:45:00,calibrate,sw-core-01,port-id7430,uplink,16.250592
2026-02-26 23:50:00,calibrate,sw-core-01,port-id7430,uplink,15.785236
2026-02-26 23:55:00,calibrate,sw-core-01,port-id7430,uplink,12.481399
2026-02-27 00:00:00,calibrate,sw-core-01,port-id7430,uplink,14.391132
2026-02-27 00:05:00,calibrate,sw-core-01,port-id7430,uplink,17.371680
2026-02-27 00:10:00,calibrate,sw-core-01,port-id7430,uplink,20.343955
2026-02-27 00:15:00,calibrate,sw-core-01,port-id7430,uplink,8.774224
2026-02-27 00:20:00,calibrate,sw-core-01,port-id7430,uplink,12.541481
2026-02-27 00:25:00,calibrate,sw-core-01,port-id7430,uplink,12.068582
2026-02-27 00:30:00,calibrate,sw-core-01,port-id7430,uplink,13.681803
2026-02-27 00:35:00,calibrate,sw-core-01,port-id7430,uplink,14.141332
2026-02-27 00:40:00,calibrate,sw-core-01,port-id7430,uplink,14.757851
2026-02-27 00:45:00,calibrate,sw-core-01,port-id7430,uplink,18.602873
2026-02-27 00:50:00,calibrate,sw-core-01,port-id7430,uplink,17.273396
2026-02-27 00:55:00,calibrate,sw-core-01,port-id7430,uplink,16.457222
2026-02-27 01:00:00,calibrate,sw-core-01,port-id7430,uplink,12.282811
2026-02-27 01:05:00,calibrate,sw-core-01,port-id7430,uplink,12.492682
2026-02-27 01:10:00,calibrate,sw-core-01,port-id7430,uplink,15.492922
2026-02-27 01:15:00,calibrate,sw-core-01,port-id7430,uplink,11.571070
2026-02-27 01:20:00,calibrate,sw-core-01,port-id7430,uplink,13.682327
2026-02-27 01:25:00,calibrate,sw-core-01,port-id7430,uplink,10.113645
2026-02-27 01:30:00,calibrate,sw-core-01,port-id7430,uplink,10.777534
2026-02-27 01:35:00,calibrate,sw-core-01,port-id7430,uplink,8.980006
2026-02-27 01:40:00,calibrate,sw-core-01,port-id7430,uplink,15.288051
2026-02-27 01:45:00,calibrate,sw-core-01,port-id7430,uplink,10.748091
2026-02-27 01:50:00,calibrate,sw-core-01,port-id7430,uplink,13.278790
2026-02-27 01:55:00,calibrate,sw-core-01,port-id7430,uplink,5.965863
2026-02-27 02:00:00,calibrate,sw-core-01,port-id7430,uplink,19.470811
2026-02-27 02:05:00,calibrate,sw-core-01,port-id7430,uplink,14.552244
2026-02-27 02:10:00,calibrate,sw-core-01,port-id7430,uplink,17.455590
2026-02-27 02:15:00,calibrate,sw-core-01,port-id7430,uplink,12.901011
2026-02-27 02:20:00,calibrate,sw-core-01,port-id7430,uplink,9.942028
2026-02-27 02:25:00,calibrate,sw-core-01,port-id7430,uplink,14.348193
2026-02-27 02:30:00,calibrate,sw-core-01,port-id7430,uplink,15.141392
2026-02-27 02:35:00,calibrate,sw-core-01,port-id7430,uplink,14.522377
2026-02-27 02:40:00,calibrate,sw-core-01,port-id7430,uplink,12.819859
2026-02-27 02:45:00,calibrate,sw-core-01,port-id7430,uplink,12.851626
2026-02-27 02:50:00,calibrate,sw-core-01,port-id7430,uplink,18.386646
2026-02-27 02:55:00,calibrate,sw-core-01,port-id7430,uplink,15.968753
2026-02-27 03:00:00,calibrate,sw-core-01,port-id7430,uplink,13.007124
2026-02-27 03:05:00,calibrate,sw-core-01,port-id7430,uplink,16.831637
2026-02-27 03:10:00,calibrate,sw-core-01,port-id7430,uplink,16.192599
2026-02-27 03:15:00,calibrate,sw-core-01,port-id7430,uplink,19.814171
2026-02-27 03:20:00,calibrate,sw-core-01,port-id7430,uplink,14.140775
2026-02-27 03:25:00,calibrate,sw-core-01,port-id7430,uplink,14.414786
2026-02-27 03:30:00,calibrate,sw-core-01,port-id7430,uplink,14.902194
2026-02-27 03:35:00,calibrate,sw-core-01,port-id7430,uplink,15.294344
2026-02-27 03:40:00,calibrate,sw-core-01,port-id7430,uplink,11.904066
2026-02-27 03:45:00,calibrate,sw-core-01,port-id7430,uplink,14.280155
2026-02-27 03:50:00,calibrate,sw-core-01,port-id7430,uplink,12.136570
2026-02-27 03:55:00,calibrate,sw-core-01,port-id7430,uplink,16.721271
2026-02-27 04:00:00,calibrate,sw-core-01,port-id7430,uplink,14.851558
2026-02-27 04:05:00,calibrate,sw-core-01,port-id7430,uplink,20.848913
2026-02-27 04:10:00,calibrate,sw-core-01,port-id7430,uplink,19.623049
2026-02-27 04:15:00,calibrate,sw-core-01,port-id7430,uplink,14.571221
2026-02-27 04:20:00,calibrate,sw-core-01,port-id7430,uplink,9.648135
2026-02-27 04:25:00,calibrate,sw-core-01,port-id7430,uplink,15.691028
2026-02-27 04:30:00,calibrate,sw-core-01,port-id7430,uplink,12.552088
2026-02-27 04:35:00,calibrate,sw-core-01,port-id7430,uplink,23.560312
2026-02-27 04:40:00,calibrate,sw-core-01,port-id7430,uplink,14.057302
2026-02-27 04:45:00,calibrate,sw-core-01,port-id7430,uplink,11.662034
2026-02-27 04:50:00,calibrate,sw-core-01,port-id7430,uplink,13.896486
2026-02-27 04:55:00,calibrate,sw-core-01,port-id7430,uplink,21.024238
2026-02-27 05:00:00,calibrate,sw-core-01,port-id7430,uplink,15.545859
2026-02-27 05:05:00,calibrate,sw-core-01,port-id7430,uplink,15.899941
2026-02-27 05:10:00,calibrate,sw-core-01,port-id7430,uplink,17.575710
2026-02-27 05:15:00,calibrate,sw-core-01,port-id7430,uplink,19.356197
2026-02-27 05:20:00,calibrate,sw-core-01,port-id7430,uplink,22.683116
2026-02-27 05:25:00,calibrate,sw-core-01,port-id7430,uplink,17.191109
2026-02-27 05:30:00,calibrate,sw-core-01,port-id7430,uplink,14.656631
2026-02-27 05:35:00,calibrate,sw-core-01,port-id7430,uplink,18.617990
2026-02-27 05:40:00,calibrate,sw-core-01,port-id7430,uplink,18.988810
2026-02-27 05:45:00,calibrate,sw-core-01,port-id7430,uplink,25.620791
2026-02-27 05:50:00,calibrate,sw-core-01,port-id7430,uplink,17.968099
2026-02-27 05:55:00,calibrate,sw-core-01,port-id7430,uplink,22.255367
2026-02-27 06:00:00,calibrate,sw-core-01,port-id7430,uplink,19.286261
2026-02-27 06:05:00,calibrate,sw-core-01,port-id7430,uplink,25.617219
2026-02-27 06:10:00,calibrate,sw-core-01,port-id7430,uplink,17.485817
2026-02-27 06:15:00,calibrate,sw-core-01,port-id7430,uplink,20.673478
2026-02-27 06:20:00,calibrate,sw-core-01,port-id7430,uplink,26.823278
2026-02-27 06:25:00,calibrate,sw-core-01,port-id7430,uplink,20.725464
2026-02-27 06:30:00,calibrate,sw-core-01,port-id7430,uplink,23.956387
2026-02-27 06:35:00,calibrate,sw-core-01,port-id7430,uplink,26.838147
2026-02-27 06:40:00,calibrate,sw-core-01,port-id7430,uplink,27.467275
2026-02-27 06:45:00,calibrate,sw-core-01,port-id7430,uplink,26.795562
2026-02-27 06:50:00,calibrate,sw-core-01,port-id7430,uplink,24.199915
2026-02-27 06:55:00,calibrate,sw-core-01,port-id7430,uplink,30.181015
2026-02-27 07:00:00,calibrate,sw-core-01,port-id7430,uplink,31.151942
2026-02-27 07:05:00,calibrate,sw-core-01,port-id7430,uplink,32.399239
2026-02-27 07:10:00,calibrate,sw-core-01,port-id7430,uplink,33.351033
2026-02-27 07:15:00,calibrate,sw-core-01,port-id7430,uplink,34.497368
2026-02-27 07:20:00,calibrate,sw-core-01,port-id7430,uplink,30.061447
2026-02-27 07:25:00,calibrate,sw-core-01,port-id7430,uplink,34.036406
2026-02-27 07:30:00,calibrate,sw-core-01,port-id7430,uplink,29.454666
2026-02-27 07:35:00,calibrate,sw-core-01,port-id7430,uplink,43.141819
2026-02-27 07:40:00,calibrate,sw-core-01,port-id7430,uplink,32.865364
2026-02-27 07:45:00,calibrate,sw-core-01,port-id7430,uplink,40.648883
2026-02-27 07:50:00,calibrate,sw-core-01,port-id7430,uplink,42.793194
2026-02-27 07:55:00,calibrate,sw-core-01,port-id7430,uplink,41.174111
2026-02-27 08:00:00,calibrate,sw-core-01,port-id7430,uplink,35.438721
2026-02-27 08:05:00,calibrate,sw-core-01,port-id7430,uplink,42.897473
2026-02-27 08:10:00,calibrate,sw-core-01,port-id7430,uplink,40.831202
2026-02-27 08:15:00,calibrate,sw-core-01,port-id7430,uplink,43.610182
2026-02-27 08:20:00,calibrate,sw-core-01,port-id7430,uplink,44.985187
2026-02-27 08:25:00,calibrate,sw-core-01,port-id7430,uplink,43.927711
2026-02-27 08:30:00,calibrate,sw-core-01,port-id7430,uplink,43.415425
2026-02-27 08:35:00,calibrate,sw-core-01,port-id7430,uplink,41.078620
2026-02-27 08:40:00,calibrate,sw-core-01,port-id7430,uplink,45.675210
2026-02-27 08:45:00,calibrate,sw-core-01,port-id7430,uplink,44.556690
2026-02-27 08:50:00,calibrate,sw-core-01,port-id7430,uplink,51.311467
2026-02-27 08:55:00,calibrate,sw-core-01,port-id7430,uplink,42.942238
2026-02-27 09:00:00,calibrate,sw-core-01,port-id7430,uplink,45.875408
2026-02-27 09:05:00,calibrate,sw-core-01,port-id7430,uplink,39.852221
2026-02-27 09:10:00,calibrate,sw-core-01,port-id7430,uplink,46.715161
2026-02-27 09:15:00,calibrate,sw-core-01,port-id7430,uplink,50.709521
2026-02-27 09:20:00,calibrate,sw-core-01,port-id7430,uplink,43.675136
2026-02-27 09:25:00,calibrate,sw-core-01,port-id7430,uplink,47.747218
2026-02-27 09:30:00,calibrate,sw-core-01,port-id7430,uplink,43.292207
2026-02-27 09:35:00,calibrate,sw-core-01,port-id7430,uplink,39.667281
2026-02-27 09:40:00,calibrate,sw-core-01,port-id7430,uplink,45.665531
2026-02-27 09:45:00,calibrate,sw-core-01,port-id7430,uplink,49.072759
2026-02-27 09:50:00,calibrate,sw-core-01,port-id7430,uplink,43.949988
2026-02-27 09:55:00,calibrate,sw-core-01,port-id7430,uplink,42.221593
2026-02-27 10:00:00,calibrate,sw-core-01,port-id7430,uplink,44.433447
2026-02-27 10:05:00,calibrate,sw-core-01,port-id7430,uplink,47.297134
2026-02-27 10:10:00,calibrate,sw-core-01,port-id7430,uplink,45.886173
2026-02-27 10:15:00,calibrate,sw-core-01,port-id7430,uplink,39.103943
2026-02-27 10:20:00,calibrate,sw-core-01,port-id7430,uplink,42.546929
2026-02-27 10:25:00,calibrate,sw-core-01,port-id7430,uplink,41.265761
2026-02-27 10:30:00,calibrate,sw-core-01,port-id7430,uplink,43.754823
2026-02-27 10:35:00,calibrate,sw-core-01,port-id7430,uplink,41.528444
2026-02-27 10:40:00,calibrate,sw-core-01,port-id7430,uplink,41.112422
2026-02-27 10:45:00,calibrate,sw-core-01,port-id7430,uplink,47.849098
2026-02-27 10:50:00,calibrate,sw-core-01,port-id7430,uplink,45.383254
2026-02-27 10:55:00,calibrate,sw-core-01,port-id7430,uplink,43.469409
2026-02-27 11:00:00,calibrate,sw-core-01,port-id7430,uplink,44.106488
2026-02-27 11:05:00,calibrate,sw-core-01,port-id7430,uplink,49.303874
2026-02-27 11:10:00,calibrate,sw-core-01,port-id7430,uplink,46.495320
2026-02-27 11:15:00,calibrate,sw-core-01,port-id7430,uplink,40.628516
2026-02-27 11:20:00,calibrate,sw-core-01,port-id7430,uplink,43.382465
2026-02-27 11:25:00,calibrate,sw-core-01,port-id7430,uplink,45.299547
2026-02-27 11:30:00,calibrate,sw-core-01,port-id7430,uplink,42.545709
2026-02-27 11:35:00,calibrate,sw-core-01,port-id7430,uplink,42.976098
2026-02-27 11:40:00,calibrate,sw-core-01,port-id7430,uplink,45.164425
2026-02-27 11:45:00,calibrate,sw-core-01,port-id7430,uplink,47.792253
2026-02-27 11:50:00,calibrate,sw-core-01,port-id7430,uplink,47.107105
2026-02-27 11:55:00,calibrate,sw-core-01,port-id7430,uplink,46.402673
2026-02-27 12:00:00,calibrate,sw-core-01,port-id7430,uplink,41.115277
2026-02-27 12:05:00,calibrate,sw-core-01,port-id7430,uplink,41.922980
2026-02-27 12:10:00,calibrate,sw-core-01,port-id7430,uplink,43.842569
2026-02-27 12:15:00,calibrate,sw-core-01,port-id7430,uplink,45.274771
2026-02-27 12:20:00,calibrate,sw-core-01,port-id7430,uplink,42.213558
2026-02-27 12:25:00,calibrate,sw-core-01,port-id7430,uplink,42.875096
2026-02-27 12:30:00,calibrate,sw-core-01,port-id7430,uplink,45.446856
2026-02-27 12:35:00,calibrate,sw-core-01,port-id7430,uplink,45.029885
2026-02-27 12:40:00,calibrate,sw-core-01,port-id7430,uplink,45.987214
2026-02-27 12:45:00,calibrate,sw-core-01,port-id7430,uplink,46.832940
2026-02-27 12:50:00,calibrate,sw-core-01,port-id7430,uplink,44.961163
2026-02-27 12:55:00,calibrate,sw-core-01,port-id7430,uplink,42.721429
2026-02-27 13:00:00,calibrate,sw-core-01,port-id7430,uplink,38.837638
2026-02-27 13:05:00,calibrate,sw-core-01,port-id7430,uplink,45.714594
2026-02-27 13:10:00,calibrate,sw-core-01,port-id7430,uplink,44.486525
2026-02-27 13:15:00,calibrate,sw-core-01,port-id7430,uplink,47.830479
2026-02-27 13:20:00,calibrate,sw-core-01,port-id7430,uplink,52.002905
2026-02-27 13:25:00,calibrate,sw-core-01,port-id7430,uplink,41.517303
2026-02-27 13:30:00,calibrate,sw-core-01,port-id7430,uplink,47.212558
2026-02-27 13:35:00,calibrate,sw-core-01,port-id7430,uplink,46.076933
2026-02-27 13:40:00,calibrate,sw-core-01,port-id7430,uplink,47.133265
2026-02-27 13:45:00,calibrate,sw-core-01,port-id7430,uplink,42.791814
2026-02-27 13:50:00,calibrate,sw-core-01,port-id7430,uplink,43.527438
2026-02-27 13:55:00,calibrate,sw-core-01,port-id7430,uplink,47.606094
2026-02-27 14:00:00,calibrate,sw-core-01,port-id7430,uplink,44.266325
2026-02-27 14:05:00,calibrate,sw-core-01,port-id7430,uplink,42.992690
2026-02-27 14:10:00,calibrate,sw-core-01,port-id7430,uplink,44.459462
2026-02-27 14:15:00,calibrate,sw-core-01,port-id7430,uplink,42.925500
2026-02-27 14:20:00,calibrate,sw-core-01,port-id7430,uplink,42.848125
2026-02-27 14:25:00,calibrate,sw-core-01,port-id7430,uplink,41.342847
2026-02-27 14:30:00,calibrate,sw-core-01,port-id7430,uplink,39.844259
2026-02-27 14:35:00,calibrate,sw-core-01,port-id7430,uplink,41.682262
2026-02-27 14:40:00,calibrate,sw-core-01,port-id7430,uplink,48.825537
2026-02-27 14:45:00,calibrate,sw-core-01,port-id7430,uplink,48.138907
2026-02-27 14:50:00,calibrate,sw-core-01,port-id7430,uplink,47.037546
2026-02-27 14:55:00,calibrate,sw-core-01,port-id7430,uplink,41.756080
2026-02-27 15:00:00,calibrate,sw-core-01,port-id7430,uplink,46.345691
2026-02-27 15:05:00,calibrate,sw-core-01,port-id7430,uplink,48.601578
2026-02-27 15:10:00,calibrate,sw-core-01,port-id7430,uplink,44.618227
2026-02-27 15:15:00,calibrate,sw-core-01,port-id7430,uplink,43.044244
2026-02-27 15:20:00,calibrate,sw-core-01,port-id7430,uplink,46.671590
2026-02-27 15:25:00,calibrate,sw-core-01,port-id7430,uplink,47.074384
2026-02-27 15:30:00,calibrate,sw-core-01,port-id7430,uplink,42.297921
2026-02-27 15:35:00,calibrate,sw-core-01,port-id7430,uplink,47.903230
2026-02-27 15:40:00,calibrate,sw-core-01,port-id7430,uplink,45.253381
2026-02-27 15:45:00,calibrate,sw-core-01,port-id7430,uplink,45.995825
2026-02-27 15:50:00,calibrate,sw-core-01,port-id7430,uplink,47.636794
2026-02-27 15:55:00,calibrate,sw-core-01,port-id7430,uplink,42.099827
2026-02-27 16:00:00,calibrate,sw-core-01,port-id7430,uplink,50.071875
2026-02-27 16:05:00,calibrate,sw-core-01,port-id7430,uplink,45.285817
2026-02-27 16:10:00,calibrate,sw-core-01,port-id7430,uplink,43.829435
2026-02-27 16:15:00,calibrate,sw-core-01,port-id7430,uplink,43.142722
2026-02-27 16:20:00,calibrate,sw-core-01,port-id7430,uplink,45.678472
2026-02-27 16:25:00,calibrate,sw-core-01,port-id7430,uplink,47.373008
2026-02-27 16:30:00,calibrate,sw-core-01,port-id7430,uplink,47.521470
2026-02-27 16:35:00,calibrate,sw-core-01,port-id7430,uplink,46.746349
2026-02-27 16:40:00,calibrate,sw-core-01,port-id7430,uplink,42.469112
2026-02-27 16:45:00,calibrate,sw-core-01,port-id7430,uplink,44.907396
2026-02-27 16:50:00,calibrate,sw-core-01,port-id7430,uplink,50.171711
2026-02-27 16:55:00,calibrate,sw-core-01,port-id7430,uplink,49.130129
2026-02-27 17:00:00,calibrate,sw-core-01,port-id7430,uplink,45.899282
2026-02-27 17:05:00,calibrate,sw-core-01,port-id7430,uplink,42.799088
2026-02-27 17:10:00,calibrate,sw-core-01,port-id7430,uplink,46.944241
2026-02-27 17:15:00,calibrate,sw-core-01,port-id7430,uplink,38.596743
2026-02-27 17:20:00,calibrate,sw-core-01,port-id7430,uplink,44.220995
2026-02-27 17:25:00,calibrate,sw-core-01,port-id7430,uplink,46.204297
2026-02-27 17:30:00,calibrate,sw-core-01,port-id7430,uplink,47.132010
2026-02-27 17:35:00,calibrate,sw-core-01,port-id7430,uplink,45.456786
2026-02-27 17:40:00,calibrate,sw-core-01,port-id7430,uplink,41.324830
2026-02-27 17:45:00,calibrate,sw-core-01,port-id7430,uplink,49.459942
2026-02-27 17:50:00,calibrate,sw-core-01,port-id7430,uplink,41.533032
2026-02-27 17:55:00,calibrate,sw-core-01,port-id7430,uplink,42.675459
2026-02-27 18:00:00,calibrate,sw-core-01,port-id7430,uplink,47.359418
2026-02-27 18:05:00,calibrate,sw-core-01,port-id7430,uplink,34.263824
2026-02-27 18:10:00,calibrate,sw-core-01,port-id7430,uplink,39.268172
2026-02-27 18:15:00,calibrate,sw-core-01,port-id7430,uplink,39.613090
2026-02-27 18:20:00,calibrate,sw-core-01,port-id7430,uplink,45.101441
2026-02-27 18:25:00,calibrate,sw-core-01,port-id7430,uplink,37.939712
2026-02-27 18:30:00,calibrate,sw-core-01,port-id7430,uplink,39.542114
2026-02-27 18:35:00,calibrate,sw-core-01,port-id7430,uplink,39.516842
2026-02-27 18:40:00,calibrate,sw-core-01,port-id7430,uplink,40.444750
2026-02-27 18:45:00,calibrate,sw-core-01,port-id7430,uplink,46.036722
2026-02-27 18:50:00,calibrate,sw-core-01,port-id7430,uplink,38.857131
2026-02-27 18:55:00,calibrate,sw-core-01,port-id7430,uplink,34.900857
2026-02-27 19:00:00,calibrate,sw-core-01,port-id7430,uplink,33.828140
2026-02-27 19:05:00,calibrate,sw-core-01,port-id7430,uplink,31.763000
2026-02-27 19:10:00,calibrate,sw-core-01,port-id7430,uplink,29.310270
2026-02-27 19:15:00,calibrate,sw-core-01,port-id7430,uplink,31.081207
2026-02-27 19:20:00,calibrate,sw-core-01,port-id7430,uplink,31.562801
2026-02-27 19:25:00,calibrate,sw-core-01,port-id7430,uplink,34.107513
2026-02-27 19:30:00,calibrate,sw-core-01,port-id7430,uplink,33.249927
2026-02-27 19:35:00,calibrate,sw-core-01,port-id7430,uplink,32.533655
2026-02-27 19:40:00,calibrate,sw-core-01,port-id7430,uplink,26.969757
2026-02-27 19:45:00,calibrate,sw-core-01,port-id7430,uplink,28.576532
2026-02-27 19:50:00,calibrate,sw-core-01,port-id7430,uplink,25.470167
2026-02-27 19:55:00,calibrate,sw-core-01,port-id7430,uplink,25.282913
2026-02-27 20:00:00,calibrate,sw-core-01,port-id7430,uplink,26.394661
2026-02-27 20:05:00,calibrate,sw-core-01,port-id7430,uplink,21.677349
2026-02-27 20:10:00,calibrate,sw-core-01,port-id7430,uplink,25.063357
2026-02-27 20:15:00,calibrate,sw-core-01,port-id7430,uplink,24.429810
2026-02-27 20:20:00,calibrate,sw-core-01,port-id7430,uplink,15.064189
2026-02-27 20:25:00,calibrate,sw-core-01,port-id7430,uplink,25.356567
2026-02-27 20:30:00,calibrate,sw-core-01,port-id7430,uplink,19.909342
2026-02-27 20:35:00,calibrate,sw-core-01,port-id7430,uplink,25.174138
2026-02-27 20:40:00,calibrate,sw-core-01,port-id7430,uplink,19.165975
2026-02-27 20:45:00,calibrate,sw-core-01,port-id7430,uplink,22.225659
2026-02-27 20:50:00,calibrate,sw-core-01,port-id7430,uplink,21.760505
2026-02-27 20:55:00,calibrate,sw-core-01,port-id7430,uplink,17.441838
2026-02-27 21:00:00,calibrate,sw-core-01,port-id7430,uplink,18.791694
2026-02-27 21:05:00,calibrate,sw-core-01,port-id7430,uplink,12.021742
2026-02-27 21:10:00,calibrate,sw-core-01,port-id7430,uplink,18.560524
2026-02-27 21:15:00,calibrate,sw-core-01,port-id7430,uplink,18.158273
2026-02-27 21:20:00,calibrate,sw-core-01,port-id7430,uplink,16.753052
2026-02-27 21:25:00,calibrate,sw-core-01,port-id7430,uplink,11.314143
2026-02-27 21:30:00,calibrate,sw-core-01,port-id7430,uplink,16.902717
2026-02-27 21:35:00,calibrate,sw-core-01,port-id7430,uplink,15.881540
2026-02-27 21:40:00,calibrate,sw-core-01,port-id7430,uplink,12.375146
2026-02-27 21:45:00,calibrate,sw-core-01,port-id7430,uplink,14.688486
2026-02-27 21:50:00,calibrate,sw-core-01,port-id7430,uplink,11.607720
2026-02-27 21:55:00,calibrate,sw-core-01,port-id7430,uplink,14.284348
2026-02-27 22:00:00,calibrate,sw-core-01,port-id7430,uplink,14.270608
2026-02-27 22:05:00,calibrate,sw-core-01,port-id7430,uplink,15.430298
2026-02-27 22:10:00,calibrate,sw-core-01,port-id7430,uplink,16.400276
2026-02-27 22:15:00,calibrate,sw-core-01,port-id7430,uplink,15.180071
2026-02-27 22:20:00,calibrate,sw-core-01,port-id7430,uplink,16.868766
2026-02-27 22:25:00,calibrate,sw-core-01,port-id7430,uplink,15.102392
2026-02-27 22:30:00,calibrate,sw-core-01,port-id7430,uplink,16.453286
2026-02-27 22:35:00,calibrate,sw-core-01,port-id7430,uplink,16.549442
2026-02-27 22:40:00,calibrate,sw-core-01,port-id7430,uplink,17.311023
2026-02-27 22:45:00,calibrate,sw-core-01,port-id7430,uplink,13.256164
2026-02-27 22:50:00,calibrate,sw-core-01,port-id7430,uplink,20.037931
2026-02-27 22:55:00,calibrate,sw-core-01,port-id7430,uplink,18.644299
2026-02-27 23:00:00,calibrate,sw-core-01,port-id7430,uplink,11.721555
2026-02-27 23:05:00,calibrate,sw-core-01,port-id7430,uplink,16.690943
2026-02-27 23:10:00,calibrate,sw-core-01,port-id7430,uplink,14.279314
2026-02-27 23:15:00,calibrate,sw-core-01,port-id7430,uplink,13.157656
2026-02-27 23:20:00,calibrate,sw-core-01,port-id7430,uplink,8.515415
2026-02-27 23:25:00,calibrate,sw-core-01,port-id7430,uplink,15.101611
2026-02-27 23:30:00,calibrate,sw-core-01,port-id7430,uplink,19.349506
2026-02-27 23:35:00,calibrate,sw-core-01,port-id7430,uplink,14.199730
2026-02-27 23:40:00,calibrate,sw-core-01,port-id7430,uplink,11.556667
2026-02-27 23:45:00,calibrate,sw-core-01,port-id7430,uplink,19.099299
2026-02-27 23:50:00,calibrate,sw-core-01,port-id7430,uplink,13.046393
2026-02-27 23:55:00,calibrate,sw-core-01,port-id7430,uplink,14.450611
2026-02-28 00:00:00,calibrate,sw-core-01,port-id7430,uplink,11.057381
2026-02-28 00:05:00,calibrate,sw-core-01,port-id7430,uplink,7.542164
2026-02-28 00:10:00,calibrate,sw-core-01,port-id7430,uplink,6.243314
2026-02-28 00:15:00,calibrate,sw-core-01,port-id7430,uplink,2.191716
2026-02-28 00:20:00,calibrate,sw-core-01,port-id7430,uplink,4.442268
2026-02-28 00:25:00,calibrate,sw-core-01,port-id7430,uplink,6.345440
2026-02-28 00:30:00,calibrate,sw-core-01,port-id7430,uplink,5.573170
2026-02-28 00:35:00,calibrate,sw-core-01,port-id7430,uplink,9.471382
2026-02-28 00:40:00,calibrate,sw-core-01,port-id7430,uplink,8.072398
2026-02-28 00:45:00,calibrate,sw-core-01,port-id7430,uplink,9.641034
2026-02-28 00:50:00,calibrate,sw-core-01,port-id7430,uplink,7.268902
2026-02-28 00:55:00,calibrate,sw-core-01,port-id7430,uplink,10.816304
2026-02-28 01:00:00,calibrate,sw-core-01,port-id7430,uplink,4.148218
2026-02-28 01:05:00,calibrate,sw-core-01,port-id7430,uplink,11.624493
2026-02-28 01:10:00,calibrate,sw-core-01,port-id7430,uplink,5.736142
2026-02-28 01:15:00,calibrate,sw-core-01,port-id7430,uplink,3.181097
2026-02-28 01:20:00,calibrate,sw-core-01,port-id7430,uplink,10.440954
2026-02-28 01:25:00,calibrate,sw-core-01,port-id7430,uplink,7.684704
2026-02-28 01:30:00,calibrate,sw-core-01,port-id7430,uplink,9.809024
2026-02-28 01:35:00,calibrate,sw-core-01,port-id7430,uplink,11.734950
2026-02-28 01:40:00,calibrate,sw-core-01,port-id7430,uplink,5.722017
2026-02-28 01:45:00,calibrate,sw-core-01,port-id7430,uplink,13.288231
2026-02-28 01:50:00,calibrate,sw-core-01,port-id7430,uplink,12.402776
2026-02-28 01:55:00,calibrate,sw-core-01,port-id7430,uplink,11.823723
2026-02-28 02:00:00,calibrate,sw-core-01,port-id7430,uplink,7.959719
2026-02-28 02:05:00,calibrate,sw-core-01,port-id7430,uplink,12.533621
2026-02-28 02:10:00,calibrate,sw-core-01,port-id7430,uplink,2.180807
2026-02-28 02:15:00,calibrate,sw-core-01,port-id7430,uplink,8.994006
2026-02-28 02:20:00,calibrate,sw-core-01,port-id7430,uplink,5.459182
2026-02-28 02:25:00,calibrate,sw-core-01,port-id7430,uplink,10.904035
2026-02-28 02:30:00,calibrate,sw-core-01,port-id7430,uplink,11.727328
2026-02-28 02:35:00,calibrate,sw-core-01,port-id7430,uplink,9.212351
2026-02-28 02:40:00,calibrate,sw-core-01,port-id7430,uplink,11.437664
2026-02-28 02:45:00,calibrate,sw-core-01,port-id7430,uplink,8.949259
2026-02-28 02:50:00,calibrate,sw-core-01,port-id7430,uplink,2.677334
2026-02-28 02:55:00,calibrate,sw-core-01,port-id7430,uplink,11.259399
2026-02-28 03:00:00,calibrate,sw-core-01,port-id7430,uplink,5.581802
2026-02-28 03:05:00,calibrate,sw-core-01,port-id7430,uplink,11.917500
2026-02-28 03:10:00,calibrate,sw-core-01,port-id7430,uplink,6.614364
2026-02-28 03:15:00,calibrate,sw-core-01,port-id7430,uplink,11.745716
2026-02-28 03:20:00,calibrate,sw-core-01,port-id7430,uplink,16.025829
2026-02-28 03:25:00,calibrate,sw-core-01,port-id7430,uplink,13.169467
2026-02-28 03:30:00,calibrate,sw-core-01,port-id7430,uplink,9.193568
2026-02-28 03:35:00,calibrate,sw-core-01,port-id7430,uplink,11.520718
2026-02-28 03:40:00,calibrate,sw-core-01,port-id7430,uplink,6.768881
2026-02-28 03:45:00,calibrate,sw-core-01,port-id7430,uplink,9.104532
2026-02-28 03:50:00,calibrate,sw-core-01,port-id7430,uplink,16.364309
2026-02-28 03:55:00,calibrate,sw-core-01,port-id7430,uplink,13.163729
2026-02-28 04:00:00,calibrate,sw-core-01,port-id7430,uplink,3.722944
2026-02-28 04:05:00,calibrate,sw-core-01,port-id7430,uplink,11.498187
2026-02-28 04:10:00,calibrate,sw-core-01,port-id7430,uplink,7.369447
2026-02-28 04:15:00,calibrate,sw-core-01,port-id7430,uplink,4.149193
2026-02-28 04:20:00,calibrate,sw-core-01,port-id7430,uplink,15.630450
2026-02-28 04:25:00,calibrate,sw-core-01,port-id7430,uplink,11.453663
2026-02-28 04:30:00,calibrate,sw-core-01,port-id7430,uplink,7.745199
2026-02-28 04:35:00,calibrate,sw-core-01,port-id7430,uplink,2.979493
2026-02-28 04:40:00,calibrate,sw-core-01,port-id7430,uplink,10.816639
2026-02-28 04:45:00,calibrate,sw-core-01,port-id7430,uplink,11.747376
2026-02-28 04:50:00,calibrate,sw-core-01,port-id7430,uplink,6.727435
2026-02-28 04:55:00,calibrate,sw-core-01,port-id7430,uplink,13.416961
2026-02-28 05:00:00,calibrate,sw-core-01,port-id7430,uplink,8.451449
2026-02-28 05:05:00,calibrate,sw-core-01,port-id7430,uplink,12.459079
2026-02-28 05:10:00,calibrate,sw-core-01,port-id7430,uplink,15.070021
2026-02-28 05:15:00,calibrate,sw-core-01,port-id7430,uplink,15.144276
2026-02-28 05:20:00,calibrate,sw-core-01,port-id7430,uplink,9.232179
2026-02-28 05:25:00,calibrate,sw-core-01,port-id7430,uplink,11.397467
2026-02-28 05:30:00,calibrate,sw-core-01,port-id7430,uplink,7.575415
2026-02-28 05:35:00,calibrate,sw-core-01,port-id7430,uplink,16.949390
2026-02-28 05:40:00,calibrate,sw-core-01,port-id7430,uplink,6.999092
2026-02-28 05:45:00,calibrate,sw-core-01,port-id7430,uplink,5.674806
2026-02-28 05:50:00,calibrate,sw-core-01,port-id7430,uplink,13.998008
2026-02-28 05:55:00,calibrate,sw-core-01,port-id7430,uplink,7.631236
2026-02-28 06:00:00,calibrate,sw-core-01,port-id7430,uplink,11.301738
2026-02-28 06:05:00,calibrate,sw-core-01,port-id7430,uplink,11.963699
2026-02-28 06:10:00,calibrate,sw-core-01,port-id7430,uplink,13.237406
2026-02-28 06:15:00,calibrate,sw-core-01,port-id7430,uplink,14.980199
2026-02-28 06:20:00,calibrate,sw-core-01,port-id7430,uplink,16.942616
2026-02-28 06:25:00,calibrate,sw-core-01,port-id7430,uplink,10.386948
2026-02-28 06:30:00,calibrate,sw-core-01,port-id7430,uplink,10.906149
2026-02-28 06:35:00,calibrate,sw-core-01,port-id7430,uplink,15.329130
2026-02-28 06:40:00,calibrate,sw-core-01,port-id7430,uplink,17.677458
2026-02-28 06:45:00,calibrate,sw-core-01,port-id7430,uplink,11.643825
2026-02-28 06:50:00,calibrate,sw-core-01,port-id7430,uplink,16.946209
2026-02-28 06:55:00,calibrate,sw-core-01,port-id7430,uplink,17.742066
2026-02-28 07:00:00,calibrate,sw-core-01,port-id7430,uplink,14.199824
2026-02-28 07:05:00,calibrate,sw-core-01,port-id7430,uplink,15.779356
2026-02-28 07:10:00,calibrate,sw-core-01,port-id7430,uplink,19.382160
2026-02-28 07:15:00,calibrate,sw-core-01,port-id7430,uplink,19.826551
2026-02-28 07:20:00,calibrate,sw-core-01,port-id7430,uplink,23.269496
2026-02-28 07:25:00,calibrate,sw-core-01,port-id7430,uplink,24.786537
2026-02-28 07:30:00,calibrate,sw-core-01,port-id7430,uplink,18.483757
2026-02-28 07:35:00,calibrate,sw-core-01,port-id7430,uplink,25.264728
2026-02-28 07:40:00,calibrate,sw-core-01,port-id7430,uplink,25.981735
2026-02-28 07:45:00,calibrate,sw-core-01,port-id7430,uplink,23.350642
2026-02-28 07:50:00,calibrate,sw-core-01,port-id7430,uplink,26.450615
2026-02-28 07:55:00,calibrate,sw-core-01,port-id7430,uplink,21.916714
2026-02-28 08:00:00,calibrate,sw-core-01,port-id7430,uplink,24.889927
2026-02-28 08:05:00,calibrate,sw-core-01,port-id7430,uplink,18.566564
2026-02-28 08:10:00,calibrate,sw-core-01,port-id7430,uplink,21.952625
2026-02-28 08:15:00,calibrate,sw-core-01,port-id7430,uplink,24.839851
2026-02-28 08:20:00,calibrate,sw-core-01,port-id7430,uplink,26.134127
2026-02-28 08:25:00,calibrate,sw-core-01,port-id7430,uplink,25.188252
2026-02-28 08:30:00,calibrate,sw-core-01,port-id7430,uplink,21.211307
2026-02-28 08:35:00,calibrate,sw-core-01,port-id7430,uplink,23.689597
2026-02-28 08:40:00,calibrate,sw-core-01,port-id7430,uplink,28.629998
2026-02-28 08:45:00,calibrate,sw-core-01,port-id7430,uplink,27.640040
2026-02-28 08:50:00,calibrate,sw-core-01,port-id7430,uplink,28.611922
2026-02-28 08:55:00,calibrate,sw-core-01,port-id7430,uplink,26.050275
2026-02-28 09:00:00,calibrate,sw-core-01,port-id7430,uplink,30.540857
2026-02-28 09:05:00,calibrate,sw-core-01,port-id7430,uplink,21.634107
2026-02-28 09:10:00,calibrate,sw-core-01,port-id7430,uplink,27.673755
2026-02-28 09:15:00,calibrate,sw-core-01,port-id7430,uplink,27.090637
2026-02-28 09:20:00,calibrate,sw-core-01,port-id7430,uplink,25.118360
2026-02-28 09:25:00,calibrate,sw-core-01,port-id7430,uplink,28.429453
2026-02-28 09:30:00,calibrate,sw-core-01,port-id7430,uplink,26.806654
2026-02-28 09:35:00,calibrate,sw-core-01,port-id7430,uplink,27.446365
2026-02-28 09:40:00,calibrate,sw-core-01,port-id7430,uplink,23.164602
2026-02-28 09:45:00,calibrate,sw-core-01,port-id7430,uplink,21.874575
2026-02-28 09:50:00,calibrate,sw-core-01,port-id7430,uplink,28.430014
2026-02-28 09:55:00,calibrate,sw-core-01,port-id7430,uplink,24.494332
2026-02-28 10:00:00,calibrate,sw-core-01,port-id7430,uplink,22.791136
2026-02-28 10:05:00,calibrate,sw-core-01,port-id7430,uplink,34.648190
2026-02-28 10:10:00,calibrate,sw-core-01,port-id7430,uplink,29.038694
2026-02-28 10:15:00,calibrate,sw-core-01,port-id7430,uplink,29.166488
2026-02-28 10:20:00,calibrate,sw-core-01,port-id7430,uplink,22.431769
2026-02-28 10:25:00,calibrate,sw-core-01,port-id7430,uplink,23.155104
2026-02-28 10:30:00,calibrate,sw-core-01,port-id7430,uplink,34.461265
2026-02-28 10:35:00,calibrate,sw-core-01,port-id7430,uplink,28.730365
2026-02-28 10:40:00,calibrate,sw-core-01,port-id7430,uplink,26.296393
2026-02-28 10:45:00,calibrate,sw-core-01,port-id7430,uplink,31.017672
2026-02-28 10:50:00,calibrate,sw-core-01,port-id7430,uplink,28.992912
2026-02-28 10:55:00,calibrate,sw-core-01,port-id7430,uplink,26.272956
2026-02-28 11:00:00,calibrate,sw-core-01,port-id7430,uplink,30.760843
2026-02-28 11:05:00,calibrate,sw-core-01,port-id7430,uplink,28.623965
2026-02-28 11:10:00,calibrate,sw-core-01,port-id7430,uplink,24.521245
2026-02-28 11:15:00,calibrate,sw-core-01,port-id7430,uplink,26.681568
2026-02-28 11:20:00,calibrate,sw-core-01,port-id7430,uplink,23.797672
2026-02-28 11:25:00,calibrate,sw-core-01,port-id7430,uplink,21.057929
2026-02-28 11:30:00,calibrate,sw-core-01,port-id7430,uplink,34.158366
2026-02-28 11:35:00,calibrate,sw-core-01,port-id7430,uplink,29.922051
2026-02-28 11:40:00,calibrate,sw-core-01,port-id7430,uplink,27.425009
2026-02-28 11:45:00,calibrate,sw-core-01,port-id7430,uplink,23.877622
2026-02-28 11:50:00,calibrate,sw-core-01,port-id7430,uplink,27.986134
2026-02-28 11:55:00,calibrate,sw-core-01,port-id7430,uplink,33.654855
2026-02-28 12:00:00,calibrate,sw-core-01,port-id7430,uplink,28.478297
2026-02-28 12:05:00,calibrate,sw-core-01,port-id7430,uplink,24.701436
2026-02-28 12:10:00,calibrate,sw-core-01,port-id7430,uplink,24.861814
2026-02-28 12:15:00,calibrate,sw-core-01,port-id7430,uplink,25.586732
2026-02-28 12:20:00,calibrate,sw-core-01,port-id7430,uplink,24.370065
2026-02-28 12:25:00,calibrate,sw-core-01,port-id7430,uplink,24.708218
2026-02-28 12:30:00,calibrate,sw-core-01,port-id7430,uplink,28.638457
2026-02-28 12:35:00,calibrate,sw-core-01,port-id7430,uplink,30.635000
2026-02-28 12:40:00,calibrate,sw-core-01,port-id7430,uplink,27.039873
2026-02-28 12:45:00,calibrate,sw-core-01,port-id7430,uplink,30.751332
2026-02-28 12:50:00,calibrate,sw-core-01,port-id7430,uplink,26.856972
2026-02-28 12:55:00,calibrate,sw-core-01,port-id7430,uplink,29.746291
2026-02-28 13:00:00,calibrate,sw-core-01,port-id7430,uplink,24.923574
2026-02-28 13:05:00,calibrate,sw-core-01,port-id7430,uplink,32.706958
2026-02-28 13:10:00,calibrate,sw-core-01,port-id7430,uplink,30.914516
2026-02-28 13:15:00,calibrate,sw-core-01,port-id7430,uplink,31.149505
2026-02-28 13:20:00,calibrate,sw-core-01,port-id7430,uplink,27.198750
2026-02-28 13:25:00,calibrate,sw-core-01,port-id7430,uplink,19.832413
2026-02-28 13:30:00,calibrate,sw-core-01,port-id7430,uplink,26.215704
2026-02-28 13:35:00,calibrate,sw-core-01,port-id7430,uplink,27.941327
2026-02-28 13:40:00,calibrate,sw-core-01,port-id7430,uplink,27.775721
2026-02-28 13:45:00,calibrate,sw-core-01,port-id7430,uplink,23.016802
2026-02-28 13:50:00,calibrate,sw-core-01,port-id7430,uplink,27.657220
2026-02-28 13:55:00,calibrate,sw-core-01,port-id7430,uplink,29.086824
2026-02-28 14:00:00,calibrate,sw-core-01,port-id7430,uplink,28.643716
2026-02-28 14:05:00,calibrate,sw-core-01,port-id7430,uplink,31.217860
2026-02-28 14:10:00,calibrate,sw-core-01,port-id7430,uplink,31.108356
2026-02-28 14:15:00,calibrate,sw-core-01,port-id7430,uplink,31.472502
2026-02-28 14:20:00,calibrate,sw-core-01,port-id7430,uplink,34.442274
2026-02-28 14:25:00,calibrate,sw-core-01,port-id7430,uplink,30.639625
2026-02-28 14:30:00,calibrate,sw-core-01,port-id7430,uplink,27.866720
2026-02-28 14:35:00,calibrate,sw-core-01,port-id7430,uplink,29.274415
2026-02-28 14:40:00,calibrate,sw-core-01,port-id7430,uplink,25.436667
2026-02-28 14:45:00,calibrate,sw-core-01,port-id7430,uplink,23.657556
2026-02-28 14:50:00,calibrate,sw-core-01,port-id7430,uplink,25.091758
2026-02-28 14:55:00,calibrate,sw-core-01,port-id7430,uplink,30.645287
2026-02-28 15:00:00,calibrate,sw-core-01,port-id7430,uplink,30.192045
2026-02-28 15:05:00,calibrate,sw-core-01,port-id7430,uplink,29.893285
2026-02-28 15:10:00,calibrate,sw-core-01,port-id7430,uplink,25.939477
2026-02-28 15:15:00,calibrate,sw-core-01,port-id7430,uplink,24.855658
2026-02-28 15:20:00,calibrate,sw-core-01,port-id7430,uplink,22.729346
2026-02-28 15:25:00,calibrate,sw-core-01,port-id7430,uplink,24.196925
2026-02-28 15:30:00,calibrate,sw-core-01,port-id7430,uplink,26.553665
2026-02-28 15:35:00,calibrate,sw-core-01,port-id7430,uplink,29.301047
2026-02-28 15:40:00,calibrate,sw-core-01,port-id7430,uplink,27.231929
2026-02-28 15:45:00,calibrate,sw-core-01,port-id7430,uplink,27.699384
2026-02-28 15:50:00,calibrate,sw-core-01,port-id7430,uplink,27.934295
2026-02-28 15:55:00,calibrate,sw-core-01,port-id7430,uplink,30.316949
2026-02-28 16:00:00,calibrate,sw-core-01,port-id7430,uplink,30.244201
2026-02-28 16:05:00,calibrate,sw-core-01,port-id7430,uplink,30.793675
2026-02-28 16:10:00,calibrate,sw-core-01,port-id7430,uplink,29.584803
2026-02-28 16:15:00,calibrate,sw-core-01,port-id7430,uplink,28.618594
2026-02-28 16:20:00,calibrate,sw-core-01,port-id7430,uplink,23.462378
2026-02-28 16:25:00,calibrate,sw-core-01,port-id7430,uplink,30.438069
2026-02-28 16:30:00,calibrate,sw-core-01,port-id7430,uplink,23.153000
2026-02-28 16:35:00,calibrate,sw-core-01,port-id7430,uplink,29.396009
2026-02-28 16:40:00,calibrate,sw-core-01,port-id7430,uplink,28.571205
2026-02-28 16:45:00,calibrate,sw-core-01,port-id7430,uplink,26.097294
2026-02-28 16:50:00,calibrate,sw-core-01,port-id7430,uplink,25.150308
2026-02-28 16:55:00,calibrate,sw-core-01,port-id7430,uplink,28.630336
2026-02-28 17:00:00,calibrate,sw-core-01,port-id7430,uplink,24.804776
2026-02-28 17:05:00,calibrate,sw-core-01,port-id7430,uplink,30.861053
2026-02-28 17:10:00,calibrate,sw-core-01,port-id7430,uplink,27.291634
2026-02-28 17:15:00,calibrate,sw-core-01,port-id7430,uplink,32.773955
2026-02-28 17:20:00,calibrate,sw-core-01,port-id7430,uplink,25.681741
2026-02-28 17:25:00,calibrate,sw-core-01,port-id7430,uplink,25.982350
2026-02-28 17:30:00,calibrate,sw-core-01,port-id7430,uplink,32.115261
2026-02-28 17:35:00,calibrate,sw-core-01,port-id7430,uplink,24.506160
2026-02-28 17:40:00,calibrate,sw-core-01,port-id7430,uplink,26.620741
2026-02-28 17:45:00,calibrate,sw-core-01,port-id7430,uplink,25.770057
2026-02-28 17:50:00,calibrate,sw-core-01,port-id7430,uplink,23.597504
2026-02-28 17:55:00,calibrate,sw-core-01,port-id7430,uplink,26.472297
2026-02-28 18:00:00,calibrate,sw-core-01,port-id7430,uplink,24.142608
2026-02-28 18:05:00,calibrate,sw-core-01,port-id7430,uplink,19.456465
2026-02-28 18:10:00,calibrate,sw-core-01,port-id7430,uplink,21.265656
2026-02-28 18:15:00,calibrate,sw-core-01,port-id7430,uplink,28.575231
2026-02-28 18:20:00,calibrate,sw-core-01,port-id7430,uplink,24.409634
2026-02-28 18:25:00,calibrate,sw-core-01,port-id7430,uplink,27.378262
2026-02-28 18:30:00,calibrate,sw-core-01,port-id7430,uplink,20.855255
2026-02-28 18:35:00,calibrate,sw-core-01,port-id7430,uplink,22.997824
2026-02-28 18:40:00,calibrate,sw-core-01,port-id7430,uplink,29.860923
2026-02-28 18:45:00,calibrate,sw-core-01,port-id7430,uplink,23.376418
2026-02-28 18:50:00,calibrate,sw-core-01,port-id7430,uplink,22.763557
2026-02-28 18:55:00,calibrate,sw-core-01,port-id7430,uplink,24.170040
2026-02-28 19:00:00,calibrate,sw-core-01,port-id7430,uplink,20.859902
2026-02-28 19:05:00,calibrate,sw-core-01,port-id7430,uplink,17.239291
2026-02-28 19:10:00,calibrate,sw-core-01,port-id7430,uplink,27.606843
2026-02-28 19:15:00,calibrate,sw-core-01,port-id7430,uplink,20.209944
2026-02-28 19:20:00,calibrate,sw-core-01,port-id7430,uplink,22.997992
2026-02-28 19:25:00,calibrate,sw-core-01,port-id7430,uplink,15.087582
2026-02-28 19:30:00,calibrate,sw-core-01,port-id7430,uplink,15.690236
2026-02-28 19:35:00,calibrate,sw-core-01,port-id7430,uplink,18.117206
2026-02-28 19:40:00,calibrate,sw-core-01,port-id7430,uplink,13.629419
2026-02-28 19:45:00,calibrate,sw-core-01,port-id7430,uplink,14.231661
2026-02-28 19:50:00,calibrate,sw-core-01,port-id7430,uplink,20.629136
2026-02-28 19:55:00,calibrate,sw-core-01,port-id7430,uplink,17.722281
2026-02-28 20:00:00,calibrate,sw-core-01,port-id7430,uplink,17.952399
2026-02-28 20:05:00,calibrate,sw-core-01,port-id7430,uplink,11.681377
2026-02-28 20:10:00,calibrate,sw-core-01,port-id7430,uplink,15.119001
2026-02-28 20:15:00,calibrate,sw-core-01,port-id7430,uplink,16.232899
2026-02-28 20:20:00,calibrate,sw-core-01,port-id7430,uplink,12.977534
2026-02-28 20:25:00,calibrate,sw-core-01,port-id7430,uplink,15.420834
2026-02-28 20:30:00,calibrate,sw-core-01,port-id7430,uplink,12.985567
2026-02-28 20:35:00,calibrate,sw-core-01,port-id7430,uplink,13.066261
2026-02-28 20:40:00,calibrate,sw-core-01,port-id7430,uplink,11.052429
2026-02-28 20:45:00,calibrate,sw-core-01,port-id7430,uplink,6.628533
2026-02-28 20:50:00,calibrate,sw-core-01,port-id7430,uplink,12.140609
2026-02-28 20:55:00,calibrate,sw-core-01,port-id7430,uplink,5.171156
2026-02-28 21:00:00,calibrate,sw-core-01,port-id7430,uplink,7.799645
2026-02-28 21:05:00,calibrate,sw-core-01,port-id7430,uplink,8.126603
2026-02-28 21:10:00,calibrate,sw-core-01,port-id7430,uplink,7.349705
2026-02-28 21:15:00,calibrate,sw-core-01,port-id7430,uplink,10.785897
2026-02-28 21:20:00,calibrate,sw-core-01,port-id7430,uplink,11.921153
2026-02-28 21:25:00,calibrate,sw-core-01,port-id7430,uplink,12.271591
2026-02-28 21:30:00,calibrate,sw-core-01,port-id7430,uplink,8.330117
2026-02-28 21:35:00,calibrate,sw-core-01,port-id7430,uplink,4.246319
2026-02-28 21:40:00,calibrate,sw-core-01,port-id7430,uplink,8.313684
2026-02-28 21:45:00,calibrate,sw-core-01,port-id7430,uplink,13.867689
2026-02-28 21:50:00,calibrate,sw-core-01,port-id7430,uplink,6.139481
2026-02-28 21:55:00,calibrate,sw-core-01,port-id7430,uplink,11.472194
2026-02-28 22:00:00,calibrate,sw-core-01,port-id7430,uplink,11.128714
2026-02-28 22:05:00,calibrate,sw-core-01,port-id7430,uplink,9.733751
2026-02-28 22:10:00,calibrate,sw-core-01,port-id7430,uplink,8.527892
2026-02-28 22:15:00,calibrate,sw-core-01,port-id7430,uplink,9.632428
2026-02-28 22:20:00,calibrate,sw-core-01,port-id7430,uplink,7.883891
2026-02-28 22:25:00,calibrate,sw-core-01,port-id7430,uplink,9.897548
2026-02-28 22:30:00,calibrate,sw-core-01,port-id7430,uplink,7.782340
2026-02-28 22:35:00,calibrate,sw-core-01,port-id7430,uplink,7.149487
2026-02-28 22:40:00,calibrate,sw-core-01,port-id7430,uplink,12.018372
2026-02-28 22:45:00,calibrate,sw-core-01,port-id7430,uplink,6.389705
2026-02-28 22:50:00,calibrate,sw-core-01,port-id7430,uplink,7.708479
2026-02-28 22:55:00,calibrate,sw-core-01,port-id7430,uplink,4.667346
2026-02-28 23:00:00,calibrate,sw-core-01,port-id7430,uplink,9.059058
2026-02-28 23:05:00,calibrate,sw-core-01,port-id7430,uplink,7.618621
2026-02-28 23:10:00,calibrate,sw-core-01,port-id7430,uplink,11.015210
2026-02-28 23:15:00,calibrate,sw-core-01,port-id7430,uplink,5.928823
2026-02-28 23:20:00,calibrate,sw-core-01,port-id7430,uplink,10.812917
2026-02-28 23:25:00,calibrate,sw-core-01,port-id7430,uplink,11.411823
2026-02-28 23:30:00,calibrate,sw-core-01,port-id7430,uplink,12.179039
2026-02-28 23:35:00,calibrate,sw-core-01,port-id7430,uplink,5.080862
2026-02-28 23:40:00,calibrate,sw-core-01,port-id7430,uplink,8.028743
2026-02-28 23:45:00,calibrate,sw-core-01,port-id7430,uplink,11.769358
2026-02-28 23:50:00,calibrate,sw-core-01,port-id7430,uplink,14.149640
2026-02-28 23:55:00,calibrate,sw-core-01,port-id7430,uplink,12.271053
2026-03-01 00:00:00,calibrate,sw-core-01,port-id7430,uplink,8.640017
2026-03-01 00:05:00,calibrate,sw-core-01,port-id7430,uplink,14.908870
2026-03-01 00:10:00,calibrate,sw-core-01,port-id7430,uplink,2.746930
2026-03-01 00:15:00,calibrate,sw-core-01,port-id7430,uplink,11.166544
2026-03-01 00:20:00,calibrate,sw-core-01,port-id7430,uplink,6.248715
2026-03-01 00:25:00,calibrate,sw-core-01,port-id7430,uplink,7.482385
2026-03-01 00:30:00,calibrate,sw-core-01,port-id7430,uplink,8.063046
2026-03-01 00:35:00,calibrate,sw-core-01,port-id7430,uplink,9.759729
2026-03-01 00:40:00,calibrate,sw-core-01,port-id7430,uplink,3.680368
2026-03-01 00:45:00,calibrate,sw-core-01,port-id7430,uplink,12.995360
2026-03-01 00:50:00,calibrate,sw-core-01,port-id7430,uplink,12.525588
2026-03-01 00:55:00,calibrate,sw-core-01,port-id7430,uplink,10.282730
2026-03-01 01:00:00,calibrate,sw-core-01,port-id7430,uplink,14.009169
2026-03-01 01:05:00,calibrate,sw-core-01,port-id7430,uplink,7.281946
2026-03-01 01:10:00,calibrate,sw-core-01,port-id7430,uplink,3.017788
2026-03-01 01:15:00,calibrate,sw-core-01,port-id7430,uplink,14.052886
2026-03-01 01:20:00,calibrate,sw-core-01,port-id7430,uplink,7.390040
2026-03-01 01:25:00,calibrate,sw-core-01,port-id7430,uplink,12.056065
2026-03-01 01:30:00,calibrate,sw-core-01,port-id7430,uplink,6.462926
2026-03-01 01:35:00,calibrate,sw-core-01,port-id7430,uplink,8.236497
2026-03-01 01:40:00,calibrate,sw-core-01,port-id7430,uplink,5.146325
2026-03-01 01:45:00,calibrate,sw-core-01,port-id7430,uplink,12.947703
2026-03-01 01:50:00,calibrate,sw-core-01,port-id7430,uplink,9.173678
2026-03-01 01:55:00,calibrate,sw-core-01,port-id7430,uplink,13.356996
2026-03-01 02:00:00,calibrate,sw-core-01,port-id7430,uplink,9.520125
2026-03-01 02:05:00,calibrate,sw-core-01,port-id7430,uplink,9.838332
2026-03-01 02:10:00,calibrate,sw-core-01,port-id7430,uplink,9.620182
2026-03-01 02:15:00,calibrate,sw-core-01,port-id7430,uplink,15.179052
2026-03-01 02:20:00,calibrate,sw-core-01,port-id7430,uplink,11.357657
2026-03-01 02:25:00,calibrate,sw-core-01,port-id7430,uplink,12.432924
2026-03-01 02:30:00,calibrate,sw-core-01,port-id7430,uplink,10.344800
2026-03-01 02:35:00,calibrate,sw-core-01,port-id7430,uplink,12.121138
2026-03-01 02:40:00,calibrate,sw-core-01,port-id7430,uplink,9.037590
2026-03-01 02:45:00,calibrate,sw-core-01,port-id7430,uplink,9.193273
2026-03-01 02:50:00,calibrate,sw-core-01,port-id7430,uplink,8.993819
2026-03-01 02:55:00,calibrate,sw-core-01,port-id7430,uplink,9.393948
2026-03-01 03:00:00,calibrate,sw-core-01,port-id7430,uplink,12.728902
2026-03-01 03:05:00,calibrate,sw-core-01,port-id7430,uplink,12.364105
2026-03-01 03:10:00,calibrate,sw-core-01,port-id7430,uplink,14.819232
2026-03-01 03:15:00,calibrate,sw-core-01,port-id7430,uplink,4.858339
2026-03-01 03:20:00,calibrate,sw-core-01,port-id7430,uplink,8.638051
2026-03-01 03:25:00,calibrate,sw-core-01,port-id7430,uplink,7.621392
2026-03-01 03:30:00,calibrate,sw-core-01,port-id7430,uplink,8.950796
2026-03-01 03:35:00,calibrate,sw-core-01,port-id7430,uplink,9.084304
2026-03-01 03:40:00,calibrate,sw-core-01,port-id7430,uplink,14.744646
2026-03-01 03:45:00,calibrate,sw-core-01,port-id7430,uplink,4.939476
2026-03-01 03:50:00,calibrate,sw-core-01,port-id7430,uplink,9.318602
2026-03-01 03:55:00,calibrate,sw-core-01,port-id7430,uplink,10.035088
2026-03-01 04:00:00,calibrate,sw-core-01,port-id7430,uplink,12.117159
2026-03-01 04:05:00,calibrate,sw-core-01,port-id7430,uplink,7.094504
2026-03-01 04:10:00,calibrate,sw-core-01,port-id7430,uplink,8.537510
2026-03-01 04:15:00,calibrate,sw-core-01,port-id7430,uplink,9.206466
2026-03-01 04:20:00,calibrate,sw-core-01,port-id7430,uplink,9.013204
2026-03-01 04:25:00,calibrate,sw-core-01,port-id7430,uplink,12.186310
2026-03-01 04:30:00,calibrate,sw-core-01,port-id7430,uplink,14.568738
2026-03-01 04:35:00,calibrate,sw-core-01,port-id7430,uplink,9.945068
2026-03-01 04:40:00,calibrate,sw-core-01,port-id7430,uplink,12.358554
2026-03-01 04:45:00,calibrate,sw-core-01,port-id7430,uplink,9.920964
2026-03-01 04:50:00,calibrate,sw-core-01,port-id7430,uplink,12.361229
2026-03-01 04:55:00,calibrate,sw-core-01,port-id7430,uplink,9.365506
2026-03-01 05:00:00,calibrate,sw-core-01,port-id7430,uplink,7.690217
2026-03-01 05:05:00,calibrate,sw-core-01,port-id7430,uplink,7.950731
2026-03-01 05:10:00,calibrate,sw-core-01,port-id7430,uplink,5.759626
2026-03-01 05:15:00,calibrate,sw-core-01,port-id7430,uplink,15.455484
2026-03-01 05:20:00,calibrate,sw-core-01,port-id7430,uplink,11.099823
2026-03-01 05:25:00,calibrate,sw-core-01,port-id7430,uplink,10.869342
2026-03-01 05:30:00,calibrate,sw-core-01,port-id7430,uplink,8.279732
2026-03-01 05:35:00,calibrate,sw-core-01,port-id7430,uplink,11.129807
2026-03-01 05:40:00,calibrate,sw-core-01,port-id7430,uplink,10.679523
2026-03-01 05:45:00,calibrate,sw-core-01,port-id7430,uplink,6.873045
2026-03-01 05:50:00,calibrate,sw-core-01,port-id7430,uplink,9.136647
2026-03-01 05:55:00,calibrate,sw-core-01,port-id7430,uplink,16.403757
2026-03-01 06:00:00,calibrate,sw-core-01,port-id7430,uplink,5.084112
2026-03-01 06:05:00,calibrate,sw-core-01,port-id7430,uplink,11.537254
2026-03-01 06:10:00,calibrate,sw-core-01,port-id7430,uplink,11.734403
2026-03-01 06:15:00,calibrate,sw-core-01,port-id7430,uplink,15.084877
2026-03-01 06:20:00,calibrate,sw-core-01,port-id7430,uplink,9.482305
2026-03-01 06:25:00,calibrate,sw-core-01,port-id7430,uplink,14.864675
2026-03-01 06:30:00,calibrate,sw-core-01,port-id7430,uplink,13.190607
2026-03-01 06:35:00,calibrate,sw-core-01,port-id7430,uplink,8.852116
2026-03-01 06:40:00,calibrate,sw-core-01,port-id7430,uplink,13.549094
2026-03-01 06:45:00,calibrate,sw-core-01,port-id7430,uplink,18.326966
2026-03-01 06:50:00,calibrate,sw-core-01,port-id7430,uplink,16.977560
2026-03-01 06:55:00,calibrate,sw-core-01,port-id7430,uplink,14.083269
2026-03-01 07:00:00,calibrate,sw-core-01,port-id7430,uplink,18.966680
2026-03-01 07:05:00,calibrate,sw-core-01,port-id7430,uplink,15.974759
2026-03-01 07:10:00,calibrate,sw-core-01,port-id7430,uplink,18.228490
2026-03-01 07:15:00,calibrate,sw-core-01,port-id7430,uplink,10.949310
2026-03-01 07:20:00,calibrate,sw-core-01,port-id7430,uplink,19.555680
2026-03-01 07:25:00,calibrate,sw-core-01,port-id7430,uplink,22.244163
2026-03-01 07:30:00,calibrate,sw-core-01,port-id7430,uplink,25.191336
2026-03-01 07:35:00,calibrate,sw-core-01,port-id7430,uplink,23.439033
2026-03-01 07:40:00,calibrate,sw-core-01,port-id7430,uplink,23.495810
2026-03-01 07:45:00,calibrate,sw-core-01,port-id7430,uplink,19.887766
2026-03-01 07:50:00,calibrate,sw-core-01,port-id7430,uplink,28.097931
2026-03-01 07:55:00,calibrate,sw-core-01,port-id7430,uplink,21.388114
2026-03-01 08:00:00,calibrate,sw-core-01,port-id7430,uplink,21.568919
2026-03-01 08:05:00,calibrate,sw-core-01,port-id7430,uplink,22.222025
2026-03-01 08:10:00,calibrate,sw-core-01,port-id7430,uplink,20.884640
2026-03-01 08:15:00,calibrate,sw-core-01,port-id7430,uplink,29.156766
2026-03-01 08:20:00,calibrate,sw-core-01,port-id7430,uplink,28.777097
2026-03-01 08:25:00,calibrate,sw-core-01,port-id7430,uplink,28.108155
2026-03-01 08:30:00,calibrate,sw-core-01,port-id7430,uplink,22.003028
2026-03-01 08:35:00,calibrate,sw-core-01,port-id7430,uplink,23.064339
2026-03-01 08:40:00,calibrate,sw-core-01,port-id7430,uplink,24.087477
2026-03-01 08:45:00,calibrate,sw-core-01,port-id7430,uplink,32.546164
2026-03-01 08:50:00,calibrate,sw-core-01,port-id7430,uplink,26.514553
2026-03-01 08:55:00,calibrate,sw-core-01,port-id7430,uplink,24.354365
2026-03-01 09:00:00,calibrate,sw-core-01,port-id7430,uplink,28.271853
2026-03-01 09:05:00,calibrate,sw-core-01,port-id7430,uplink,25.003433
2026-03-01 09:10:00,calibrate,sw-core-01,port-id7430,uplink,30.741160
2026-03-01 09:15:00,calibrate,sw-core-01,port-id7430,uplink,22.729889
2026-03-01 09:20:00,calibrate,sw-core-01,port-id7430,uplink,29.101345
2026-03-01 09:25:00,calibrate,sw-core-01,port-id7430,uplink,30.435556
2026-03-01 09:30:00,calibrate,sw-core-01,port-id7430,uplink,32.205526
2026-03-01 09:35:00,calibrate,sw-core-01,port-id7430,uplink,24.060278
2026-03-01 09:40:00,calibrate,sw-core-01,port-id7430,uplink,28.025502
2026-03-01 09:45:00,calibrate,sw-core-01,port-id7430,uplink,26.844885
2026-03-01 09:50:00,calibrate,sw-core-01,port-id7430,uplink,20.222951
2026-03-01 09:55:00,calibrate,sw-core-01,port-id7430,uplink,29.242713
2026-03-01 10:00:00,calibrate,sw-core-01,port-id7430,uplink,23.780680
2026-03-01 10:05:00,calibrate,sw-core-01,port-id7430,uplink,26.965254
2026-03-01 10:10:00,calibrate,sw-core-01,port-id7430,uplink,26.949538
2026-03-01 10:15:00,calibrate,sw-core-01,port-id7430,uplink,26.775869
2026-03-01 10:20:00,calibrate,sw-core-01,port-id7430,uplink,28.107159
2026-03-01 10:25:00,calibrate,sw-core-01,port-id7430,uplink,21.460820
2026-03-01 10:30:00,calibrate,sw-core-01,port-id7430,uplink,22.659713
2026-03-01 10:35:00,calibrate,sw-core-01,port-id7430,uplink,34.467968
2026-03-01 10:40:00,calibrate,sw-core-01,port-id7430,uplink,26.549900
2026-03-01 10:45:00,calibrate,sw-core-01,port-id7430,uplink,28.796907
2026-03-01 10:50:00,calibrate,sw-core-01,port-id7430,uplink,26.530199
2026-03-01 10:55:00,calibrate,sw-core-01,port-id7430,uplink,29.820782
2026-03-01 11:00:00,calibrate,sw-core-01,port-id7430,uplink,28.759412
2026-03-01 11:05:00,calibrate,sw-core-01,port-id7430,uplink,32.064882
2026-03-01 11:10:00,calibrate,sw-core-01,port-id7430,uplink,32.627164
2026-03-01 11:15:00,calibrate,sw-core-01,port-id7430,uplink,27.223145
2026-03-01 11:20:00,calibrate,sw-core-01,port-id7430,uplink,24.800106
2026-03-01 11:25:00,calibrate,sw-core-01,port-id7430,uplink,28.747389
2026-03-01 11:30:00,calibrate,sw-core-01,port-id7430,uplink,25.647901
2026-03-01 11:35:00,calibrate,sw-core-01,port-id7430,uplink,30.455815
2026-03-01 11:40:00,calibrate,sw-core-01,port-id7430,uplink,31.683402
2026-03-01 11:45:00,calibrate,sw-core-01,port-id7430,uplink,26.967703
2026-03-01 11:50:00,calibrate,sw-core-01,port-id7430,uplink,22.343337
2026-03-01 11:55:00,calibrate,sw-core-01,port-id7430,uplink,25.202113
2026-03-01 12:00:00,calibrate,sw-core-01,port-id7430,uplink,24.657639
2026-03-01 12:05:00,calibrate,sw-core-01,port-id7430,uplink,30.993298
2026-03-01 12:10:00,calibrate,sw-core-01,port-id7430,uplink,27.241215
2026-03-01 12:15:00,calibrate,sw-core-01,port-id7430,uplink,24.874186
2026-03-01 12:20:00,calibrate,sw-core-01,port-id7430,uplink,30.924514
2026-03-01 12:25:00,calibrate,sw-core-01,port-id7430,uplink,29.386079
2026-03-01 12:30:00,calibrate,sw-core-01,port-id7430,uplink,23.059961
2026-03-01 12:35:00,calibrate,sw-core-01,port-id7430,uplink,28.285667
2026-03-01 12:40:00,calibrate,sw-core-01,port-id7430,uplink,29.967226
2026-03-01 12:45:00,calibrate,sw-core-01,port-id7430,uplink,26.003249
2026-03-01 12:50:00,calibrate,sw-core-01,port-id7430,uplink,28.156100
2026-03-01 12:55:00,calibrate,sw-core-01,port-id7430,uplink,28.696372
2026-03-01 13:00:00,calibrate,sw-core-01,port-id7430,uplink,21.460631
2026-03-01 13:05:00,calibrate,sw-core-01,port-id7430,uplink,23.156341
2026-03-01 13:10:00,calibrate,sw-core-01,port-id7430,uplink,22.974573
2026-03-01 13:15:00,calibrate,sw-core-01,port-id7430,uplink,26.431161
2026-03-01 13:20:00,calibrate,sw-core-01,port-id7430,uplink,27.565608
2026-03-01 13:25:00,calibrate,sw-core-01,port-id7430,uplink,18.929447
2026-03-01 13:30:00,calibrate,sw-core-01,port-id7430,uplink,29.843566
2026-03-01 13:35:00,calibrate,sw-core-01,port-id7430,uplink,28.383800
2026-03-01 13:40:00,calibrate,sw-core-01,port-id7430,uplink,28.084407
2026-03-01 13:45:00,calibrate,sw-core-01,port-id7430,uplink,19.606527
2026-03-01 13:50:00,calibrate,sw-core-01,port-id7430,uplink,28.230639
2026-03-01 13:55:00,calibrate,sw-core-01,port-id7430,uplink,22.965982
2026-03-01 14:00:00,calibrate,sw-core-01,port-id7430,uplink,27.482506
2026-03-01 14:05:00,calibrate,sw-core-01,port-id7430,uplink,29.613703
2026-03-01 14:10:00,calibrate,sw-core-01,port-id7430,uplink,30.687675
2026-03-01 14:15:00,calibrate,sw-core-01,port-id7430,uplink,27.628542
2026-03-01 14:20:00,calibrate,sw-core-01,port-id7430,uplink,27.721146
2026-03-01 14:25:00,calibrate,sw-core-01,port-id7430,uplink,26.742949
2026-03-01 14:30:00,calibrate,sw-core-01,port-id7430,uplink,26.338939
2026-03-01 14:35:00,calibrate,sw-core-01,port-id7430,uplink,26.979334
2026-03-01 14:40:00,calibrate,sw-core-01,port-id7430,uplink,29.666449
2026-03-01 14:45:00,calibrate,sw-core-01,port-id7430,uplink,28.923281
2026-03-01 14:50:00,calibrate,sw-core-01,port-id7430,uplink,25.620373
2026-03-01 14:55:00,calibrate,sw-core-01,port-id7430,uplink,29.590638
2026-03-01 15:00:00,calibrate,sw-core-01,port-id7430,uplink,30.778937
2026-03-01 15:05:00,calibrate,sw-core-01,port-id7430,uplink,27.699352
2026-03-01 15:10:00,calibrate,sw-core-01,port-id7430,uplink,28.401394
2026-03-01 15:15:00,calibrate,sw-core-01,port-id7430,uplink,24.998858
2026-03-01 15:20:00,calibrate,sw-core-01,port-id7430,uplink,30.613037
2026-03-01 15:25:00,calibrate,sw-core-01,port-id7430,uplink,27.624344
2026-03-01 15:30:00,calibrate,sw-core-01,port-id7430,uplink,28.921674
2026-03-01 15:35:00,calibrate,sw-core-01,port-id7430,uplink,25.473855
2026-03-01 15:40:00,calibrate,sw-core-01,port-id7430,uplink,28.322820
2026-03-01 15:45:00,calibrate,sw-core-01,port-id7430,uplink,23.621875
2026-03-01 15:50:00,calibrate,sw-core-01,port-id7430,uplink,24.481696
2026-03-01 15:55:00,calibrate,sw-core-01,port-id7430,uplink,26.515061
2026-03-01 16:00:00,calibrate,sw-core-01,port-id7430,uplink,27.544084
2026-03-01 16:05:00,calibrate,sw-core-01,port-id7430,uplink,25.836002
2026-03-01 16:10:00,calibrate,sw-core-01,port-id7430,uplink,29.113404
2026-03-01 16:15:00,calibrate,sw-core-01,port-id7430,uplink,22.479186
2026-03-01 16:20:00,calibrate,sw-core-01,port-id7430,uplink,33.427037
2026-03-01 16:25:00,calibrate,sw-core-01,port-id7430,uplink,23.935973
2026-03-01 16:30:00,calibrate,sw-core-01,port-id7430,uplink,25.643134
2026-03-01 16:35:00,calibrate,sw-core-01,port-id7430,uplink,28.132103
2026-03-01 16:40:00,calibrate,sw-core-01,port-id7430,uplink,24.439186
2026-03-01 16:45:00,calibrate,sw-core-01,port-id7430,uplink,19.708518
2026-03-01 16:50:00,calibrate,sw-core-01,port-id7430,uplink,28.824834
2026-03-01 16:55:00,calibrate,sw-core-01,port-id7430,uplink,30.760520
2026-03-01 17:00:00,calibrate,sw-core-01,port-id7430,uplink,16.850866
2026-03-01 17:05:00,calibrate,sw-core-01,port-id7430,uplink,21.231680
2026-03-01 17:10:00,calibrate,sw-core-01,port-id7430,uplink,29.482596
2026-03-01 17:15:00,calibrate,sw-core-01,port-id7430,uplink,28.534738
2026-03-01 17:20:00,calibrate,sw-core-01,port-id7430,uplink,26.525001
2026-03-01 17:25:00,calibrate,sw-core-01,port-id7430,uplink,21.585264
2026-03-01 17:30:00,calibrate,sw-core-01,port-id7430,uplink,26.295740
2026-03-01 17:35:00,calibrate,sw-core-01,port-id7430,uplink,26.436324
2026-03-01 17:40:00,calibrate,sw-core-01,port-id7430,uplink,27.881968
2026-03-01 17:45:00,calibrate,sw-core-01,port-id7430,uplink,24.283797
2026-03-01 17:50:00,calibrate,sw-core-01,port-id7430,uplink,26.562010
2026-03-01 17:55:00,calibrate,sw-core-01,port-id7430,uplink,23.824430
2026-03-01 18:00:00,calibrate,sw-core-01,port-id7430,uplink,27.542446
2026-03-01 18:05:00,calibrate,sw-core-01,port-id7430,uplink,27.379583
2026-03-01 18:10:00,calibrate,sw-core-01,port-id7430,uplink,21.675610
2026-03-01 18:15:00,calibrate,sw-core-01,port-id7430,uplink,30.166507
2026-03-01 18:20:00,calibrate,sw-core-01,port-id7430,uplink,29.665495
2026-03-01 18:25:00,calibrate,sw-core-01,port-id7430,uplink,21.605885
2026-03-01 18:30:00,calibrate,sw-core-01,port-id7430,uplink,24.325203
2026-03-01 18:35:00,calibrate,sw-core-01,port-id7430,uplink,23.184297
2026-03-01 18:40:00,calibrate,sw-core-01,port-id7430,uplink,25.423795
2026-03-01 18:45:00,calibrate,sw-core-01,port-id7430,uplink,25.317354
2026-03-01 18:50:00,calibrate,sw-core-01,port-id7430,uplink,26.715589
2026-03-01 18:55:00,calibrate,sw-core-01,port-id7430,uplink,24.820413
2026-03-01 19:00:00,calibrate,sw-core-01,port-id7430,uplink,23.232669
2026-03-01 19:05:00,calibrate,sw-core-01,port-id7430,uplink,25.200012
2026-03-01 19:10:00,calibrate,sw-core-01,port-id7430,uplink,17.635476
2026-03-01 19:15:00,calibrate,sw-core-01,port-id7430,uplink,24.530447
2026-03-01 19:20:00,calibrate,sw-core-01,port-id7430,uplink,20.921360
2026-03-01 19:25:00,calibrate,sw-core-01,port-id7430,uplink,13.196356
2026-03-01 19:30:00,calibrate,sw-core-01,port-id7430,uplink,20.754842
2026-03-01 19:35:00,calibrate,sw-core-01,port-id7430,uplink,16.804185
2026-03-01 19:40:00,calibrate,sw-core-01,port-id7430,uplink,19.891190
2026-03-01 19:45:00,calibrate,sw-core-01,port-id7430,uplink,17.042648
2026-03-01 19:50:00,calibrate,sw-core-01,port-id7430,uplink,17.825200
2026-03-01 19:55:00,calibrate,sw-core-01,port-id7430,uplink,10.719438
2026-03-01 20:00:00,calibrate,sw-core-01,port-id7430,uplink,12.279465
2026-03-01 20:05:00,calibrate,sw-core-01,port-id7430,uplink,12.543484
2026-03-01 20:10:00,calibrate,sw-core-01,port-id7430,uplink,14.275360
2026-03-01 20:15:00,calibrate,sw-core-01,port-id7430,uplink,11.564274
2026-03-01 20:20:00,calibrate,sw-core-01,port-id7430,uplink,10.526629
2026-03-01 20:25:00,calibrate,sw-core-01,port-id7430,uplink,10.331525
2026-03-01 20:30:00,calibrate,sw-core-01,port-id7430,uplink,13.511060
2026-03-01 20:35:00,calibrate,sw-core-01,port-id7430,uplink,12.106978
2026-03-01 20:40:00,calibrate,sw-core-01,port-id7430,uplink,13.454985
2026-03-01 20:45:00,calibrate,sw-core-01,port-id7430,uplink,8.438484
2026-03-01 20:50:00,calibrate,sw-core-01,port-id7430,uplink,6.077629
2026-03-01 20:55:00,calibrate,sw-core-01,port-id7430,uplink,15.680226
2026-03-01 21:00:00,calibrate,sw-core-01,port-id7430,uplink,7.076887
2026-03-01 21:05:00,calibrate,sw-core-01,port-id7430,uplink,11.207919
2026-03-01 21:10:00,calibrate,sw-core-01,port-id7430,uplink,10.343593
2026-03-01 21:15:00,calibrate,sw-core-01,port-id7430,uplink,6.536530
2026-03-01 21:20:00,calibrate,sw-core-01,port-id7430,uplink,8.488641
2026-03-01 21:25:00,calibrate,sw-core-01,port-id7430,uplink,10.389267
2026-03-01 21:30:00,calibrate,sw-core-01,port-id7430,uplink,7.699563
2026-03-01 21:35:00,calibrate,sw-core-01,port-id7430,uplink,12.384268
2026-03-01 21:40:00,calibrate,sw-core-01,port-id7430,uplink,10.720554
2026-03-01 21:45:00,calibrate,sw-core-01,port-id7430,uplink,7.774619
2026-03-01 21:50:00,calibrate,sw-core-01,port-id7430,uplink,10.861170
2026-03-01 21:55:00,calibrate,sw-core-01,port-id7430,uplink,4.676459
2026-03-01 22:00:00,calibrate,sw-core-01,port-id7430,uplink,12.500606
2026-03-01 22:05:00,calibrate,sw-core-01,port-id7430,uplink,7.147540
2026-03-01 22:10:00,calibrate,sw-core-01,port-id7430,uplink,9.284583
2026-03-01 22:15:00,calibrate,sw-core-01,port-id7430,uplink,6.370196
2026-03-01 22:20:00,calibrate,sw-core-01,port-id7430,uplink,10.448023
2026-03-01 22:25:00,calibrate,sw-core-01,port-id7430,uplink,8.553752
2026-03-01 22:30:00,calibrate,sw-core-01,port-id7430,uplink,4.744969
2026-03-01 22:35:00,calibrate,sw-core-01,port-id7430,uplink,5.915127
2026-03-01 22:40:00,calibrate,sw-core-01,port-id7430,uplink,2.475059
2026-03-01 22:45:00,calibrate,sw-core-01,port-id7430,uplink,8.290568
2026-03-01 22:50:00,calibrate,sw-core-01,port-id7430,uplink,11.812793
2026-03-01 22:55:00,calibrate,sw-core-01,port-id7430,uplink,2.674163
2026-03-01 23:00:00,calibrate,sw-core-01,port-id7430,uplink,9.659322
2026-03-01 23:05:00,calibrate,sw-core-01,port-id7430,uplink,7.525004
2026-03-01 23:10:00,calibrate,sw-core-01,port-id7430,uplink,12.381385
2026-03-01 23:15:00,calibrate,sw-core-01,port-id7430,uplink,11.747937
2026-03-01 23:20:00,calibrate,sw-core-01,port-id7430,uplink,6.339529
2026-03-01 23:25:00,calibrate,sw-core-01,port-id7430,uplink,4.289582
2026-03-01 23:30:00,calibrate,sw-core-01,port-id7430,uplink,7.718498
2026-03-01 23:35:00,calibrate,sw-core-01,port-id7430,uplink,12.535877
2026-03-01 23:40:00,calibrate,sw-core-01,port-id7430,uplink,4.045506
2026-03-01 23:45:00,calibrate,sw-core-01,port-id7430,uplink,3.567338
2026-03-01 23:50:00,calibrate,sw-core-01,port-id7430,uplink,10.096513
2026-03-01 23:55:00,calibrate,sw-core-01,port-id7430,uplink,6.121286
